scenario,agent_id,hour,rule,wanted_shelter,chosen_shelter,target_cell_x,target_cell_y,reason
proactive,0,0,proactive,0,,,,"no action: vuln 0.54, forecast 0.00, exposure 0.03"
proactive,1,0,proactive,0,,,,"no action: vuln 0.54, forecast 0.20, exposure 0.17"
proactive,2,0,proactive,0,,,,"no action: vuln 0.72, forecast 0.00, exposure 0.00"
proactive,3,0,proactive,0,,,,"no action: vuln 0.22, forecast 0.17, exposure 0.16"
proactive,4,0,proactive,0,,,,"no action: vuln 0.18, forecast 0.45, exposure 0.48"
proactive,5,0,proactive,0,,,,"no action: vuln 0.77, forecast 0.47, exposure 0.46"
proactive,6,0,proactive,0,,,,"no action: vuln 0.69, forecast 0.47, exposure 0.46"
proactive,7,0,proactive,0,,,,"no action: vuln 0.25, forecast 0.44, exposure 0.48"
proactive,8,0,proactive,0,,,,"no action: vuln 0.63, forecast 0.15, exposure 0.24"
proactive,9,0,proactive,0,,,,"no action: vuln 0.29, forecast 0.52, exposure 0.52"
proactive,10,0,proactive,0,,,,"no action: vuln 0.29, forecast 0.56, exposure 0.53"
proactive,11,0,proactive,0,,,,"no action: vuln 0.29, forecast 0.46, exposure 0.45"
proactive,12,0,proactive,0,,,,"no action: vuln 0.26, forecast 0.47, exposure 0.52"
proactive,13,0,proactive,0,,,,"no action: vuln 0.23, forecast 0.20, exposure 0.18"
proactive,14,0,proactive,0,,,,"no action: vuln 0.23, forecast 0.13, exposure 0.23"
proactive,15,0,proactive,0,,,,"no action: vuln 0.49, forecast 0.57, exposure 0.52"
proactive,16,0,proactive,0,,,,"no action: vuln 0.73, forecast 0.00, exposure 0.00"
proactive,17,0,proactive,0,,,,"no action: vuln 0.69, forecast 0.00, exposure 0.00"
proactive,18,0,proactive,0,,,,"no action: vuln 0.27, forecast 0.40, exposure 0.39"
proactive,19,0,proactive,0,,,,"no action: vuln 0.59, forecast 0.02, exposure 0.01"
proactive,20,0,proactive,0,,,,"no action: vuln 0.20, forecast 0.15, exposure 0.24"
proactive,21,0,proactive,0,,,,"no action: vuln 0.26, forecast 0.56, exposure 0.53"
proactive,22,0,proactive,0,,,,"no action: vuln 0.26, forecast 0.48, exposure 0.54"
proactive,23,0,proactive,0,,,,"no action: vuln 0.69, forecast 0.27, exposure 0.18"
proactive,24,0,proactive,0,,,,"no action: vuln 0.37, forecast 0.47, exposure 0.54"
proactive,25,0,proactive,0,,,,"no action: vuln 0.24, forecast 0.13, exposure 0.17"
proactive,26,0,proactive,0,,,,"no action: vuln 0.30, forecast 0.12, exposure 0.27"
proactive,27,0,proactive,0,,,,"no action: vuln 0.26, forecast 0.46, exposure 0.45"
proactive,28,0,proactive,0,,,,"no action: vuln 0.26, forecast 0.50, exposure 0.45"
proactive,29,0,proactive,0,,,,"no action: vuln 0.32, forecast 0.00, exposure 0.00"
proactive,30,0,proactive,0,,,,"no action: vuln 0.16, forecast 0.13, exposure 0.17"
proactive,31,0,proactive,0,,,,"no action: vuln 0.55, forecast 0.43, exposure 0.48"
proactive,32,0,proactive,0,,,,"no action: vuln 0.25, forecast 0.12, exposure 0.18"
proactive,33,0,proactive,0,,,,"no action: vuln 0.32, forecast 0.51, exposure 0.47"
proactive,34,0,proactive,0,,,,"no action: vuln 0.66, forecast 0.00, exposure 0.00"
proactive,35,0,proactive,0,,,,"no action: vuln 0.55, forecast 0.17, exposure 0.27"
proactive,36,0,proactive,0,,,,"no action: vuln 0.29, forecast 0.00, exposure 0.00"
proactive,37,0,proactive,0,,,,"no action: vuln 0.86, forecast 0.50, exposure 0.45"
proactive,38,0,proactive,0,,,,"no action: vuln 0.24, forecast 0.44, exposure 0.48"
proactive,39,0,proactive,0,,,,"no action: vuln 0.25, forecast 0.12, exposure 0.19"
proactive,40,0,proactive,0,,,,"no action: vuln 0.58, forecast 0.51, exposure 0.46"
proactive,41,0,proactive,0,,,,"no action: vuln 0.26, forecast 0.06, exposure 0.00"
proactive,42,0,proactive,0,,,,"no action: vuln 0.94, forecast 0.44, exposure 0.48"
proactive,43,0,proactive,0,,,,"no action: vuln 0.22, forecast 0.17, exposure 0.13"
proactive,44,0,proactive,0,,,,"no action: vuln 0.54, forecast 0.11, exposure 0.19"
proactive,45,0,proactive,0,,,,"no action: vuln 0.18, forecast 0.46, exposure 0.47"
proactive,46,0,proactive,0,,,,"no action: vuln 0.27, forecast 0.48, exposure 0.54"
proactive,47,0,proactive,0,,,,"no action: vuln 0.30, forecast 0.21, exposure 0.19"
proactive,48,0,proactive,0,,,,"no action: vuln 0.24, forecast 0.00, exposure 0.00"
proactive,49,0,proactive,0,,,,"no action: vuln 0.76, forecast 0.42, exposure 0.47"
proactive,50,0,proactive,0,,,,"no action: vuln 0.42, forecast 0.00, exposure 0.00"
proactive,51,0,proactive,0,,,,"no action: vuln 0.21, forecast 0.52, exposure 0.52"
proactive,52,0,proactive,0,,,,"no action: vuln 0.32, forecast 0.41, exposure 0.35"
proactive,53,0,proactive,0,,,,"no action: vuln 0.26, forecast 0.00, exposure 0.00"
proactive,54,0,proactive,0,,,,"no action: vuln 0.21, forecast 0.46, exposure 0.51"
proactive,55,0,proactive,0,,,,"no action: vuln 0.30, forecast 0.15, exposure 0.19"
proactive,56,0,proactive,0,,,,"no action: vuln 0.74, forecast 0.46, exposure 0.51"
proactive,57,0,proactive,0,,,,"no action: vuln 0.22, forecast 0.01, exposure 0.02"
proactive,58,0,proactive,0,,,,"no action: vuln 0.31, forecast 0.57, exposure 0.48"
proactive,59,0,proactive,0,,,,"no action: vuln 0.22, forecast 0.18, exposure 0.26"
proactive,60,0,proactive,0,,,,"no action: vuln 0.52, forecast 0.51, exposure 0.42"
proactive,61,0,proactive,0,,,,"no action: vuln 0.23, forecast 0.25, exposure 0.20"
proactive,62,0,proactive,0,,,,"no action: vuln 0.78, forecast 0.17, exposure 0.20"
proactive,63,0,proactive,0,,,,"no action: vuln 0.77, forecast 0.00, exposure 0.00"
proactive,64,0,proactive,0,,,,"no action: vuln 0.26, forecast 0.00, exposure 0.00"
proactive,65,0,proactive,0,,,,"no action: vuln 0.18, forecast 0.12, exposure 0.20"
proactive,66,0,proactive,0,,,,"no action: vuln 0.75, forecast 0.58, exposure 0.50"
proactive,67,0,proactive,0,,,,"no action: vuln 0.27, forecast 0.46, exposure 0.43"
proactive,68,0,proactive,0,,,,"no action: vuln 0.26, forecast 0.20, exposure 0.12"
proactive,69,0,proactive,0,,,,"no action: vuln 0.35, forecast 0.20, exposure 0.12"
proactive,70,0,proactive,0,,,,"no action: vuln 0.19, forecast 0.21, exposure 0.14"
proactive,71,0,proactive,0,,,,"no action: vuln 0.23, forecast 0.00, exposure 0.00"
proactive,72,0,proactive,0,,,,"no action: vuln 0.31, forecast 0.44, exposure 0.40"
proactive,73,0,proactive,0,,,,"no action: vuln 0.29, forecast 0.20, exposure 0.17"
proactive,74,0,proactive,0,,,,"no action: vuln 0.75, forecast 0.40, exposure 0.56"
proactive,75,0,proactive,0,,,,"no action: vuln 0.86, forecast 0.00, exposure 0.00"
proactive,76,0,proactive,0,,,,"no action: vuln 0.24, forecast 0.21, exposure 0.14"
proactive,77,0,proactive,0,,,,"no action: vuln 0.57, forecast 0.18, exposure 0.13"
proactive,78,0,proactive,0,,,,"no action: vuln 0.26, forecast 0.00, exposure 0.06"
proactive,79,0,proactive,0,,,,"no action: vuln 0.31, forecast 0.00, exposure 0.00"
proactive,80,0,proactive,0,,,,"no action: vuln 0.24, forecast 0.00, exposure 0.00"
proactive,81,0,proactive,0,,,,"no action: vuln 0.75, forecast 0.56, exposure 0.49"
proactive,82,0,proactive,0,,,,"no action: vuln 0.21, forecast 0.43, exposure 0.51"
proactive,83,0,proactive,0,,,,"no action: vuln 0.24, forecast 0.47, exposure 0.46"
proactive,84,0,proactive,0,,,,"no action: vuln 0.76, forecast 0.51, exposure 0.47"
proactive,85,0,proactive,0,,,,"no action: vuln 0.21, forecast 0.00, exposure 0.04"
proactive,86,0,proactive,0,,,,"no action: vuln 0.26, forecast 0.48, exposure 0.48"
proactive,87,0,proactive,0,,,,"no action: vuln 0.87, forecast 0.56, exposure 0.48"
proactive,88,0,proactive,0,,,,"no action: vuln 0.23, forecast 0.08, exposure 0.11"
proactive,89,0,proactive,0,,,,"no action: vuln 0.22, forecast 0.52, exposure 0.53"
proactive,90,0,proactive,0,,,,"no action: vuln 0.73, forecast 0.06, exposure 0.00"
proactive,91,0,proactive,0,,,,"no action: vuln 0.27, forecast 0.00, exposure 0.03"
proactive,92,0,proactive,0,,,,"no action: vuln 0.20, forecast 0.05, exposure 0.00"
proactive,93,0,proactive,0,,,,"no action: vuln 0.20, forecast 0.00, exposure 0.00"
proactive,94,0,proactive,0,,,,"no action: vuln 0.70, forecast 0.44, exposure 0.47"
proactive,95,0,proactive,0,,,,"no action: vuln 0.25, forecast 0.07, exposure 0.15"
proactive,96,0,proactive,0,,,,"no action: vuln 0.50, forecast 0.45, exposure 0.48"
proactive,97,0,proactive,0,,,,"no action: vuln 0.27, forecast 0.00, exposure 0.00"
proactive,98,0,proactive,0,,,,"no action: vuln 0.22, forecast 0.51, exposure 0.46"
proactive,99,0,proactive,0,,,,"no action: vuln 0.72, forecast 0.00, exposure 0.02"
proactive,100,0,proactive,0,,,,"no action: vuln 0.48, forecast 0.00, exposure 0.10"
proactive,101,0,proactive,0,,,,"no action: vuln 0.81, forecast 0.00, exposure 0.00"
proactive,102,0,proactive,0,,,,"no action: vuln 0.94, forecast 0.00, exposure 0.00"
proactive,103,0,proactive,0,,,,"no action: vuln 0.30, forecast 0.05, exposure 0.00"
proactive,104,0,proactive,0,,,,"no action: vuln 0.81, forecast 0.57, exposure 0.48"
proactive,105,0,proactive,0,,,,"no action: vuln 0.23, forecast 0.50, exposure 0.45"
proactive,106,0,proactive,0,,,,"no action: vuln 0.51, forecast 0.44, exposure 0.48"
proactive,107,0,proactive,0,,,,"no action: vuln 0.56, forecast 0.46, exposure 0.51"
proactive,108,0,proactive,0,,,,"no action: vuln 0.23, forecast 0.00, exposure 0.00"
proactive,109,0,proactive,0,,,,"no action: vuln 0.30, forecast 0.00, exposure 0.01"
proactive,110,0,proactive,0,,,,"no action: vuln 0.27, forecast 0.16, exposure 0.26"
proactive,111,0,proactive,0,,,,"no action: vuln 0.53, forecast 0.12, exposure 0.27"
proactive,112,0,proactive,0,,,,"no action: vuln 0.89, forecast 0.57, exposure 0.52"
proactive,113,0,proactive,0,,,,"no action: vuln 0.52, forecast 0.40, exposure 0.39"
proactive,114,0,proactive,0,,,,"no action: vuln 0.86, forecast 0.03, exposure 0.05"
proactive,115,0,proactive,0,,,,"no action: vuln 0.32, forecast 0.23, exposure 0.26"
proactive,116,0,proactive,0,,,,"no action: vuln 0.58, forecast 0.46, exposure 0.55"
proactive,117,0,proactive,0,,,,"no action: vuln 0.24, forecast 0.44, exposure 0.47"
proactive,118,0,proactive,0,,,,"no action: vuln 0.21, forecast 0.00, exposure 0.00"
proactive,119,0,proactive,0,,,,"no action: vuln 0.90, forecast 0.00, exposure 0.00"
proactive,120,0,proactive,0,,,,"no action: vuln 0.53, forecast 0.15, exposure 0.17"
proactive,121,0,proactive,0,,,,"no action: vuln 0.43, forecast 0.18, exposure 0.23"
proactive,122,0,proactive,0,,,,"no action: vuln 0.32, forecast 0.21, exposure 0.19"
proactive,123,0,proactive,0,,,,"no action: vuln 0.70, forecast 0.49, exposure 0.55"
proactive,124,0,proactive,0,,,,"no action: vuln 0.56, forecast 0.00, exposure 0.00"
proactive,125,0,proactive,0,,,,"no action: vuln 0.85, forecast 0.46, exposure 0.47"
proactive,126,0,proactive,0,,,,"no action: vuln 0.55, forecast 0.17, exposure 0.20"
proactive,127,0,proactive,0,,,,"no action: vuln 0.77, forecast 0.00, exposure 0.00"
proactive,128,0,proactive,0,,,,"no action: vuln 0.74, forecast 0.02, exposure 0.00"
proactive,129,0,proactive,0,,,,"no action: vuln 0.19, forecast 0.46, exposure 0.51"
proactive,130,0,proactive,0,,,,"no action: vuln 0.60, forecast 0.00, exposure 0.00"
proactive,131,0,proactive,0,,,,"no action: vuln 0.67, forecast 0.00, exposure 0.00"
proactive,132,0,proactive,0,,,,"no action: vuln 0.27, forecast 0.17, exposure 0.16"
proactive,133,0,proactive,0,,,,"no action: vuln 0.23, forecast 0.00, exposure 0.00"
proactive,134,0,proactive,0,,,,"no action: vuln 0.21, forecast 0.51, exposure 0.42"
proactive,135,0,proactive,0,,,,"no action: vuln 0.49, forecast 0.40, exposure 0.41"
proactive,136,0,proactive,0,,,,"no action: vuln 0.58, forecast 0.00, exposure 0.08"
proactive,137,0,proactive,0,,,,"no action: vuln 0.18, forecast 0.39, exposure 0.52"
proactive,138,0,proactive,0,,,,"no action: vuln 0.30, forecast 0.24, exposure 0.20"
proactive,139,0,proactive,0,,,,"no action: vuln 0.28, forecast 0.48, exposure 0.54"
proactive,140,0,proactive,0,,,,"no action: vuln 0.30, forecast 0.24, exposure 0.20"
proactive,141,0,proactive,0,,,,"no action: vuln 0.24, forecast 0.51, exposure 0.42"
proactive,142,0,proactive,0,,,,"no action: vuln 0.26, forecast 0.00, exposure 0.03"
proactive,143,0,proactive,0,,,,"no action: vuln 0.20, forecast 0.00, exposure 0.00"
proactive,144,0,proactive,0,,,,"no action: vuln 0.83, forecast 0.20, exposure 0.19"
proactive,145,0,proactive,0,,,,"no action: vuln 0.23, forecast 0.00, exposure 0.02"
proactive,146,0,proactive,0,,,,"no action: vuln 0.23, forecast 0.44, exposure 0.50"
proactive,147,0,proactive,0,,,,"no action: vuln 0.19, forecast 0.19, exposure 0.19"
proactive,148,0,proactive,0,,,,"no action: vuln 0.33, forecast 0.39, exposure 0.50"
proactive,149,0,proactive,0,,,,"no action: vuln 0.59, forecast 0.25, exposure 0.20"
proactive,150,0,proactive,0,,,,"no action: vuln 0.34, forecast 0.00, exposure 0.02"
proactive,151,0,proactive,0,,,,"no action: vuln 0.24, forecast 0.40, exposure 0.41"
proactive,152,0,proactive,0,,,,"no action: vuln 0.31, forecast 0.20, exposure 0.16"
proactive,153,0,proactive,0,,,,"no action: vuln 0.30, forecast 0.00, exposure 0.04"
proactive,154,0,proactive,0,,,,"no action: vuln 0.52, forecast 0.00, exposure 0.06"
proactive,155,0,proactive,0,,,,"no action: vuln 0.27, forecast 0.40, exposure 0.41"
proactive,156,0,proactive,0,,,,"no action: vuln 0.22, forecast 0.18, exposure 0.26"
proactive,157,0,proactive,0,,,,"no action: vuln 0.78, forecast 0.40, exposure 0.44"
proactive,158,0,proactive,0,,,,"no action: vuln 0.22, forecast 0.00, exposure 0.08"
proactive,159,0,proactive,0,,,,"no action: vuln 0.25, forecast 0.11, exposure 0.14"
proactive,160,0,proactive,0,,,,"no action: vuln 0.24, forecast 0.42, exposure 0.44"
proactive,161,0,proactive,0,,,,"no action: vuln 0.27, forecast 0.00, exposure 0.00"
proactive,162,0,proactive,0,,,,"no action: vuln 0.56, forecast 0.44, exposure 0.47"
proactive,163,0,proactive,0,,,,"no action: vuln 0.26, forecast 0.00, exposure 0.00"
proactive,164,0,proactive,0,,,,"no action: vuln 0.22, forecast 0.02, exposure 0.00"
proactive,165,0,proactive,0,,,,"no action: vuln 0.27, forecast 0.48, exposure 0.44"
proactive,166,0,proactive,0,,,,"no action: vuln 0.31, forecast 0.23, exposure 0.26"
proactive,167,0,proactive,0,,,,"no action: vuln 0.56, forecast 0.00, exposure 0.03"
proactive,168,0,proactive,0,,,,"no action: vuln 0.29, forecast 0.49, exposure 0.53"
proactive,169,0,proactive,0,,,,"no action: vuln 0.20, forecast 0.00, exposure 0.00"
proactive,170,0,proactive,0,,,,"no action: vuln 0.26, forecast 0.15, exposure 0.17"
proactive,171,0,proactive,0,,,,"no action: vuln 0.54, forecast 0.48, exposure 0.54"
proactive,172,0,proactive,0,,,,"no action: vuln 0.20, forecast 0.00, exposure 0.03"
proactive,173,0,proactive,0,,,,"no action: vuln 0.74, forecast 0.00, exposure 0.00"
proactive,174,0,proactive,0,,,,"no action: vuln 0.59, forecast 0.05, exposure 0.00"
proactive,175,0,proactive,0,,,,"no action: vuln 0.28, forecast 0.00, exposure 0.04"
proactive,176,0,proactive,0,,,,"no action: vuln 0.20, forecast 0.13, exposure 0.23"
proactive,177,0,proactive,0,,,,"no action: vuln 0.26, forecast 0.00, exposure 0.03"
proactive,178,0,proactive,0,,,,"no action: vuln 0.30, forecast 0.42, exposure 0.50"
proactive,179,0,proactive,0,,,,"no action: vuln 0.38, forecast 0.17, exposure 0.20"
proactive,180,0,proactive,0,,,,"no action: vuln 0.71, forecast 0.05, exposure 0.00"
proactive,181,0,proactive,0,,,,"no action: vuln 0.52, forecast 0.00, exposure 0.02"
proactive,182,0,proactive,0,,,,"no action: vuln 0.22, forecast 0.51, exposure 0.51"
proactive,183,0,proactive,0,,,,"no action: vuln 0.24, forecast 0.01, exposure 0.02"
proactive,184,0,proactive,0,,,,"no action: vuln 0.21, forecast 0.46, exposure 0.47"
proactive,185,0,proactive,0,,,,"no action: vuln 0.90, forecast 0.03, exposure 0.06"
proactive,186,0,proactive,0,,,,"no action: vuln 0.27, forecast 0.24, exposure 0.19"
proactive,187,0,proactive,0,,,,"no action: vuln 0.23, forecast 0.00, exposure 0.00"
proactive,188,0,proactive,0,,,,"no action: vuln 0.26, forecast 0.43, exposure 0.51"
proactive,189,0,proactive,0,,,,"no action: vuln 0.25, forecast 0.00, exposure 0.04"
proactive,190,0,proactive,0,,,,"no action: vuln 0.74, forecast 0.45, exposure 0.48"
proactive,191,0,proactive,0,,,,"no action: vuln 0.24, forecast 0.42, exposure 0.55"
proactive,192,0,proactive,0,,,,"no action: vuln 0.26, forecast 0.40, exposure 0.39"
proactive,193,0,proactive,0,,,,"no action: vuln 0.31, forecast 0.18, exposure 0.13"
proactive,194,0,proactive,0,,,,"no action: vuln 0.74, forecast 0.42, exposure 0.55"
proactive,195,0,proactive,0,,,,"no action: vuln 0.26, forecast 0.42, exposure 0.55"
proactive,196,0,proactive,0,,,,"no action: vuln 0.22, forecast 0.17, exposure 0.13"
proactive,197,0,proactive,0,,,,"no action: vuln 0.56, forecast 0.00, exposure 0.07"
proactive,198,0,proactive,0,,,,"no action: vuln 0.25, forecast 0.21, exposure 0.19"
proactive,199,0,proactive,0,,,,"no action: vuln 0.29, forecast 0.20, exposure 0.19"
proactive,200,0,proactive,0,,,,"no action: vuln 0.26, forecast 0.41, exposure 0.35"
proactive,201,0,proactive,0,,,,"no action: vuln 0.45, forecast 0.48, exposure 0.51"
proactive,202,0,proactive,0,,,,"no action: vuln 0.16, forecast 0.00, exposure 0.00"
proactive,203,0,proactive,0,,,,"no action: vuln 0.56, forecast 0.20, exposure 0.16"
proactive,204,0,proactive,0,,,,"no action: vuln 0.33, forecast 0.13, exposure 0.07"
proactive,205,0,proactive,0,,,,"no action: vuln 0.79, forecast 0.13, exposure 0.23"
proactive,206,0,proactive,0,,,,"no action: vuln 0.59, forecast 0.51, exposure 0.47"
proactive,207,0,proactive,0,,,,"no action: vuln 0.29, forecast 0.01, exposure 0.02"
proactive,208,0,proactive,0,,,,"no action: vuln 0.40, forecast 0.00, exposure 0.00"
proactive,209,0,proactive,0,,,,"no action: vuln 0.27, forecast 0.00, exposure 0.00"
proactive,210,0,proactive,0,,,,"no action: vuln 0.90, forecast 0.20, exposure 0.18"
proactive,211,0,proactive,0,,,,"no action: vuln 0.27, forecast 0.24, exposure 0.20"
proactive,212,0,proactive,0,,,,"no action: vuln 0.25, forecast 0.48, exposure 0.52"
proactive,213,0,proactive,0,,,,"no action: vuln 0.68, forecast 0.42, exposure 0.50"
proactive,214,0,proactive,0,,,,"no action: vuln 0.30, forecast 0.00, exposure 0.00"
proactive,215,0,proactive,0,,,,"no action: vuln 0.22, forecast 0.47, exposure 0.41"
proactive,216,0,proactive,0,,,,"no action: vuln 0.37, forecast 0.11, exposure 0.14"
proactive,217,0,proactive,0,,,,"no action: vuln 0.25, forecast 0.00, exposure 0.00"
proactive,218,0,proactive,0,,,,"no action: vuln 0.28, forecast 0.18, exposure 0.20"
proactive,219,0,proactive,0,,,,"no action: vuln 0.56, forecast 0.52, exposure 0.52"
proactive,220,0,proactive,0,,,,"no action: vuln 0.69, forecast 0.51, exposure 0.45"
proactive,221,0,proactive,0,,,,"no action: vuln 0.88, forecast 0.21, exposure 0.21"
proactive,222,0,proactive,0,,,,"no action: vuln 0.30, forecast 0.00, exposure 0.00"
proactive,223,0,proactive,0,,,,"no action: vuln 0.19, forecast 0.00, exposure 0.07"
proactive,224,0,proactive,0,,,,"no action: vuln 0.23, forecast 0.47, exposure 0.54"
proactive,225,0,proactive,0,,,,"no action: vuln 0.22, forecast 0.17, exposure 0.13"
proactive,226,0,proactive,0,,,,"no action: vuln 0.69, forecast 0.57, exposure 0.48"
proactive,227,0,proactive,0,,,,"no action: vuln 0.76, forecast 0.47, exposure 0.52"
proactive,228,0,proactive,0,,,,"no action: vuln 0.57, forecast 0.52, exposure 0.50"
proactive,229,0,proactive,0,,,,"no action: vuln 0.50, forecast 0.19, exposure 0.14"
proactive,230,0,proactive,0,,,,"no action: vuln 0.24, forecast 0.17, exposure 0.16"
proactive,231,0,proactive,0,,,,"no action: vuln 0.22, forecast 0.00, exposure 0.00"
proactive,232,0,proactive,0,,,,"no action: vuln 0.18, forecast 0.45, exposure 0.39"
proactive,233,0,proactive,0,,,,"no action: vuln 0.29, forecast 0.00, exposure 0.01"
proactive,234,0,proactive,0,,,,"no action: vuln 0.29, forecast 0.00, exposure 0.07"
proactive,235,0,proactive,0,,,,"no action: vuln 0.35, forecast 0.20, exposure 0.12"
proactive,236,0,proactive,0,,,,"no action: vuln 0.28, forecast 0.00, exposure 0.00"
proactive,237,0,proactive,0,,,,"no action: vuln 0.58, forecast 0.13, exposure 0.17"
proactive,238,0,proactive,0,,,,"no action: vuln 0.54, forecast 0.49, exposure 0.44"
proactive,239,0,proactive,0,,,,"no action: vuln 0.60, forecast 0.25, exposure 0.20"
proactive,0,1,proactive,0,,,,"no action: vuln 0.54, forecast 0.00, exposure 0.00"
proactive,1,1,proactive,0,,,,"no action: vuln 0.54, forecast 0.07, exposure 0.20"
proactive,2,1,proactive,0,,,,"no action: vuln 0.72, forecast 0.00, exposure 0.00"
proactive,3,1,proactive,0,,,,"no action: vuln 0.22, forecast 0.13, exposure 0.17"
proactive,4,1,proactive,0,,,,"no action: vuln 0.18, forecast 0.46, exposure 0.45"
proactive,5,1,proactive,0,,,,"no action: vuln 0.77, forecast 0.44, exposure 0.47"
proactive,6,1,proactive,0,,,,"no action: vuln 0.69, forecast 0.37, exposure 0.47"
proactive,7,1,proactive,0,,,,"no action: vuln 0.25, forecast 0.42, exposure 0.44"
proactive,8,1,proactive,0,,,,"no action: vuln 0.63, forecast 0.10, exposure 0.15"
proactive,9,1,proactive,0,,,,"no action: vuln 0.29, forecast 0.48, exposure 0.52"
proactive,10,1,proactive,0,,,,"no action: vuln 0.29, forecast 0.40, exposure 0.56"
proactive,11,1,proactive,0,,,,"no action: vuln 0.29, forecast 0.39, exposure 0.46"
proactive,12,1,proactive,0,,,,"no action: vuln 0.26, forecast 0.46, exposure 0.47"
proactive,13,1,proactive,0,,,,"no action: vuln 0.23, forecast 0.09, exposure 0.20"
proactive,14,1,proactive,0,,,,"no action: vuln 0.23, forecast 0.15, exposure 0.13"
proactive,15,1,proactive,0,,,,"no action: vuln 0.49, forecast 0.44, exposure 0.57"
proactive,16,1,proactive,0,,,,"no action: vuln 0.73, forecast 0.00, exposure 0.00"
proactive,17,1,proactive,0,,,,"no action: vuln 0.69, forecast 0.00, exposure 0.00"
proactive,18,1,proactive,0,,,,"no action: vuln 0.27, forecast 0.43, exposure 0.40"
proactive,19,1,proactive,0,,,,"no action: vuln 0.59, forecast 0.00, exposure 0.02"
proactive,20,1,proactive,0,,,,"no action: vuln 0.20, forecast 0.10, exposure 0.15"
proactive,21,1,proactive,0,,,,"no action: vuln 0.26, forecast 0.40, exposure 0.56"
proactive,22,1,proactive,0,,,,"no action: vuln 0.26, forecast 0.45, exposure 0.48"
proactive,23,1,proactive,0,,,,"no action: vuln 0.69, forecast 0.16, exposure 0.27"
proactive,24,1,proactive,0,,,,"no action: vuln 0.37, forecast 0.42, exposure 0.47"
proactive,25,1,proactive,0,,,,"no action: vuln 0.24, forecast 0.21, exposure 0.13"
proactive,26,1,proactive,0,,,,"no action: vuln 0.30, forecast 0.15, exposure 0.12"
proactive,27,1,proactive,0,,,,"no action: vuln 0.26, forecast 0.39, exposure 0.46"
proactive,28,1,proactive,0,,,,"no action: vuln 0.26, forecast 0.41, exposure 0.50"
proactive,29,1,proactive,0,,,,"no action: vuln 0.32, forecast 0.00, exposure 0.00"
proactive,30,1,proactive,0,,,,"no action: vuln 0.16, forecast 0.21, exposure 0.13"
proactive,31,1,proactive,0,,,,"no action: vuln 0.55, forecast 0.45, exposure 0.43"
proactive,32,1,proactive,0,,,,"no action: vuln 0.25, forecast 0.14, exposure 0.12"
proactive,33,1,proactive,0,,,,"no action: vuln 0.32, forecast 0.41, exposure 0.51"
proactive,34,1,proactive,0,,,,"no action: vuln 0.66, forecast 0.00, exposure 0.00"
proactive,35,1,proactive,0,,,,"no action: vuln 0.55, forecast 0.22, exposure 0.17"
proactive,36,1,proactive,0,,,,"no action: vuln 0.29, forecast 0.00, exposure 0.00"
proactive,37,1,proactive,0,,,,"no action: vuln 0.86, forecast 0.41, exposure 0.50"
proactive,38,1,proactive,0,,,,"no action: vuln 0.24, forecast 0.26, exposure 0.44"
proactive,39,1,proactive,0,,,,"no action: vuln 0.25, forecast 0.14, exposure 0.12"
proactive,40,1,proactive,0,,,,"no action: vuln 0.58, forecast 0.37, exposure 0.51"
proactive,41,1,proactive,0,,,,"no action: vuln 0.26, forecast 0.00, exposure 0.06"
proactive,42,1,proactive,0,,,,"no action: vuln 0.94, forecast 0.42, exposure 0.44"
proactive,43,1,proactive,0,,,,"no action: vuln 0.22, forecast 0.28, exposure 0.17"
proactive,44,1,proactive,0,,,,"no action: vuln 0.54, forecast 0.19, exposure 0.11"
proactive,45,1,proactive,0,,,,"no action: vuln 0.18, forecast 0.44, exposure 0.46"
proactive,46,1,proactive,0,,,,"no action: vuln 0.27, forecast 0.45, exposure 0.48"
proactive,47,1,proactive,0,,,,"no action: vuln 0.30, forecast 0.07, exposure 0.21"
proactive,48,1,proactive,0,,,,"no action: vuln 0.24, forecast 0.00, exposure 0.00"
proactive,49,1,proactive,0,,,,"no action: vuln 0.76, forecast 0.54, exposure 0.42"
proactive,50,1,proactive,0,,,,"no action: vuln 0.42, forecast 0.00, exposure 0.00"
proactive,51,1,proactive,0,,,,"no action: vuln 0.21, forecast 0.48, exposure 0.52"
proactive,52,1,proactive,0,,,,"no action: vuln 0.32, forecast 0.35, exposure 0.41"
proactive,53,1,proactive,0,,,,"no action: vuln 0.26, forecast 0.00, exposure 0.00"
proactive,54,1,proactive,0,,,,"no action: vuln 0.21, forecast 0.42, exposure 0.46"
proactive,55,1,proactive,0,,,,"no action: vuln 0.30, forecast 0.02, exposure 0.15"
proactive,56,1,proactive,0,,,,"no action: vuln 0.74, forecast 0.42, exposure 0.46"
proactive,57,1,proactive,0,,,,"no action: vuln 0.22, forecast 0.00, exposure 0.01"
proactive,58,1,proactive,0,,,,"no action: vuln 0.31, forecast 0.48, exposure 0.57"
proactive,59,1,proactive,0,,,,"no action: vuln 0.22, forecast 0.14, exposure 0.18"
proactive,60,1,proactive,0,,,,"no action: vuln 0.52, forecast 0.38, exposure 0.51"
proactive,61,1,proactive,0,,,,"no action: vuln 0.23, forecast 0.11, exposure 0.25"
proactive,62,1,proactive,0,,,,"no action: vuln 0.78, forecast 0.13, exposure 0.17"
proactive,63,1,proactive,0,,,,"no action: vuln 0.77, forecast 0.00, exposure 0.00"
proactive,64,1,proactive,0,,,,"no action: vuln 0.26, forecast 0.00, exposure 0.00"
proactive,65,1,proactive,0,,,,"no action: vuln 0.18, forecast 0.10, exposure 0.12"
proactive,66,1,proactive,0,,,,"no action: vuln 0.75, forecast 0.44, exposure 0.58"
proactive,67,1,proactive,0,,,,"no action: vuln 0.27, forecast 0.50, exposure 0.46"
proactive,68,1,proactive,0,,,,"no action: vuln 0.26, forecast 0.15, exposure 0.20"
proactive,69,1,proactive,0,,,,"no action: vuln 0.35, forecast 0.15, exposure 0.20"
proactive,70,1,proactive,0,,,,"no action: vuln 0.19, forecast 0.17, exposure 0.21"
proactive,71,1,proactive,0,,,,"no action: vuln 0.23, forecast 0.00, exposure 0.00"
proactive,72,1,proactive,0,,,,"no action: vuln 0.31, forecast 0.46, exposure 0.44"
proactive,73,1,proactive,0,,,,"no action: vuln 0.29, forecast 0.07, exposure 0.20"
proactive,74,1,proactive,0,,,,"no action: vuln 0.75, forecast 0.47, exposure 0.40"
proactive,75,1,proactive,0,,,,"no action: vuln 0.86, forecast 0.00, exposure 0.00"
proactive,76,1,proactive,0,,,,"no action: vuln 0.24, forecast 0.17, exposure 0.21"
proactive,77,1,proactive,0,,,,"no action: vuln 0.57, forecast 0.17, exposure 0.18"
proactive,78,1,proactive,0,,,,"no action: vuln 0.26, forecast 0.00, exposure 0.00"
proactive,79,1,proactive,0,,,,"no action: vuln 0.31, forecast 0.00, exposure 0.00"
proactive,80,1,proactive,0,,,,"no action: vuln 0.24, forecast 0.00, exposure 0.00"
proactive,81,1,proactive,0,,,,"no action: vuln 0.75, forecast 0.45, exposure 0.56"
proactive,82,1,proactive,0,,,,"no action: vuln 0.21, forecast 0.46, exposure 0.43"
proactive,83,1,proactive,0,,,,"no action: vuln 0.24, forecast 0.44, exposure 0.47"
proactive,84,1,proactive,0,,,,"no action: vuln 0.76, forecast 0.46, exposure 0.51"
proactive,85,1,proactive,0,,,,"no action: vuln 0.21, forecast 0.00, exposure 0.00"
proactive,86,1,proactive,0,,,,"no action: vuln 0.26, forecast 0.46, exposure 0.48"
proactive,87,1,proactive,0,,,,"no action: vuln 0.87, forecast 0.44, exposure 0.56"
proactive,88,1,proactive,0,,,,"no action: vuln 0.23, forecast 0.18, exposure 0.08"
proactive,89,1,proactive,0,,,,"no action: vuln 0.22, forecast 0.45, exposure 0.52"
proactive,90,1,proactive,0,,,,"no action: vuln 0.73, forecast 0.00, exposure 0.06"
proactive,91,1,proactive,0,,,,"no action: vuln 0.27, forecast 0.00, exposure 0.00"
proactive,92,1,proactive,0,,,,"no action: vuln 0.20, forecast 0.00, exposure 0.05"
proactive,93,1,proactive,0,,,,"no action: vuln 0.20, forecast 0.00, exposure 0.00"
proactive,94,1,proactive,0,,,,"no action: vuln 0.70, forecast 0.46, exposure 0.44"
proactive,95,1,proactive,0,,,,"no action: vuln 0.25, forecast 0.13, exposure 0.07"
proactive,96,1,proactive,0,,,,"no action: vuln 0.50, forecast 0.46, exposure 0.45"
proactive,97,1,proactive,0,,,,"no action: vuln 0.27, forecast 0.04, exposure 0.00"
proactive,98,1,proactive,0,,,,"no action: vuln 0.22, forecast 0.37, exposure 0.51"
proactive,99,1,proactive,0,,,,"no action: vuln 0.72, forecast 0.00, exposure 0.00"
proactive,100,1,proactive,0,,,,"no action: vuln 0.48, forecast 0.00, exposure 0.00"
proactive,101,1,proactive,0,,,,"no action: vuln 0.81, forecast 0.00, exposure 0.00"
proactive,102,1,proactive,0,,,,"no action: vuln 0.94, forecast 0.00, exposure 0.00"
proactive,103,1,proactive,0,,,,"no action: vuln 0.30, forecast 0.00, exposure 0.05"
proactive,104,1,proactive,0,,,,"no action: vuln 0.81, forecast 0.48, exposure 0.57"
proactive,105,1,proactive,0,,,,"no action: vuln 0.23, forecast 0.41, exposure 0.50"
proactive,106,1,proactive,0,,,,"no action: vuln 0.51, forecast 0.26, exposure 0.44"
proactive,107,1,proactive,0,,,,"no action: vuln 0.56, forecast 0.42, exposure 0.46"
proactive,108,1,proactive,0,,,,"no action: vuln 0.23, forecast 0.00, exposure 0.00"
proactive,109,1,proactive,0,,,,"no action: vuln 0.30, forecast 0.00, exposure 0.00"
proactive,110,1,proactive,0,,,,"no action: vuln 0.27, forecast 0.17, exposure 0.16"
proactive,111,1,proactive,0,,,,"no action: vuln 0.53, forecast 0.15, exposure 0.12"
proactive,112,1,proactive,0,,,,"no action: vuln 0.89, forecast 0.44, exposure 0.57"
proactive,113,1,proactive,0,,,,"no action: vuln 0.52, forecast 0.43, exposure 0.40"
proactive,114,1,proactive,0,,,,"no action: vuln 0.86, forecast 0.00, exposure 0.03"
proactive,115,1,proactive,0,,,,"no action: vuln 0.32, forecast 0.12, exposure 0.23"
proactive,116,1,proactive,0,,,,"no action: vuln 0.58, forecast 0.41, exposure 0.46"
proactive,117,1,proactive,0,,,,"no action: vuln 0.24, forecast 0.39, exposure 0.44"
proactive,118,1,proactive,0,,,,"no action: vuln 0.21, forecast 0.00, exposure 0.00"
proactive,119,1,proactive,0,,,,"no action: vuln 0.90, forecast 0.00, exposure 0.00"
proactive,120,1,proactive,0,,,,"no action: vuln 0.53, forecast 0.13, exposure 0.15"
proactive,121,1,proactive,0,,,,"no action: vuln 0.43, forecast 0.10, exposure 0.18"
proactive,122,1,proactive,0,,,,"no action: vuln 0.32, forecast 0.07, exposure 0.21"
proactive,123,1,proactive,0,,,,"no action: vuln 0.70, forecast 0.45, exposure 0.49"
proactive,124,1,proactive,0,,,,"no action: vuln 0.56, forecast 0.00, exposure 0.00"
proactive,125,1,proactive,0,,,,"no action: vuln 0.85, forecast 0.44, exposure 0.46"
proactive,126,1,proactive,0,,,,"no action: vuln 0.55, forecast 0.13, exposure 0.17"
proactive,127,1,proactive,0,,,,"no action: vuln 0.77, forecast 0.00, exposure 0.00"
proactive,128,1,proactive,0,,,,"no action: vuln 0.74, forecast 0.00, exposure 0.02"
proactive,129,1,proactive,0,,,,"no action: vuln 0.19, forecast 0.42, exposure 0.46"
proactive,130,1,proactive,0,,,,"no action: vuln 0.60, forecast 0.00, exposure 0.00"
proactive,131,1,proactive,0,,,,"no action: vuln 0.67, forecast 0.00, exposure 0.00"
proactive,132,1,proactive,0,,,,"no action: vuln 0.27, forecast 0.13, exposure 0.17"
proactive,133,1,proactive,0,,,,"no action: vuln 0.23, forecast 0.00, exposure 0.00"
proactive,134,1,proactive,0,,,,"no action: vuln 0.21, forecast 0.38, exposure 0.51"
proactive,135,1,proactive,0,,,,"no action: vuln 0.49, forecast 0.44, exposure 0.40"
proactive,136,1,proactive,0,,,,"no action: vuln 0.58, forecast 0.00, exposure 0.00"
proactive,137,1,proactive,0,,,,"no action: vuln 0.18, forecast 0.50, exposure 0.39"
proactive,138,1,proactive,0,,,,"no action: vuln 0.30, forecast 0.08, exposure 0.24"
proactive,139,1,proactive,0,,,,"no action: vuln 0.28, forecast 0.45, exposure 0.48"
proactive,140,1,proactive,0,,,,"no action: vuln 0.30, forecast 0.08, exposure 0.24"
proactive,141,1,proactive,0,,,,"no action: vuln 0.24, forecast 0.38, exposure 0.51"
proactive,142,1,proactive,0,,,,"no action: vuln 0.26, forecast 0.00, exposure 0.00"
proactive,143,1,proactive,0,,,,"no action: vuln 0.20, forecast 0.04, exposure 0.00"
proactive,144,1,proactive,0,,,,"no action: vuln 0.83, forecast 0.20, exposure 0.20"
proactive,145,1,proactive,0,,,,"no action: vuln 0.23, forecast 0.00, exposure 0.00"
proactive,146,1,proactive,0,,,,"no action: vuln 0.23, forecast 0.42, exposure 0.44"
proactive,147,1,proactive,0,,,,"no action: vuln 0.19, forecast 0.07, exposure 0.19"
proactive,148,1,proactive,0,,,,"no action: vuln 0.33, forecast 0.49, exposure 0.39"
proactive,149,1,proactive,0,,,,"no action: vuln 0.59, forecast 0.11, exposure 0.25"
proactive,150,1,proactive,0,,,,"no action: vuln 0.34, forecast 0.00, exposure 0.00"
proactive,151,1,proactive,0,,,,"no action: vuln 0.24, forecast 0.44, exposure 0.40"
proactive,152,1,proactive,0,,,,"no action: vuln 0.31, forecast 0.13, exposure 0.20"
proactive,153,1,proactive,0,,,,"no action: vuln 0.30, forecast 0.00, exposure 0.00"
proactive,154,1,proactive,0,,,,"no action: vuln 0.52, forecast 0.00, exposure 0.00"
proactive,155,1,proactive,0,,,,"no action: vuln 0.27, forecast 0.44, exposure 0.40"
proactive,156,1,proactive,0,,,,"no action: vuln 0.22, forecast 0.14, exposure 0.18"
proactive,157,1,proactive,0,,,,"no action: vuln 0.78, forecast 0.43, exposure 0.40"
proactive,158,1,proactive,0,,,,"no action: vuln 0.22, forecast 0.00, exposure 0.00"
proactive,159,1,proactive,0,,,,"no action: vuln 0.25, forecast 0.10, exposure 0.11"
proactive,160,1,proactive,0,,,,"no action: vuln 0.24, forecast 0.40, exposure 0.42"
proactive,161,1,proactive,0,,,,"no action: vuln 0.27, forecast 0.00, exposure 0.00"
proactive,162,1,proactive,0,,,,"no action: vuln 0.56, forecast 0.39, exposure 0.44"
proactive,163,1,proactive,0,,,,"no action: vuln 0.26, forecast 0.00, exposure 0.00"
proactive,164,1,proactive,0,,,,"no action: vuln 0.22, forecast 0.00, exposure 0.02"
proactive,165,1,proactive,0,,,,"no action: vuln 0.27, forecast 0.49, exposure 0.48"
proactive,166,1,proactive,0,,,,"no action: vuln 0.31, forecast 0.12, exposure 0.23"
proactive,167,1,proactive,0,,,,"no action: vuln 0.56, forecast 0.00, exposure 0.00"
proactive,168,1,proactive,0,,,,"no action: vuln 0.29, forecast 0.53, exposure 0.49"
proactive,169,1,proactive,0,,,,"no action: vuln 0.20, forecast 0.00, exposure 0.00"
proactive,170,1,proactive,0,,,,"no action: vuln 0.26, forecast 0.13, exposure 0.15"
proactive,171,1,proactive,0,,,,"no action: vuln 0.54, forecast 0.45, exposure 0.48"
proactive,172,1,proactive,0,,,,"no action: vuln 0.20, forecast 0.00, exposure 0.00"
proactive,173,1,proactive,0,,,,"no action: vuln 0.74, forecast 0.00, exposure 0.00"
proactive,174,1,proactive,0,,,,"no action: vuln 0.59, forecast 0.00, exposure 0.05"
proactive,175,1,proactive,0,,,,"no action: vuln 0.28, forecast 0.00, exposure 0.00"
proactive,176,1,proactive,0,,,,"no action: vuln 0.20, forecast 0.15, exposure 0.13"
proactive,177,1,proactive,0,,,,"no action: vuln 0.26, forecast 0.00, exposure 0.00"
proactive,178,1,proactive,0,,,,"no action: vuln 0.30, forecast 0.46, exposure 0.42"
proactive,179,1,proactive,0,,,,"no action: vuln 0.38, forecast 0.13, exposure 0.17"
proactive,180,1,proactive,0,,,,"no action: vuln 0.71, forecast 0.00, exposure 0.05"
proactive,181,1,proactive,0,,,,"no action: vuln 0.52, forecast 0.00, exposure 0.00"
proactive,182,1,proactive,0,,,,"no action: vuln 0.22, forecast 0.36, exposure 0.51"
proactive,183,1,proactive,0,,,,"no action: vuln 0.24, forecast 0.00, exposure 0.01"
proactive,184,1,proactive,0,,,,"no action: vuln 0.21, forecast 0.44, exposure 0.46"
proactive,185,1,proactive,0,,,,"no action: vuln 0.90, forecast 0.00, exposure 0.03"
proactive,186,1,proactive,0,,,,"no action: vuln 0.27, forecast 0.14, exposure 0.24"
proactive,187,1,proactive,0,,,,"no action: vuln 0.23, forecast 0.00, exposure 0.00"
proactive,188,1,proactive,0,,,,"no action: vuln 0.26, forecast 0.46, exposure 0.43"
proactive,189,1,proactive,0,,,,"no action: vuln 0.25, forecast 0.00, exposure 0.00"
proactive,190,1,proactive,0,,,,"no action: vuln 0.74, forecast 0.46, exposure 0.45"
proactive,191,1,proactive,0,,,,"no action: vuln 0.24, forecast 0.45, exposure 0.42"
proactive,192,1,proactive,0,,,,"no action: vuln 0.26, forecast 0.43, exposure 0.40"
proactive,193,1,proactive,0,,,,"no action: vuln 0.31, forecast 0.17, exposure 0.18"
proactive,194,1,proactive,0,,,,"no action: vuln 0.74, forecast 0.45, exposure 0.42"
proactive,195,1,proactive,0,,,,"no action: vuln 0.26, forecast 0.45, exposure 0.42"
proactive,196,1,proactive,0,,,,"no action: vuln 0.22, forecast 0.28, exposure 0.17"
proactive,197,1,proactive,0,,,,"no action: vuln 0.56, forecast 0.00, exposure 0.00"
proactive,198,1,proactive,0,,,,"no action: vuln 0.25, forecast 0.07, exposure 0.21"
proactive,199,1,proactive,0,,,,"no action: vuln 0.29, forecast 0.20, exposure 0.20"
proactive,200,1,proactive,0,,,,"no action: vuln 0.26, forecast 0.35, exposure 0.41"
proactive,201,1,proactive,0,,,,"no action: vuln 0.45, forecast 0.40, exposure 0.48"
proactive,202,1,proactive,0,,,,"no action: vuln 0.16, forecast 0.00, exposure 0.00"
proactive,203,1,proactive,0,,,,"no action: vuln 0.56, forecast 0.13, exposure 0.20"
proactive,204,1,proactive,0,,,,"no action: vuln 0.33, forecast 0.17, exposure 0.13"
proactive,205,1,proactive,0,,,,"no action: vuln 0.79, forecast 0.15, exposure 0.13"
proactive,206,1,proactive,0,,,,"no action: vuln 0.59, forecast 0.41, exposure 0.51"
proactive,207,1,proactive,0,,,,"no action: vuln 0.29, forecast 0.00, exposure 0.01"
proactive,208,1,proactive,0,,,,"no action: vuln 0.40, forecast 0.00, exposure 0.00"
proactive,209,1,proactive,0,,,,"no action: vuln 0.27, forecast 0.00, exposure 0.00"
proactive,210,1,proactive,0,,,,"no action: vuln 0.90, forecast 0.09, exposure 0.20"
proactive,211,1,proactive,0,,,,"no action: vuln 0.27, forecast 0.08, exposure 0.24"
proactive,212,1,proactive,0,,,,"no action: vuln 0.25, forecast 0.52, exposure 0.48"
proactive,213,1,proactive,0,,,,"no action: vuln 0.68, forecast 0.46, exposure 0.42"
proactive,214,1,proactive,0,,,,"no action: vuln 0.30, forecast 0.00, exposure 0.00"
proactive,215,1,proactive,0,,,,"no action: vuln 0.22, forecast 0.46, exposure 0.47"
proactive,216,1,proactive,0,,,,"no action: vuln 0.37, forecast 0.10, exposure 0.11"
proactive,217,1,proactive,0,,,,"no action: vuln 0.25, forecast 0.00, exposure 0.00"
proactive,218,1,proactive,0,,,,"no action: vuln 0.28, forecast 0.07, exposure 0.18"
proactive,219,1,proactive,0,,,,"no action: vuln 0.56, forecast 0.48, exposure 0.52"
proactive,220,1,proactive,0,,,,"no action: vuln 0.69, forecast 0.42, exposure 0.51"
proactive,221,1,proactive,0,,,,"no action: vuln 0.88, forecast 0.20, exposure 0.21"
proactive,222,1,proactive,0,,,,"no action: vuln 0.30, forecast 0.00, exposure 0.00"
proactive,223,1,proactive,0,,,,"no action: vuln 0.19, forecast 0.00, exposure 0.00"
proactive,224,1,proactive,0,,,,"no action: vuln 0.23, forecast 0.42, exposure 0.47"
proactive,225,1,proactive,0,,,,"no action: vuln 0.22, forecast 0.28, exposure 0.17"
proactive,226,1,proactive,0,,,,"no action: vuln 0.69, forecast 0.48, exposure 0.57"
proactive,227,1,proactive,0,,,,"no action: vuln 0.76, forecast 0.46, exposure 0.47"
proactive,228,1,proactive,0,,,,"no action: vuln 0.57, forecast 0.40, exposure 0.52"
proactive,229,1,proactive,0,,,,"no action: vuln 0.50, forecast 0.18, exposure 0.19"
proactive,230,1,proactive,0,,,,"no action: vuln 0.24, forecast 0.13, exposure 0.17"
proactive,231,1,proactive,0,,,,"no action: vuln 0.22, forecast 0.00, exposure 0.00"
proactive,232,1,proactive,0,,,,"no action: vuln 0.18, forecast 0.35, exposure 0.45"
proactive,233,1,proactive,0,,,,"no action: vuln 0.29, forecast 0.00, exposure 0.00"
proactive,234,1,proactive,0,,,,"no action: vuln 0.29, forecast 0.00, exposure 0.00"
proactive,235,1,proactive,0,,,,"no action: vuln 0.35, forecast 0.15, exposure 0.20"
proactive,236,1,proactive,0,,,,"no action: vuln 0.28, forecast 0.00, exposure 0.00"
proactive,237,1,proactive,0,,,,"no action: vuln 0.58, forecast 0.21, exposure 0.13"
proactive,238,1,proactive,0,,,,"no action: vuln 0.54, forecast 0.50, exposure 0.49"
proactive,239,1,proactive,0,,,,"no action: vuln 0.60, forecast 0.11, exposure 0.25"
proactive,0,2,proactive,0,,,,"no action: vuln 0.54, forecast 0.00, exposure 0.00"
proactive,1,2,proactive,0,,,,"no action: vuln 0.54, forecast 0.17, exposure 0.07"
proactive,2,2,proactive,0,,,,"no action: vuln 0.72, forecast 0.00, exposure 0.00"
proactive,3,2,proactive,0,,,,"no action: vuln 0.22, forecast 0.12, exposure 0.13"
proactive,4,2,proactive,0,,,,"no action: vuln 0.18, forecast 0.42, exposure 0.46"
proactive,5,2,proactive,0,,,,"no action: vuln 0.77, forecast 0.36, exposure 0.44"
proactive,6,2,proactive,0,,,,"no action: vuln 0.69, forecast 0.42, exposure 0.37"
proactive,7,2,proactive,0,,,,"no action: vuln 0.25, forecast 0.49, exposure 0.42"
proactive,8,2,proactive,0,,,,"no action: vuln 0.63, forecast 0.12, exposure 0.10"
proactive,9,2,proactive,0,,,,"no action: vuln 0.29, forecast 0.44, exposure 0.48"
proactive,10,2,proactive,0,,,,"no action: vuln 0.29, forecast 0.46, exposure 0.40"
proactive,11,2,proactive,0,,,,"no action: vuln 0.29, forecast 0.41, exposure 0.39"
proactive,12,2,proactive,0,,,,"no action: vuln 0.26, forecast 0.44, exposure 0.46"
proactive,13,2,proactive,0,,,,"no action: vuln 0.23, forecast 0.15, exposure 0.09"
proactive,14,2,proactive,0,,,,"no action: vuln 0.23, forecast 0.15, exposure 0.15"
proactive,15,2,proactive,0,,,,"no action: vuln 0.49, forecast 0.45, exposure 0.44"
proactive,16,2,proactive,0,,,,"no action: vuln 0.73, forecast 0.00, exposure 0.00"
proactive,17,2,proactive,0,,,,"no action: vuln 0.69, forecast 0.02, exposure 0.00"
proactive,18,2,proactive,0,,,,"no action: vuln 0.27, forecast 0.38, exposure 0.43"
proactive,19,2,proactive,0,,,,"no action: vuln 0.59, forecast 0.00, exposure 0.00"
proactive,20,2,proactive,0,,,,"no action: vuln 0.20, forecast 0.12, exposure 0.10"
proactive,21,2,proactive,0,,,,"no action: vuln 0.26, forecast 0.46, exposure 0.40"
proactive,22,2,proactive,0,,,,"no action: vuln 0.26, forecast 0.32, exposure 0.45"
proactive,23,2,proactive,0,,,,"no action: vuln 0.69, forecast 0.04, exposure 0.16"
proactive,24,2,proactive,0,,,,"no action: vuln 0.37, forecast 0.39, exposure 0.42"
proactive,25,2,proactive,0,,,,"no action: vuln 0.24, forecast 0.23, exposure 0.21"
proactive,26,2,proactive,0,,,,"no action: vuln 0.30, forecast 0.04, exposure 0.15"
proactive,27,2,proactive,0,,,,"no action: vuln 0.26, forecast 0.41, exposure 0.39"
proactive,28,2,proactive,0,,,,"no action: vuln 0.26, forecast 0.42, exposure 0.41"
proactive,29,2,proactive,0,,,,"no action: vuln 0.32, forecast 0.00, exposure 0.00"
proactive,30,2,proactive,0,,,,"no action: vuln 0.16, forecast 0.23, exposure 0.21"
proactive,31,2,proactive,0,,,,"no action: vuln 0.55, forecast 0.40, exposure 0.45"
proactive,32,2,proactive,0,,,,"no action: vuln 0.25, forecast 0.15, exposure 0.14"
proactive,33,2,proactive,0,,,,"no action: vuln 0.32, forecast 0.40, exposure 0.41"
proactive,34,2,proactive,0,,,,"no action: vuln 0.66, forecast 0.00, exposure 0.00"
proactive,35,2,proactive,0,,,,"no action: vuln 0.55, forecast 0.17, exposure 0.22"
proactive,36,2,proactive,0,,,,"no action: vuln 0.29, forecast 0.00, exposure 0.00"
proactive,37,2,proactive,0,,,,"no action: vuln 0.86, forecast 0.42, exposure 0.41"
proactive,38,2,proactive,0,,,,"no action: vuln 0.24, forecast 0.50, exposure 0.26"
proactive,39,2,proactive,0,,,,"no action: vuln 0.25, forecast 0.08, exposure 0.14"
proactive,40,2,proactive,0,,,,"no action: vuln 0.58, forecast 0.40, exposure 0.37"
proactive,41,2,proactive,0,,,,"no action: vuln 0.26, forecast 0.00, exposure 0.00"
proactive,42,2,proactive,0,,,,"no action: vuln 0.94, forecast 0.49, exposure 0.42"
proactive,43,2,proactive,0,,,,"no action: vuln 0.22, forecast 0.11, exposure 0.28"
proactive,44,2,proactive,0,,,,"no action: vuln 0.54, forecast 0.04, exposure 0.19"
proactive,45,2,proactive,0,,,,"no action: vuln 0.18, forecast 0.49, exposure 0.44"
proactive,46,2,proactive,0,,,,"no action: vuln 0.27, forecast 0.32, exposure 0.45"
proactive,47,2,proactive,0,,,,"no action: vuln 0.30, forecast 0.22, exposure 0.07"
proactive,48,2,proactive,0,,,,"no action: vuln 0.24, forecast 0.00, exposure 0.00"
proactive,49,2,proactive,0,,,,"no action: vuln 0.76, forecast 0.41, exposure 0.54"
proactive,50,2,proactive,0,,,,"no action: vuln 0.42, forecast 0.00, exposure 0.00"
proactive,51,2,proactive,0,,,,"no action: vuln 0.21, forecast 0.44, exposure 0.48"
proactive,52,2,proactive,0,,,,"no action: vuln 0.32, forecast 0.43, exposure 0.35"
proactive,53,2,proactive,0,,,,"no action: vuln 0.26, forecast 0.00, exposure 0.00"
proactive,54,2,proactive,0,,,,"no action: vuln 0.21, forecast 0.37, exposure 0.42"
proactive,55,2,proactive,0,,,,"no action: vuln 0.30, forecast 0.02, exposure 0.02"
proactive,56,2,proactive,0,,,,"no action: vuln 0.74, forecast 0.37, exposure 0.42"
proactive,57,2,proactive,0,,,,"no action: vuln 0.22, forecast 0.00, exposure 0.00"
proactive,58,2,proactive,0,,,,"no action: vuln 0.31, forecast 0.44, exposure 0.48"
proactive,59,2,proactive,0,,,,"no action: vuln 0.22, forecast 0.19, exposure 0.14"
proactive,60,2,proactive,0,,,,"no action: vuln 0.52, forecast 0.34, exposure 0.38"
proactive,61,2,proactive,0,,,,"no action: vuln 0.23, forecast 0.08, exposure 0.11"
proactive,62,2,proactive,0,,,,"no action: vuln 0.78, forecast 0.12, exposure 0.13"
proactive,63,2,proactive,0,,,,"no action: vuln 0.77, forecast 0.00, exposure 0.00"
proactive,64,2,proactive,0,,,,"no action: vuln 0.26, forecast 0.00, exposure 0.00"
proactive,65,2,proactive,0,,,,"no action: vuln 0.18, forecast 0.09, exposure 0.10"
proactive,66,2,proactive,0,,,,"no action: vuln 0.75, forecast 0.34, exposure 0.44"
proactive,67,2,proactive,0,,,,"no action: vuln 0.27, forecast 0.44, exposure 0.50"
proactive,68,2,proactive,0,,,,"no action: vuln 0.26, forecast 0.02, exposure 0.15"
proactive,69,2,proactive,0,,,,"no action: vuln 0.35, forecast 0.02, exposure 0.15"
proactive,70,2,proactive,0,,,,"no action: vuln 0.19, forecast 0.09, exposure 0.17"
proactive,71,2,proactive,0,,,,"no action: vuln 0.23, forecast 0.00, exposure 0.00"
proactive,72,2,proactive,0,,,,"no action: vuln 0.31, forecast 0.35, exposure 0.46"
proactive,73,2,proactive,0,,,,"no action: vuln 0.29, forecast 0.17, exposure 0.07"
proactive,74,2,proactive,0,,,,"no action: vuln 0.75, forecast 0.39, exposure 0.47"
proactive,75,2,proactive,0,,,,"no action: vuln 0.86, forecast 0.00, exposure 0.00"
proactive,76,2,proactive,0,,,,"no action: vuln 0.24, forecast 0.09, exposure 0.17"
proactive,77,2,proactive,0,,,,"no action: vuln 0.57, forecast 0.06, exposure 0.17"
proactive,78,2,proactive,0,,,,"no action: vuln 0.26, forecast 0.00, exposure 0.00"
proactive,79,2,proactive,0,,,,"no action: vuln 0.31, forecast 0.00, exposure 0.00"
proactive,80,2,proactive,0,,,,"no action: vuln 0.24, forecast 0.00, exposure 0.00"
proactive,81,2,proactive,0,,,,"no action: vuln 0.75, forecast 0.30, exposure 0.45"
proactive,82,2,proactive,0,,,,"no action: vuln 0.21, forecast 0.42, exposure 0.46"
proactive,83,2,proactive,0,,,,"no action: vuln 0.24, forecast 0.36, exposure 0.44"
proactive,84,2,proactive,0,,,,"no action: vuln 0.76, forecast 0.39, exposure 0.46"
proactive,85,2,proactive,0,,,,"no action: vuln 0.21, forecast 0.00, exposure 0.00"
proactive,86,2,proactive,0,,,,"no action: vuln 0.26, forecast 0.45, exposure 0.46"
proactive,87,2,proactive,0,,,,"no action: vuln 0.87, forecast 0.41, exposure 0.44"
proactive,88,2,proactive,0,,,,"no action: vuln 0.23, forecast 0.13, exposure 0.18"
proactive,89,2,proactive,0,,,,"no action: vuln 0.22, forecast 0.45, exposure 0.45"
proactive,90,2,proactive,0,,,,"no action: vuln 0.73, forecast 0.00, exposure 0.00"
proactive,91,2,proactive,0,,,,"no action: vuln 0.27, forecast 0.00, exposure 0.00"
proactive,92,2,proactive,0,,,,"no action: vuln 0.20, forecast 0.00, exposure 0.00"
proactive,93,2,proactive,0,,,,"no action: vuln 0.20, forecast 0.00, exposure 0.00"
proactive,94,2,proactive,0,,,,"no action: vuln 0.70, forecast 0.42, exposure 0.46"
proactive,95,2,proactive,0,,,,"no action: vuln 0.25, forecast 0.12, exposure 0.13"
proactive,96,2,proactive,0,,,,"no action: vuln 0.50, forecast 0.42, exposure 0.46"
proactive,97,2,proactive,0,,,,"no action: vuln 0.27, forecast 0.00, exposure 0.04"
proactive,98,2,proactive,0,,,,"no action: vuln 0.22, forecast 0.40, exposure 0.37"
proactive,99,2,proactive,0,,,,"no action: vuln 0.72, forecast 0.00, exposure 0.00"
proactive,100,2,proactive,0,,,,"no action: vuln 0.48, forecast 0.00, exposure 0.00"
proactive,101,2,proactive,0,,,,"no action: vuln 0.81, forecast 0.01, exposure 0.00"
proactive,102,2,proactive,0,,,,"no action: vuln 0.94, forecast 0.00, exposure 0.00"
proactive,103,2,proactive,0,,,,"no action: vuln 0.30, forecast 0.00, exposure 0.00"
proactive,104,2,proactive,0,,,,"no action: vuln 0.81, forecast 0.44, exposure 0.48"
proactive,105,2,proactive,0,,,,"no action: vuln 0.23, forecast 0.42, exposure 0.41"
proactive,106,2,proactive,0,,,,"no action: vuln 0.51, forecast 0.50, exposure 0.26"
proactive,107,2,proactive,0,,,,"no action: vuln 0.56, forecast 0.37, exposure 0.42"
proactive,108,2,proactive,0,,,,"no action: vuln 0.23, forecast 0.00, exposure 0.00"
proactive,109,2,proactive,0,,,,"no action: vuln 0.30, forecast 0.00, exposure 0.00"
proactive,110,2,proactive,0,,,,"no action: vuln 0.27, forecast 0.04, exposure 0.17"
proactive,111,2,proactive,0,,,,"no action: vuln 0.53, forecast 0.04, exposure 0.15"
proactive,112,2,proactive,0,,,,"no action: vuln 0.89, forecast 0.45, exposure 0.44"
proactive,113,2,proactive,0,,,,"no action: vuln 0.52, forecast 0.38, exposure 0.43"
proactive,114,2,proactive,0,,,,"no action: vuln 0.86, forecast 0.00, exposure 0.00"
proactive,115,2,proactive,0,,,,"no action: vuln 0.32, forecast 0.10, exposure 0.12"
proactive,116,2,proactive,0,,,,"no action: vuln 0.58, forecast 0.50, exposure 0.41"
proactive,117,2,proactive,0,,,,"no action: vuln 0.24, forecast 0.43, exposure 0.39"
proactive,118,2,proactive,0,,,,"no action: vuln 0.21, forecast 0.00, exposure 0.00"
proactive,119,2,proactive,0,,,,"no action: vuln 0.90, forecast 0.00, exposure 0.00"
proactive,120,2,proactive,0,,,,"no action: vuln 0.53, forecast 0.21, exposure 0.13"
proactive,121,2,proactive,0,,,,"no action: vuln 0.43, forecast 0.13, exposure 0.10"
proactive,122,2,proactive,0,,,,"no action: vuln 0.32, forecast 0.22, exposure 0.07"
proactive,123,2,proactive,0,,,,"no action: vuln 0.70, forecast 0.39, exposure 0.45"
proactive,124,2,proactive,0,,,,"no action: vuln 0.56, forecast 0.00, exposure 0.00"
proactive,125,2,proactive,0,,,,"no action: vuln 0.85, forecast 0.49, exposure 0.44"
proactive,126,2,proactive,0,,,,"no action: vuln 0.55, forecast 0.12, exposure 0.13"
proactive,127,2,proactive,0,,,,"no action: vuln 0.77, forecast 0.00, exposure 0.00"
proactive,128,2,proactive,0,,,,"no action: vuln 0.74, forecast 0.00, exposure 0.00"
proactive,129,2,proactive,0,,,,"no action: vuln 0.19, forecast 0.37, exposure 0.42"
proactive,130,2,proactive,0,,,,"no action: vuln 0.60, forecast 0.00, exposure 0.00"
proactive,131,2,proactive,0,,,,"no action: vuln 0.67, forecast 0.01, exposure 0.00"
proactive,132,2,proactive,0,,,,"no action: vuln 0.27, forecast 0.12, exposure 0.13"
proactive,133,2,proactive,0,,,,"no action: vuln 0.23, forecast 0.00, exposure 0.00"
proactive,134,2,proactive,0,,,,"no action: vuln 0.21, forecast 0.34, exposure 0.38"
proactive,135,2,proactive,0,,,,"no action: vuln 0.49, forecast 0.40, exposure 0.44"
proactive,136,2,proactive,0,,,,"no action: vuln 0.58, forecast 0.00, exposure 0.00"
proactive,137,2,proactive,0,,,,"no action: vuln 0.18, forecast 0.39, exposure 0.50"
proactive,138,2,proactive,0,,,,"no action: vuln 0.30, forecast 0.13, exposure 0.08"
proactive,139,2,proactive,0,,,,"no action: vuln 0.28, forecast 0.32, exposure 0.45"
proactive,140,2,proactive,0,,,,"no action: vuln 0.30, forecast 0.13, exposure 0.08"
proactive,141,2,proactive,0,,,,"no action: vuln 0.24, forecast 0.34, exposure 0.38"
proactive,142,2,proactive,0,,,,"no action: vuln 0.26, forecast 0.00, exposure 0.00"
proactive,143,2,proactive,0,,,,"no action: vuln 0.20, forecast 0.00, exposure 0.04"
proactive,144,2,proactive,0,,,,"no action: vuln 0.83, forecast 0.12, exposure 0.20"
proactive,145,2,proactive,0,,,,"no action: vuln 0.23, forecast 0.00, exposure 0.00"
proactive,146,2,proactive,0,,,,"no action: vuln 0.23, forecast 0.39, exposure 0.42"
proactive,147,2,proactive,0,,,,"no action: vuln 0.19, forecast 0.12, exposure 0.07"
proactive,148,2,proactive,0,,,,"no action: vuln 0.33, forecast 0.41, exposure 0.49"
proactive,149,2,proactive,0,,,,"no action: vuln 0.59, forecast 0.08, exposure 0.11"
proactive,150,2,proactive,0,,,,"no action: vuln 0.34, forecast 0.01, exposure 0.00"
proactive,151,2,proactive,0,,,,"no action: vuln 0.24, forecast 0.40, exposure 0.44"
proactive,152,2,proactive,0,,,,"no action: vuln 0.31, forecast 0.19, exposure 0.13"
proactive,153,2,proactive,0,,,,"no action: vuln 0.30, forecast 0.00, exposure 0.00"
proactive,154,2,proactive,0,,,,"no action: vuln 0.52, forecast 0.00, exposure 0.00"
proactive,155,2,proactive,0,,,,"no action: vuln 0.27, forecast 0.40, exposure 0.44"
proactive,156,2,proactive,0,,,,"no action: vuln 0.22, forecast 0.19, exposure 0.14"
proactive,157,2,proactive,0,,,,"no action: vuln 0.78, forecast 0.44, exposure 0.43"
proactive,158,2,proactive,0,,,,"no action: vuln 0.22, forecast 0.00, exposure 0.00"
proactive,159,2,proactive,0,,,,"no action: vuln 0.25, forecast 0.22, exposure 0.10"
proactive,160,2,proactive,0,,,,"no action: vuln 0.24, forecast 0.33, exposure 0.40"
proactive,161,2,proactive,0,,,,"no action: vuln 0.27, forecast 0.00, exposure 0.00"
proactive,162,2,proactive,0,,,,"no action: vuln 0.56, forecast 0.43, exposure 0.39"
proactive,163,2,proactive,0,,,,"no action: vuln 0.26, forecast 0.00, exposure 0.00"
proactive,164,2,proactive,0,,,,"no action: vuln 0.22, forecast 0.00, exposure 0.00"
proactive,165,2,proactive,0,,,,"no action: vuln 0.27, forecast 0.39, exposure 0.49"
proactive,166,2,proactive,0,,,,"no action: vuln 0.31, forecast 0.10, exposure 0.12"
proactive,167,2,proactive,0,,,,"no action: vuln 0.56, forecast 0.00, exposure 0.00"
proactive,168,2,proactive,0,,,,"no action: vuln 0.29, forecast 0.39, exposure 0.53"
proactive,169,2,proactive,0,,,,"no action: vuln 0.20, forecast 0.02, exposure 0.00"
proactive,170,2,proactive,0,,,,"no action: vuln 0.26, forecast 0.21, exposure 0.13"
proactive,171,2,proactive,0,,,,"no action: vuln 0.54, forecast 0.32, exposure 0.45"
proactive,172,2,proactive,0,,,,"no action: vuln 0.20, forecast 0.00, exposure 0.00"
proactive,173,2,proactive,0,,,,"no action: vuln 0.74, forecast 0.00, exposure 0.00"
proactive,174,2,proactive,0,,,,"no action: vuln 0.59, forecast 0.00, exposure 0.00"
proactive,175,2,proactive,0,,,,"no action: vuln 0.28, forecast 0.00, exposure 0.00"
proactive,176,2,proactive,0,,,,"no action: vuln 0.20, forecast 0.15, exposure 0.15"
proactive,177,2,proactive,0,,,,"no action: vuln 0.26, forecast 0.00, exposure 0.00"
proactive,178,2,proactive,0,,,,"no action: vuln 0.30, forecast 0.34, exposure 0.46"
proactive,179,2,proactive,0,,,,"no action: vuln 0.38, forecast 0.12, exposure 0.13"
proactive,180,2,proactive,0,,,,"no action: vuln 0.71, forecast 0.00, exposure 0.00"
proactive,181,2,proactive,0,,,,"no action: vuln 0.52, forecast 0.00, exposure 0.00"
proactive,182,2,proactive,0,,,,"no action: vuln 0.22, forecast 0.40, exposure 0.36"
proactive,183,2,proactive,0,,,,"no action: vuln 0.24, forecast 0.00, exposure 0.00"
proactive,184,2,proactive,0,,,,"no action: vuln 0.21, forecast 0.49, exposure 0.44"
proactive,185,2,proactive,0,,,,"no action: vuln 0.90, forecast 0.00, exposure 0.00"
proactive,186,2,proactive,0,,,,"no action: vuln 0.27, forecast 0.07, exposure 0.14"
proactive,187,2,proactive,0,,,,"no action: vuln 0.23, forecast 0.00, exposure 0.00"
proactive,188,2,proactive,0,,,,"no action: vuln 0.26, forecast 0.42, exposure 0.46"
proactive,189,2,proactive,0,,,,"no action: vuln 0.25, forecast 0.00, exposure 0.00"
proactive,190,2,proactive,0,,,,"no action: vuln 0.74, forecast 0.42, exposure 0.46"
proactive,191,2,proactive,0,,,,"no action: vuln 0.24, forecast 0.41, exposure 0.45"
proactive,192,2,proactive,0,,,,"no action: vuln 0.26, forecast 0.38, exposure 0.43"
proactive,193,2,proactive,0,,,,"no action: vuln 0.31, forecast 0.06, exposure 0.17"
proactive,194,2,proactive,0,,,,"no action: vuln 0.74, forecast 0.41, exposure 0.45"
proactive,195,2,proactive,0,,,,"no action: vuln 0.26, forecast 0.41, exposure 0.45"
proactive,196,2,proactive,0,,,,"no action: vuln 0.22, forecast 0.11, exposure 0.28"
proactive,197,2,proactive,0,,,,"no action: vuln 0.56, forecast 0.00, exposure 0.00"
proactive,198,2,proactive,0,,,,"no action: vuln 0.25, forecast 0.22, exposure 0.07"
proactive,199,2,proactive,0,,,,"no action: vuln 0.29, forecast 0.12, exposure 0.20"
proactive,200,2,proactive,0,,,,"no action: vuln 0.26, forecast 0.43, exposure 0.35"
proactive,201,2,proactive,0,,,,"no action: vuln 0.45, forecast 0.48, exposure 0.40"
proactive,202,2,proactive,0,,,,"no action: vuln 0.16, forecast 0.00, exposure 0.00"
proactive,203,2,proactive,0,,,,"no action: vuln 0.56, forecast 0.19, exposure 0.13"
proactive,204,2,proactive,0,,,,"no action: vuln 0.33, forecast 0.17, exposure 0.17"
proactive,205,2,proactive,0,,,,"no action: vuln 0.79, forecast 0.15, exposure 0.15"
proactive,206,2,proactive,0,,,,"no action: vuln 0.59, forecast 0.40, exposure 0.41"
proactive,207,2,proactive,0,,,,"no action: vuln 0.29, forecast 0.00, exposure 0.00"
proactive,208,2,proactive,0,,,,"no action: vuln 0.40, forecast 0.02, exposure 0.00"
proactive,209,2,proactive,0,,,,"no action: vuln 0.27, forecast 0.00, exposure 0.00"
proactive,210,2,proactive,0,,,,"no action: vuln 0.90, forecast 0.15, exposure 0.09"
proactive,211,2,proactive,0,,,,"no action: vuln 0.27, forecast 0.13, exposure 0.08"
proactive,212,2,proactive,0,,,,"no action: vuln 0.25, forecast 0.46, exposure 0.52"
proactive,213,2,proactive,0,,,,"no action: vuln 0.68, forecast 0.34, exposure 0.46"
proactive,214,2,proactive,0,,,,"no action: vuln 0.30, forecast 0.00, exposure 0.00"
proactive,215,2,proactive,0,,,,"no action: vuln 0.22, forecast 0.48, exposure 0.46"
proactive,216,2,proactive,0,,,,"no action: vuln 0.37, forecast 0.22, exposure 0.10"
proactive,217,2,proactive,0,,,,"no action: vuln 0.25, forecast 0.00, exposure 0.00"
proactive,218,2,proactive,0,,,,"no action: vuln 0.28, forecast 0.18, exposure 0.07"
proactive,219,2,proactive,0,,,,"no action: vuln 0.56, forecast 0.44, exposure 0.48"
proactive,220,2,proactive,0,,,,"no action: vuln 0.69, forecast 0.41, exposure 0.42"
proactive,221,2,proactive,0,,,,"no action: vuln 0.88, forecast 0.16, exposure 0.20"
proactive,222,2,proactive,0,,,,"no action: vuln 0.30, forecast 0.00, exposure 0.00"
proactive,223,2,proactive,0,,,,"no action: vuln 0.19, forecast 0.00, exposure 0.00"
proactive,224,2,proactive,0,,,,"no action: vuln 0.23, forecast 0.39, exposure 0.42"
proactive,225,2,proactive,0,,,,"no action: vuln 0.22, forecast 0.11, exposure 0.28"
proactive,226,2,proactive,0,,,,"no action: vuln 0.69, forecast 0.44, exposure 0.48"
proactive,227,2,proactive,0,,,,"no action: vuln 0.76, forecast 0.44, exposure 0.46"
proactive,228,2,proactive,0,,,,"no action: vuln 0.57, forecast 0.44, exposure 0.40"
proactive,229,2,proactive,0,,,,"no action: vuln 0.50, forecast 0.17, exposure 0.18"
proactive,230,2,proactive,0,,,,"no action: vuln 0.24, forecast 0.12, exposure 0.13"
proactive,231,2,proactive,0,,,,"no action: vuln 0.22, forecast 0.00, exposure 0.00"
proactive,232,2,proactive,0,,,,"no action: vuln 0.18, forecast 0.32, exposure 0.35"
proactive,233,2,proactive,0,,,,"no action: vuln 0.29, forecast 0.00, exposure 0.00"
proactive,234,2,proactive,0,,,,"no action: vuln 0.29, forecast 0.00, exposure 0.00"
proactive,235,2,proactive,0,,,,"no action: vuln 0.35, forecast 0.02, exposure 0.15"
proactive,236,2,proactive,0,,,,"no action: vuln 0.28, forecast 0.00, exposure 0.00"
proactive,237,2,proactive,0,,,,"no action: vuln 0.58, forecast 0.23, exposure 0.21"
proactive,238,2,proactive,0,,,,"no action: vuln 0.54, forecast 0.35, exposure 0.50"
proactive,239,2,proactive,0,,,,"no action: vuln 0.60, forecast 0.08, exposure 0.11"
proactive,0,3,proactive,0,,,,"no action: vuln 0.54, forecast 0.00, exposure 0.00"
proactive,1,3,proactive,0,,,,"no action: vuln 0.54, forecast 0.14, exposure 0.17"
proactive,2,3,proactive,0,,,,"no action: vuln 0.72, forecast 0.00, exposure 0.00"
proactive,3,3,proactive,0,,,,"no action: vuln 0.22, forecast 0.12, exposure 0.12"
proactive,4,3,proactive,0,,,,"no action: vuln 0.18, forecast 0.46, exposure 0.42"
proactive,5,3,proactive,0,,,,"no action: vuln 0.77, forecast 0.46, exposure 0.36"
proactive,6,3,proactive,0,,,,"no action: vuln 0.69, forecast 0.40, exposure 0.42"
proactive,7,3,proactive,0,,,,"no action: vuln 0.25, forecast 0.36, exposure 0.49"
proactive,8,3,proactive,0,,,,"no action: vuln 0.63, forecast 0.16, exposure 0.12"
proactive,9,3,proactive,0,,,,"no action: vuln 0.29, forecast 0.39, exposure 0.44"
proactive,10,3,proactive,0,,,,"no action: vuln 0.29, forecast 0.34, exposure 0.46"
proactive,11,3,proactive,0,,,,"no action: vuln 0.29, forecast 0.41, exposure 0.41"
proactive,12,3,proactive,0,,,,"no action: vuln 0.26, forecast 0.35, exposure 0.44"
proactive,13,3,proactive,0,,,,"no action: vuln 0.23, forecast 0.14, exposure 0.15"
proactive,14,3,proactive,0,,,,"no action: vuln 0.23, forecast 0.11, exposure 0.15"
proactive,15,3,proactive,0,,,,"no action: vuln 0.49, forecast 0.49, exposure 0.45"
proactive,16,3,proactive,0,,,,"no action: vuln 0.73, forecast 0.00, exposure 0.00"
proactive,17,3,proactive,0,,,,"no action: vuln 0.69, forecast 0.00, exposure 0.02"
proactive,18,3,proactive,0,,,,"no action: vuln 0.27, forecast 0.40, exposure 0.38"
proactive,19,3,proactive,0,,,,"no action: vuln 0.59, forecast 0.00, exposure 0.00"
proactive,20,3,proactive,0,,,,"no action: vuln 0.20, forecast 0.16, exposure 0.12"
proactive,21,3,proactive,0,,,,"no action: vuln 0.26, forecast 0.34, exposure 0.46"
proactive,22,3,proactive,0,,,,"no action: vuln 0.26, forecast 0.40, exposure 0.32"
proactive,23,3,proactive,0,,,,"no action: vuln 0.69, forecast 0.13, exposure 0.04"
proactive,24,3,proactive,0,,,,"no action: vuln 0.37, forecast 0.37, exposure 0.39"
proactive,25,3,proactive,0,,,,"no action: vuln 0.24, forecast 0.10, exposure 0.23"
proactive,26,3,proactive,0,,,,"no action: vuln 0.30, forecast 0.03, exposure 0.04"
proactive,27,3,proactive,0,,,,"no action: vuln 0.26, forecast 0.41, exposure 0.41"
proactive,28,3,proactive,0,,,,"no action: vuln 0.26, forecast 0.44, exposure 0.42"
proactive,29,3,proactive,0,,,,"no action: vuln 0.32, forecast 0.00, exposure 0.00"
proactive,30,3,proactive,0,,,,"no action: vuln 0.16, forecast 0.10, exposure 0.23"
proactive,31,3,proactive,0,,,,"no action: vuln 0.55, forecast 0.49, exposure 0.40"
proactive,32,3,proactive,0,,,,"no action: vuln 0.25, forecast 0.12, exposure 0.15"
proactive,33,3,proactive,0,,,,"no action: vuln 0.32, forecast 0.43, exposure 0.40"
proactive,34,3,proactive,0,,,,"no action: vuln 0.66, forecast 0.00, exposure 0.00"
proactive,35,3,proactive,0,,,,"no action: vuln 0.55, forecast 0.01, exposure 0.17"
proactive,36,3,proactive,0,,,,"no action: vuln 0.29, forecast 0.00, exposure 0.00"
proactive,37,3,proactive,0,,,,"no action: vuln 0.86, forecast 0.44, exposure 0.42"
proactive,38,3,proactive,0,,,,"no action: vuln 0.24, forecast 0.34, exposure 0.50"
proactive,39,3,proactive,0,,,,"no action: vuln 0.25, forecast 0.17, exposure 0.08"
proactive,40,3,proactive,0,,,,"no action: vuln 0.58, forecast 0.52, exposure 0.40"
proactive,41,3,proactive,0,,,,"no action: vuln 0.26, forecast 0.00, exposure 0.00"
proactive,42,3,proactive,0,,,,"no action: vuln 0.94, forecast 0.36, exposure 0.49"
proactive,43,3,proactive,0,,,,"no action: vuln 0.22, forecast 0.11, exposure 0.11"
proactive,44,3,proactive,0,,,,"no action: vuln 0.54, forecast 0.09, exposure 0.04"
proactive,45,3,proactive,0,,,,"no action: vuln 0.18, forecast 0.29, exposure 0.49"
proactive,46,3,proactive,0,,,,"no action: vuln 0.27, forecast 0.40, exposure 0.32"
proactive,47,3,proactive,0,,,,"no action: vuln 0.30, forecast 0.12, exposure 0.22"
proactive,48,3,proactive,0,,,,"no action: vuln 0.24, forecast 0.00, exposure 0.00"
proactive,49,3,proactive,0,,,,"no action: vuln 0.76, forecast 0.32, exposure 0.41"
proactive,50,3,proactive,0,,,,"no action: vuln 0.42, forecast 0.00, exposure 0.00"
proactive,51,3,proactive,0,,,,"no action: vuln 0.21, forecast 0.39, exposure 0.44"
proactive,52,3,proactive,0,,,,"no action: vuln 0.32, forecast 0.35, exposure 0.43"
proactive,53,3,proactive,0,,,,"no action: vuln 0.26, forecast 0.00, exposure 0.00"
proactive,54,3,proactive,0,,,,"no action: vuln 0.21, forecast 0.33, exposure 0.37"
proactive,55,3,proactive,0,,,,"no action: vuln 0.30, forecast 0.13, exposure 0.02"
proactive,56,3,proactive,0,,,,"no action: vuln 0.74, forecast 0.33, exposure 0.37"
proactive,57,3,proactive,0,,,,"no action: vuln 0.22, forecast 0.00, exposure 0.00"
proactive,58,3,proactive,0,,,,"no action: vuln 0.31, forecast 0.47, exposure 0.44"
proactive,59,3,proactive,0,,,,"no action: vuln 0.22, forecast 0.08, exposure 0.19"
proactive,60,3,proactive,0,,,,"no action: vuln 0.52, forecast 0.36, exposure 0.34"
proactive,61,3,proactive,0,,,,"no action: vuln 0.23, forecast 0.12, exposure 0.08"
proactive,62,3,proactive,0,,,,"no action: vuln 0.78, forecast 0.14, exposure 0.12"
proactive,63,3,proactive,0,,,,"no action: vuln 0.77, forecast 0.00, exposure 0.00"
proactive,64,3,proactive,0,,,,"no action: vuln 0.26, forecast 0.00, exposure 0.00"
proactive,65,3,proactive,0,,,,"no action: vuln 0.18, forecast 0.16, exposure 0.09"
proactive,66,3,proactive,0,,,,"no action: vuln 0.75, forecast 0.37, exposure 0.34"
proactive,67,3,proactive,0,,,,"no action: vuln 0.27, forecast 0.45, exposure 0.44"
proactive,68,3,proactive,0,,,,"no action: vuln 0.26, forecast 0.16, exposure 0.02"
proactive,69,3,proactive,0,,,,"no action: vuln 0.35, forecast 0.16, exposure 0.02"
proactive,70,3,proactive,0,,,,"no action: vuln 0.19, forecast 0.05, exposure 0.09"
proactive,71,3,proactive,0,,,,"no action: vuln 0.23, forecast 0.00, exposure 0.00"
proactive,72,3,proactive,0,,,,"no action: vuln 0.31, forecast 0.39, exposure 0.35"
proactive,73,3,proactive,0,,,,"no action: vuln 0.29, forecast 0.14, exposure 0.17"
proactive,74,3,proactive,0,,,,"no action: vuln 0.75, forecast 0.34, exposure 0.39"
proactive,75,3,proactive,0,,,,"no action: vuln 0.86, forecast 0.00, exposure 0.00"
proactive,76,3,proactive,0,,,,"no action: vuln 0.24, forecast 0.05, exposure 0.09"
proactive,77,3,proactive,0,,,,"no action: vuln 0.57, forecast 0.05, exposure 0.06"
proactive,78,3,proactive,0,,,,"no action: vuln 0.26, forecast 0.00, exposure 0.00"
proactive,79,3,proactive,0,,,,"no action: vuln 0.31, forecast 0.03, exposure 0.00"
proactive,80,3,proactive,0,,,,"no action: vuln 0.24, forecast 0.00, exposure 0.00"
proactive,81,3,proactive,0,,,,"no action: vuln 0.75, forecast 0.41, exposure 0.30"
proactive,82,3,proactive,0,,,,"no action: vuln 0.21, forecast 0.34, exposure 0.42"
proactive,83,3,proactive,0,,,,"no action: vuln 0.24, forecast 0.46, exposure 0.36"
proactive,84,3,proactive,0,,,,"no action: vuln 0.76, forecast 0.44, exposure 0.39"
proactive,85,3,proactive,0,,,,"no action: vuln 0.21, forecast 0.00, exposure 0.00"
proactive,86,3,proactive,0,,,,"no action: vuln 0.26, forecast 0.41, exposure 0.45"
proactive,87,3,proactive,0,,,,"no action: vuln 0.87, forecast 0.46, exposure 0.41"
proactive,88,3,proactive,0,,,,"no action: vuln 0.23, forecast 0.14, exposure 0.13"
proactive,89,3,proactive,0,,,,"no action: vuln 0.22, forecast 0.47, exposure 0.45"
proactive,90,3,proactive,0,,,,"no action: vuln 0.73, forecast 0.00, exposure 0.00"
proactive,91,3,proactive,0,,,,"no action: vuln 0.27, forecast 0.00, exposure 0.00"
proactive,92,3,proactive,0,,,,"no action: vuln 0.20, forecast 0.00, exposure 0.00"
proactive,93,3,proactive,0,,,,"no action: vuln 0.20, forecast 0.00, exposure 0.00"
proactive,94,3,proactive,0,,,,"no action: vuln 0.70, forecast 0.38, exposure 0.42"
proactive,95,3,proactive,0,,,,"no action: vuln 0.25, forecast 0.11, exposure 0.12"
proactive,96,3,proactive,0,,,,"no action: vuln 0.50, forecast 0.46, exposure 0.42"
proactive,97,3,proactive,0,,,,"no action: vuln 0.27, forecast 0.00, exposure 0.00"
proactive,98,3,proactive,0,,,,"no action: vuln 0.22, forecast 0.52, exposure 0.40"
proactive,99,3,proactive,0,,,,"no action: vuln 0.72, forecast 0.00, exposure 0.00"
proactive,100,3,proactive,0,,,,"no action: vuln 0.48, forecast 0.00, exposure 0.00"
proactive,101,3,proactive,0,,,,"no action: vuln 0.81, forecast 0.00, exposure 0.01"
proactive,102,3,proactive,0,,,,"no action: vuln 0.94, forecast 0.00, exposure 0.00"
proactive,103,3,proactive,0,,,,"no action: vuln 0.30, forecast 0.00, exposure 0.00"
proactive,104,3,proactive,0,,,,"no action: vuln 0.81, forecast 0.47, exposure 0.44"
proactive,105,3,proactive,0,,,,"no action: vuln 0.23, forecast 0.44, exposure 0.42"
proactive,106,3,proactive,0,,,,"no action: vuln 0.51, forecast 0.34, exposure 0.50"
proactive,107,3,proactive,0,,,,"no action: vuln 0.56, forecast 0.33, exposure 0.37"
proactive,108,3,proactive,0,,,,"no action: vuln 0.23, forecast 0.00, exposure 0.00"
proactive,109,3,proactive,0,,,,"no action: vuln 0.30, forecast 0.00, exposure 0.00"
proactive,110,3,proactive,0,,,,"no action: vuln 0.27, forecast 0.14, exposure 0.04"
proactive,111,3,proactive,0,,,,"no action: vuln 0.53, forecast 0.03, exposure 0.04"
proactive,112,3,proactive,0,,,,"no action: vuln 0.89, forecast 0.49, exposure 0.45"
proactive,113,3,proactive,0,,,,"no action: vuln 0.52, forecast 0.40, exposure 0.38"
proactive,114,3,proactive,0,,,,"no action: vuln 0.86, forecast 0.00, exposure 0.00"
proactive,115,3,proactive,0,,,,"no action: vuln 0.32, forecast 0.15, exposure 0.10"
proactive,116,3,proactive,0,,,,"no action: vuln 0.58, forecast 0.38, exposure 0.50"
proactive,117,3,proactive,0,,,,"no action: vuln 0.24, forecast 0.33, exposure 0.43"
proactive,118,3,proactive,0,,,,"no action: vuln 0.21, forecast 0.00, exposure 0.00"
proactive,119,3,proactive,0,,,,"no action: vuln 0.90, forecast 0.00, exposure 0.00"
proactive,120,3,proactive,0,,,,"no action: vuln 0.53, forecast 0.10, exposure 0.21"
proactive,121,3,proactive,0,,,,"no action: vuln 0.43, forecast 0.06, exposure 0.13"
proactive,122,3,proactive,0,,,,"no action: vuln 0.32, forecast 0.12, exposure 0.22"
proactive,123,3,proactive,0,,,,"no action: vuln 0.70, forecast 0.42, exposure 0.39"
proactive,124,3,proactive,0,,,,"no action: vuln 0.56, forecast 0.00, exposure 0.00"
proactive,125,3,proactive,0,,,,"no action: vuln 0.85, forecast 0.29, exposure 0.49"
proactive,126,3,proactive,0,,,,"no action: vuln 0.55, forecast 0.14, exposure 0.12"
proactive,127,3,proactive,0,,,,"no action: vuln 0.77, forecast 0.00, exposure 0.00"
proactive,128,3,proactive,0,,,,"no action: vuln 0.74, forecast 0.00, exposure 0.00"
proactive,129,3,proactive,0,,,,"no action: vuln 0.19, forecast 0.33, exposure 0.37"
proactive,130,3,proactive,0,,,,"no action: vuln 0.60, forecast 0.00, exposure 0.00"
proactive,131,3,proactive,0,,,,"no action: vuln 0.67, forecast 0.00, exposure 0.01"
proactive,132,3,proactive,0,,,,"no action: vuln 0.27, forecast 0.12, exposure 0.12"
proactive,133,3,proactive,0,,,,"no action: vuln 0.23, forecast 0.00, exposure 0.00"
proactive,134,3,proactive,0,,,,"no action: vuln 0.21, forecast 0.36, exposure 0.34"
proactive,135,3,proactive,0,,,,"no action: vuln 0.49, forecast 0.39, exposure 0.40"
proactive,136,3,proactive,0,,,,"no action: vuln 0.58, forecast 0.00, exposure 0.00"
proactive,137,3,proactive,0,,,,"no action: vuln 0.18, forecast 0.45, exposure 0.39"
proactive,138,3,proactive,0,,,,"no action: vuln 0.30, forecast 0.08, exposure 0.13"
proactive,139,3,proactive,0,,,,"no action: vuln 0.28, forecast 0.40, exposure 0.32"
proactive,140,3,proactive,0,,,,"no action: vuln 0.30, forecast 0.08, exposure 0.13"
proactive,141,3,proactive,0,,,,"no action: vuln 0.24, forecast 0.36, exposure 0.34"
proactive,142,3,proactive,0,,,,"no action: vuln 0.26, forecast 0.00, exposure 0.00"
proactive,143,3,proactive,0,,,,"no action: vuln 0.20, forecast 0.00, exposure 0.00"
proactive,144,3,proactive,0,,,,"no action: vuln 0.83, forecast 0.06, exposure 0.12"
proactive,145,3,proactive,0,,,,"no action: vuln 0.23, forecast 0.00, exposure 0.00"
proactive,146,3,proactive,0,,,,"no action: vuln 0.23, forecast 0.45, exposure 0.39"
proactive,147,3,proactive,0,,,,"no action: vuln 0.19, forecast 0.13, exposure 0.12"
proactive,148,3,proactive,0,,,,"no action: vuln 0.33, forecast 0.39, exposure 0.41"
proactive,149,3,proactive,0,,,,"no action: vuln 0.59, forecast 0.12, exposure 0.08"
proactive,150,3,proactive,0,,,,"no action: vuln 0.34, forecast 0.00, exposure 0.01"
proactive,151,3,proactive,0,,,,"no action: vuln 0.24, forecast 0.39, exposure 0.40"
proactive,152,3,proactive,0,,,,"no action: vuln 0.31, forecast 0.04, exposure 0.19"
proactive,153,3,proactive,0,,,,"no action: vuln 0.30, forecast 0.00, exposure 0.00"
proactive,154,3,proactive,0,,,,"no action: vuln 0.52, forecast 0.00, exposure 0.00"
proactive,155,3,proactive,0,,,,"no action: vuln 0.27, forecast 0.39, exposure 0.40"
proactive,156,3,proactive,0,,,,"no action: vuln 0.22, forecast 0.08, exposure 0.19"
proactive,157,3,proactive,0,,,,"no action: vuln 0.78, forecast 0.40, exposure 0.44"
proactive,158,3,proactive,0,,,,"no action: vuln 0.22, forecast 0.00, exposure 0.00"
proactive,159,3,proactive,0,,,,"no action: vuln 0.25, forecast 0.07, exposure 0.22"
proactive,160,3,proactive,0,,,,"no action: vuln 0.24, forecast 0.34, exposure 0.33"
proactive,161,3,proactive,0,,,,"no action: vuln 0.27, forecast 0.00, exposure 0.00"
proactive,162,3,proactive,0,,,,"no action: vuln 0.56, forecast 0.33, exposure 0.43"
proactive,163,3,proactive,0,,,,"no action: vuln 0.26, forecast 0.00, exposure 0.00"
proactive,164,3,proactive,0,,,,"no action: vuln 0.22, forecast 0.00, exposure 0.00"
proactive,165,3,proactive,0,,,,"no action: vuln 0.27, forecast 0.41, exposure 0.39"
proactive,166,3,proactive,0,,,,"no action: vuln 0.31, forecast 0.15, exposure 0.10"
proactive,167,3,proactive,0,,,,"no action: vuln 0.56, forecast 0.00, exposure 0.00"
proactive,168,3,proactive,0,,,,"no action: vuln 0.29, forecast 0.40, exposure 0.39"
proactive,169,3,proactive,0,,,,"no action: vuln 0.20, forecast 0.00, exposure 0.02"
proactive,170,3,proactive,0,,,,"no action: vuln 0.26, forecast 0.10, exposure 0.21"
proactive,171,3,proactive,0,,,,"no action: vuln 0.54, forecast 0.40, exposure 0.32"
proactive,172,3,proactive,0,,,,"no action: vuln 0.20, forecast 0.00, exposure 0.00"
proactive,173,3,proactive,0,,,,"no action: vuln 0.74, forecast 0.00, exposure 0.00"
proactive,174,3,proactive,0,,,,"no action: vuln 0.59, forecast 0.00, exposure 0.00"
proactive,175,3,proactive,0,,,,"no action: vuln 0.28, forecast 0.00, exposure 0.00"
proactive,176,3,proactive,0,,,,"no action: vuln 0.20, forecast 0.11, exposure 0.15"
proactive,177,3,proactive,0,,,,"no action: vuln 0.26, forecast 0.00, exposure 0.00"
proactive,178,3,proactive,0,,,,"no action: vuln 0.30, forecast 0.43, exposure 0.34"
proactive,179,3,proactive,0,,,,"no action: vuln 0.38, forecast 0.14, exposure 0.12"
proactive,180,3,proactive,0,,,,"no action: vuln 0.71, forecast 0.00, exposure 0.00"
proactive,181,3,proactive,0,,,,"no action: vuln 0.52, forecast 0.00, exposure 0.00"
proactive,182,3,proactive,0,,,,"no action: vuln 0.22, forecast 0.44, exposure 0.40"
proactive,183,3,proactive,0,,,,"no action: vuln 0.24, forecast 0.00, exposure 0.00"
proactive,184,3,proactive,0,,,,"no action: vuln 0.21, forecast 0.29, exposure 0.49"
proactive,185,3,proactive,0,,,,"no action: vuln 0.90, forecast 0.00, exposure 0.00"
proactive,186,3,proactive,0,,,,"no action: vuln 0.27, forecast 0.15, exposure 0.07"
proactive,187,3,proactive,0,,,,"no action: vuln 0.23, forecast 0.00, exposure 0.00"
proactive,188,3,proactive,0,,,,"no action: vuln 0.26, forecast 0.34, exposure 0.42"
proactive,189,3,proactive,0,,,,"no action: vuln 0.25, forecast 0.00, exposure 0.00"
proactive,190,3,proactive,0,,,,"no action: vuln 0.74, forecast 0.46, exposure 0.42"
proactive,191,3,proactive,0,,,,"no action: vuln 0.24, forecast 0.39, exposure 0.41"
proactive,192,3,proactive,0,,,,"no action: vuln 0.26, forecast 0.40, exposure 0.38"
proactive,193,3,proactive,0,,,,"no action: vuln 0.31, forecast 0.05, exposure 0.06"
proactive,194,3,proactive,0,,,,"no action: vuln 0.74, forecast 0.39, exposure 0.41"
proactive,195,3,proactive,0,,,,"no action: vuln 0.26, forecast 0.39, exposure 0.41"
proactive,196,3,proactive,0,,,,"no action: vuln 0.22, forecast 0.11, exposure 0.11"
proactive,197,3,proactive,0,,,,"no action: vuln 0.56, forecast 0.00, exposure 0.00"
proactive,198,3,proactive,0,,,,"no action: vuln 0.25, forecast 0.12, exposure 0.22"
proactive,199,3,proactive,0,,,,"no action: vuln 0.29, forecast 0.06, exposure 0.12"
proactive,200,3,proactive,0,,,,"no action: vuln 0.26, forecast 0.35, exposure 0.43"
proactive,201,3,proactive,0,,,,"no action: vuln 0.45, forecast 0.50, exposure 0.48"
proactive,202,3,proactive,0,,,,"no action: vuln 0.16, forecast 0.00, exposure 0.00"
proactive,203,3,proactive,0,,,,"no action: vuln 0.56, forecast 0.04, exposure 0.19"
proactive,204,3,proactive,0,,,,"no action: vuln 0.33, forecast 0.10, exposure 0.17"
proactive,205,3,proactive,0,,,,"no action: vuln 0.79, forecast 0.11, exposure 0.15"
proactive,206,3,proactive,0,,,,"no action: vuln 0.59, forecast 0.43, exposure 0.40"
proactive,207,3,proactive,0,,,,"no action: vuln 0.29, forecast 0.00, exposure 0.00"
proactive,208,3,proactive,0,,,,"no action: vuln 0.40, forecast 0.00, exposure 0.02"
proactive,209,3,proactive,0,,,,"no action: vuln 0.27, forecast 0.00, exposure 0.00"
proactive,210,3,proactive,0,,,,"no action: vuln 0.90, forecast 0.14, exposure 0.15"
proactive,211,3,proactive,0,,,,"no action: vuln 0.27, forecast 0.08, exposure 0.13"
proactive,212,3,proactive,0,,,,"no action: vuln 0.25, forecast 0.33, exposure 0.46"
proactive,213,3,proactive,0,,,,"no action: vuln 0.68, forecast 0.43, exposure 0.34"
proactive,214,3,proactive,0,,,,"no action: vuln 0.30, forecast 0.00, exposure 0.00"
proactive,215,3,proactive,0,,,,"no action: vuln 0.22, forecast 0.40, exposure 0.48"
proactive,216,3,proactive,0,,,,"no action: vuln 0.37, forecast 0.07, exposure 0.22"
proactive,217,3,proactive,0,,,,"no action: vuln 0.25, forecast 0.00, exposure 0.00"
proactive,218,3,proactive,0,,,,"no action: vuln 0.28, forecast 0.08, exposure 0.18"
proactive,219,3,proactive,0,,,,"no action: vuln 0.56, forecast 0.39, exposure 0.44"
proactive,220,3,proactive,0,,,,"no action: vuln 0.69, forecast 0.49, exposure 0.41"
proactive,221,3,proactive,0,,,,"no action: vuln 0.88, forecast 0.07, exposure 0.16"
proactive,222,3,proactive,0,,,,"no action: vuln 0.30, forecast 0.00, exposure 0.00"
proactive,223,3,proactive,0,,,,"no action: vuln 0.19, forecast 0.00, exposure 0.00"
proactive,224,3,proactive,0,,,,"no action: vuln 0.23, forecast 0.37, exposure 0.39"
proactive,225,3,proactive,0,,,,"no action: vuln 0.22, forecast 0.11, exposure 0.11"
proactive,226,3,proactive,0,,,,"no action: vuln 0.69, forecast 0.47, exposure 0.44"
proactive,227,3,proactive,0,,,,"no action: vuln 0.76, forecast 0.35, exposure 0.44"
proactive,228,3,proactive,0,,,,"no action: vuln 0.57, forecast 0.38, exposure 0.44"
proactive,229,3,proactive,0,,,,"no action: vuln 0.50, forecast 0.13, exposure 0.17"
proactive,230,3,proactive,0,,,,"no action: vuln 0.24, forecast 0.12, exposure 0.12"
proactive,231,3,proactive,0,,,,"no action: vuln 0.22, forecast 0.00, exposure 0.00"
proactive,232,3,proactive,0,,,,"no action: vuln 0.18, forecast 0.39, exposure 0.32"
proactive,233,3,proactive,0,,,,"no action: vuln 0.29, forecast 0.00, exposure 0.00"
proactive,234,3,proactive,0,,,,"no action: vuln 0.29, forecast 0.00, exposure 0.00"
proactive,235,3,proactive,0,,,,"no action: vuln 0.35, forecast 0.16, exposure 0.02"
proactive,236,3,proactive,0,,,,"no action: vuln 0.28, forecast 0.00, exposure 0.00"
proactive,237,3,proactive,0,,,,"no action: vuln 0.58, forecast 0.10, exposure 0.23"
proactive,238,3,proactive,0,,,,"no action: vuln 0.54, forecast 0.37, exposure 0.35"
proactive,239,3,proactive,0,,,,"no action: vuln 0.60, forecast 0.12, exposure 0.08"
proactive,0,4,proactive,0,,,,"no action: vuln 0.54, forecast 0.00, exposure 0.00"
proactive,1,4,proactive,0,,,,"no action: vuln 0.54, forecast 0.05, exposure 0.14"
proactive,2,4,proactive,0,,,,"no action: vuln 0.72, forecast 0.00, exposure 0.00"
proactive,3,4,proactive,0,,,,"no action: vuln 0.22, forecast 0.10, exposure 0.12"
proactive,4,4,proactive,0,,,,"no action: vuln 0.18, forecast 0.35, exposure 0.46"
proactive,5,4,proactive,0,,,,"no action: vuln 0.77, forecast 0.36, exposure 0.46"
proactive,6,4,proactive,0,,,,"no action: vuln 0.69, forecast 0.40, exposure 0.40"
proactive,7,4,proactive,0,,,,"no action: vuln 0.25, forecast 0.38, exposure 0.36"
proactive,8,4,proactive,0,,,,"no action: vuln 0.63, forecast 0.14, exposure 0.16"
proactive,9,4,proactive,0,,,,"no action: vuln 0.29, forecast 0.40, exposure 0.39"
proactive,10,4,proactive,0,,,,"no action: vuln 0.29, forecast 0.41, exposure 0.34"
proactive,11,4,proactive,0,,,,"no action: vuln 0.29, forecast 0.40, exposure 0.41"
proactive,12,4,proactive,0,,,,"no action: vuln 0.26, forecast 0.39, exposure 0.35"
proactive,13,4,proactive,0,,,,"no action: vuln 0.23, forecast 0.09, exposure 0.14"
proactive,14,4,proactive,0,,,,"no action: vuln 0.23, forecast 0.08, exposure 0.11"
proactive,15,4,proactive,0,,,,"no action: vuln 0.49, forecast 0.45, exposure 0.49"
proactive,16,4,proactive,0,,,,"no action: vuln 0.73, forecast 0.00, exposure 0.00"
proactive,17,4,proactive,0,,,,"no action: vuln 0.69, forecast 0.00, exposure 0.00"
proactive,18,4,proactive,0,,,,"no action: vuln 0.27, forecast 0.42, exposure 0.40"
proactive,19,4,proactive,0,,,,"no action: vuln 0.59, forecast 0.00, exposure 0.00"
proactive,20,4,proactive,0,,,,"no action: vuln 0.20, forecast 0.14, exposure 0.16"
proactive,21,4,proactive,0,,,,"no action: vuln 0.26, forecast 0.41, exposure 0.34"
proactive,22,4,proactive,0,,,,"no action: vuln 0.26, forecast 0.38, exposure 0.40"
proactive,23,4,proactive,0,,,,"no action: vuln 0.69, forecast 0.12, exposure 0.13"
proactive,24,4,proactive,0,,,,"no action: vuln 0.37, forecast 0.46, exposure 0.37"
proactive,25,4,proactive,0,,,,"no action: vuln 0.24, forecast 0.07, exposure 0.10"
proactive,26,4,proactive,0,,,,"no action: vuln 0.30, forecast 0.00, exposure 0.03"
proactive,27,4,proactive,0,,,,"no action: vuln 0.26, forecast 0.40, exposure 0.41"
proactive,28,4,proactive,0,,,,"no action: vuln 0.26, forecast 0.40, exposure 0.44"
proactive,29,4,proactive,0,,,,"no action: vuln 0.32, forecast 0.00, exposure 0.00"
proactive,30,4,proactive,0,,,,"no action: vuln 0.16, forecast 0.07, exposure 0.10"
proactive,31,4,proactive,0,,,,"no action: vuln 0.55, forecast 0.39, exposure 0.49"
proactive,32,4,proactive,0,,,,"no action: vuln 0.25, forecast 0.10, exposure 0.12"
proactive,33,4,proactive,0,,,,"no action: vuln 0.32, forecast 0.38, exposure 0.43"
proactive,34,4,proactive,0,,,,"no action: vuln 0.66, forecast 0.00, exposure 0.00"
proactive,35,4,proactive,0,,,,"no action: vuln 0.55, forecast 0.09, exposure 0.01"
proactive,36,4,proactive,0,,,,"no action: vuln 0.29, forecast 0.02, exposure 0.00"
proactive,37,4,proactive,0,,,,"no action: vuln 0.86, forecast 0.40, exposure 0.44"
proactive,38,4,proactive,0,,,,"no action: vuln 0.24, forecast 0.37, exposure 0.34"
proactive,39,4,proactive,0,,,,"no action: vuln 0.25, forecast 0.06, exposure 0.17"
proactive,40,4,proactive,0,,,,"no action: vuln 0.58, forecast 0.53, exposure 0.52"
proactive,41,4,proactive,0,,,,"no action: vuln 0.26, forecast 0.00, exposure 0.00"
proactive,42,4,proactive,0,,,,"no action: vuln 0.94, forecast 0.38, exposure 0.36"
proactive,43,4,proactive,0,,,,"no action: vuln 0.22, forecast 0.12, exposure 0.11"
proactive,44,4,proactive,0,,,,"no action: vuln 0.54, forecast 0.15, exposure 0.09"
proactive,45,4,proactive,0,,,,"no action: vuln 0.18, forecast 0.37, exposure 0.29"
proactive,46,4,proactive,0,,,,"no action: vuln 0.27, forecast 0.38, exposure 0.40"
proactive,47,4,proactive,0,,,,"no action: vuln 0.30, forecast 0.00, exposure 0.12"
proactive,48,4,proactive,0,,,,"no action: vuln 0.24, forecast 0.00, exposure 0.00"
proactive,49,4,proactive,0,,,,"no action: vuln 0.76, forecast 0.36, exposure 0.32"
proactive,50,4,proactive,0,,,,"no action: vuln 0.42, forecast 0.02, exposure 0.00"
proactive,51,4,proactive,0,,,,"no action: vuln 0.21, forecast 0.40, exposure 0.39"
proactive,52,4,proactive,0,,,,"no action: vuln 0.32, forecast 0.30, exposure 0.35"
proactive,53,4,proactive,0,,,,"no action: vuln 0.26, forecast 0.00, exposure 0.00"
proactive,54,4,proactive,0,,,,"no action: vuln 0.21, forecast 0.44, exposure 0.33"
proactive,55,4,proactive,0,,,,"no action: vuln 0.30, forecast 0.09, exposure 0.13"
proactive,56,4,proactive,0,,,,"no action: vuln 0.74, forecast 0.44, exposure 0.33"
proactive,57,4,proactive,0,,,,"no action: vuln 0.22, forecast 0.00, exposure 0.00"
proactive,58,4,proactive,0,,,,"no action: vuln 0.31, forecast 0.44, exposure 0.47"
proactive,59,4,proactive,0,,,,"no action: vuln 0.22, forecast 0.16, exposure 0.08"
proactive,60,4,proactive,0,,,,"no action: vuln 0.52, forecast 0.32, exposure 0.36"
proactive,61,4,proactive,0,,,,"no action: vuln 0.23, forecast 0.16, exposure 0.12"
proactive,62,4,proactive,0,,,,"no action: vuln 0.78, forecast 0.05, exposure 0.14"
proactive,63,4,proactive,0,,,,"no action: vuln 0.77, forecast 0.00, exposure 0.00"
proactive,64,4,proactive,0,,,,"no action: vuln 0.26, forecast 0.00, exposure 0.00"
proactive,65,4,proactive,0,,,,"no action: vuln 0.18, forecast 0.15, exposure 0.16"
proactive,66,4,proactive,0,,,,"no action: vuln 0.75, forecast 0.42, exposure 0.37"
proactive,67,4,proactive,0,,,,"no action: vuln 0.27, forecast 0.43, exposure 0.45"
proactive,68,4,proactive,0,,,,"no action: vuln 0.26, forecast 0.00, exposure 0.16"
proactive,69,4,proactive,0,,,,"no action: vuln 0.35, forecast 0.00, exposure 0.16"
proactive,70,4,proactive,0,,,,"no action: vuln 0.19, forecast 0.01, exposure 0.05"
proactive,71,4,proactive,0,,,,"no action: vuln 0.23, forecast 0.00, exposure 0.00"
proactive,72,4,proactive,0,,,,"no action: vuln 0.31, forecast 0.40, exposure 0.39"
proactive,73,4,proactive,0,,,,"no action: vuln 0.29, forecast 0.05, exposure 0.14"
proactive,74,4,proactive,0,,,,"no action: vuln 0.75, forecast 0.36, exposure 0.34"
proactive,75,4,proactive,0,,,,"no action: vuln 0.86, forecast 0.00, exposure 0.00"
proactive,76,4,proactive,0,,,,"no action: vuln 0.24, forecast 0.01, exposure 0.05"
proactive,77,4,proactive,0,,,,"no action: vuln 0.57, forecast 0.06, exposure 0.05"
proactive,78,4,proactive,0,,,,"no action: vuln 0.26, forecast 0.00, exposure 0.00"
proactive,79,4,proactive,0,,,,"no action: vuln 0.31, forecast 0.00, exposure 0.03"
proactive,80,4,proactive,0,,,,"no action: vuln 0.24, forecast 0.00, exposure 0.00"
proactive,81,4,proactive,0,,,,"no action: vuln 0.75, forecast 0.44, exposure 0.41"
proactive,82,4,proactive,0,,,,"no action: vuln 0.21, forecast 0.36, exposure 0.34"
proactive,83,4,proactive,0,,,,"no action: vuln 0.24, forecast 0.36, exposure 0.46"
proactive,84,4,proactive,0,,,,"no action: vuln 0.76, forecast 0.49, exposure 0.44"
proactive,85,4,proactive,0,,,,"no action: vuln 0.21, forecast 0.00, exposure 0.00"
proactive,86,4,proactive,0,,,,"no action: vuln 0.26, forecast 0.34, exposure 0.41"
proactive,87,4,proactive,0,,,,"no action: vuln 0.87, forecast 0.42, exposure 0.46"
proactive,88,4,proactive,0,,,,"no action: vuln 0.23, forecast 0.13, exposure 0.14"
proactive,89,4,proactive,0,,,,"no action: vuln 0.22, forecast 0.34, exposure 0.47"
proactive,90,4,proactive,0,,,,"no action: vuln 0.73, forecast 0.00, exposure 0.00"
proactive,91,4,proactive,0,,,,"no action: vuln 0.27, forecast 0.00, exposure 0.00"
proactive,92,4,proactive,0,,,,"no action: vuln 0.20, forecast 0.00, exposure 0.00"
proactive,93,4,proactive,0,,,,"no action: vuln 0.20, forecast 0.00, exposure 0.00"
proactive,94,4,proactive,0,,,,"no action: vuln 0.70, forecast 0.37, exposure 0.38"
proactive,95,4,proactive,0,,,,"no action: vuln 0.25, forecast 0.01, exposure 0.11"
proactive,96,4,proactive,0,,,,"no action: vuln 0.50, forecast 0.35, exposure 0.46"
proactive,97,4,proactive,0,,,,"no action: vuln 0.27, forecast 0.00, exposure 0.00"
proactive,98,4,proactive,0,,,,"no action: vuln 0.22, forecast 0.53, exposure 0.52"
proactive,99,4,proactive,0,,,,"no action: vuln 0.72, forecast 0.00, exposure 0.00"
proactive,100,4,proactive,0,,,,"no action: vuln 0.48, forecast 0.00, exposure 0.00"
proactive,101,4,proactive,0,,,,"no action: vuln 0.81, forecast 0.00, exposure 0.00"
proactive,102,4,proactive,0,,,,"no action: vuln 0.94, forecast 0.00, exposure 0.00"
proactive,103,4,proactive,0,,,,"no action: vuln 0.30, forecast 0.00, exposure 0.00"
proactive,104,4,proactive,0,,,,"no action: vuln 0.81, forecast 0.44, exposure 0.47"
proactive,105,4,proactive,0,,,,"no action: vuln 0.23, forecast 0.40, exposure 0.44"
proactive,106,4,proactive,0,,,,"no action: vuln 0.51, forecast 0.37, exposure 0.34"
proactive,107,4,proactive,0,,,,"no action: vuln 0.56, forecast 0.44, exposure 0.33"
proactive,108,4,proactive,0,,,,"no action: vuln 0.23, forecast 0.00, exposure 0.00"
proactive,109,4,proactive,0,,,,"no action: vuln 0.30, forecast 0.00, exposure 0.00"
proactive,110,4,proactive,0,,,,"no action: vuln 0.27, forecast 0.06, exposure 0.14"
proactive,111,4,proactive,0,,,,"no action: vuln 0.53, forecast 0.00, exposure 0.03"
proactive,112,4,proactive,0,,,,"no action: vuln 0.89, forecast 0.45, exposure 0.49"
proactive,113,4,proactive,0,,,,"no action: vuln 0.52, forecast 0.42, exposure 0.40"
proactive,114,4,proactive,0,,,,"no action: vuln 0.86, forecast 0.00, exposure 0.00"
proactive,115,4,proactive,0,,,,"no action: vuln 0.32, forecast 0.09, exposure 0.15"
proactive,116,4,proactive,0,,,,"no action: vuln 0.58, forecast 0.44, exposure 0.38"
proactive,117,4,proactive,0,,,,"no action: vuln 0.24, forecast 0.35, exposure 0.33"
proactive,118,4,proactive,0,,,,"no action: vuln 0.21, forecast 0.00, exposure 0.00"
proactive,119,4,proactive,0,,,,"no action: vuln 0.90, forecast 0.00, exposure 0.00"
proactive,120,4,proactive,0,,,,"no action: vuln 0.53, forecast 0.15, exposure 0.10"
proactive,121,4,proactive,0,,,,"no action: vuln 0.43, forecast 0.04, exposure 0.06"
proactive,122,4,proactive,0,,,,"no action: vuln 0.32, forecast 0.00, exposure 0.12"
proactive,123,4,proactive,0,,,,"no action: vuln 0.70, forecast 0.36, exposure 0.42"
proactive,124,4,proactive,0,,,,"no action: vuln 0.56, forecast 0.00, exposure 0.00"
proactive,125,4,proactive,0,,,,"no action: vuln 0.85, forecast 0.37, exposure 0.29"
proactive,126,4,proactive,0,,,,"no action: vuln 0.55, forecast 0.05, exposure 0.14"
proactive,127,4,proactive,0,,,,"no action: vuln 0.77, forecast 0.00, exposure 0.00"
proactive,128,4,proactive,0,,,,"no action: vuln 0.74, forecast 0.00, exposure 0.00"
proactive,129,4,proactive,0,,,,"no action: vuln 0.19, forecast 0.44, exposure 0.33"
proactive,130,4,proactive,0,,,,"no action: vuln 0.60, forecast 0.00, exposure 0.00"
proactive,131,4,proactive,0,,,,"no action: vuln 0.67, forecast 0.00, exposure 0.00"
proactive,132,4,proactive,0,,,,"no action: vuln 0.27, forecast 0.10, exposure 0.12"
proactive,133,4,proactive,0,,,,"no action: vuln 0.23, forecast 0.00, exposure 0.00"
proactive,134,4,proactive,0,,,,"no action: vuln 0.21, forecast 0.32, exposure 0.36"
proactive,135,4,proactive,0,,,,"no action: vuln 0.49, forecast 0.34, exposure 0.39"
proactive,136,4,proactive,0,,,,"no action: vuln 0.58, forecast 0.00, exposure 0.00"
proactive,137,4,proactive,0,,,,"no action: vuln 0.18, forecast 0.43, exposure 0.45"
proactive,138,4,proactive,0,,,,"no action: vuln 0.30, forecast 0.10, exposure 0.08"
proactive,139,4,proactive,0,,,,"no action: vuln 0.28, forecast 0.38, exposure 0.40"
proactive,140,4,proactive,0,,,,"no action: vuln 0.30, forecast 0.10, exposure 0.08"
proactive,141,4,proactive,0,,,,"no action: vuln 0.24, forecast 0.32, exposure 0.36"
proactive,142,4,proactive,0,,,,"no action: vuln 0.26, forecast 0.00, exposure 0.00"
proactive,143,4,proactive,0,,,,"no action: vuln 0.20, forecast 0.00, exposure 0.00"
proactive,144,4,proactive,0,,,,"no action: vuln 0.83, forecast 0.05, exposure 0.06"
proactive,145,4,proactive,0,,,,"no action: vuln 0.23, forecast 0.00, exposure 0.00"
proactive,146,4,proactive,0,,,,"no action: vuln 0.23, forecast 0.39, exposure 0.45"
proactive,147,4,proactive,0,,,,"no action: vuln 0.19, forecast 0.10, exposure 0.13"
proactive,148,4,proactive,0,,,,"no action: vuln 0.33, forecast 0.41, exposure 0.39"
proactive,149,4,proactive,0,,,,"no action: vuln 0.59, forecast 0.16, exposure 0.12"
proactive,150,4,proactive,0,,,,"no action: vuln 0.34, forecast 0.00, exposure 0.00"
proactive,151,4,proactive,0,,,,"no action: vuln 0.24, forecast 0.34, exposure 0.39"
proactive,152,4,proactive,0,,,,"no action: vuln 0.31, forecast 0.13, exposure 0.04"
proactive,153,4,proactive,0,,,,"no action: vuln 0.30, forecast 0.00, exposure 0.00"
proactive,154,4,proactive,0,,,,"no action: vuln 0.52, forecast 0.00, exposure 0.00"
proactive,155,4,proactive,0,,,,"no action: vuln 0.27, forecast 0.34, exposure 0.39"
proactive,156,4,proactive,0,,,,"no action: vuln 0.22, forecast 0.16, exposure 0.08"
proactive,157,4,proactive,0,,,,"no action: vuln 0.78, forecast 0.31, exposure 0.40"
proactive,158,4,proactive,0,,,,"no action: vuln 0.22, forecast 0.00, exposure 0.00"
proactive,159,4,proactive,0,,,,"no action: vuln 0.25, forecast 0.22, exposure 0.07"
proactive,160,4,proactive,0,,,,"no action: vuln 0.24, forecast 0.36, exposure 0.34"
proactive,161,4,proactive,0,,,,"no action: vuln 0.27, forecast 0.00, exposure 0.00"
proactive,162,4,proactive,0,,,,"no action: vuln 0.56, forecast 0.35, exposure 0.33"
proactive,163,4,proactive,0,,,,"no action: vuln 0.26, forecast 0.00, exposure 0.00"
proactive,164,4,proactive,0,,,,"no action: vuln 0.22, forecast 0.00, exposure 0.00"
proactive,165,4,proactive,0,,,,"no action: vuln 0.27, forecast 0.49, exposure 0.41"
proactive,166,4,proactive,0,,,,"no action: vuln 0.31, forecast 0.09, exposure 0.15"
proactive,167,4,proactive,0,,,,"no action: vuln 0.56, forecast 0.00, exposure 0.00"
proactive,168,4,proactive,0,,,,"no action: vuln 0.29, forecast 0.40, exposure 0.40"
proactive,169,4,proactive,0,,,,"no action: vuln 0.20, forecast 0.00, exposure 0.00"
proactive,170,4,proactive,0,,,,"no action: vuln 0.26, forecast 0.15, exposure 0.10"
proactive,171,4,proactive,0,,,,"no action: vuln 0.54, forecast 0.38, exposure 0.40"
proactive,172,4,proactive,0,,,,"no action: vuln 0.20, forecast 0.00, exposure 0.00"
proactive,173,4,proactive,0,,,,"no action: vuln 0.74, forecast 0.00, exposure 0.00"
proactive,174,4,proactive,0,,,,"no action: vuln 0.59, forecast 0.00, exposure 0.00"
proactive,175,4,proactive,0,,,,"no action: vuln 0.28, forecast 0.00, exposure 0.00"
proactive,176,4,proactive,0,,,,"no action: vuln 0.20, forecast 0.08, exposure 0.11"
proactive,177,4,proactive,0,,,,"no action: vuln 0.26, forecast 0.00, exposure 0.00"
proactive,178,4,proactive,0,,,,"no action: vuln 0.30, forecast 0.42, exposure 0.43"
proactive,179,4,proactive,0,,,,"no action: vuln 0.38, forecast 0.05, exposure 0.14"
proactive,180,4,proactive,0,,,,"no action: vuln 0.71, forecast 0.00, exposure 0.00"
proactive,181,4,proactive,0,,,,"no action: vuln 0.52, forecast 0.00, exposure 0.00"
proactive,182,4,proactive,0,,,,"no action: vuln 0.22, forecast 0.34, exposure 0.44"
proactive,183,4,proactive,0,,,,"no action: vuln 0.24, forecast 0.00, exposure 0.00"
proactive,184,4,proactive,0,,,,"no action: vuln 0.21, forecast 0.37, exposure 0.29"
proactive,185,4,proactive,0,,,,"no action: vuln 0.90, forecast 0.00, exposure 0.00"
proactive,186,4,proactive,0,,,,"no action: vuln 0.27, forecast 0.10, exposure 0.15"
proactive,187,4,proactive,0,,,,"no action: vuln 0.23, forecast 0.00, exposure 0.00"
proactive,188,4,proactive,0,,,,"no action: vuln 0.26, forecast 0.36, exposure 0.34"
proactive,189,4,proactive,0,,,,"no action: vuln 0.25, forecast 0.00, exposure 0.00"
proactive,190,4,proactive,0,,,,"no action: vuln 0.74, forecast 0.35, exposure 0.46"
proactive,191,4,proactive,0,,,,"no action: vuln 0.24, forecast 0.38, exposure 0.39"
proactive,192,4,proactive,0,,,,"no action: vuln 0.26, forecast 0.42, exposure 0.40"
proactive,193,4,proactive,0,,,,"no action: vuln 0.31, forecast 0.06, exposure 0.05"
proactive,194,4,proactive,0,,,,"no action: vuln 0.74, forecast 0.38, exposure 0.39"
proactive,195,4,proactive,0,,,,"no action: vuln 0.26, forecast 0.38, exposure 0.39"
proactive,196,4,proactive,0,,,,"no action: vuln 0.22, forecast 0.12, exposure 0.11"
proactive,197,4,proactive,0,,,,"no action: vuln 0.56, forecast 0.00, exposure 0.00"
proactive,198,4,proactive,0,,,,"no action: vuln 0.25, forecast 0.00, exposure 0.12"
proactive,199,4,proactive,0,,,,"no action: vuln 0.29, forecast 0.05, exposure 0.06"
proactive,200,4,proactive,0,,,,"no action: vuln 0.26, forecast 0.30, exposure 0.35"
proactive,201,4,proactive,0,,,,"no action: vuln 0.45, forecast 0.44, exposure 0.50"
proactive,202,4,proactive,0,,,,"no action: vuln 0.16, forecast 0.00, exposure 0.00"
proactive,203,4,proactive,0,,,,"no action: vuln 0.56, forecast 0.13, exposure 0.04"
proactive,204,4,proactive,0,,,,"no action: vuln 0.33, forecast 0.18, exposure 0.10"
proactive,205,4,proactive,0,,,,"no action: vuln 0.79, forecast 0.08, exposure 0.11"
proactive,206,4,proactive,0,,,,"no action: vuln 0.59, forecast 0.38, exposure 0.43"
proactive,207,4,proactive,0,,,,"no action: vuln 0.29, forecast 0.00, exposure 0.00"
proactive,208,4,proactive,0,,,,"no action: vuln 0.40, forecast 0.00, exposure 0.00"
proactive,209,4,proactive,0,,,,"no action: vuln 0.27, forecast 0.00, exposure 0.00"
proactive,210,4,proactive,0,,,,"no action: vuln 0.90, forecast 0.09, exposure 0.14"
proactive,211,4,proactive,0,,,,"no action: vuln 0.27, forecast 0.10, exposure 0.08"
proactive,212,4,proactive,0,,,,"no action: vuln 0.25, forecast 0.40, exposure 0.33"
proactive,213,4,proactive,0,,,,"no action: vuln 0.68, forecast 0.42, exposure 0.43"
proactive,214,4,proactive,0,,,,"no action: vuln 0.30, forecast 0.00, exposure 0.00"
proactive,215,4,proactive,0,,,,"no action: vuln 0.22, forecast 0.41, exposure 0.40"
proactive,216,4,proactive,0,,,,"no action: vuln 0.37, forecast 0.22, exposure 0.07"
proactive,217,4,proactive,0,,,,"no action: vuln 0.25, forecast 0.00, exposure 0.00"
proactive,218,4,proactive,0,,,,"no action: vuln 0.28, forecast 0.16, exposure 0.08"
proactive,219,4,proactive,0,,,,"no action: vuln 0.56, forecast 0.40, exposure 0.39"
proactive,220,4,proactive,0,,,,"no action: vuln 0.69, forecast 0.42, exposure 0.49"
proactive,221,4,proactive,0,,,,"no action: vuln 0.88, forecast 0.05, exposure 0.07"
proactive,222,4,proactive,0,,,,"no action: vuln 0.30, forecast 0.00, exposure 0.00"
proactive,223,4,proactive,0,,,,"no action: vuln 0.19, forecast 0.00, exposure 0.00"
proactive,224,4,proactive,0,,,,"no action: vuln 0.23, forecast 0.46, exposure 0.37"
proactive,225,4,proactive,0,,,,"no action: vuln 0.22, forecast 0.12, exposure 0.11"
proactive,226,4,proactive,0,,,,"no action: vuln 0.69, forecast 0.44, exposure 0.47"
proactive,227,4,proactive,0,,,,"no action: vuln 0.76, forecast 0.39, exposure 0.35"
proactive,228,4,proactive,0,,,,"no action: vuln 0.57, forecast 0.40, exposure 0.38"
proactive,229,4,proactive,0,,,,"no action: vuln 0.50, forecast 0.07, exposure 0.13"
proactive,230,4,proactive,0,,,,"no action: vuln 0.24, forecast 0.10, exposure 0.12"
proactive,231,4,proactive,0,,,,"no action: vuln 0.22, forecast 0.00, exposure 0.00"
proactive,232,4,proactive,0,,,,"no action: vuln 0.18, forecast 0.34, exposure 0.39"
proactive,233,4,proactive,0,,,,"no action: vuln 0.29, forecast 0.00, exposure 0.00"
proactive,234,4,proactive,0,,,,"no action: vuln 0.29, forecast 0.00, exposure 0.00"
proactive,235,4,proactive,0,,,,"no action: vuln 0.35, forecast 0.00, exposure 0.16"
proactive,236,4,proactive,0,,,,"no action: vuln 0.28, forecast 0.00, exposure 0.00"
proactive,237,4,proactive,0,,,,"no action: vuln 0.58, forecast 0.07, exposure 0.10"
proactive,238,4,proactive,0,,,,"no action: vuln 0.54, forecast 0.36, exposure 0.37"
proactive,239,4,proactive,0,,,,"no action: vuln 0.60, forecast 0.16, exposure 0.12"
proactive,0,5,proactive,0,,,,"no action: vuln 0.54, forecast 0.00, exposure 0.00"
proactive,1,5,proactive,0,,,,"no action: vuln 0.54, forecast 0.17, exposure 0.05"
proactive,2,5,proactive,0,,,,"no action: vuln 0.72, forecast 0.03, exposure 0.00"
proactive,3,5,proactive,0,,,,"no action: vuln 0.22, forecast 0.09, exposure 0.10"
proactive,4,5,proactive,0,,,,"no action: vuln 0.18, forecast 0.37, exposure 0.35"
proactive,5,5,proactive,0,,,,"no action: vuln 0.77, forecast 0.59, exposure 0.36"
proactive,6,5,proactive,0,,,,"no action: vuln 0.69, forecast 0.42, exposure 0.40"
proactive,7,5,proactive,0,,,,"no action: vuln 0.25, forecast 0.51, exposure 0.38"
proactive,8,5,proactive,0,,,,"no action: vuln 0.63, forecast 0.16, exposure 0.14"
proactive,9,5,proactive,0,,,,"no action: vuln 0.29, forecast 0.41, exposure 0.40"
proactive,10,5,proactive,0,,,,"no action: vuln 0.29, forecast 0.38, exposure 0.41"
proactive,11,5,proactive,0,,,,"no action: vuln 0.29, forecast 0.37, exposure 0.40"
proactive,12,5,proactive,0,,,,"no action: vuln 0.26, forecast 0.48, exposure 0.39"
proactive,13,5,proactive,0,,,,"no action: vuln 0.23, forecast 0.19, exposure 0.09"
proactive,14,5,proactive,0,,,,"no action: vuln 0.23, forecast 0.13, exposure 0.08"
proactive,15,5,proactive,0,,,,"no action: vuln 0.49, forecast 0.43, exposure 0.45"
proactive,16,5,proactive,0,,,,"no action: vuln 0.73, forecast 0.00, exposure 0.00"
proactive,17,5,proactive,0,,,,"no action: vuln 0.69, forecast 0.00, exposure 0.00"
proactive,18,5,proactive,0,,,,"no action: vuln 0.27, forecast 0.47, exposure 0.42"
proactive,19,5,proactive,0,,,,"no action: vuln 0.59, forecast 0.00, exposure 0.00"
proactive,20,5,proactive,0,,,,"no action: vuln 0.20, forecast 0.16, exposure 0.14"
proactive,21,5,proactive,0,,,,"no action: vuln 0.26, forecast 0.38, exposure 0.41"
proactive,22,5,proactive,0,,,,"no action: vuln 0.26, forecast 0.45, exposure 0.38"
proactive,23,5,proactive,0,,,,"no action: vuln 0.69, forecast 0.06, exposure 0.12"
proactive,24,5,proactive,0,,,,"no action: vuln 0.37, forecast 0.49, exposure 0.46"
proactive,25,5,proactive,0,,,,"no action: vuln 0.24, forecast 0.13, exposure 0.07"
proactive,26,5,proactive,0,,,,"no action: vuln 0.30, forecast 0.22, exposure 0.00"
proactive,27,5,proactive,0,,,,"no action: vuln 0.26, forecast 0.37, exposure 0.40"
proactive,28,5,proactive,0,,,,"no action: vuln 0.26, forecast 0.51, exposure 0.40"
proactive,29,5,proactive,0,,,,"no action: vuln 0.32, forecast 0.00, exposure 0.00"
proactive,30,5,proactive,0,,,,"no action: vuln 0.16, forecast 0.13, exposure 0.07"
proactive,31,5,proactive,0,,,,"no action: vuln 0.55, forecast 0.42, exposure 0.39"
proactive,32,5,proactive,0,,,,"no action: vuln 0.25, forecast 0.09, exposure 0.10"
proactive,33,5,proactive,0,,,,"no action: vuln 0.32, forecast 0.46, exposure 0.38"
proactive,34,5,proactive,0,,,,"no action: vuln 0.66, forecast 0.00, exposure 0.00"
proactive,35,5,proactive,0,,,,"no action: vuln 0.55, forecast 0.18, exposure 0.09"
proactive,36,5,proactive,0,,,,"no action: vuln 0.29, forecast 0.00, exposure 0.02"
proactive,37,5,proactive,0,,,,"no action: vuln 0.86, forecast 0.51, exposure 0.40"
proactive,38,5,proactive,0,,,,"no action: vuln 0.24, forecast 0.43, exposure 0.37"
proactive,39,5,proactive,0,,,,"no action: vuln 0.25, forecast 0.21, exposure 0.06"
proactive,40,5,proactive,0,,,,"no action: vuln 0.58, forecast 0.46, exposure 0.53"
proactive,41,5,proactive,0,,,,"no action: vuln 0.26, forecast 0.00, exposure 0.00"
proactive,42,5,proactive,0,,,,"no action: vuln 0.94, forecast 0.51, exposure 0.38"
proactive,43,5,proactive,0,,,,"no action: vuln 0.22, forecast 0.15, exposure 0.12"
proactive,44,5,proactive,0,,,,"no action: vuln 0.54, forecast 0.19, exposure 0.15"
proactive,45,5,proactive,0,,,,"no action: vuln 0.18, forecast 0.48, exposure 0.37"
proactive,46,5,proactive,0,,,,"no action: vuln 0.27, forecast 0.45, exposure 0.38"
proactive,47,5,proactive,0,,,,"no action: vuln 0.30, forecast 0.10, exposure 0.00"
proactive,48,5,proactive,0,,,,"no action: vuln 0.24, forecast 0.00, exposure 0.00"
proactive,49,5,proactive,0,,,,"no action: vuln 0.76, forecast 0.34, exposure 0.36"
proactive,50,5,proactive,0,,,,"no action: vuln 0.42, forecast 0.00, exposure 0.02"
proactive,51,5,proactive,0,,,,"no action: vuln 0.21, forecast 0.41, exposure 0.40"
proactive,52,5,proactive,0,,,,"no action: vuln 0.32, forecast 0.33, exposure 0.30"
proactive,53,5,proactive,0,,,,"no action: vuln 0.26, forecast 0.00, exposure 0.00"
proactive,54,5,proactive,0,,,,"no action: vuln 0.21, forecast 0.50, exposure 0.44"
proactive,55,5,proactive,0,,,,"no action: vuln 0.30, forecast 0.06, exposure 0.09"
proactive,56,5,proactive,0,,,,"no action: vuln 0.74, forecast 0.50, exposure 0.44"
proactive,57,5,proactive,0,,,,"no action: vuln 0.22, forecast 0.00, exposure 0.00"
proactive,58,5,proactive,0,,,,"no action: vuln 0.31, forecast 0.41, exposure 0.44"
proactive,59,5,proactive,0,,,,"no action: vuln 0.22, forecast 0.08, exposure 0.16"
proactive,60,5,proactive,0,,,,"no action: vuln 0.52, forecast 0.31, exposure 0.32"
proactive,61,5,proactive,0,,,,"no action: vuln 0.23, forecast 0.22, exposure 0.16"
proactive,62,5,proactive,0,,,,"no action: vuln 0.78, forecast 0.17, exposure 0.05"
proactive,63,5,proactive,0,,,,"no action: vuln 0.77, forecast 0.00, exposure 0.00"
proactive,64,5,proactive,0,,,,"no action: vuln 0.26, forecast 0.00, exposure 0.00"
proactive,65,5,proactive,0,,,,"no action: vuln 0.18, forecast 0.15, exposure 0.15"
proactive,66,5,proactive,0,,,,"no action: vuln 0.75, forecast 0.41, exposure 0.42"
proactive,67,5,proactive,0,,,,"no action: vuln 0.27, forecast 0.41, exposure 0.43"
proactive,68,5,proactive,0,,,,"no action: vuln 0.26, forecast 0.18, exposure 0.00"
proactive,69,5,proactive,0,,,,"no action: vuln 0.35, forecast 0.18, exposure 0.00"
proactive,70,5,proactive,0,,,,"no action: vuln 0.19, forecast 0.13, exposure 0.01"
proactive,71,5,proactive,0,,,,"no action: vuln 0.23, forecast 0.00, exposure 0.00"
proactive,72,5,proactive,0,,,,"no action: vuln 0.31, forecast 0.43, exposure 0.40"
proactive,73,5,proactive,0,,,,"no action: vuln 0.29, forecast 0.17, exposure 0.05"
proactive,74,5,proactive,0,,,,"no action: vuln 0.75, forecast 0.40, exposure 0.36"
proactive,75,5,proactive,0,,,,"no action: vuln 0.86, forecast 0.03, exposure 0.00"
proactive,76,5,proactive,0,,,,"no action: vuln 0.24, forecast 0.13, exposure 0.01"
proactive,77,5,proactive,0,,,,"no action: vuln 0.57, forecast 0.08, exposure 0.06"
proactive,78,5,proactive,0,,,,"no action: vuln 0.26, forecast 0.00, exposure 0.00"
proactive,79,5,proactive,0,,,,"no action: vuln 0.31, forecast 0.00, exposure 0.00"
proactive,80,5,proactive,0,,,,"no action: vuln 0.24, forecast 0.00, exposure 0.00"
proactive,81,5,proactive,0,,,,"no action: vuln 0.75, forecast 0.46, exposure 0.44"
proactive,82,5,proactive,0,,,,"no action: vuln 0.21, forecast 0.51, exposure 0.36"
proactive,83,5,proactive,0,,,,"no action: vuln 0.24, forecast 0.59, exposure 0.36"
proactive,84,5,proactive,0,,,,"no action: vuln 0.76, forecast 0.47, exposure 0.49"
proactive,85,5,proactive,0,,,,"no action: vuln 0.21, forecast 0.00, exposure 0.00"
proactive,86,5,proactive,0,,,,"no action: vuln 0.26, forecast 0.42, exposure 0.34"
proactive,87,5,proactive,0,,,,"no action: vuln 0.87, forecast 0.45, exposure 0.42"
proactive,88,5,proactive,0,,,,"no action: vuln 0.23, forecast 0.08, exposure 0.13"
proactive,89,5,proactive,0,,,,"no action: vuln 0.22, forecast 0.49, exposure 0.34"
proactive,90,5,proactive,0,,,,"no action: vuln 0.73, forecast 0.03, exposure 0.00"
proactive,91,5,proactive,0,,,,"no action: vuln 0.27, forecast 0.05, exposure 0.00"
proactive,92,5,proactive,0,,,,"no action: vuln 0.20, forecast 0.00, exposure 0.00"
proactive,93,5,proactive,0,,,,"no action: vuln 0.20, forecast 0.00, exposure 0.00"
proactive,94,5,proactive,0,,,,"no action: vuln 0.70, forecast 0.38, exposure 0.37"
proactive,95,5,proactive,0,,,,"no action: vuln 0.25, forecast 0.14, exposure 0.01"
proactive,96,5,proactive,0,,,,"no action: vuln 0.50, forecast 0.37, exposure 0.35"
proactive,97,5,proactive,0,,,,"no action: vuln 0.27, forecast 0.01, exposure 0.00"
proactive,98,5,proactive,0,,,,"no action: vuln 0.22, forecast 0.46, exposure 0.53"
proactive,99,5,proactive,0,,,,"no action: vuln 0.72, forecast 0.00, exposure 0.00"
proactive,100,5,proactive,0,,,,"no action: vuln 0.48, forecast 0.00, exposure 0.00"
proactive,101,5,proactive,0,,,,"no action: vuln 0.81, forecast 0.00, exposure 0.00"
proactive,102,5,proactive,0,,,,"no action: vuln 0.94, forecast 0.00, exposure 0.00"
proactive,103,5,proactive,0,,,,"no action: vuln 0.30, forecast 0.00, exposure 0.00"
proactive,104,5,proactive,0,,,,"no action: vuln 0.81, forecast 0.41, exposure 0.44"
proactive,105,5,proactive,0,,,,"no action: vuln 0.23, forecast 0.51, exposure 0.40"
proactive,106,5,proactive,0,,,,"no action: vuln 0.51, forecast 0.43, exposure 0.37"
proactive,107,5,proactive,0,,,,"no action: vuln 0.56, forecast 0.50, exposure 0.44"
proactive,108,5,proactive,0,,,,"no action: vuln 0.23, forecast 0.00, exposure 0.00"
proactive,109,5,proactive,0,,,,"no action: vuln 0.30, forecast 0.00, exposure 0.00"
proactive,110,5,proactive,0,,,,"no action: vuln 0.27, forecast 0.15, exposure 0.06"
proactive,111,5,proactive,0,,,,"no action: vuln 0.53, forecast 0.22, exposure 0.00"
proactive,112,5,proactive,0,,,,"no action: vuln 0.89, forecast 0.43, exposure 0.45"
proactive,113,5,proactive,0,,,,"no action: vuln 0.52, forecast 0.47, exposure 0.42"
proactive,114,5,proactive,0,,,,"no action: vuln 0.86, forecast 0.00, exposure 0.00"
proactive,115,5,proactive,0,,,,"no action: vuln 0.32, forecast 0.20, exposure 0.09"
proactive,116,5,proactive,0,,,,"no action: vuln 0.58, forecast 0.32, exposure 0.44"
proactive,117,5,proactive,0,,,,"no action: vuln 0.24, forecast 0.49, exposure 0.35"
proactive,118,5,proactive,0,,,,"no action: vuln 0.21, forecast 0.00, exposure 0.00"
proactive,119,5,proactive,0,,,,"no action: vuln 0.90, forecast 0.00, exposure 0.00"
proactive,120,5,proactive,0,,,,"no action: vuln 0.53, forecast 0.15, exposure 0.15"
proactive,121,5,proactive,0,,,,"no action: vuln 0.43, forecast 0.16, exposure 0.04"
proactive,122,5,proactive,0,,,,"no action: vuln 0.32, forecast 0.10, exposure 0.00"
proactive,123,5,proactive,0,,,,"no action: vuln 0.70, forecast 0.47, exposure 0.36"
proactive,124,5,proactive,0,,,,"no action: vuln 0.56, forecast 0.00, exposure 0.00"
proactive,125,5,proactive,0,,,,"no action: vuln 0.85, forecast 0.48, exposure 0.37"
proactive,126,5,proactive,0,,,,"no action: vuln 0.55, forecast 0.17, exposure 0.05"
proactive,127,5,proactive,0,,,,"no action: vuln 0.77, forecast 0.00, exposure 0.00"
proactive,128,5,proactive,0,,,,"no action: vuln 0.74, forecast 0.00, exposure 0.00"
proactive,129,5,proactive,0,,,,"no action: vuln 0.19, forecast 0.50, exposure 0.44"
proactive,130,5,proactive,0,,,,"no action: vuln 0.60, forecast 0.00, exposure 0.00"
proactive,131,5,proactive,0,,,,"no action: vuln 0.67, forecast 0.00, exposure 0.00"
proactive,132,5,proactive,0,,,,"no action: vuln 0.27, forecast 0.09, exposure 0.10"
proactive,133,5,proactive,0,,,,"no action: vuln 0.23, forecast 0.00, exposure 0.00"
proactive,134,5,proactive,0,,,,"no action: vuln 0.21, forecast 0.31, exposure 0.32"
proactive,135,5,proactive,0,,,,"no action: vuln 0.49, forecast 0.48, exposure 0.34"
proactive,136,5,proactive,0,,,,"no action: vuln 0.58, forecast 0.00, exposure 0.00"
proactive,137,5,proactive,0,,,,"no action: vuln 0.18, forecast 0.48, exposure 0.43"
proactive,138,5,proactive,0,,,,"no action: vuln 0.30, forecast 0.09, exposure 0.10"
proactive,139,5,proactive,0,,,,"no action: vuln 0.28, forecast 0.45, exposure 0.38"
proactive,140,5,proactive,0,,,,"no action: vuln 0.30, forecast 0.09, exposure 0.10"
proactive,141,5,proactive,0,,,,"no action: vuln 0.24, forecast 0.31, exposure 0.32"
proactive,142,5,proactive,0,,,,"no action: vuln 0.26, forecast 0.00, exposure 0.00"
proactive,143,5,proactive,0,,,,"no action: vuln 0.20, forecast 0.01, exposure 0.00"
proactive,144,5,proactive,0,,,,"no action: vuln 0.83, forecast 0.21, exposure 0.05"
proactive,145,5,proactive,0,,,,"no action: vuln 0.23, forecast 0.00, exposure 0.00"
proactive,146,5,proactive,0,,,,"no action: vuln 0.23, forecast 0.53, exposure 0.39"
proactive,147,5,proactive,0,,,,"no action: vuln 0.19, forecast 0.08, exposure 0.10"
proactive,148,5,proactive,0,,,,"no action: vuln 0.33, forecast 0.39, exposure 0.41"
proactive,149,5,proactive,0,,,,"no action: vuln 0.59, forecast 0.22, exposure 0.16"
proactive,150,5,proactive,0,,,,"no action: vuln 0.34, forecast 0.00, exposure 0.00"
proactive,151,5,proactive,0,,,,"no action: vuln 0.24, forecast 0.48, exposure 0.34"
proactive,152,5,proactive,0,,,,"no action: vuln 0.31, forecast 0.21, exposure 0.13"
proactive,153,5,proactive,0,,,,"no action: vuln 0.30, forecast 0.00, exposure 0.00"
proactive,154,5,proactive,0,,,,"no action: vuln 0.52, forecast 0.00, exposure 0.00"
proactive,155,5,proactive,0,,,,"no action: vuln 0.27, forecast 0.48, exposure 0.34"
proactive,156,5,proactive,0,,,,"no action: vuln 0.22, forecast 0.08, exposure 0.16"
proactive,157,5,proactive,0,,,,"no action: vuln 0.78, forecast 0.46, exposure 0.31"
proactive,158,5,proactive,0,,,,"no action: vuln 0.22, forecast 0.00, exposure 0.00"
proactive,159,5,proactive,0,,,,"no action: vuln 0.25, forecast 0.11, exposure 0.22"
proactive,160,5,proactive,0,,,,"no action: vuln 0.24, forecast 0.43, exposure 0.36"
proactive,161,5,proactive,0,,,,"no action: vuln 0.27, forecast 0.00, exposure 0.00"
proactive,162,5,proactive,0,,,,"no action: vuln 0.56, forecast 0.49, exposure 0.35"
proactive,163,5,proactive,0,,,,"no action: vuln 0.26, forecast 0.00, exposure 0.00"
proactive,164,5,proactive,0,,,,"no action: vuln 0.22, forecast 0.00, exposure 0.00"
proactive,165,5,proactive,0,,,,"no action: vuln 0.27, forecast 0.40, exposure 0.49"
proactive,166,5,proactive,0,,,,"no action: vuln 0.31, forecast 0.20, exposure 0.09"
proactive,167,5,proactive,0,,,,"no action: vuln 0.56, forecast 0.00, exposure 0.00"
proactive,168,5,proactive,0,,,,"no action: vuln 0.29, forecast 0.58, exposure 0.40"
proactive,169,5,proactive,0,,,,"no action: vuln 0.20, forecast 0.00, exposure 0.00"
proactive,170,5,proactive,0,,,,"no action: vuln 0.26, forecast 0.15, exposure 0.15"
proactive,171,5,proactive,0,,,,"no action: vuln 0.54, forecast 0.45, exposure 0.38"
proactive,172,5,proactive,0,,,,"no action: vuln 0.20, forecast 0.05, exposure 0.00"
proactive,173,5,proactive,0,,,,"no action: vuln 0.74, forecast 0.00, exposure 0.00"
proactive,174,5,proactive,0,,,,"no action: vuln 0.59, forecast 0.00, exposure 0.00"
proactive,175,5,proactive,0,,,,"no action: vuln 0.28, forecast 0.00, exposure 0.00"
proactive,176,5,proactive,0,,,,"no action: vuln 0.20, forecast 0.13, exposure 0.08"
proactive,177,5,proactive,0,,,,"no action: vuln 0.26, forecast 0.00, exposure 0.00"
proactive,178,5,proactive,0,,,,"no action: vuln 0.30, forecast 0.38, exposure 0.42"
proactive,179,5,proactive,0,,,,"no action: vuln 0.38, forecast 0.17, exposure 0.05"
proactive,180,5,proactive,0,,,,"no action: vuln 0.71, forecast 0.00, exposure 0.00"
proactive,181,5,proactive,0,,,,"no action: vuln 0.52, forecast 0.00, exposure 0.00"
proactive,182,5,proactive,0,,,,"no action: vuln 0.22, forecast 0.41, exposure 0.34"
proactive,183,5,proactive,0,,,,"no action: vuln 0.24, forecast 0.00, exposure 0.00"
proactive,184,5,proactive,0,,,,"no action: vuln 0.21, forecast 0.48, exposure 0.37"
proactive,185,5,proactive,0,,,,"no action: vuln 0.90, forecast 0.00, exposure 0.00"
proactive,186,5,proactive,0,,,,"no action: vuln 0.27, forecast 0.20, exposure 0.10"
proactive,187,5,proactive,0,,,,"no action: vuln 0.23, forecast 0.00, exposure 0.00"
proactive,188,5,proactive,0,,,,"no action: vuln 0.26, forecast 0.51, exposure 0.36"
proactive,189,5,proactive,0,,,,"no action: vuln 0.25, forecast 0.00, exposure 0.00"
proactive,190,5,proactive,0,,,,"no action: vuln 0.74, forecast 0.37, exposure 0.35"
proactive,191,5,proactive,0,,,,"no action: vuln 0.24, forecast 0.59, exposure 0.38"
proactive,192,5,proactive,0,,,,"no action: vuln 0.26, forecast 0.47, exposure 0.42"
proactive,193,5,proactive,0,,,,"no action: vuln 0.31, forecast 0.08, exposure 0.06"
proactive,194,5,proactive,0,,,,"no action: vuln 0.74, forecast 0.59, exposure 0.38"
proactive,195,5,proactive,0,,,,"no action: vuln 0.26, forecast 0.59, exposure 0.38"
proactive,196,5,proactive,0,,,,"no action: vuln 0.22, forecast 0.15, exposure 0.12"
proactive,197,5,proactive,0,,,,"no action: vuln 0.56, forecast 0.00, exposure 0.00"
proactive,198,5,proactive,0,,,,"no action: vuln 0.25, forecast 0.10, exposure 0.00"
proactive,199,5,proactive,0,,,,"no action: vuln 0.29, forecast 0.21, exposure 0.05"
proactive,200,5,proactive,0,,,,"no action: vuln 0.26, forecast 0.33, exposure 0.30"
proactive,201,5,proactive,0,,,,"no action: vuln 0.45, forecast 0.42, exposure 0.44"
proactive,202,5,proactive,0,,,,"no action: vuln 0.16, forecast 0.00, exposure 0.00"
proactive,203,5,proactive,0,,,,"no action: vuln 0.56, forecast 0.21, exposure 0.13"
proactive,204,5,proactive,0,,,,"no action: vuln 0.33, forecast 0.13, exposure 0.18"
proactive,205,5,proactive,0,,,,"no action: vuln 0.79, forecast 0.13, exposure 0.08"
proactive,206,5,proactive,0,,,,"no action: vuln 0.59, forecast 0.46, exposure 0.38"
proactive,207,5,proactive,0,,,,"no action: vuln 0.29, forecast 0.00, exposure 0.00"
proactive,208,5,proactive,0,,,,"no action: vuln 0.40, forecast 0.00, exposure 0.00"
proactive,209,5,proactive,0,,,,"no action: vuln 0.27, forecast 0.00, exposure 0.00"
proactive,210,5,proactive,0,,,,"no action: vuln 0.90, forecast 0.19, exposure 0.09"
proactive,211,5,proactive,0,,,,"no action: vuln 0.27, forecast 0.09, exposure 0.10"
proactive,212,5,proactive,0,,,,"no action: vuln 0.25, forecast 0.44, exposure 0.40"
proactive,213,5,proactive,0,,,,"no action: vuln 0.68, forecast 0.38, exposure 0.42"
proactive,214,5,proactive,0,,,,"no action: vuln 0.30, forecast 0.00, exposure 0.00"
proactive,215,5,proactive,0,,,,"no action: vuln 0.22, forecast 0.39, exposure 0.41"
proactive,216,5,proactive,0,,,,"no action: vuln 0.37, forecast 0.11, exposure 0.22"
proactive,217,5,proactive,0,,,,"no action: vuln 0.25, forecast 0.00, exposure 0.00"
proactive,218,5,proactive,0,,,,"no action: vuln 0.28, forecast 0.20, exposure 0.16"
proactive,219,5,proactive,0,,,,"no action: vuln 0.56, forecast 0.41, exposure 0.40"
proactive,220,5,proactive,0,,,,"no action: vuln 0.69, forecast 0.54, exposure 0.42"
proactive,221,5,proactive,0,,,,"no action: vuln 0.88, forecast 0.07, exposure 0.05"
proactive,222,5,proactive,0,,,,"no action: vuln 0.30, forecast 0.00, exposure 0.00"
proactive,223,5,proactive,0,,,,"no action: vuln 0.19, forecast 0.00, exposure 0.00"
proactive,224,5,proactive,0,,,,"no action: vuln 0.23, forecast 0.49, exposure 0.46"
proactive,225,5,proactive,0,,,,"no action: vuln 0.22, forecast 0.15, exposure 0.12"
proactive,226,5,proactive,0,,,,"no action: vuln 0.69, forecast 0.41, exposure 0.44"
proactive,227,5,proactive,0,,,,"no action: vuln 0.76, forecast 0.48, exposure 0.39"
proactive,228,5,proactive,0,,,,"no action: vuln 0.57, forecast 0.43, exposure 0.40"
proactive,229,5,proactive,0,,,,"no action: vuln 0.50, forecast 0.24, exposure 0.07"
proactive,230,5,proactive,0,,,,"no action: vuln 0.24, forecast 0.09, exposure 0.10"
proactive,231,5,proactive,0,,,,"no action: vuln 0.22, forecast 0.00, exposure 0.00"
proactive,232,5,proactive,0,,,,"no action: vuln 0.18, forecast 0.42, exposure 0.34"
proactive,233,5,proactive,0,,,,"no action: vuln 0.29, forecast 0.00, exposure 0.00"
proactive,234,5,proactive,0,,,,"no action: vuln 0.29, forecast 0.00, exposure 0.00"
proactive,235,5,proactive,0,,,,"no action: vuln 0.35, forecast 0.18, exposure 0.00"
proactive,236,5,proactive,0,,,,"no action: vuln 0.28, forecast 0.00, exposure 0.00"
proactive,237,5,proactive,0,,,,"no action: vuln 0.58, forecast 0.13, exposure 0.07"
proactive,238,5,proactive,0,,,,"no action: vuln 0.54, forecast 0.47, exposure 0.36"
proactive,239,5,proactive,0,,,,"no action: vuln 0.60, forecast 0.22, exposure 0.16"
proactive,0,6,proactive,0,,,,"no action: vuln 0.54, forecast 0.14, exposure 0.00"
proactive,1,6,proactive,0,,,,"no action: vuln 0.54, forecast 0.36, exposure 0.17"
proactive,2,6,proactive,0,,,,"no action: vuln 0.72, forecast 0.09, exposure 0.03"
proactive,3,6,proactive,0,,,,"no action: vuln 0.22, forecast 0.28, exposure 0.09"
proactive,4,6,proactive,0,,,,"no action: vuln 0.18, forecast 0.59, exposure 0.37"
proactive,5,6,proactive,0,,,,"no action: vuln 0.77, forecast 0.62, exposure 0.59"
proactive,6,6,proactive,0,,,,"no action: vuln 0.69, forecast 0.57, exposure 0.42"
proactive,7,6,proactive,0,,,,"no action: vuln 0.25, forecast 0.64, exposure 0.51"
proactive,8,6,proactive,0,,,,"no action: vuln 0.63, forecast 0.36, exposure 0.16"
proactive,9,6,proactive,0,,,,"no action: vuln 0.29, forecast 0.66, exposure 0.41"
proactive,10,6,proactive,0,,,,"no action: vuln 0.29, forecast 0.59, exposure 0.38"
proactive,11,6,proactive,0,,,,"no action: vuln 0.29, forecast 0.62, exposure 0.37"
proactive,12,6,proactive,0,,,,"no action: vuln 0.26, forecast 0.63, exposure 0.48"
proactive,13,6,proactive,0,,,,"no action: vuln 0.23, forecast 0.30, exposure 0.19"
proactive,14,6,proactive,0,,,,"no action: vuln 0.23, forecast 0.16, exposure 0.13"
proactive,15,6,proactive,0,,,,"no action: vuln 0.49, forecast 0.68, exposure 0.43"
proactive,16,6,proactive,0,,,,"no action: vuln 0.73, forecast 0.04, exposure 0.00"
proactive,17,6,proactive,0,,,,"no action: vuln 0.69, forecast 0.09, exposure 0.00"
proactive,18,6,proactive,0,,,,"no action: vuln 0.27, forecast 0.65, exposure 0.47"
proactive,19,6,proactive,0,,,,"no action: vuln 0.59, forecast 0.07, exposure 0.00"
proactive,20,6,proactive,0,,,,"no action: vuln 0.20, forecast 0.36, exposure 0.16"
proactive,21,6,proactive,0,,,,"no action: vuln 0.26, forecast 0.59, exposure 0.38"
proactive,22,6,proactive,0,,,,"no action: vuln 0.26, forecast 0.66, exposure 0.45"
proactive,23,6,proactive,0,,,,"no action: vuln 0.69, forecast 0.30, exposure 0.06"
proactive,24,6,proactive,0,,,,"no action: vuln 0.37, forecast 0.51, exposure 0.49"
proactive,25,6,proactive,0,,,,"no action: vuln 0.24, forecast 0.32, exposure 0.13"
proactive,26,6,proactive,0,,,,"no action: vuln 0.30, forecast 0.35, exposure 0.22"
proactive,27,6,proactive,0,,,,"no action: vuln 0.26, forecast 0.62, exposure 0.37"
proactive,28,6,proactive,0,,,,"no action: vuln 0.26, forecast 0.61, exposure 0.51"
proactive,29,6,proactive,0,,,,"no action: vuln 0.32, forecast 0.03, exposure 0.00"
proactive,30,6,proactive,0,,,,"no action: vuln 0.16, forecast 0.32, exposure 0.13"
proactive,31,6,proactive,0,,,,"no action: vuln 0.55, forecast 0.64, exposure 0.42"
proactive,32,6,proactive,0,,,,"no action: vuln 0.25, forecast 0.28, exposure 0.09"
proactive,33,6,proactive,0,,,,"no action: vuln 0.32, forecast 0.61, exposure 0.46"
proactive,34,6,proactive,0,,,,"no action: vuln 0.66, forecast 0.22, exposure 0.00"
proactive,35,6,proactive,0,,,,"no action: vuln 0.55, forecast 0.23, exposure 0.18"
proactive,36,6,proactive,0,,,,"no action: vuln 0.29, forecast 0.08, exposure 0.00"
proactive,37,6,proactive,0,,,,"no action: vuln 0.86, forecast 0.61, exposure 0.51"
proactive,38,6,proactive,0,,,,"no action: vuln 0.24, forecast 0.53, exposure 0.43"
proactive,39,6,proactive,0,,,,"no action: vuln 0.25, forecast 0.27, exposure 0.21"
proactive,40,6,proactive,0,,,,"no action: vuln 0.58, forecast 0.68, exposure 0.46"
proactive,41,6,proactive,0,,,,"no action: vuln 0.26, forecast 0.04, exposure 0.00"
proactive,42,6,proactive,0,,,,"no action: vuln 0.94, forecast 0.64, exposure 0.51"
proactive,43,6,proactive,0,,,,"no action: vuln 0.22, forecast 0.29, exposure 0.15"
proactive,44,6,proactive,0,,,,"no action: vuln 0.54, forecast 0.26, exposure 0.19"
proactive,45,6,proactive,0,,,,"no action: vuln 0.18, forecast 0.60, exposure 0.48"
proactive,46,6,proactive,0,,,,"no action: vuln 0.27, forecast 0.66, exposure 0.45"
proactive,47,6,proactive,0,,,,"no action: vuln 0.30, forecast 0.31, exposure 0.10"
proactive,48,6,proactive,0,,,,"no action: vuln 0.24, forecast 0.10, exposure 0.00"
proactive,49,6,proactive,0,,,,"no action: vuln 0.76, forecast 0.53, exposure 0.34"
proactive,50,6,proactive,0,,,,"no action: vuln 0.42, forecast 0.08, exposure 0.00"
proactive,51,6,proactive,0,,,,"no action: vuln 0.21, forecast 0.66, exposure 0.41"
proactive,52,6,proactive,0,,,,"no action: vuln 0.32, forecast 0.48, exposure 0.33"
proactive,53,6,proactive,0,,,,"no action: vuln 0.26, forecast 0.09, exposure 0.00"
proactive,54,6,proactive,0,,,,"no action: vuln 0.21, forecast 0.59, exposure 0.50"
proactive,55,6,proactive,0,,,,"no action: vuln 0.30, forecast 0.24, exposure 0.06"
proactive,56,6,proactive,0,,,,"no action: vuln 0.74, forecast 0.59, exposure 0.50"
proactive,57,6,proactive,0,,,,"no action: vuln 0.22, forecast 0.21, exposure 0.00"
proactive,58,6,proactive,0,,,,"no action: vuln 0.31, forecast 0.54, exposure 0.41"
proactive,59,6,proactive,0,,,,"no action: vuln 0.22, forecast 0.38, exposure 0.08"
proactive,60,6,proactive,0,,,,"no action: vuln 0.52, forecast 0.62, exposure 0.31"
proactive,61,6,proactive,0,,,,"no action: vuln 0.23, forecast 0.37, exposure 0.22"
proactive,62,6,proactive,0,,,,"no action: vuln 0.78, forecast 0.30, exposure 0.17"
proactive,63,6,proactive,0,,,,"no action: vuln 0.77, forecast 0.04, exposure 0.00"
proactive,64,6,proactive,0,,,,"no action: vuln 0.26, forecast 0.03, exposure 0.00"
proactive,65,6,proactive,0,,,,"no action: vuln 0.18, forecast 0.29, exposure 0.15"
proactive,66,6,proactive,0,,,,"no action: vuln 0.75, forecast 0.59, exposure 0.41"
proactive,67,6,proactive,0,,,,"no action: vuln 0.27, forecast 0.58, exposure 0.41"
proactive,68,6,proactive,0,,,,"no action: vuln 0.26, forecast 0.45, exposure 0.18"
proactive,69,6,proactive,0,,,,"no action: vuln 0.35, forecast 0.45, exposure 0.18"
proactive,70,6,proactive,0,,,,"no action: vuln 0.19, forecast 0.28, exposure 0.13"
proactive,71,6,proactive,0,,,,"no action: vuln 0.23, forecast 0.19, exposure 0.00"
proactive,72,6,proactive,0,,,,"no action: vuln 0.31, forecast 0.52, exposure 0.43"
proactive,73,6,proactive,0,,,,"no action: vuln 0.29, forecast 0.36, exposure 0.17"
proactive,74,6,proactive,0,,,,"no action: vuln 0.75, forecast 0.64, exposure 0.40"
proactive,75,6,proactive,0,,,,"no action: vuln 0.86, forecast 0.09, exposure 0.03"
proactive,76,6,proactive,0,,,,"no action: vuln 0.24, forecast 0.28, exposure 0.13"
proactive,77,6,proactive,0,,,,"no action: vuln 0.57, forecast 0.25, exposure 0.08"
proactive,78,6,proactive,0,,,,"no action: vuln 0.26, forecast 0.23, exposure 0.00"
proactive,79,6,proactive,0,,,,"no action: vuln 0.31, forecast 0.06, exposure 0.00"
proactive,80,6,proactive,0,,,,"no action: vuln 0.24, forecast 0.16, exposure 0.00"
proactive,81,6,proactive,0,,,,"no action: vuln 0.75, forecast 0.62, exposure 0.46"
proactive,82,6,proactive,0,,,,"no action: vuln 0.21, forecast 0.64, exposure 0.51"
proactive,83,6,proactive,0,,,,"no action: vuln 0.24, forecast 0.62, exposure 0.59"
proactive,84,6,proactive,0,,,,"no action: vuln 0.76, forecast 0.68, exposure 0.47"
proactive,85,6,proactive,0,,,,"no action: vuln 0.21, forecast 0.08, exposure 0.00"
proactive,86,6,proactive,0,,,,"no action: vuln 0.26, forecast 0.58, exposure 0.42"
proactive,87,6,proactive,0,,,,"no action: vuln 0.87, forecast 0.54, exposure 0.45"
proactive,88,6,proactive,0,,,,"no action: vuln 0.23, forecast 0.35, exposure 0.08"
proactive,89,6,proactive,0,,,,"no action: vuln 0.22, forecast 0.68, exposure 0.49"
proactive,90,6,proactive,0,,,,"no action: vuln 0.73, forecast 0.15, exposure 0.03"
proactive,91,6,proactive,0,,,,"no action: vuln 0.27, forecast 0.18, exposure 0.05"
proactive,92,6,proactive,0,,,,"no action: vuln 0.20, forecast 0.05, exposure 0.00"
proactive,93,6,proactive,0,,,,"no action: vuln 0.20, forecast 0.04, exposure 0.00"
proactive,94,6,proactive,0,,,,"no action: vuln 0.70, forecast 0.63, exposure 0.38"
proactive,95,6,proactive,0,,,,"no action: vuln 0.25, forecast 0.28, exposure 0.14"
proactive,96,6,proactive,0,,,,"no action: vuln 0.50, forecast 0.59, exposure 0.37"
proactive,97,6,proactive,0,,,,"no action: vuln 0.27, forecast 0.08, exposure 0.01"
proactive,98,6,proactive,0,,,,"no action: vuln 0.22, forecast 0.68, exposure 0.46"
proactive,99,6,proactive,0,,,,"no action: vuln 0.72, forecast 0.14, exposure 0.00"
proactive,100,6,proactive,0,,,,"no action: vuln 0.48, forecast 0.14, exposure 0.00"
proactive,101,6,proactive,0,,,,"no action: vuln 0.81, forecast 0.18, exposure 0.00"
proactive,102,6,proactive,0,,,,"no action: vuln 0.94, forecast 0.04, exposure 0.00"
proactive,103,6,proactive,0,,,,"no action: vuln 0.30, forecast 0.05, exposure 0.00"
proactive,104,6,proactive,0,,,,"no action: vuln 0.81, forecast 0.54, exposure 0.41"
proactive,105,6,proactive,0,,,,"no action: vuln 0.23, forecast 0.61, exposure 0.51"
proactive,106,6,proactive,0,,,,"no action: vuln 0.51, forecast 0.53, exposure 0.43"
proactive,107,6,proactive,0,,,,"no action: vuln 0.56, forecast 0.59, exposure 0.50"
proactive,108,6,proactive,0,,,,"no action: vuln 0.23, forecast 0.19, exposure 0.00"
proactive,109,6,proactive,0,,,,"no action: vuln 0.30, forecast 0.14, exposure 0.00"
proactive,110,6,proactive,0,,,,"no action: vuln 0.27, forecast 0.25, exposure 0.15"
proactive,111,6,proactive,0,,,,"no action: vuln 0.53, forecast 0.35, exposure 0.22"
proactive,112,6,proactive,0,,,,"no action: vuln 0.89, forecast 0.68, exposure 0.43"
proactive,113,6,proactive,0,,,,"no action: vuln 0.52, forecast 0.65, exposure 0.47"
proactive,114,6,proactive,0,,,,"no action: vuln 0.86, forecast 0.14, exposure 0.00"
proactive,115,6,proactive,0,,,,"no action: vuln 0.32, forecast 0.33, exposure 0.20"
proactive,116,6,proactive,0,,,,"no action: vuln 0.58, forecast 0.64, exposure 0.32"
proactive,117,6,proactive,0,,,,"no action: vuln 0.24, forecast 0.61, exposure 0.49"
proactive,118,6,proactive,0,,,,"no action: vuln 0.21, forecast 0.24, exposure 0.00"
proactive,119,6,proactive,0,,,,"no action: vuln 0.90, forecast 0.04, exposure 0.00"
proactive,120,6,proactive,0,,,,"no action: vuln 0.53, forecast 0.31, exposure 0.15"
proactive,121,6,proactive,0,,,,"no action: vuln 0.43, forecast 0.37, exposure 0.16"
proactive,122,6,proactive,0,,,,"no action: vuln 0.32, forecast 0.31, exposure 0.10"
proactive,123,6,proactive,0,,,,"no action: vuln 0.70, forecast 0.61, exposure 0.47"
proactive,124,6,proactive,0,,,,"no action: vuln 0.56, forecast 0.11, exposure 0.00"
proactive,125,6,proactive,0,,,,"no action: vuln 0.85, forecast 0.60, exposure 0.48"
proactive,126,6,proactive,0,,,,"no action: vuln 0.55, forecast 0.30, exposure 0.17"
proactive,127,6,proactive,0,,,,"no action: vuln 0.77, forecast 0.04, exposure 0.00"
proactive,128,6,proactive,0,,,,"no action: vuln 0.74, forecast 0.09, exposure 0.00"
proactive,129,6,proactive,0,,,,"no action: vuln 0.19, forecast 0.59, exposure 0.50"
proactive,130,6,proactive,0,,,,"no action: vuln 0.60, forecast 0.19, exposure 0.00"
proactive,131,6,proactive,0,,,,"no action: vuln 0.67, forecast 0.18, exposure 0.00"
proactive,132,6,proactive,0,,,,"no action: vuln 0.27, forecast 0.28, exposure 0.09"
proactive,133,6,proactive,0,,,,"no action: vuln 0.23, forecast 0.08, exposure 0.00"
proactive,134,6,proactive,0,,,,"no action: vuln 0.21, forecast 0.62, exposure 0.31"
proactive,135,6,proactive,0,,,,"no action: vuln 0.49, forecast 0.59, exposure 0.48"
proactive,136,6,proactive,0,,,,"no action: vuln 0.58, forecast 0.08, exposure 0.00"
proactive,137,6,proactive,0,,,,"no action: vuln 0.18, forecast 0.70, exposure 0.48"
proactive,138,6,proactive,0,,,,"no action: vuln 0.30, forecast 0.32, exposure 0.09"
proactive,139,6,proactive,0,,,,"no action: vuln 0.28, forecast 0.66, exposure 0.45"
proactive,140,6,proactive,0,,,,"no action: vuln 0.30, forecast 0.32, exposure 0.09"
proactive,141,6,proactive,0,,,,"no action: vuln 0.24, forecast 0.62, exposure 0.31"
proactive,142,6,proactive,0,,,,"no action: vuln 0.26, forecast 0.10, exposure 0.00"
proactive,143,6,proactive,0,,,,"no action: vuln 0.20, forecast 0.08, exposure 0.01"
proactive,144,6,proactive,0,,,,"no action: vuln 0.83, forecast 0.37, exposure 0.21"
proactive,145,6,proactive,0,,,,"no action: vuln 0.23, forecast 0.14, exposure 0.00"
proactive,146,6,proactive,0,,,,"no action: vuln 0.23, forecast 0.59, exposure 0.53"
proactive,147,6,proactive,0,,,,"no action: vuln 0.19, forecast 0.28, exposure 0.08"
proactive,148,6,proactive,0,,,,"no action: vuln 0.33, forecast 0.60, exposure 0.39"
proactive,149,6,proactive,0,,,,"no action: vuln 0.59, forecast 0.37, exposure 0.22"
proactive,150,6,proactive,0,,,,"no action: vuln 0.34, forecast 0.14, exposure 0.00"
proactive,151,6,proactive,0,,,,"no action: vuln 0.24, forecast 0.59, exposure 0.48"
proactive,152,6,proactive,0,,,,"no action: vuln 0.31, forecast 0.31, exposure 0.21"
proactive,153,6,proactive,0,,,,"no action: vuln 0.30, forecast 0.08, exposure 0.00"
proactive,154,6,proactive,0,,,,"no action: vuln 0.52, forecast 0.23, exposure 0.00"
proactive,155,6,proactive,0,,,,"no action: vuln 0.27, forecast 0.59, exposure 0.48"
proactive,156,6,proactive,0,,,,"no action: vuln 0.22, forecast 0.38, exposure 0.08"
proactive,157,6,proactive,0,,,,"no action: vuln 0.78, forecast 0.56, exposure 0.46"
proactive,158,6,proactive,0,,,,"no action: vuln 0.22, forecast 0.08, exposure 0.00"
proactive,159,6,proactive,0,,,,"no action: vuln 0.25, forecast 0.28, exposure 0.11"
proactive,160,6,proactive,0,,,,"no action: vuln 0.24, forecast 0.52, exposure 0.43"
proactive,161,6,proactive,0,,,,"no action: vuln 0.27, forecast 0.04, exposure 0.00"
proactive,162,6,proactive,0,,,,"no action: vuln 0.56, forecast 0.61, exposure 0.49"
proactive,163,6,proactive,0,,,,"no action: vuln 0.26, forecast 0.10, exposure 0.00"
proactive,164,6,proactive,0,,,,"no action: vuln 0.22, forecast 0.20, exposure 0.00"
proactive,165,6,proactive,0,,,,"no action: vuln 0.27, forecast 0.61, exposure 0.40"
proactive,166,6,proactive,0,,,,"no action: vuln 0.31, forecast 0.33, exposure 0.20"
proactive,167,6,proactive,0,,,,"no action: vuln 0.56, forecast 0.14, exposure 0.00"
proactive,168,6,proactive,0,,,,"no action: vuln 0.29, forecast 0.64, exposure 0.58"
proactive,169,6,proactive,0,,,,"no action: vuln 0.20, forecast 0.09, exposure 0.00"
proactive,170,6,proactive,0,,,,"no action: vuln 0.26, forecast 0.31, exposure 0.15"
proactive,171,6,proactive,0,,,,"no action: vuln 0.54, forecast 0.66, exposure 0.45"
proactive,172,6,proactive,0,,,,"no action: vuln 0.20, forecast 0.18, exposure 0.05"
proactive,173,6,proactive,0,,,,"no action: vuln 0.74, forecast 0.09, exposure 0.00"
proactive,174,6,proactive,0,,,,"no action: vuln 0.59, forecast 0.05, exposure 0.00"
proactive,175,6,proactive,0,,,,"no action: vuln 0.28, forecast 0.08, exposure 0.00"
proactive,176,6,proactive,0,,,,"no action: vuln 0.20, forecast 0.16, exposure 0.13"
proactive,177,6,proactive,0,,,,"no action: vuln 0.26, forecast 0.14, exposure 0.00"
proactive,178,6,proactive,0,,,,"no action: vuln 0.30, forecast 0.54, exposure 0.38"
proactive,179,6,proactive,0,,,,"no action: vuln 0.38, forecast 0.30, exposure 0.17"
proactive,180,6,proactive,0,,,,"no action: vuln 0.71, forecast 0.05, exposure 0.00"
proactive,181,6,proactive,0,,,,"no action: vuln 0.52, forecast 0.14, exposure 0.00"
proactive,182,6,proactive,0,,,,"no action: vuln 0.22, forecast 0.53, exposure 0.41"
proactive,183,6,proactive,0,,,,"no action: vuln 0.24, forecast 0.21, exposure 0.00"
proactive,184,6,proactive,0,,,,"no action: vuln 0.21, forecast 0.60, exposure 0.48"
proactive,185,6,proactive,0,,,,"no action: vuln 0.90, forecast 0.10, exposure 0.00"
proactive,186,6,proactive,0,,,,"no action: vuln 0.27, forecast 0.32, exposure 0.20"
proactive,187,6,proactive,0,,,,"no action: vuln 0.23, forecast 0.11, exposure 0.00"
proactive,188,6,proactive,0,,,,"no action: vuln 0.26, forecast 0.64, exposure 0.51"
proactive,189,6,proactive,0,,,,"no action: vuln 0.25, forecast 0.08, exposure 0.00"
proactive,190,6,proactive,0,,,,"no action: vuln 0.74, forecast 0.59, exposure 0.37"
proactive,191,6,proactive,0,,,,"no action: vuln 0.24, forecast 0.62, exposure 0.59"
proactive,192,6,proactive,0,,,,"no action: vuln 0.26, forecast 0.65, exposure 0.47"
proactive,193,6,proactive,0,,,,"no action: vuln 0.31, forecast 0.25, exposure 0.08"
proactive,194,6,proactive,0,,,,"no action: vuln 0.74, forecast 0.62, exposure 0.59"
proactive,195,6,proactive,0,,,,"no action: vuln 0.26, forecast 0.62, exposure 0.59"
proactive,196,6,proactive,0,,,,"no action: vuln 0.22, forecast 0.29, exposure 0.15"
proactive,197,6,proactive,0,,,,"no action: vuln 0.56, forecast 0.05, exposure 0.00"
proactive,198,6,proactive,0,,,,"no action: vuln 0.25, forecast 0.31, exposure 0.10"
proactive,199,6,proactive,0,,,,"no action: vuln 0.29, forecast 0.37, exposure 0.21"
proactive,200,6,proactive,0,,,,"no action: vuln 0.26, forecast 0.48, exposure 0.33"
proactive,201,6,proactive,0,,,,"no action: vuln 0.45, forecast 0.63, exposure 0.42"
proactive,202,6,proactive,0,,,,"no action: vuln 0.16, forecast 0.09, exposure 0.00"
proactive,203,6,proactive,0,,,,"no action: vuln 0.56, forecast 0.31, exposure 0.21"
proactive,204,6,proactive,0,,,,"no action: vuln 0.33, forecast 0.42, exposure 0.13"
proactive,205,6,proactive,0,,,,"no action: vuln 0.79, forecast 0.16, exposure 0.13"
proactive,206,6,proactive,0,,,,"no action: vuln 0.59, forecast 0.61, exposure 0.46"
proactive,207,6,proactive,0,,,,"no action: vuln 0.29, forecast 0.21, exposure 0.00"
proactive,208,6,proactive,0,,,,"no action: vuln 0.40, forecast 0.09, exposure 0.00"
proactive,209,6,proactive,0,,,,"no action: vuln 0.27, forecast 0.24, exposure 0.00"
proactive,210,6,proactive,0,,,,"no action: vuln 0.90, forecast 0.30, exposure 0.19"
proactive,211,6,proactive,0,,,,"no action: vuln 0.27, forecast 0.32, exposure 0.09"
proactive,212,6,proactive,0,,,,"no action: vuln 0.25, forecast 0.60, exposure 0.44"
proactive,213,6,proactive,0,,,,"no action: vuln 0.68, forecast 0.54, exposure 0.38"
proactive,214,6,proactive,0,,,,"no action: vuln 0.30, forecast 0.04, exposure 0.00"
proactive,215,6,proactive,0,,,,"no action: vuln 0.22, forecast 0.56, exposure 0.39"
proactive,216,6,proactive,0,,,,"no action: vuln 0.37, forecast 0.28, exposure 0.11"
proactive,217,6,proactive,0,,,,"no action: vuln 0.25, forecast 0.10, exposure 0.00"
proactive,218,6,proactive,0,,,,"no action: vuln 0.28, forecast 0.29, exposure 0.20"
proactive,219,6,proactive,0,,,,"no action: vuln 0.56, forecast 0.66, exposure 0.41"
proactive,220,6,proactive,0,,,,"no action: vuln 0.69, forecast 0.61, exposure 0.54"
proactive,221,6,proactive,0,,,,"no action: vuln 0.88, forecast 0.24, exposure 0.07"
proactive,222,6,proactive,0,,,,"no action: vuln 0.30, forecast 0.03, exposure 0.00"
proactive,223,6,proactive,0,,,,"no action: vuln 0.19, forecast 0.05, exposure 0.00"
proactive,224,6,proactive,0,,,,"no action: vuln 0.23, forecast 0.51, exposure 0.49"
proactive,225,6,proactive,0,,,,"no action: vuln 0.22, forecast 0.29, exposure 0.15"
proactive,226,6,proactive,0,,,,"no action: vuln 0.69, forecast 0.54, exposure 0.41"
proactive,227,6,proactive,0,,,,"no action: vuln 0.76, forecast 0.63, exposure 0.48"
proactive,228,6,proactive,0,,,,"no action: vuln 0.57, forecast 0.55, exposure 0.43"
proactive,229,6,proactive,0,,,,"no action: vuln 0.50, forecast 0.28, exposure 0.24"
proactive,230,6,proactive,0,,,,"no action: vuln 0.24, forecast 0.28, exposure 0.09"
proactive,231,6,proactive,0,,,,"no action: vuln 0.22, forecast 0.17, exposure 0.00"
proactive,232,6,proactive,0,,,,"no action: vuln 0.18, forecast 0.56, exposure 0.42"
proactive,233,6,proactive,0,,,,"no action: vuln 0.29, forecast 0.14, exposure 0.00"
proactive,234,6,proactive,0,,,,"no action: vuln 0.29, forecast 0.05, exposure 0.00"
proactive,235,6,proactive,0,,,,"no action: vuln 0.35, forecast 0.45, exposure 0.18"
proactive,236,6,proactive,0,,,,"no action: vuln 0.28, forecast 0.06, exposure 0.00"
proactive,237,6,proactive,0,,,,"no action: vuln 0.58, forecast 0.32, exposure 0.13"
proactive,238,6,proactive,0,,,,"no action: vuln 0.54, forecast 0.50, exposure 0.47"
proactive,239,6,proactive,0,,,,"no action: vuln 0.60, forecast 0.37, exposure 0.22"
proactive,0,7,proactive,0,,,,"no action: vuln 0.54, forecast 0.80, exposure 0.54"
proactive,1,7,proactive,0,,,,"no action: vuln 0.54, forecast 0.27, exposure 0.07"
proactive,2,7,proactive,1,SH_COREDO,6.0,2.0,vuln 0.72 >= 0.55 and forecast 0.92 >= 0.8; pre-positioned to SH_COREDO
proactive,3,7,proactive,0,,,,"no action: vuln 0.22, forecast 0.82, exposure 0.61"
proactive,4,7,proactive,0,,,,"no action: vuln 0.18, forecast 0.81, exposure 0.54"
proactive,5,7,proactive,0,,,,"no action: vuln 0.77, forecast 0.73, exposure 0.50"
proactive,6,7,proactive,1,SH_COREDO,6.0,2.0,vuln 0.69 >= 0.55 and forecast 0.81 >= 0.8; pre-positioned to SH_COREDO
proactive,7,7,proactive,0,,,,"no action: vuln 0.25, forecast 0.54, exposure 0.35"
proactive,8,7,proactive,1,SH_COREDO,6.0,2.0,vuln 0.63 >= 0.55 and forecast 0.81 >= 0.8; pre-positioned to SH_COREDO
proactive,9,7,proactive,0,,,,"no action: vuln 0.29, forecast 0.83, exposure 0.53"
proactive,10,7,proactive,0,,,,"no action: vuln 0.29, forecast 0.83, exposure 0.60"
proactive,11,7,proactive,0,,,,"no action: vuln 0.29, forecast 0.30, exposure 0.06"
proactive,12,7,proactive,0,,,,"no action: vuln 0.26, forecast 0.34, exposure 0.14"
proactive,13,7,proactive,0,,,,"no action: vuln 0.23, forecast 0.56, exposure 0.28"
proactive,14,7,proactive,0,,,,"no action: vuln 0.23, forecast 0.40, exposure 0.09"
proactive,15,7,proactive,0,,,,"no action: vuln 0.49, forecast 0.59, exposure 0.32"
proactive,16,7,proactive,0,,,,"no action: vuln 0.73, forecast 0.56, exposure 0.37"
proactive,17,7,proactive,1,SH_BRIDGE_PLAZA,17.0,6.0,vuln 0.69 >= 0.55 and forecast 0.89 >= 0.8; pre-positioned to SH_BRIDGE_PLAZA
proactive,18,7,proactive,0,,,,"no action: vuln 0.27, forecast 0.37, exposure 0.10"
proactive,19,7,proactive,0,,,,"no action: vuln 0.59, forecast 0.75, exposure 0.63"
proactive,20,7,proactive,0,,,,"no action: vuln 0.20, forecast 0.79, exposure 0.61"
proactive,21,7,proactive,0,,,,"no action: vuln 0.26, forecast 0.82, exposure 0.61"
proactive,22,7,proactive,0,,,,"no action: vuln 0.26, forecast 0.54, exposure 0.28"
proactive,23,7,proactive,0,,,,"no action: vuln 0.69, forecast 0.54, exposure 0.35"
proactive,24,7,proactive,0,,,,"no action: vuln 0.37, forecast 0.55, exposure 0.37"
proactive,25,7,proactive,0,,,,"no action: vuln 0.24, forecast 0.49, exposure 0.30"
proactive,26,7,proactive,0,,,,"no action: vuln 0.30, forecast 0.51, exposure 0.27"
proactive,27,7,proactive,0,,,,"no action: vuln 0.26, forecast 0.79, exposure 0.63"
proactive,28,7,proactive,0,,,,"no action: vuln 0.26, forecast 0.43, exposure 0.06"
proactive,29,7,proactive,0,,,,"no action: vuln 0.32, forecast 0.31, exposure 0.16"
proactive,30,7,proactive,0,,,,"no action: vuln 0.16, forecast 0.35, exposure 0.17"
proactive,31,7,proactive,0,,,,"no action: vuln 0.55, forecast 0.26, exposure 0.05"
proactive,32,7,proactive,0,,,,"no action: vuln 0.25, forecast 0.53, exposure 0.23"
proactive,33,7,proactive,0,,,,"no action: vuln 0.32, forecast 0.35, exposure 0.17"
proactive,34,7,proactive,0,,,,"no action: vuln 0.66, forecast 0.40, exposure 0.09"
proactive,35,7,proactive,0,,,,"no action: vuln 0.55, forecast 0.31, exposure 0.09"
proactive,36,7,proactive,0,,,,"no action: vuln 0.29, forecast 0.77, exposure 0.54"
proactive,37,7,proactive,1,SH_COREDO,6.0,2.0,vuln 0.86 >= 0.55 and forecast 0.83 >= 0.8; pre-positioned to SH_COREDO
proactive,38,7,proactive,0,,,,"no action: vuln 0.24, forecast 0.49, exposure 0.29"
proactive,39,7,proactive,0,,,,"no action: vuln 0.25, forecast 0.41, exposure 0.01"
proactive,40,7,proactive,0,,,,"no action: vuln 0.58, forecast 0.78, exposure 0.50"
proactive,41,7,proactive,0,,,,"no action: vuln 0.26, forecast 0.48, exposure 0.16"
proactive,42,7,proactive,0,,,,"no action: vuln 0.94, forecast 0.30, exposure 0.09"
proactive,43,7,proactive,0,,,,"no action: vuln 0.22, forecast 0.39, exposure 0.09"
proactive,44,7,proactive,0,,,,"no action: vuln 0.54, forecast 0.87, exposure 0.61"
proactive,45,7,proactive,0,,,,"no action: vuln 0.18, forecast 0.85, exposure 0.49"
proactive,46,7,proactive,0,,,,"no action: vuln 0.27, forecast 0.83, exposure 0.58"
proactive,47,7,proactive,0,,,,"no action: vuln 0.30, forecast 0.40, exposure 0.14"
proactive,48,7,proactive,0,,,,"no action: vuln 0.24, forecast 0.34, exposure 0.07"
proactive,49,7,proactive,0,,,,"no action: vuln 0.76, forecast 0.57, exposure 0.36"
proactive,50,7,proactive,0,,,,"no action: vuln 0.42, forecast 0.30, exposure 0.09"
proactive,51,7,proactive,0,,,,"no action: vuln 0.21, forecast 0.78, exposure 0.59"
proactive,52,7,proactive,0,,,,"no action: vuln 0.32, forecast 0.33, exposure 0.08"
proactive,53,7,proactive,0,,,,"no action: vuln 0.26, forecast 0.60, exposure 0.38"
proactive,54,7,proactive,0,,,,"no action: vuln 0.21, forecast 0.49, exposure 0.30"
proactive,55,7,proactive,0,,,,"no action: vuln 0.30, forecast 0.77, exposure 0.54"
proactive,56,7,proactive,0,,,,"no action: vuln 0.74, forecast 0.78, exposure 0.59"
proactive,57,7,proactive,0,,,,"no action: vuln 0.22, forecast 0.76, exposure 0.64"
proactive,58,7,proactive,0,,,,"no action: vuln 0.31, forecast 0.52, exposure 0.25"
proactive,59,7,proactive,0,,,,"no action: vuln 0.22, forecast 0.81, exposure 0.61"
proactive,60,7,proactive,0,,,,"no action: vuln 0.52, forecast 0.94, exposure 0.62"
proactive,61,7,proactive,0,,,,"no action: vuln 0.23, forecast 0.81, exposure 0.61"
proactive,62,7,proactive,1,SH_COREDO,6.0,2.0,vuln 0.78 >= 0.55 and forecast 0.81 >= 0.8; pre-positioned to SH_COREDO
proactive,63,7,proactive,1,SH_COREDO,6.0,2.0,vuln 0.77 >= 0.55 and forecast 0.92 >= 0.8; pre-positioned to SH_COREDO
proactive,64,7,proactive,0,,,,"no action: vuln 0.26, forecast 0.57, exposure 0.25"
proactive,65,7,proactive,0,,,,"no action: vuln 0.18, forecast 0.46, exposure 0.05"
proactive,66,7,proactive,0,,,,"no action: vuln 0.75, forecast 0.40, exposure 0.04"
proactive,67,7,proactive,0,,,,"no action: vuln 0.27, forecast 0.56, exposure 0.21"
proactive,68,7,proactive,0,,,,"no action: vuln 0.26, forecast 0.50, exposure 0.28"
proactive,69,7,proactive,0,,,,"no action: vuln 0.35, forecast 0.58, exposure 0.21"
proactive,70,7,proactive,0,,,,"no action: vuln 0.19, forecast 0.35, exposure 0.18"
proactive,71,7,proactive,0,,,,"no action: vuln 0.23, forecast 0.86, exposure 0.64"
proactive,72,7,proactive,0,,,,"no action: vuln 0.31, forecast 0.52, exposure 0.25"
proactive,73,7,proactive,0,,,,"no action: vuln 0.29, forecast 0.78, exposure 0.62"
proactive,74,7,proactive,0,,,,"no action: vuln 0.75, forecast 0.31, exposure 0.16"
proactive,75,7,proactive,1,SH_SUBWAY_EXIT,13.0,3.0,vuln 0.86 >= 0.55 and forecast 0.89 >= 0.8; pre-positioned to SH_SUBWAY_EXIT
proactive,76,7,proactive,0,,,,"no action: vuln 0.24, forecast 0.56, exposure 0.35"
proactive,77,7,proactive,1,SH_COREDO,6.0,2.0,vuln 0.57 >= 0.55 and forecast 0.81 >= 0.8; pre-positioned to SH_COREDO
proactive,78,7,proactive,0,,,,"no action: vuln 0.26, forecast 0.78, exposure 0.64"
proactive,79,7,proactive,0,,,,"no action: vuln 0.31, forecast 0.52, exposure 0.25"
proactive,80,7,proactive,0,,,,"no action: vuln 0.24, forecast 0.77, exposure 0.54"
proactive,81,7,proactive,0,,,,"no action: vuln 0.75, forecast 0.39, exposure 0.09"
proactive,82,7,proactive,0,,,,"no action: vuln 0.21, forecast 0.84, exposure 0.59"
proactive,83,7,proactive,0,,,,"no action: vuln 0.24, forecast 0.80, exposure 0.59"
proactive,84,7,proactive,0,,,,"no action: vuln 0.76, forecast 0.37, exposure 0.14"
proactive,85,7,proactive,0,,,,"no action: vuln 0.21, forecast 0.39, exposure 0.07"
proactive,86,7,proactive,0,,,,"no action: vuln 0.26, forecast 0.77, exposure 0.56"
proactive,87,7,proactive,0,,,,"no action: vuln 0.87, forecast 0.37, exposure 0.23"
proactive,88,7,proactive,0,,,,"no action: vuln 0.23, forecast 0.30, exposure 0.08"
proactive,89,7,proactive,0,,,,"no action: vuln 0.22, forecast 0.94, exposure 0.62"
proactive,90,7,proactive,0,,,,"no action: vuln 0.73, forecast 0.46, exposure 0.05"
proactive,91,7,proactive,0,,,,"no action: vuln 0.27, forecast 0.52, exposure 0.28"
proactive,92,7,proactive,0,,,,"no action: vuln 0.20, forecast 0.48, exposure 0.28"
proactive,93,7,proactive,0,,,,"no action: vuln 0.20, forecast 0.51, exposure 0.27"
proactive,94,7,proactive,0,,,,"no action: vuln 0.70, forecast 0.31, exposure 0.16"
proactive,95,7,proactive,0,,,,"no action: vuln 0.25, forecast 0.51, exposure 0.24"
proactive,96,7,proactive,0,,,,"no action: vuln 0.50, forecast 0.34, exposure 0.14"
proactive,97,7,proactive,0,,,,"no action: vuln 0.27, forecast 0.78, exposure 0.64"
proactive,98,7,proactive,0,,,,"no action: vuln 0.22, forecast 0.39, exposure 0.09"
proactive,99,7,proactive,0,,,,"no action: vuln 0.72, forecast 0.30, exposure 0.10"
proactive,100,7,proactive,0,,,,"no action: vuln 0.48, forecast 0.87, exposure 0.61"
proactive,101,7,proactive,0,,,,"no action: vuln 0.81, forecast 0.75, exposure 0.50"
proactive,102,7,proactive,0,,,,"no action: vuln 0.94, forecast 0.36, exposure 0.03"
proactive,103,7,proactive,0,,,,"no action: vuln 0.30, forecast 0.87, exposure 0.56"
proactive,104,7,proactive,0,,,,"no action: vuln 0.81, forecast 0.57, exposure 0.31"
proactive,105,7,proactive,0,,,,"no action: vuln 0.23, forecast 0.56, exposure 0.34"
proactive,106,7,proactive,0,,,,"no action: vuln 0.51, forecast 0.82, exposure 0.61"
proactive,107,7,proactive,0,,,,"no action: vuln 0.56, forecast 0.80, exposure 0.59"
proactive,108,7,proactive,0,,,,"no action: vuln 0.23, forecast 0.89, exposure 0.59"
proactive,109,7,proactive,0,,,,"no action: vuln 0.30, forecast 0.58, exposure 0.34"
proactive,110,7,proactive,0,,,,"no action: vuln 0.27, forecast 0.51, exposure 0.42"
proactive,111,7,proactive,0,,,,"no action: vuln 0.53, forecast 0.56, exposure 0.28"
proactive,112,7,proactive,0,,,,"no action: vuln 0.89, forecast 0.54, exposure 0.43"
proactive,113,7,proactive,0,,,,"no action: vuln 0.52, forecast 0.24, exposure 0.15"
proactive,114,7,proactive,0,,,,"no action: vuln 0.86, forecast 0.27, exposure 0.07"
proactive,115,7,proactive,0,,,,"no action: vuln 0.32, forecast 0.58, exposure 0.21"
proactive,116,7,proactive,0,,,,"no action: vuln 0.58, forecast 0.24, exposure 0.11"
proactive,117,7,proactive,0,,,,"no action: vuln 0.24, forecast 0.31, exposure 0.08"
proactive,118,7,proactive,0,,,,"no action: vuln 0.21, forecast 0.88, exposure 0.62"
proactive,119,7,proactive,0,,,,"no action: vuln 0.90, forecast 0.35, exposure 0.18"
proactive,120,7,proactive,0,,,,"no action: vuln 0.53, forecast 0.57, exposure 0.25"
proactive,121,7,proactive,0,,,,"no action: vuln 0.43, forecast 0.80, exposure 0.59"
proactive,122,7,proactive,0,,,,"no action: vuln 0.32, forecast 0.31, exposure 0.16"
proactive,123,7,proactive,0,,,,"no action: vuln 0.70, forecast 0.37, exposure 0.10"
proactive,124,7,proactive,0,,,,"no action: vuln 0.56, forecast 0.39, exposure 0.09"
proactive,125,7,proactive,1,SH_COREDO,6.0,2.0,vuln 0.85 >= 0.55 and forecast 0.81 >= 0.8; pre-positioned to SH_COREDO
proactive,126,7,proactive,0,,,,"no action: vuln 0.55, forecast 0.58, exposure 0.21"
proactive,127,7,proactive,0,,,,"no action: vuln 0.77, forecast 0.52, exposure 0.28"
proactive,128,7,proactive,0,,,,"no action: vuln 0.74, forecast 0.40, exposure 0.09"
proactive,129,7,proactive,0,,,,"no action: vuln 0.19, forecast 0.32, exposure 0.08"
proactive,130,7,proactive,0,,,,"no action: vuln 0.60, forecast 0.78, exposure 0.64"
proactive,131,7,proactive,1,SH_SUBWAY_EXIT,13.0,3.0,vuln 0.67 >= 0.55 and forecast 0.81 >= 0.8; pre-positioned to SH_SUBWAY_EXIT
proactive,132,7,proactive,0,,,,"no action: vuln 0.27, forecast 0.83, exposure 0.53"
proactive,133,7,proactive,0,,,,"no action: vuln 0.23, forecast 0.41, exposure 0.14"
proactive,134,7,proactive,0,,,,"no action: vuln 0.21, forecast 0.51, exposure 0.42"
proactive,135,7,proactive,0,,,,"no action: vuln 0.49, forecast 0.55, exposure 0.29"
proactive,136,7,proactive,0,,,,"no action: vuln 0.58, forecast 0.59, exposure 0.33"
proactive,137,7,proactive,0,,,,"no action: vuln 0.18, forecast 0.77, exposure 0.56"
proactive,138,7,proactive,0,,,,"no action: vuln 0.30, forecast 0.31, exposure 0.10"
proactive,139,7,proactive,0,,,,"no action: vuln 0.28, forecast 0.90, exposure 0.64"
proactive,140,7,proactive,0,,,,"no action: vuln 0.30, forecast 0.37, exposure 0.23"
proactive,141,7,proactive,0,,,,"no action: vuln 0.24, forecast 0.53, exposure 0.30"
proactive,142,7,proactive,0,,,,"no action: vuln 0.26, forecast 0.48, exposure 0.28"
proactive,143,7,proactive,0,,,,"no action: vuln 0.20, forecast 0.32, exposure 0.17"
proactive,144,7,proactive,0,,,,"no action: vuln 0.83, forecast 0.51, exposure 0.24"
proactive,145,7,proactive,0,,,,"no action: vuln 0.23, forecast 0.81, exposure 0.48"
proactive,146,7,proactive,0,,,,"no action: vuln 0.23, forecast 0.82, exposure 0.58"
proactive,147,7,proactive,0,,,,"no action: vuln 0.19, forecast 0.81, exposure 0.68"
proactive,148,7,proactive,0,,,,"no action: vuln 0.33, forecast 0.81, exposure 0.68"
proactive,149,7,proactive,0,,,,"no action: vuln 0.59, forecast 0.37, exposure 0.24"
proactive,150,7,proactive,0,,,,"no action: vuln 0.34, forecast 0.76, exposure 0.64"
proactive,151,7,proactive,0,,,,"no action: vuln 0.24, forecast 0.89, exposure 0.63"
proactive,152,7,proactive,0,,,,"no action: vuln 0.31, forecast 0.81, exposure 0.52"
proactive,153,7,proactive,0,,,,"no action: vuln 0.30, forecast 0.32, exposure 0.17"
proactive,154,7,proactive,0,,,,"no action: vuln 0.52, forecast 0.90, exposure 0.64"
proactive,155,7,proactive,0,,,,"no action: vuln 0.27, forecast 0.80, exposure 0.53"
proactive,156,7,proactive,0,,,,"no action: vuln 0.22, forecast 0.31, exposure 0.08"
proactive,157,7,proactive,1,SH_COREDO,6.0,2.0,vuln 0.78 >= 0.55 and forecast 0.82 >= 0.8; pre-positioned to SH_COREDO
proactive,158,7,proactive,0,,,,"no action: vuln 0.22, forecast 0.40, exposure 0.04"
proactive,159,7,proactive,0,,,,"no action: vuln 0.25, forecast 0.86, exposure 0.66"
proactive,160,7,proactive,0,,,,"no action: vuln 0.24, forecast 0.57, exposure 0.36"
proactive,161,7,proactive,0,,,,"no action: vuln 0.27, forecast 0.76, exposure 0.62"
proactive,162,7,proactive,0,,,,"no action: vuln 0.56, forecast 0.78, exposure 0.50"
proactive,163,7,proactive,0,,,,"no action: vuln 0.26, forecast 0.48, exposure 0.25"
proactive,164,7,proactive,0,,,,"no action: vuln 0.22, forecast 0.69, exposure 0.65"
proactive,165,7,proactive,0,,,,"no action: vuln 0.27, forecast 0.56, exposure 0.31"
proactive,166,7,proactive,0,,,,"no action: vuln 0.31, forecast 0.50, exposure 0.33"
proactive,167,7,proactive,0,,,,"no action: vuln 0.56, forecast 0.60, exposure 0.36"
proactive,168,7,proactive,0,,,,"no action: vuln 0.29, forecast 0.38, exposure 0.14"
proactive,169,7,proactive,0,,,,"no action: vuln 0.20, forecast 0.30, exposure 0.06"
proactive,170,7,proactive,0,,,,"no action: vuln 0.26, forecast 0.39, exposure 0.07"
proactive,171,7,proactive,0,,,,"no action: vuln 0.54, forecast 0.77, exposure 0.54"
proactive,172,7,proactive,0,,,,"no action: vuln 0.20, forecast 0.27, exposure 0.07"
proactive,173,7,proactive,0,,,,"no action: vuln 0.74, forecast 0.36, exposure 0.06"
proactive,174,7,proactive,0,,,,"no action: vuln 0.59, forecast 0.78, exposure 0.62"
proactive,175,7,proactive,0,,,,"no action: vuln 0.28, forecast 0.53, exposure 0.28"
proactive,176,7,proactive,0,,,,"no action: vuln 0.20, forecast 0.78, exposure 0.50"
proactive,177,7,proactive,0,,,,"no action: vuln 0.26, forecast 0.49, exposure 0.36"
proactive,178,7,proactive,0,,,,"no action: vuln 0.30, forecast 0.51, exposure 0.42"
proactive,179,7,proactive,0,,,,"no action: vuln 0.38, forecast 0.49, exposure 0.30"
proactive,180,7,proactive,0,,,,"no action: vuln 0.71, forecast 0.27, exposure 0.07"
proactive,181,7,proactive,0,,,,"no action: vuln 0.52, forecast 0.81, exposure 0.61"
proactive,182,7,proactive,0,,,,"no action: vuln 0.22, forecast 0.26, exposure 0.05"
proactive,183,7,proactive,0,,,,"no action: vuln 0.24, forecast 0.50, exposure 0.33"
proactive,184,7,proactive,0,,,,"no action: vuln 0.21, forecast 0.49, exposure 0.26"
proactive,185,7,proactive,0,,,,"no action: vuln 0.90, forecast 0.78, exposure 0.59"
proactive,186,7,proactive,0,,,,"no action: vuln 0.27, forecast 0.87, exposure 0.62"
proactive,187,7,proactive,0,,,,"no action: vuln 0.23, forecast 0.80, exposure 0.59"
proactive,188,7,proactive,0,,,,"no action: vuln 0.26, forecast 0.87, exposure 0.61"
proactive,189,7,proactive,0,,,,"no action: vuln 0.25, forecast 0.43, exposure 0.06"
proactive,190,7,proactive,0,,,,"no action: vuln 0.74, forecast 0.35, exposure 0.18"
proactive,191,7,proactive,0,,,,"no action: vuln 0.24, forecast 0.41, exposure 0.01"
proactive,192,7,proactive,0,,,,"no action: vuln 0.26, forecast 0.31, exposure 0.03"
proactive,193,7,proactive,0,,,,"no action: vuln 0.31, forecast 0.58, exposure 0.25"
proactive,194,7,proactive,0,,,,"no action: vuln 0.74, forecast 0.50, exposure 0.33"
proactive,195,7,proactive,0,,,,"no action: vuln 0.26, forecast 0.50, exposure 0.33"
proactive,196,7,proactive,0,,,,"no action: vuln 0.22, forecast 0.30, exposure 0.08"
proactive,197,7,proactive,0,,,,"no action: vuln 0.56, forecast 0.38, exposure 0.14"
proactive,198,7,proactive,0,,,,"no action: vuln 0.25, forecast 0.78, exposure 0.50"
proactive,199,7,proactive,0,,,,"no action: vuln 0.29, forecast 0.64, exposure 0.28"
proactive,200,7,proactive,0,,,,"no action: vuln 0.26, forecast 0.57, exposure 0.29"
proactive,201,7,proactive,0,,,,"no action: vuln 0.45, forecast 0.86, exposure 0.57"
proactive,202,7,proactive,0,,,,"no action: vuln 0.16, forecast 0.39, exposure 0.09"
proactive,203,7,proactive,1,SH_SUBWAY_EXIT,13.0,3.0,vuln 0.56 >= 0.55 and forecast 0.81 >= 0.8; pre-positioned to SH_SUBWAY_EXIT
proactive,204,7,proactive,0,,,,"no action: vuln 0.33, forecast 0.32, exposure 0.04"
proactive,205,7,proactive,0,,,,"no action: vuln 0.79, forecast 0.52, exposure 0.25"
proactive,206,7,proactive,0,,,,"no action: vuln 0.59, forecast 0.38, exposure 0.19"
proactive,207,7,proactive,0,,,,"no action: vuln 0.29, forecast 0.87, exposure 0.61"
proactive,208,7,proactive,0,,,,"no action: vuln 0.40, forecast 0.50, exposure 0.32"
proactive,209,7,proactive,0,,,,"no action: vuln 0.27, forecast 0.83, exposure 0.59"
proactive,210,7,proactive,0,,,,"no action: vuln 0.90, forecast 0.51, exposure 0.42"
proactive,211,7,proactive,0,,,,"no action: vuln 0.27, forecast 0.55, exposure 0.29"
proactive,212,7,proactive,0,,,,"no action: vuln 0.25, forecast 0.30, exposure 0.08"
proactive,213,7,proactive,1,SH_BRIDGE_PLAZA,17.0,6.0,vuln 0.68 >= 0.55 and forecast 0.87 >= 0.8; pre-positioned to SH_BRIDGE_PLAZA
proactive,214,7,proactive,0,,,,"no action: vuln 0.30, forecast 0.82, exposure 0.60"
proactive,215,7,proactive,0,,,,"no action: vuln 0.22, forecast 0.83, exposure 0.58"
proactive,216,7,proactive,0,,,,"no action: vuln 0.37, forecast 0.54, exposure 0.28"
proactive,217,7,proactive,0,,,,"no action: vuln 0.25, forecast 0.56, exposure 0.35"
proactive,218,7,proactive,0,,,,"no action: vuln 0.28, forecast 0.51, exposure 0.42"
proactive,219,7,proactive,1,SH_COREDO,6.0,2.0,vuln 0.56 >= 0.55 and forecast 0.83 >= 0.8; pre-positioned to SH_COREDO
proactive,220,7,proactive,0,,,,"no action: vuln 0.69, forecast 0.37, exposure 0.24"
proactive,221,7,proactive,0,,,,"no action: vuln 0.88, forecast 0.46, exposure 0.45"
proactive,222,7,proactive,0,,,,"no action: vuln 0.30, forecast 0.36, exposure 0.03"
proactive,223,7,proactive,0,,,,"no action: vuln 0.19, forecast 0.91, exposure 0.66"
proactive,224,7,proactive,0,,,,"no action: vuln 0.23, forecast 0.23, exposure 0.13"
proactive,225,7,proactive,0,,,,"no action: vuln 0.22, forecast 0.30, exposure 0.06"
proactive,226,7,proactive,0,,,,"no action: vuln 0.69, forecast 0.56, exposure 0.34"
proactive,227,7,proactive,0,,,,"no action: vuln 0.76, forecast 0.39, exposure 0.05"
proactive,228,7,proactive,1,SH_SUBWAY_EXIT,13.0,3.0,vuln 0.57 >= 0.55 and forecast 0.91 >= 0.8; pre-positioned to SH_SUBWAY_EXIT
proactive,229,7,proactive,0,,,,"no action: vuln 0.50, forecast 0.53, exposure 0.23"
proactive,230,7,proactive,0,,,,"no action: vuln 0.24, forecast 0.78, exposure 0.50"
proactive,231,7,proactive,0,,,,"no action: vuln 0.22, forecast 0.34, exposure 0.09"
proactive,232,7,proactive,0,,,,"no action: vuln 0.18, forecast 0.89, exposure 0.64"
proactive,233,7,proactive,0,,,,"no action: vuln 0.29, forecast 0.58, exposure 0.27"
proactive,234,7,proactive,0,,,,"no action: vuln 0.29, forecast 0.49, exposure 0.30"
proactive,235,7,proactive,0,,,,"no action: vuln 0.35, forecast 0.40, exposure 0.04"
proactive,236,7,proactive,0,,,,"no action: vuln 0.28, forecast 0.82, exposure 0.60"
proactive,237,7,proactive,1,SH_COREDO,6.0,2.0,vuln 0.58 >= 0.55 and forecast 0.91 >= 0.8; pre-positioned to SH_COREDO
proactive,238,7,proactive,0,,,,"no action: vuln 0.54, forecast 0.88, exposure 0.61"
proactive,239,7,proactive,0,,,,"no action: vuln 0.60, forecast 0.40, exposure 0.04"
proactive,0,8,proactive,0,,,,"no action: vuln 0.54, forecast 1.17, exposure 0.91"
proactive,1,8,proactive,0,,,,"no action: vuln 0.54, forecast 0.60, exposure 0.31"
proactive,2,8,proactive,1,SH_BANK_HALL,10.0,7.0,vuln 0.72 >= 0.55 and forecast 0.93 >= 0.8; pre-positioned to SH_BANK_HALL
proactive,3,8,proactive,0,,,,"no action: vuln 0.22, forecast 1.12, exposure 0.81"
proactive,4,8,proactive,0,,,,"no action: vuln 0.18, forecast 1.06, exposure 0.83"
proactive,5,8,proactive,1,SH_COREDO,6.0,2.0,vuln 0.77 >= 0.55 and forecast 1.05 >= 0.8; pre-positioned to SH_COREDO
proactive,6,8,proactive,1,SH_COREDO,6.0,2.0,vuln 0.69 >= 0.55 and forecast 1.04 >= 0.8; pre-positioned to SH_COREDO
proactive,7,8,proactive,0,,,,"no action: vuln 0.25, forecast 0.75, exposure 0.51"
proactive,8,8,proactive,1,SH_COREDO,6.0,2.0,vuln 0.63 >= 0.55 and forecast 1.04 >= 0.8; pre-positioned to SH_COREDO
proactive,9,8,proactive,0,,,,"no action: vuln 0.29, forecast 0.77, exposure 0.57"
proactive,10,8,proactive,0,,,,"no action: vuln 0.29, forecast 0.75, exposure 0.51"
proactive,11,8,proactive,0,,,,"no action: vuln 0.29, forecast 0.93, exposure 0.77"
proactive,12,8,proactive,0,,,,"no action: vuln 0.26, forecast 0.69, exposure 0.33"
proactive,13,8,proactive,0,,,,"no action: vuln 0.23, forecast 1.12, exposure 0.81"
proactive,14,8,proactive,0,,,,"no action: vuln 0.23, forecast 0.60, exposure 0.31"
proactive,15,8,proactive,0,,,,"no action: vuln 0.49, forecast 0.75, exposure 0.51"
proactive,16,8,proactive,1,SH_MITSUKOSHI,2.0,7.0,vuln 0.73 >= 0.55 and forecast 0.85 >= 0.8; pre-positioned to SH_MITSUKOSHI
proactive,17,8,proactive,1,SH_SUBWAY_EXIT,13.0,3.0,vuln 0.69 >= 0.55 and forecast 1.10 >= 0.8; pre-positioned to SH_SUBWAY_EXIT
proactive,18,8,proactive,0,,,,"no action: vuln 0.27, forecast 0.58, exposure 0.39"
proactive,19,8,proactive,1,SH_BANK_HALL,10.0,7.0,vuln 0.59 >= 0.55 and forecast 0.83 >= 0.8; pre-positioned to SH_BANK_HALL
proactive,20,8,proactive,0,,,,"no action: vuln 0.20, forecast 0.59, exposure 0.32"
proactive,21,8,proactive,0,,,,"no action: vuln 0.26, forecast 1.04, exposure 0.86"
proactive,22,8,proactive,0,,,,"no action: vuln 0.26, forecast 0.81, exposure 0.58"
proactive,23,8,proactive,0,,,,"no action: vuln 0.69, forecast 0.74, exposure 0.57"
proactive,24,8,proactive,0,,,,"no action: vuln 0.37, forecast 0.84, exposure 0.58"
proactive,25,8,proactive,0,,,,"no action: vuln 0.24, forecast 0.86, exposure 0.50"
proactive,26,8,proactive,0,,,,"no action: vuln 0.30, forecast 0.58, exposure 0.42"
proactive,27,8,proactive,0,,,,"no action: vuln 0.26, forecast 1.07, exposure 0.86"
proactive,28,8,proactive,0,,,,"no action: vuln 0.26, forecast 0.62, exposure 0.30"
proactive,29,8,proactive,0,,,,"no action: vuln 0.32, forecast 0.58, exposure 0.42"
proactive,30,8,proactive,0,,,,"no action: vuln 0.16, forecast 0.60, exposure 0.40"
proactive,31,8,proactive,0,,,,"no action: vuln 0.55, forecast 0.81, exposure 0.58"
proactive,32,8,proactive,0,,,,"no action: vuln 0.25, forecast 0.70, exposure 0.30"
proactive,33,8,proactive,0,,,,"no action: vuln 0.32, forecast 0.60, exposure 0.40"
proactive,34,8,proactive,0,,,,"no action: vuln 0.66, forecast 0.66, exposure 0.35"
proactive,35,8,proactive,0,,,,"no action: vuln 0.55, forecast 0.79, exposure 0.58"
proactive,36,8,proactive,0,,,,"no action: vuln 0.29, forecast 1.13, exposure 0.77"
proactive,37,8,proactive,1,SH_MITSUKOSHI,2.0,7.0,vuln 0.86 >= 0.55 and forecast 0.86 >= 0.8; pre-positioned to SH_MITSUKOSHI
proactive,38,8,proactive,0,,,,"no action: vuln 0.24, forecast 0.81, exposure 0.51"
proactive,39,8,proactive,0,,,,"no action: vuln 0.25, forecast 0.56, exposure 0.29"
proactive,40,8,proactive,1,SH_COREDO,6.0,2.0,vuln 0.58 >= 0.55 and forecast 1.04 >= 0.8; pre-positioned to SH_COREDO
proactive,41,8,proactive,0,,,,"no action: vuln 0.26, forecast 1.07, exposure 0.83"
proactive,42,8,proactive,0,,,,"no action: vuln 0.94, forecast 0.57, exposure 0.30"
proactive,43,8,proactive,0,,,,"no action: vuln 0.22, forecast 0.82, exposure 0.60"
proactive,44,8,proactive,0,,,,"no action: vuln 0.54, forecast 1.18, exposure 0.81"
proactive,45,8,proactive,0,,,,"no action: vuln 0.18, forecast 0.89, exposure 0.56"
proactive,46,8,proactive,0,,,,"no action: vuln 0.27, forecast 1.04, exposure 0.83"
proactive,47,8,proactive,0,,,,"no action: vuln 0.30, forecast 0.60, exposure 0.30"
proactive,48,8,proactive,0,,,,"no action: vuln 0.24, forecast 0.78, exposure 0.59"
proactive,49,8,proactive,1,SH_SUBWAY_EXIT,13.0,3.0,vuln 0.76 >= 0.55 and forecast 0.81 >= 0.8; pre-positioned to SH_SUBWAY_EXIT
proactive,50,8,proactive,0,,,,"no action: vuln 0.42, forecast 0.58, exposure 0.31"
proactive,51,8,proactive,0,,,,"no action: vuln 0.21, forecast 1.10, exposure 0.88"
proactive,52,8,proactive,0,,,,"no action: vuln 0.32, forecast 0.54, exposure 0.36"
proactive,53,8,proactive,0,,,,"no action: vuln 0.26, forecast 0.67, exposure 0.24"
proactive,54,8,proactive,0,,,,"no action: vuln 0.21, forecast 1.02, exposure 0.85"
proactive,55,8,proactive,0,,,,"no action: vuln 0.30, forecast 1.14, exposure 0.81"
proactive,56,8,proactive,1,SH_SUBWAY_EXIT,13.0,3.0,vuln 0.74 >= 0.55 and forecast 1.07 >= 0.8; pre-positioned to SH_SUBWAY_EXIT
proactive,57,8,proactive,0,,,,"no action: vuln 0.22, forecast 1.17, exposure 0.82"
proactive,58,8,proactive,0,,,,"no action: vuln 0.31, forecast 0.83, exposure 0.54"
proactive,59,8,proactive,0,,,,"no action: vuln 0.22, forecast 1.16, exposure 0.88"
proactive,60,8,proactive,0,,,,"no action: vuln 0.52, forecast 0.77, exposure 0.51"
proactive,61,8,proactive,0,,,,"no action: vuln 0.23, forecast 1.17, exposure 0.78"
proactive,62,8,proactive,1,SH_COREDO,6.0,2.0,vuln 0.78 >= 0.55 and forecast 1.00 >= 0.8; pre-positioned to SH_COREDO
proactive,63,8,proactive,1,SH_COREDO,6.0,2.0,vuln 0.77 >= 0.55 and forecast 0.84 >= 0.8; pre-positioned to SH_COREDO
proactive,64,8,proactive,0,,,,"no action: vuln 0.26, forecast 0.76, exposure 0.49"
proactive,65,8,proactive,0,,,,"no action: vuln 0.18, forecast 0.56, exposure 0.37"
proactive,66,8,proactive,0,,,,"no action: vuln 0.75, forecast 0.54, exposure 0.36"
proactive,67,8,proactive,0,,,,"no action: vuln 0.27, forecast 0.81, exposure 0.51"
proactive,68,8,proactive,0,,,,"no action: vuln 0.26, forecast 1.13, exposure 0.87"
proactive,69,8,proactive,0,,,,"no action: vuln 0.35, forecast 1.04, exposure 0.86"
proactive,70,8,proactive,0,,,,"no action: vuln 0.19, forecast 0.57, exposure 0.39"
proactive,71,8,proactive,0,,,,"no action: vuln 0.23, forecast 1.09, exposure 0.80"
proactive,72,8,proactive,0,,,,"no action: vuln 0.31, forecast 0.59, exposure 0.34"
proactive,73,8,proactive,0,,,,"no action: vuln 0.29, forecast 0.80, exposure 0.53"
proactive,74,8,proactive,1,SH_MITSUKOSHI,2.0,7.0,vuln 0.75 >= 0.55 and forecast 0.81 >= 0.8; pre-positioned to SH_MITSUKOSHI
proactive,75,8,proactive,0,,,,"no action: vuln 0.86, forecast 0.78, exposure 0.61"
proactive,76,8,proactive,0,,,,"no action: vuln 0.24, forecast 0.82, exposure 0.60"
proactive,77,8,proactive,0,,,,"no action: vuln 0.57, forecast 0.75, exposure 0.50"
proactive,78,8,proactive,0,,,,"no action: vuln 0.26, forecast 1.15, exposure 0.83"
proactive,79,8,proactive,0,,,,"no action: vuln 0.31, forecast 0.84, exposure 0.58"
proactive,80,8,proactive,0,,,,"no action: vuln 0.24, forecast 1.13, exposure 0.77"
proactive,81,8,proactive,0,,,,"no action: vuln 0.75, forecast 0.58, exposure 0.39"
proactive,82,8,proactive,0,,,,"no action: vuln 0.21, forecast 1.15, exposure 0.83"
proactive,83,8,proactive,0,,,,"no action: vuln 0.24, forecast 1.17, exposure 0.78"
proactive,84,8,proactive,0,,,,"no action: vuln 0.76, forecast 0.74, exposure 0.51"
proactive,85,8,proactive,0,,,,"no action: vuln 0.21, forecast 0.57, exposure 0.30"
proactive,86,8,proactive,0,,,,"no action: vuln 0.26, forecast 0.85, exposure 0.61"
proactive,87,8,proactive,0,,,,"no action: vuln 0.87, forecast 0.57, exposure 0.37"
proactive,88,8,proactive,0,,,,"no action: vuln 0.23, forecast 0.61, exposure 0.39"
proactive,89,8,proactive,0,,,,"no action: vuln 0.22, forecast 0.74, exposure 0.57"
proactive,90,8,proactive,0,,,,"no action: vuln 0.73, forecast 0.66, exposure 0.35"
proactive,91,8,proactive,0,,,,"no action: vuln 0.27, forecast 0.94, exposure 0.49"
proactive,92,8,proactive,0,,,,"no action: vuln 0.20, forecast 0.82, exposure 0.60"
proactive,93,8,proactive,0,,,,"no action: vuln 0.20, forecast 0.57, exposure 0.32"
proactive,94,8,proactive,0,,,,"no action: vuln 0.70, forecast 0.56, exposure 0.29"
proactive,95,8,proactive,0,,,,"no action: vuln 0.25, forecast 1.16, exposure 0.88"
proactive,96,8,proactive,0,,,,"no action: vuln 0.50, forecast 0.81, exposure 0.51"
proactive,97,8,proactive,0,,,,"no action: vuln 0.27, forecast 1.04, exposure 0.86"
proactive,98,8,proactive,0,,,,"no action: vuln 0.22, forecast 0.63, exposure 0.41"
proactive,99,8,proactive,1,SH_MITSUKOSHI,2.0,7.0,vuln 0.72 >= 0.55 and forecast 0.83 >= 0.8; pre-positioned to SH_MITSUKOSHI
proactive,100,8,proactive,0,,,,"no action: vuln 0.48, forecast 1.09, exposure 0.75"
proactive,101,8,proactive,1,SH_COREDO,6.0,2.0,vuln 0.81 >= 0.55 and forecast 1.08 >= 0.8; pre-positioned to SH_COREDO
proactive,102,8,proactive,0,,,,"no action: vuln 0.94, forecast 0.62, exposure 0.30"
proactive,103,8,proactive,0,,,,"no action: vuln 0.30, forecast 1.13, exposure 0.77"
proactive,104,8,proactive,1,SH_COREDO,6.0,2.0,vuln 0.81 >= 0.55 and forecast 0.80 >= 0.8; pre-positioned to SH_COREDO
proactive,105,8,proactive,0,,,,"no action: vuln 0.23, forecast 0.54, exposure 0.29"
proactive,106,8,proactive,0,,,,"no action: vuln 0.51, forecast 0.74, exposure 0.51"
proactive,107,8,proactive,1,SH_COREDO,6.0,2.0,vuln 0.56 >= 0.55 and forecast 0.85 >= 0.8; pre-positioned to SH_COREDO
proactive,108,8,proactive,0,,,,"no action: vuln 0.23, forecast 1.02, exposure 0.75"
proactive,109,8,proactive,0,,,,"no action: vuln 0.30, forecast 1.07, exposure 0.78"
proactive,110,8,proactive,0,,,,"no action: vuln 0.27, forecast 0.57, exposure 0.32"
proactive,111,8,proactive,0,,,,"no action: vuln 0.53, forecast 0.78, exposure 0.59"
proactive,112,8,proactive,1,SH_COREDO,6.0,2.0,vuln 0.89 >= 0.55 and forecast 0.84 >= 0.8; pre-positioned to SH_COREDO
proactive,113,8,proactive,0,,,,"no action: vuln 0.52, forecast 0.60, exposure 0.38"
proactive,114,8,proactive,0,,,,"no action: vuln 0.86, forecast 0.56, exposure 0.46"
proactive,115,8,proactive,0,,,,"no action: vuln 0.32, forecast 0.78, exposure 0.59"
proactive,116,8,proactive,0,,,,"no action: vuln 0.58, forecast 0.56, exposure 0.29"
proactive,117,8,proactive,0,,,,"no action: vuln 0.24, forecast 0.83, exposure 0.55"
proactive,118,8,proactive,0,,,,"no action: vuln 0.21, forecast 0.73, exposure 0.46"
proactive,119,8,proactive,1,SH_COREDO,6.0,2.0,vuln 0.90 >= 0.55 and forecast 0.85 >= 0.8; pre-positioned to SH_COREDO
proactive,120,8,proactive,0,,,,"no action: vuln 0.53, forecast 0.79, exposure 0.54"
proactive,121,8,proactive,0,,,,"no action: vuln 0.43, forecast 1.07, exposure 0.83"
proactive,122,8,proactive,0,,,,"no action: vuln 0.32, forecast 0.65, exposure 0.31"
proactive,123,8,proactive,0,,,,"no action: vuln 0.70, forecast 0.56, exposure 0.30"
proactive,124,8,proactive,0,,,,"no action: vuln 0.56, forecast 0.67, exposure 0.24"
proactive,125,8,proactive,0,,,,"no action: vuln 0.85, forecast 0.79, exposure 0.56"
proactive,126,8,proactive,1,SH_BRIDGE_PLAZA,17.0,6.0,vuln 0.55 >= 0.55 and forecast 0.83 >= 0.8; pre-positioned to SH_BRIDGE_PLAZA
proactive,127,8,proactive,0,,,,"no action: vuln 0.77, forecast 0.76, exposure 0.49"
proactive,128,8,proactive,0,,,,"no action: vuln 0.74, forecast 0.57, exposure 0.40"
proactive,129,8,proactive,0,,,,"no action: vuln 0.19, forecast 0.81, exposure 0.49"
proactive,130,8,proactive,1,SH_SUBWAY_EXIT,13.0,3.0,vuln 0.60 >= 0.55 and forecast 1.18 >= 0.8; pre-positioned to SH_SUBWAY_EXIT
proactive,131,8,proactive,0,,,,"no action: vuln 0.67, forecast 0.78, exposure 0.61"
proactive,132,8,proactive,0,,,,"no action: vuln 0.27, forecast 1.19, exposure 0.83"
proactive,133,8,proactive,0,,,,"no action: vuln 0.23, forecast 0.75, exposure 0.51"
proactive,134,8,proactive,0,,,,"no action: vuln 0.21, forecast 0.77, exposure 0.57"
proactive,135,8,proactive,0,,,,"no action: vuln 0.49, forecast 0.93, exposure 0.77"
proactive,136,8,proactive,1,SH_MITSUKOSHI,2.0,7.0,vuln 0.58 >= 0.55 and forecast 0.81 >= 0.8; pre-positioned to SH_MITSUKOSHI
proactive,137,8,proactive,0,,,,"no action: vuln 0.18, forecast 0.83, exposure 0.54"
proactive,138,8,proactive,0,,,,"no action: vuln 0.30, forecast 0.84, exposure 0.61"
proactive,139,8,proactive,0,,,,"no action: vuln 0.28, forecast 1.04, exposure 0.86"
proactive,140,8,proactive,0,,,,"no action: vuln 0.30, forecast 0.63, exposure 0.24"
proactive,141,8,proactive,0,,,,"no action: vuln 0.24, forecast 0.84, exposure 0.61"
proactive,142,8,proactive,0,,,,"no action: vuln 0.26, forecast 0.84, exposure 0.50"
proactive,143,8,proactive,0,,,,"no action: vuln 0.20, forecast 0.75, exposure 0.51"
proactive,144,8,proactive,1,SH_BRIDGE_PLAZA,17.0,6.0,vuln 0.83 >= 0.55 and forecast 1.15 >= 0.8; pre-positioned to SH_BRIDGE_PLAZA
proactive,145,8,proactive,0,,,,"no action: vuln 0.23, forecast 1.10, exposure 0.89"
proactive,146,8,proactive,0,,,,"no action: vuln 0.23, forecast 1.13, exposure 0.77"
proactive,147,8,proactive,0,,,,"no action: vuln 0.19, forecast 1.04, exposure 0.79"
proactive,148,8,proactive,0,,,,"no action: vuln 0.33, forecast 1.04, exposure 0.79"
proactive,149,8,proactive,0,,,,"no action: vuln 0.59, forecast 0.60, exposure 0.30"
proactive,150,8,proactive,0,,,,"no action: vuln 0.34, forecast 1.11, exposure 0.87"
proactive,151,8,proactive,0,,,,"no action: vuln 0.24, forecast 1.13, exposure 0.87"
proactive,152,8,proactive,0,,,,"no action: vuln 0.31, forecast 0.59, exposure 0.26"
proactive,153,8,proactive,0,,,,"no action: vuln 0.30, forecast 0.58, exposure 0.33"
proactive,154,8,proactive,0,,,,"no action: vuln 0.52, forecast 0.70, exposure 0.57"
proactive,155,8,proactive,0,,,,"no action: vuln 0.27, forecast 0.79, exposure 0.54"
proactive,156,8,proactive,0,,,,"no action: vuln 0.22, forecast 0.83, exposure 0.55"
proactive,157,8,proactive,1,SH_MITSUKOSHI,2.0,7.0,vuln 0.78 >= 0.55 and forecast 0.85 >= 0.8; pre-positioned to SH_MITSUKOSHI
proactive,158,8,proactive,0,,,,"no action: vuln 0.22, forecast 0.60, exposure 0.40"
proactive,159,8,proactive,0,,,,"no action: vuln 0.25, forecast 1.08, exposure 0.89"
proactive,160,8,proactive,0,,,,"no action: vuln 0.24, forecast 0.74, exposure 0.57"
proactive,161,8,proactive,0,,,,"no action: vuln 0.27, forecast 0.73, exposure 0.46"
proactive,162,8,proactive,1,SH_COREDO,6.0,2.0,vuln 0.56 >= 0.55 and forecast 1.04 >= 0.8; pre-positioned to SH_COREDO
proactive,163,8,proactive,0,,,,"no action: vuln 0.26, forecast 0.74, exposure 0.57"
proactive,164,8,proactive,0,,,,"no action: vuln 0.22, forecast 0.79, exposure 0.54"
proactive,165,8,proactive,0,,,,"no action: vuln 0.27, forecast 0.76, exposure 0.49"
proactive,166,8,proactive,0,,,,"no action: vuln 0.31, forecast 0.79, exposure 0.58"
proactive,167,8,proactive,1,SH_BRIDGE_PLAZA,17.0,6.0,vuln 0.56 >= 0.55 and forecast 1.15 >= 0.8; pre-positioned to SH_BRIDGE_PLAZA
proactive,168,8,proactive,0,,,,"no action: vuln 0.29, forecast 0.85, exposure 0.61"
proactive,169,8,proactive,0,,,,"no action: vuln 0.20, forecast 0.60, exposure 0.30"
proactive,170,8,proactive,0,,,,"no action: vuln 0.26, forecast 0.62, exposure 0.34"
proactive,171,8,proactive,0,,,,"no action: vuln 0.54, forecast 0.89, exposure 0.56"
proactive,172,8,proactive,0,,,,"no action: vuln 0.20, forecast 0.52, exposure 0.31"
proactive,173,8,proactive,0,,,,"no action: vuln 0.74, forecast 0.61, exposure 0.34"
proactive,174,8,proactive,0,,,,"no action: vuln 0.59, forecast 0.70, exposure 0.57"
proactive,175,8,proactive,0,,,,"no action: vuln 0.28, forecast 1.02, exposure 0.85"
proactive,176,8,proactive,0,,,,"no action: vuln 0.20, forecast 1.09, exposure 0.75"
proactive,177,8,proactive,0,,,,"no action: vuln 0.26, forecast 0.59, exposure 0.34"
proactive,178,8,proactive,0,,,,"no action: vuln 0.30, forecast 0.81, exposure 0.51"
proactive,179,8,proactive,0,,,,"no action: vuln 0.38, forecast 0.81, exposure 0.60"
proactive,180,8,proactive,0,,,,"no action: vuln 0.71, forecast 0.58, exposure 0.33"
proactive,181,8,proactive,0,,,,"no action: vuln 0.52, forecast 1.18, exposure 0.81"
proactive,182,8,proactive,0,,,,"no action: vuln 0.22, forecast 1.08, exposure 0.69"
proactive,183,8,proactive,0,,,,"no action: vuln 0.24, forecast 0.80, exposure 0.52"
proactive,184,8,proactive,0,,,,"no action: vuln 0.21, forecast 0.80, exposure 0.53"
proactive,185,8,proactive,1,SH_SUBWAY_EXIT,13.0,3.0,vuln 0.90 >= 0.55 and forecast 1.17 >= 0.8; pre-positioned to SH_SUBWAY_EXIT
proactive,186,8,proactive,0,,,,"no action: vuln 0.27, forecast 1.16, exposure 0.80"
proactive,187,8,proactive,0,,,,"no action: vuln 0.23, forecast 0.89, exposure 0.56"
proactive,188,8,proactive,0,,,,"no action: vuln 0.26, forecast 1.17, exposure 0.91"
proactive,189,8,proactive,0,,,,"no action: vuln 0.25, forecast 0.59, exposure 0.41"
proactive,190,8,proactive,0,,,,"no action: vuln 0.74, forecast 0.55, exposure 0.38"
proactive,191,8,proactive,0,,,,"no action: vuln 0.24, forecast 0.81, exposure 0.55"
proactive,192,8,proactive,0,,,,"no action: vuln 0.26, forecast 0.77, exposure 0.56"
proactive,193,8,proactive,0,,,,"no action: vuln 0.31, forecast 0.67, exposure 0.34"
proactive,194,8,proactive,1,SH_COREDO,6.0,2.0,vuln 0.74 >= 0.55 and forecast 1.04 >= 0.8; pre-positioned to SH_COREDO
proactive,195,8,proactive,0,,,,"no action: vuln 0.26, forecast 0.93, exposure 0.77"
proactive,196,8,proactive,0,,,,"no action: vuln 0.22, forecast 1.01, exposure 0.76"
proactive,197,8,proactive,0,,,,"no action: vuln 0.56, forecast 0.60, exposure 0.31"
proactive,198,8,proactive,0,,,,"no action: vuln 0.25, forecast 0.77, exposure 0.57"
proactive,199,8,proactive,0,,,,"no action: vuln 0.29, forecast 0.78, exposure 0.61"
proactive,200,8,proactive,0,,,,"no action: vuln 0.26, forecast 0.83, exposure 0.55"
proactive,201,8,proactive,0,,,,"no action: vuln 0.45, forecast 1.19, exposure 0.89"
proactive,202,8,proactive,0,,,,"no action: vuln 0.16, forecast 0.83, exposure 0.56"
proactive,203,8,proactive,0,,,,"no action: vuln 0.56, forecast 0.79, exposure 0.54"
proactive,204,8,proactive,0,,,,"no action: vuln 0.33, forecast 0.56, exposure 0.37"
proactive,205,8,proactive,0,,,,"no action: vuln 0.79, forecast 0.62, exposure 0.35"
proactive,206,8,proactive,0,,,,"no action: vuln 0.59, forecast 0.55, exposure 0.43"
proactive,207,8,proactive,0,,,,"no action: vuln 0.29, forecast 0.60, exposure 0.30"
proactive,208,8,proactive,0,,,,"no action: vuln 0.40, forecast 0.94, exposure 0.49"
proactive,209,8,proactive,0,,,,"no action: vuln 0.27, forecast 0.76, exposure 0.49"
proactive,210,8,proactive,1,SH_MITSUKOSHI,2.0,7.0,vuln 0.90 >= 0.55 and forecast 0.86 >= 0.8; pre-positioned to SH_MITSUKOSHI
proactive,211,8,proactive,0,,,,"no action: vuln 0.27, forecast 0.70, exposure 0.30"
proactive,212,8,proactive,0,,,,"no action: vuln 0.25, forecast 0.69, exposure 0.33"
proactive,213,8,proactive,0,,,,"no action: vuln 0.68, forecast 0.80, exposure 0.56"
proactive,214,8,proactive,0,,,,"no action: vuln 0.30, forecast 1.06, exposure 0.82"
proactive,215,8,proactive,0,,,,"no action: vuln 0.22, forecast 1.05, exposure 0.82"
proactive,216,8,proactive,0,,,,"no action: vuln 0.37, forecast 0.59, exposure 0.34"
proactive,217,8,proactive,0,,,,"no action: vuln 0.25, forecast 0.80, exposure 0.66"
proactive,218,8,proactive,0,,,,"no action: vuln 0.28, forecast 0.58, exposure 0.42"
proactive,219,8,proactive,1,SH_COREDO,6.0,2.0,vuln 0.56 >= 0.55 and forecast 0.85 >= 0.8; pre-positioned to SH_COREDO
proactive,220,8,proactive,0,,,,"no action: vuln 0.69, forecast 0.78, exposure 0.59"
proactive,221,8,proactive,1,SH_SUBWAY_EXIT,13.0,3.0,vuln 0.88 >= 0.55 and forecast 1.08 >= 0.8; pre-positioned to SH_SUBWAY_EXIT
proactive,222,8,proactive,0,,,,"no action: vuln 0.30, forecast 0.54, exposure 0.36"
proactive,223,8,proactive,0,,,,"no action: vuln 0.19, forecast 1.04, exposure 0.80"
proactive,224,8,proactive,0,,,,"no action: vuln 0.23, forecast 0.77, exposure 0.62"
proactive,225,8,proactive,0,,,,"no action: vuln 0.22, forecast 0.62, exposure 0.34"
proactive,226,8,proactive,1,SH_BRIDGE_PLAZA,17.0,6.0,vuln 0.69 >= 0.55 and forecast 1.04 >= 0.8; pre-positioned to SH_BRIDGE_PLAZA
proactive,227,8,proactive,0,,,,"no action: vuln 0.76, forecast 0.55, exposure 0.38"
proactive,228,8,proactive,1,SH_SUBWAY_EXIT,13.0,3.0,vuln 0.57 >= 0.55 and forecast 1.20 >= 0.8; pre-positioned to SH_SUBWAY_EXIT
proactive,229,8,proactive,0,,,,"no action: vuln 0.50, forecast 0.89, exposure 0.56"
proactive,230,8,proactive,0,,,,"no action: vuln 0.24, forecast 0.83, exposure 0.54"
proactive,231,8,proactive,0,,,,"no action: vuln 0.22, forecast 0.59, exposure 0.41"
proactive,232,8,proactive,0,,,,"no action: vuln 0.18, forecast 1.00, exposure 0.84"
proactive,233,8,proactive,0,,,,"no action: vuln 0.29, forecast 1.19, exposure 0.83"
proactive,234,8,proactive,0,,,,"no action: vuln 0.29, forecast 0.81, exposure 0.49"
proactive,235,8,proactive,0,,,,"no action: vuln 0.35, forecast 0.78, exposure 0.59"
proactive,236,8,proactive,0,,,,"no action: vuln 0.28, forecast 1.13, exposure 0.78"
proactive,237,8,proactive,1,SH_COREDO,6.0,2.0,vuln 0.58 >= 0.55 and forecast 1.06 >= 0.8; pre-positioned to SH_COREDO
proactive,238,8,proactive,0,,,,"no action: vuln 0.54, forecast 1.08, exposure 0.69"
proactive,239,8,proactive,0,,,,"no action: vuln 0.60, forecast 0.57, exposure 0.30"
proactive,0,9,proactive,1,SH_COREDO,6.0,2.0,proactive fallback: exposure 1.16 > 1.0; routed to SH_COREDO
proactive,1,9,proactive,0,,,,"no action: vuln 0.54, forecast 0.79, exposure 0.56"
proactive,2,9,proactive,1,SH_COREDO,6.0,2.0,vuln 0.72 >= 0.55 and forecast 1.05 >= 0.8; pre-positioned to SH_COREDO
proactive,3,9,proactive,1,SH_BRIDGE_PLAZA,17.0,6.0,proactive fallback: exposure 1.04 > 1.0; routed to SH_BRIDGE_PLAZA
proactive,4,9,proactive,1,SH_COREDO,6.0,2.0,proactive fallback: exposure 1.17 > 1.0; routed to SH_COREDO
proactive,5,9,proactive,1,SH_COREDO,6.0,2.0,vuln 0.77 >= 0.55 and forecast 1.32 >= 0.8; pre-positioned to SH_COREDO
proactive,6,9,proactive,1,SH_COREDO,6.0,2.0,vuln 0.69 >= 0.55 and forecast 1.30 >= 0.8; pre-positioned to SH_COREDO
proactive,7,9,proactive,0,,,,"no action: vuln 0.25, forecast 1.04, exposure 0.81"
proactive,8,9,proactive,1,SH_COREDO,6.0,2.0,vuln 0.63 >= 0.55 and forecast 1.36 >= 0.8; pre-positioned to SH_COREDO
proactive,9,9,proactive,0,,,,"no action: vuln 0.29, forecast 1.06, exposure 0.80"
proactive,10,9,proactive,0,,,,"no action: vuln 0.29, forecast 1.13, exposure 0.72"
proactive,11,9,proactive,0,,,,"no action: vuln 0.29, forecast 1.05, exposure 0.77"
proactive,12,9,proactive,0,,,,"no action: vuln 0.26, forecast 0.76, exposure 0.54"
proactive,13,9,proactive,0,,,,"no action: vuln 0.23, forecast 1.01, exposure 0.77"
proactive,14,9,proactive,0,,,,"no action: vuln 0.23, forecast 0.78, exposure 0.60"
proactive,15,9,proactive,0,,,,"no action: vuln 0.49, forecast 1.09, exposure 0.81"
proactive,16,9,proactive,1,SH_MITSUKOSHI,2.0,7.0,vuln 0.73 >= 0.55 and forecast 1.02 >= 0.8; pre-positioned to SH_MITSUKOSHI
proactive,17,9,proactive,1,SH_SUBWAY_EXIT,13.0,3.0,vuln 0.69 >= 0.55 and forecast 1.41 >= 0.8; pre-positioned to SH_SUBWAY_EXIT
proactive,18,9,proactive,0,,,,"no action: vuln 0.27, forecast 0.80, exposure 0.54"
proactive,19,9,proactive,1,SH_BANK_HALL,10.0,7.0,vuln 0.59 >= 0.55 and forecast 1.29 >= 0.8; pre-positioned to SH_BANK_HALL
proactive,20,9,proactive,0,,,,"no action: vuln 0.20, forecast 1.01, exposure 0.82"
proactive,21,9,proactive,1,SH_SUBWAY_EXIT,13.0,3.0,proactive fallback: exposure 1.05 > 1.0; routed to SH_SUBWAY_EXIT
proactive,22,9,proactive,0,,,,"no action: vuln 0.26, forecast 0.91, exposure 0.71"
proactive,23,9,proactive,1,SH_BANK_HALL,10.0,7.0,vuln 0.69 >= 0.55 and forecast 0.85 >= 0.8; pre-positioned to SH_BANK_HALL
proactive,24,9,proactive,0,,,,"no action: vuln 0.37, forecast 1.03, exposure 0.80"
proactive,25,9,proactive,1,SH_COREDO,6.0,2.0,proactive fallback: exposure 1.02 > 1.0; routed to SH_COREDO
proactive,26,9,proactive,0,,,,"no action: vuln 0.30, forecast 0.85, exposure 0.60"
proactive,27,9,proactive,1,SH_COREDO,6.0,2.0,proactive fallback: exposure 1.17 > 1.0; routed to SH_COREDO
proactive,28,9,proactive,0,,,,"no action: vuln 0.26, forecast 0.77, exposure 0.63"
proactive,29,9,proactive,0,,,,"no action: vuln 0.32, forecast 0.78, exposure 0.67"
proactive,30,9,proactive,0,,,,"no action: vuln 0.16, forecast 0.85, exposure 0.59"
proactive,31,9,proactive,0,,,,"no action: vuln 0.55, forecast 1.03, exposure 0.75"
proactive,32,9,proactive,0,,,,"no action: vuln 0.25, forecast 1.01, exposure 0.85"
proactive,33,9,proactive,0,,,,"no action: vuln 0.32, forecast 0.76, exposure 0.66"
proactive,34,9,proactive,0,,,,"no action: vuln 0.66, forecast 0.76, exposure 0.66"
proactive,35,9,proactive,0,,,,"no action: vuln 0.55, forecast 0.83, exposure 0.60"
proactive,36,9,proactive,1,SH_COREDO,6.0,2.0,proactive fallback: exposure 1.13 > 1.0; routed to SH_COREDO
proactive,37,9,proactive,1,SH_MITSUKOSHI,2.0,7.0,vuln 0.86 >= 0.55 and forecast 1.07 >= 0.8; pre-positioned to SH_MITSUKOSHI
proactive,38,9,proactive,0,,,,"no action: vuln 0.24, forecast 1.02, exposure 0.81"
proactive,39,9,proactive,0,,,,"no action: vuln 0.25, forecast 0.86, exposure 0.57"
proactive,40,9,proactive,1,SH_COREDO,6.0,2.0,vuln 0.58 >= 0.55 and forecast 0.98 >= 0.8; pre-positioned to SH_COREDO
proactive,41,9,proactive,0,,,,"no action: vuln 0.26, forecast 1.00, exposure 0.81"
proactive,42,9,proactive,1,SH_BANK_HALL,10.0,7.0,vuln 0.94 >= 0.55 and forecast 0.85 >= 0.8; pre-positioned to SH_BANK_HALL
proactive,43,9,proactive,0,,,,"no action: vuln 0.22, forecast 0.89, exposure 0.61"
proactive,44,9,proactive,1,SH_SUBWAY_EXIT,13.0,3.0,proactive fallback: exposure 1.01 > 1.0; routed to SH_SUBWAY_EXIT
proactive,45,9,proactive,1,SH_COREDO,6.0,2.0,proactive fallback: exposure 1.02 > 1.0; routed to SH_COREDO
proactive,46,9,proactive,1,SH_BRIDGE_PLAZA,17.0,6.0,proactive fallback: exposure 1.04 > 1.0; routed to SH_BRIDGE_PLAZA
proactive,47,9,proactive,0,,,,"no action: vuln 0.30, forecast 1.36, exposure 1.00"
proactive,48,9,proactive,0,,,,"no action: vuln 0.24, forecast 0.71, exposure 0.58"
proactive,49,9,proactive,1,SH_BRIDGE_PLAZA,17.0,6.0,vuln 0.76 >= 0.55 and forecast 1.07 >= 0.8; pre-positioned to SH_BRIDGE_PLAZA
proactive,50,9,proactive,0,,,,"no action: vuln 0.42, forecast 0.90, exposure 0.62"
proactive,51,9,proactive,1,SH_SUBWAY_EXIT,13.0,3.0,proactive fallback: exposure 1.07 > 1.0; routed to SH_SUBWAY_EXIT
proactive,52,9,proactive,0,,,,"no action: vuln 0.32, forecast 0.88, exposure 0.69"
proactive,53,9,proactive,0,,,,"no action: vuln 0.26, forecast 0.87, exposure 0.58"
proactive,54,9,proactive,0,,,,"no action: vuln 0.21, forecast 1.01, exposure 0.89"
proactive,55,9,proactive,1,SH_COREDO,6.0,2.0,proactive fallback: exposure 1.10 > 1.0; routed to SH_COREDO
proactive,56,9,proactive,1,SH_SUBWAY_EXIT,13.0,3.0,vuln 0.74 >= 0.55 and forecast 1.41 >= 0.8; pre-positioned to SH_SUBWAY_EXIT
proactive,57,9,proactive,1,SH_COREDO,6.0,2.0,proactive fallback: exposure 1.06 > 1.0; routed to SH_COREDO
proactive,58,9,proactive,0,,,,"no action: vuln 0.31, forecast 1.14, exposure 0.83"
proactive,59,9,proactive,1,SH_SUBWAY_EXIT,13.0,3.0,proactive fallback: exposure 1.04 > 1.0; routed to SH_SUBWAY_EXIT
proactive,60,9,proactive,0,,,,"no action: vuln 0.52, forecast 1.01, exposure 0.77"
proactive,61,9,proactive,1,SH_SUBWAY_EXIT,13.0,3.0,proactive fallback: exposure 1.16 > 1.0; routed to SH_SUBWAY_EXIT
proactive,62,9,proactive,1,SH_COREDO,6.0,2.0,vuln 0.78 >= 0.55 and forecast 1.35 >= 0.8; pre-positioned to SH_COREDO
proactive,63,9,proactive,1,SH_COREDO,6.0,2.0,vuln 0.77 >= 0.55 and forecast 1.12 >= 0.8; pre-positioned to SH_COREDO
proactive,64,9,proactive,0,,,,"no action: vuln 0.26, forecast 1.13, exposure 0.72"
proactive,65,9,proactive,0,,,,"no action: vuln 0.18, forecast 0.84, exposure 0.56"
proactive,66,9,proactive,1,SH_BANK_HALL,10.0,7.0,vuln 0.75 >= 0.55 and forecast 0.88 >= 0.8; pre-positioned to SH_BANK_HALL
proactive,67,9,proactive,0,,,,"no action: vuln 0.27, forecast 1.02, exposure 0.81"
proactive,68,9,proactive,1,SH_SUBWAY_EXIT,13.0,3.0,proactive fallback: exposure 1.06 > 1.0; routed to SH_SUBWAY_EXIT
proactive,69,9,proactive,1,SH_SUBWAY_EXIT,13.0,3.0,proactive fallback: exposure 1.08 > 1.0; routed to SH_SUBWAY_EXIT
proactive,70,9,proactive,0,,,,"no action: vuln 0.19, forecast 0.83, exposure 0.57"
proactive,71,9,proactive,1,SH_COREDO,6.0,2.0,proactive fallback: exposure 1.05 > 1.0; routed to SH_COREDO
proactive,72,9,proactive,0,,,,"no action: vuln 0.31, forecast 0.93, exposure 0.83"
proactive,73,9,proactive,0,,,,"no action: vuln 0.29, forecast 1.12, exposure 0.94"
proactive,74,9,proactive,0,,,,"no action: vuln 0.75, forecast 0.78, exposure 0.67"
proactive,75,9,proactive,1,SH_SUBWAY_EXIT,13.0,3.0,vuln 0.86 >= 0.55 and forecast 1.32 >= 0.8; pre-positioned to SH_SUBWAY_EXIT
proactive,76,9,proactive,0,,,,"no action: vuln 0.24, forecast 1.02, exposure 0.74"
proactive,77,9,proactive,1,SH_COREDO,6.0,2.0,vuln 0.57 >= 0.55 and forecast 1.02 >= 0.8; pre-positioned to SH_COREDO
proactive,78,9,proactive,1,SH_BRIDGE_PLAZA,17.0,6.0,proactive fallback: exposure 1.11 > 1.0; routed to SH_BRIDGE_PLAZA
proactive,79,9,proactive,0,,,,"no action: vuln 0.31, forecast 1.01, exposure 0.85"
proactive,80,9,proactive,1,SH_COREDO,6.0,2.0,proactive fallback: exposure 1.13 > 1.0; routed to SH_COREDO
proactive,81,9,proactive,1,SH_BRIDGE_PLAZA,17.0,6.0,vuln 0.75 >= 0.55 and forecast 1.01 >= 0.8; pre-positioned to SH_BRIDGE_PLAZA
proactive,82,9,proactive,1,SH_SUBWAY_EXIT,13.0,3.0,proactive fallback: exposure 1.06 > 1.0; routed to SH_SUBWAY_EXIT
proactive,83,9,proactive,1,SH_SUBWAY_EXIT,13.0,3.0,proactive fallback: exposure 1.10 > 1.0; routed to SH_SUBWAY_EXIT
proactive,84,9,proactive,1,SH_MITSUKOSHI,2.0,7.0,vuln 0.76 >= 0.55 and forecast 0.89 >= 0.8; pre-positioned to SH_MITSUKOSHI
proactive,85,9,proactive,0,,,,"no action: vuln 0.21, forecast 0.86, exposure 0.60"
proactive,86,9,proactive,0,,,,"no action: vuln 0.26, forecast 1.00, exposure 0.81"
proactive,87,9,proactive,1,SH_BANK_HALL,10.0,7.0,vuln 0.87 >= 0.55 and forecast 0.88 >= 0.8; pre-positioned to SH_BANK_HALL
proactive,88,9,proactive,0,,,,"no action: vuln 0.23, forecast 0.80, exposure 0.54"
proactive,89,9,proactive,0,,,,"no action: vuln 0.22, forecast 1.09, exposure 0.79"
proactive,90,9,proactive,1,SH_BANK_HALL,10.0,7.0,vuln 0.73 >= 0.55 and forecast 0.93 >= 0.8; pre-positioned to SH_BANK_HALL
proactive,91,9,proactive,1,SH_BRIDGE_PLAZA,17.0,6.0,proactive fallback: exposure 1.04 > 1.0; routed to SH_BRIDGE_PLAZA
proactive,92,9,proactive,0,,,,"no action: vuln 0.20, forecast 0.99, exposure 0.80"
proactive,93,9,proactive,0,,,,"no action: vuln 0.20, forecast 1.04, exposure 0.81"
proactive,94,9,proactive,1,SH_MITSUKOSHI,2.0,7.0,vuln 0.70 >= 0.55 and forecast 0.88 >= 0.8; pre-positioned to SH_MITSUKOSHI
proactive,95,9,proactive,1,SH_SUBWAY_EXIT,13.0,3.0,proactive fallback: exposure 1.09 > 1.0; routed to SH_SUBWAY_EXIT
proactive,96,9,proactive,0,,,,"no action: vuln 0.50, forecast 0.82, exposure 0.59"
proactive,97,9,proactive,1,SH_BRIDGE_PLAZA,17.0,6.0,proactive fallback: exposure 1.04 > 1.0; routed to SH_BRIDGE_PLAZA
proactive,98,9,proactive,0,,,,"no action: vuln 0.22, forecast 0.87, exposure 0.58"
proactive,99,9,proactive,0,,,,"no action: vuln 0.72, forecast 0.79, exposure 0.70"
proactive,100,9,proactive,1,SH_SUBWAY_EXIT,13.0,3.0,proactive fallback: exposure 1.20 > 1.0; routed to SH_SUBWAY_EXIT
proactive,101,9,proactive,1,SH_COREDO,6.0,2.0,vuln 0.81 >= 0.55 and forecast 1.00 >= 0.8; pre-positioned to SH_COREDO
proactive,102,9,proactive,0,,,,"no action: vuln 0.94, forecast 0.76, exposure 0.56"
proactive,103,9,proactive,1,SH_COREDO,6.0,2.0,proactive fallback: exposure 1.02 > 1.0; routed to SH_COREDO
proactive,104,9,proactive,1,SH_COREDO,6.0,2.0,vuln 0.81 >= 0.55 and forecast 1.00 >= 0.8; pre-positioned to SH_COREDO
proactive,105,9,proactive,0,,,,"no action: vuln 0.23, forecast 0.84, exposure 0.58"
proactive,106,9,proactive,0,,,,"no action: vuln 0.51, forecast 1.06, exposure 0.80"
proactive,107,9,proactive,1,SH_COREDO,6.0,2.0,vuln 0.56 >= 0.55 and forecast 1.29 >= 0.8; pre-positioned to SH_COREDO
proactive,108,9,proactive,1,SH_COREDO,6.0,2.0,proactive fallback: exposure 1.21 > 1.0; routed to SH_COREDO
proactive,109,9,proactive,0,,,,"no action: vuln 0.30, forecast 1.36, exposure 1.00"
proactive,110,9,proactive,0,,,,"no action: vuln 0.27, forecast 1.04, exposure 0.81"
proactive,111,9,proactive,0,,,,"no action: vuln 0.53, forecast 1.09, exposure 0.81"
proactive,112,9,proactive,1,SH_COREDO,6.0,2.0,vuln 0.89 >= 0.55 and forecast 0.98 >= 0.8; pre-positioned to SH_COREDO
proactive,113,9,proactive,0,,,,"no action: vuln 0.52, forecast 0.88, exposure 0.69"
proactive,114,9,proactive,1,SH_BRIDGE_PLAZA,17.0,6.0,vuln 0.86 >= 0.55 and forecast 0.88 >= 0.8; pre-positioned to SH_BRIDGE_PLAZA
proactive,115,9,proactive,0,,,,"no action: vuln 0.32, forecast 1.07, exposure 0.79"
proactive,116,9,proactive,1,SH_MITSUKOSHI,2.0,7.0,vuln 0.58 >= 0.55 and forecast 0.86 >= 0.8; pre-positioned to SH_MITSUKOSHI
proactive,117,9,proactive,0,,,,"no action: vuln 0.24, forecast 1.05, exposure 0.77"
proactive,118,9,proactive,1,SH_SUBWAY_EXIT,13.0,3.0,proactive fallback: exposure 1.10 > 1.0; routed to SH_SUBWAY_EXIT
proactive,119,9,proactive,1,SH_MITSUKOSHI,2.0,7.0,vuln 0.90 >= 0.55 and forecast 1.14 >= 0.8; pre-positioned to SH_MITSUKOSHI
proactive,120,9,proactive,0,,,,"no action: vuln 0.53, forecast 1.01, exposure 0.77"
proactive,121,9,proactive,1,SH_COREDO,6.0,2.0,proactive fallback: exposure 1.19 > 1.0; routed to SH_COREDO
proactive,122,9,proactive,0,,,,"no action: vuln 0.32, forecast 0.88, exposure 0.65"
proactive,123,9,proactive,0,,,,"no action: vuln 0.70, forecast 0.79, exposure 0.56"
proactive,124,9,proactive,1,SH_BRIDGE_PLAZA,17.0,6.0,vuln 0.56 >= 0.55 and forecast 0.84 >= 0.8; pre-positioned to SH_BRIDGE_PLAZA
proactive,125,9,proactive,1,SH_MITSUKOSHI,2.0,7.0,vuln 0.85 >= 0.55 and forecast 1.31 >= 0.8; pre-positioned to SH_MITSUKOSHI
proactive,126,9,proactive,1,SH_SUBWAY_EXIT,13.0,3.0,vuln 0.55 >= 0.55 and forecast 1.01 >= 0.8; pre-positioned to SH_SUBWAY_EXIT
proactive,127,9,proactive,1,SH_BRIDGE_PLAZA,17.0,6.0,vuln 0.77 >= 0.55 and forecast 1.08 >= 0.8; pre-positioned to SH_BRIDGE_PLAZA
proactive,128,9,proactive,0,,,,"no action: vuln 0.74, forecast 0.78, exposure 0.52"
proactive,129,9,proactive,0,,,,"no action: vuln 0.19, forecast 0.86, exposure 0.62"
proactive,130,9,proactive,1,SH_BRIDGE_PLAZA,17.0,6.0,vuln 0.60 >= 0.55 and forecast 1.36 >= 0.8; pre-positioned to SH_BRIDGE_PLAZA
proactive,131,9,proactive,1,SH_BRIDGE_PLAZA,17.0,6.0,vuln 0.67 >= 0.55 and forecast 0.96 >= 0.8; pre-positioned to SH_BRIDGE_PLAZA
proactive,132,9,proactive,1,SH_MITSUKOSHI,2.0,7.0,proactive fallback: exposure 1.10 > 1.0; routed to SH_MITSUKOSHI
proactive,133,9,proactive,0,,,,"no action: vuln 0.23, forecast 0.80, exposure 0.58"
proactive,134,9,proactive,0,,,,"no action: vuln 0.21, forecast 1.09, exposure 0.76"
proactive,135,9,proactive,0,,,,"no action: vuln 0.49, forecast 0.80, exposure 0.60"
proactive,136,9,proactive,1,SH_MITSUKOSHI,2.0,7.0,vuln 0.58 >= 0.55 and forecast 1.02 >= 0.8; pre-positioned to SH_MITSUKOSHI
proactive,137,9,proactive,0,,,,"no action: vuln 0.18, forecast 1.14, exposure 0.75"
proactive,138,9,proactive,0,,,,"no action: vuln 0.30, forecast 1.09, exposure 0.81"
proactive,139,9,proactive,1,SH_BRIDGE_PLAZA,17.0,6.0,proactive fallback: exposure 1.04 > 1.0; routed to SH_BRIDGE_PLAZA
proactive,140,9,proactive,0,,,,"no action: vuln 0.30, forecast 0.76, exposure 0.54"
proactive,141,9,proactive,0,,,,"no action: vuln 0.24, forecast 1.01, exposure 0.77"
proactive,142,9,proactive,0,,,,"no action: vuln 0.26, forecast 0.96, exposure 0.76"
proactive,143,9,proactive,0,,,,"no action: vuln 0.20, forecast 0.91, exposure 0.57"
proactive,144,9,proactive,1,SH_BRIDGE_PLAZA,17.0,6.0,vuln 0.83 >= 0.55 and forecast 1.35 >= 0.8; pre-positioned to SH_BRIDGE_PLAZA
proactive,145,9,proactive,1,SH_SUBWAY_EXIT,13.0,3.0,proactive fallback: exposure 1.18 > 1.0; routed to SH_SUBWAY_EXIT
proactive,146,9,proactive,1,SH_MITSUKOSHI,2.0,7.0,proactive fallback: exposure 1.16 > 1.0; routed to SH_MITSUKOSHI
proactive,147,9,proactive,1,SH_SUBWAY_EXIT,13.0,3.0,proactive fallback: exposure 1.10 > 1.0; routed to SH_SUBWAY_EXIT
proactive,148,9,proactive,1,SH_SUBWAY_EXIT,13.0,3.0,proactive fallback: exposure 1.06 > 1.0; routed to SH_SUBWAY_EXIT
proactive,149,9,proactive,1,SH_BANK_HALL,10.0,7.0,vuln 0.59 >= 0.55 and forecast 1.08 >= 0.8; pre-positioned to SH_BANK_HALL
proactive,150,9,proactive,1,SH_SUBWAY_EXIT,13.0,3.0,proactive fallback: exposure 1.09 > 1.0; routed to SH_SUBWAY_EXIT
proactive,151,9,proactive,1,SH_BRIDGE_PLAZA,17.0,6.0,proactive fallback: exposure 1.04 > 1.0; routed to SH_BRIDGE_PLAZA
proactive,152,9,proactive,0,,,,"no action: vuln 0.31, forecast 1.08, exposure 0.78"
proactive,153,9,proactive,0,,,,"no action: vuln 0.30, forecast 0.76, exposure 0.66"
proactive,154,9,proactive,0,,,,"no action: vuln 0.52, forecast 1.02, exposure 0.80"
proactive,155,9,proactive,0,,,,"no action: vuln 0.27, forecast 0.98, exposure 0.85"
proactive,156,9,proactive,0,,,,"no action: vuln 0.22, forecast 0.91, exposure 0.57"
proactive,157,9,proactive,1,SH_MITSUKOSHI,2.0,7.0,vuln 0.78 >= 0.55 and forecast 0.98 >= 0.8; pre-positioned to SH_MITSUKOSHI
proactive,158,9,proactive,0,,,,"no action: vuln 0.22, forecast 0.88, exposure 0.53"
proactive,159,9,proactive,1,SH_SUBWAY_EXIT,13.0,3.0,proactive fallback: exposure 1.10 > 1.0; routed to SH_SUBWAY_EXIT
proactive,160,9,proactive,0,,,,"no action: vuln 0.24, forecast 1.00, exposure 0.87"
proactive,161,9,proactive,1,SH_SUBWAY_EXIT,13.0,3.0,proactive fallback: exposure 1.01 > 1.0; routed to SH_SUBWAY_EXIT
proactive,162,9,proactive,1,SH_SUBWAY_EXIT,13.0,3.0,vuln 0.56 >= 0.55 and forecast 1.40 >= 0.8; pre-positioned to SH_SUBWAY_EXIT
proactive,163,9,proactive,0,,,,"no action: vuln 0.26, forecast 1.13, exposure 0.72"
proactive,164,9,proactive,0,,,,"no action: vuln 0.22, forecast 1.01, exposure 0.82"
proactive,165,9,proactive,0,,,,"no action: vuln 0.27, forecast 0.99, exposure 0.82"
proactive,166,9,proactive,1,SH_BANK_HALL,10.0,7.0,proactive fallback: exposure 1.02 > 1.0; routed to SH_BANK_HALL
proactive,167,9,proactive,1,SH_BRIDGE_PLAZA,17.0,6.0,vuln 0.56 >= 0.55 and forecast 1.08 >= 0.8; pre-positioned to SH_BRIDGE_PLAZA
proactive,168,9,proactive,0,,,,"no action: vuln 0.29, forecast 1.15, exposure 0.79"
proactive,169,9,proactive,0,,,,"no action: vuln 0.20, forecast 1.09, exposure 0.82"
proactive,170,9,proactive,0,,,,"no action: vuln 0.26, forecast 0.85, exposure 0.60"
proactive,171,9,proactive,1,SH_MITSUKOSHI,2.0,7.0,proactive fallback: exposure 1.10 > 1.0; routed to SH_MITSUKOSHI
proactive,172,9,proactive,0,,,,"no action: vuln 0.20, forecast 0.98, exposure 0.89"
proactive,173,9,proactive,1,SH_MITSUKOSHI,2.0,7.0,vuln 0.74 >= 0.55 and forecast 0.84 >= 0.8; pre-positioned to SH_MITSUKOSHI
proactive,174,9,proactive,1,SH_BRIDGE_PLAZA,17.0,6.0,vuln 0.59 >= 0.55 and forecast 1.12 >= 0.8; pre-positioned to SH_BRIDGE_PLAZA
proactive,175,9,proactive,1,SH_MITSUKOSHI,2.0,7.0,proactive fallback: exposure 1.10 > 1.0; routed to SH_MITSUKOSHI
proactive,176,9,proactive,1,SH_SUBWAY_EXIT,13.0,3.0,proactive fallback: exposure 1.09 > 1.0; routed to SH_SUBWAY_EXIT
proactive,177,9,proactive,0,,,,"no action: vuln 0.26, forecast 1.05, exposure 0.84"
proactive,178,9,proactive,0,,,,"no action: vuln 0.30, forecast 1.07, exposure 0.82"
proactive,179,9,proactive,0,,,,"no action: vuln 0.38, forecast 0.99, exposure 0.80"
proactive,180,9,proactive,1,SH_BRIDGE_PLAZA,17.0,6.0,vuln 0.71 >= 0.55 and forecast 0.92 >= 0.8; pre-positioned to SH_BRIDGE_PLAZA
proactive,181,9,proactive,1,SH_SUBWAY_EXIT,13.0,3.0,proactive fallback: exposure 1.05 > 1.0; routed to SH_SUBWAY_EXIT
proactive,182,9,proactive,0,,,,"no action: vuln 0.22, forecast 1.07, exposure 0.79"
proactive,183,9,proactive,0,,,,"no action: vuln 0.24, forecast 0.97, exposure 0.82"
proactive,184,9,proactive,0,,,,"no action: vuln 0.21, forecast 1.03, exposure 0.70"
proactive,185,9,proactive,1,SH_SUBWAY_EXIT,13.0,3.0,vuln 0.90 >= 0.55 and forecast 1.36 >= 0.8; pre-positioned to SH_SUBWAY_EXIT
proactive,186,9,proactive,1,SH_SUBWAY_EXIT,13.0,3.0,proactive fallback: exposure 1.17 > 1.0; routed to SH_SUBWAY_EXIT
proactive,187,9,proactive,1,SH_MITSUKOSHI,2.0,7.0,proactive fallback: exposure 1.16 > 1.0; routed to SH_MITSUKOSHI
proactive,188,9,proactive,1,SH_SUBWAY_EXIT,13.0,3.0,proactive fallback: exposure 1.12 > 1.0; routed to SH_SUBWAY_EXIT
proactive,189,9,proactive,0,,,,"no action: vuln 0.25, forecast 0.83, exposure 0.53"
proactive,190,9,proactive,1,SH_MITSUKOSHI,2.0,7.0,vuln 0.74 >= 0.55 and forecast 0.83 >= 0.8; pre-positioned to SH_MITSUKOSHI
proactive,191,9,proactive,0,,,,"no action: vuln 0.24, forecast 1.05, exposure 0.84"
proactive,192,9,proactive,0,,,,"no action: vuln 0.26, forecast 1.12, exposure 0.81"
proactive,193,9,proactive,0,,,,"no action: vuln 0.31, forecast 0.91, exposure 0.71"
proactive,194,9,proactive,1,SH_BANK_HALL,10.0,7.0,vuln 0.74 >= 0.55 and forecast 0.98 >= 0.8; pre-positioned to SH_BANK_HALL
proactive,195,9,proactive,0,,,,"no action: vuln 0.26, forecast 0.93, exposure 0.63"
proactive,196,9,proactive,0,,,,"no action: vuln 0.22, forecast 0.80, exposure 0.60"
proactive,197,9,proactive,0,,,,"no action: vuln 0.56, forecast 0.78, exposure 0.59"
proactive,198,9,proactive,1,SH_BANK_HALL,10.0,7.0,proactive fallback: exposure 1.02 > 1.0; routed to SH_BANK_HALL
proactive,199,9,proactive,0,,,,"no action: vuln 0.29, forecast 0.96, exposure 0.76"
proactive,200,9,proactive,0,,,,"no action: vuln 0.26, forecast 1.35, exposure 0.93"
proactive,201,9,proactive,1,SH_BRIDGE_PLAZA,17.0,6.0,proactive fallback: exposure 1.04 > 1.0; routed to SH_BRIDGE_PLAZA
proactive,202,9,proactive,0,,,,"no action: vuln 0.16, forecast 0.89, exposure 0.61"
proactive,203,9,proactive,1,SH_BRIDGE_PLAZA,17.0,6.0,vuln 0.56 >= 0.55 and forecast 1.36 >= 0.8; pre-positioned to SH_BRIDGE_PLAZA
proactive,204,9,proactive,0,,,,"no action: vuln 0.33, forecast 0.76, exposure 0.66"
proactive,205,9,proactive,1,SH_MITSUKOSHI,2.0,7.0,vuln 0.79 >= 0.55 and forecast 0.82 >= 0.8; pre-positioned to SH_MITSUKOSHI
proactive,206,9,proactive,1,SH_MITSUKOSHI,2.0,7.0,vuln 0.59 >= 0.55 and forecast 1.07 >= 0.8; pre-positioned to SH_MITSUKOSHI
proactive,207,9,proactive,0,,,,"no action: vuln 0.29, forecast 1.07, exposure 0.79"
proactive,208,9,proactive,0,,,,"no action: vuln 0.40, forecast 1.12, exposure 0.94"
proactive,209,9,proactive,0,,,,"no action: vuln 0.27, forecast 1.03, exposure 0.78"
proactive,210,9,proactive,1,SH_MITSUKOSHI,2.0,7.0,vuln 0.90 >= 0.55 and forecast 1.02 >= 0.8; pre-positioned to SH_MITSUKOSHI
proactive,211,9,proactive,0,,,,"no action: vuln 0.27, forecast 0.98, exposure 0.82"
proactive,212,9,proactive,0,,,,"no action: vuln 0.25, forecast 1.07, exposure 0.83"
proactive,213,9,proactive,1,SH_BRIDGE_PLAZA,17.0,6.0,vuln 0.68 >= 0.55 and forecast 1.34 >= 0.8; pre-positioned to SH_BRIDGE_PLAZA
proactive,214,9,proactive,1,SH_MITSUKOSHI,2.0,7.0,proactive fallback: exposure 1.13 > 1.0; routed to SH_MITSUKOSHI
proactive,215,9,proactive,1,SH_BRIDGE_PLAZA,17.0,6.0,proactive fallback: exposure 1.04 > 1.0; routed to SH_BRIDGE_PLAZA
proactive,216,9,proactive,0,,,,"no action: vuln 0.37, forecast 1.02, exposure 0.74"
proactive,217,9,proactive,0,,,,"no action: vuln 0.25, forecast 0.98, exposure 0.79"
proactive,218,9,proactive,0,,,,"no action: vuln 0.28, forecast 1.03, exposure 0.81"
proactive,219,9,proactive,1,SH_BANK_HALL,10.0,7.0,vuln 0.56 >= 0.55 and forecast 1.00 >= 0.8; pre-positioned to SH_BANK_HALL
proactive,220,9,proactive,1,SH_BANK_HALL,10.0,7.0,vuln 0.69 >= 0.55 and forecast 0.86 >= 0.8; pre-positioned to SH_BANK_HALL
proactive,221,9,proactive,1,SH_BANK_HALL,10.0,7.0,vuln 0.88 >= 0.55 and forecast 1.07 >= 0.8; pre-positioned to SH_BANK_HALL
proactive,222,9,proactive,0,,,,"no action: vuln 0.30, forecast 0.78, exposure 0.61"
proactive,223,9,proactive,1,SH_MITSUKOSHI,2.0,7.0,proactive fallback: exposure 1.14 > 1.0; routed to SH_MITSUKOSHI
proactive,224,9,proactive,0,,,,"no action: vuln 0.23, forecast 0.91, exposure 0.55"
proactive,225,9,proactive,0,,,,"no action: vuln 0.22, forecast 0.88, exposure 0.60"
proactive,226,9,proactive,1,SH_BRIDGE_PLAZA,17.0,6.0,vuln 0.69 >= 0.55 and forecast 0.99 >= 0.8; pre-positioned to SH_BRIDGE_PLAZA
proactive,227,9,proactive,0,,,,"no action: vuln 0.76, forecast 0.76, exposure 0.54"
proactive,228,9,proactive,1,SH_BANK_HALL,10.0,7.0,vuln 0.57 >= 0.55 and forecast 1.47 >= 0.8; pre-positioned to SH_BANK_HALL
proactive,229,9,proactive,1,SH_BANK_HALL,10.0,7.0,proactive fallback: exposure 1.16 > 1.0; routed to SH_BANK_HALL
proactive,230,9,proactive,0,,,,"no action: vuln 0.24, forecast 1.03, exposure 0.80"
proactive,231,9,proactive,0,,,,"no action: vuln 0.22, forecast 1.02, exposure 0.77"
proactive,232,9,proactive,1,SH_BRIDGE_PLAZA,17.0,6.0,proactive fallback: exposure 1.00 > 1.0; routed to SH_BRIDGE_PLAZA
proactive,233,9,proactive,1,SH_BANK_HALL,10.0,7.0,proactive fallback: exposure 1.21 > 1.0; routed to SH_BANK_HALL
proactive,234,9,proactive,0,,,,"no action: vuln 0.29, forecast 1.02, exposure 0.77"
proactive,235,9,proactive,0,,,,"no action: vuln 0.35, forecast 0.85, exposure 0.60"
proactive,236,9,proactive,1,SH_BANK_HALL,10.0,7.0,proactive fallback: exposure 1.17 > 1.0; routed to SH_BANK_HALL
proactive,237,9,proactive,1,SH_BANK_HALL,10.0,7.0,vuln 0.58 >= 0.55 and forecast 1.34 >= 0.8; pre-positioned to SH_BANK_HALL
proactive,238,9,proactive,1,SH_BANK_HALL,10.0,7.0,proactive fallback: exposure 1.17 > 1.0; routed to SH_BANK_HALL
proactive,239,9,proactive,1,SH_BANK_HALL,10.0,7.0,vuln 0.60 >= 0.55 and forecast 0.86 >= 0.8; pre-positioned to SH_BANK_HALL
proactive,0,10,proactive,1,SH_COREDO,6.0,2.0,proactive fallback: exposure 1.43 > 1.0; routed to SH_COREDO
proactive,1,10,proactive,0,,,,"no action: vuln 0.54, forecast 1.01, exposure 0.79"
proactive,2,10,proactive,1,SH_COREDO,6.0,2.0,vuln 0.72 >= 0.55 and forecast 1.32 >= 0.8; pre-positioned to SH_COREDO
proactive,3,10,proactive,1,SH_BRIDGE_PLAZA,17.0,6.0,proactive fallback: exposure 1.36 > 1.0; routed to SH_BRIDGE_PLAZA
proactive,4,10,proactive,1,SH_COREDO,6.0,2.0,proactive fallback: exposure 1.29 > 1.0; routed to SH_COREDO
proactive,5,10,proactive,1,SH_COREDO,6.0,2.0,vuln 0.77 >= 0.55 and forecast 1.50 >= 0.8; pre-positioned to SH_COREDO
proactive,6,10,proactive,1,SH_COREDO,6.0,2.0,vuln 0.69 >= 0.55 and forecast 1.58 >= 0.8; pre-positioned to SH_COREDO
proactive,7,10,proactive,1,SH_SUBWAY_EXIT,13.0,3.0,proactive fallback: exposure 1.04 > 1.0; routed to SH_SUBWAY_EXIT
proactive,8,10,proactive,1,SH_COREDO,6.0,2.0,vuln 0.63 >= 0.55 and forecast 1.51 >= 0.8; pre-positioned to SH_COREDO
proactive,9,10,proactive,1,SH_COREDO,6.0,2.0,proactive fallback: exposure 1.06 > 1.0; routed to SH_COREDO
proactive,10,10,proactive,1,SH_SUBWAY_EXIT,13.0,3.0,proactive fallback: exposure 1.13 > 1.0; routed to SH_SUBWAY_EXIT
proactive,11,10,proactive,1,SH_BANK_HALL,10.0,7.0,proactive fallback: exposure 1.05 > 1.0; routed to SH_BANK_HALL
proactive,12,10,proactive,0,,,,"no action: vuln 0.26, forecast 1.05, exposure 0.76"
proactive,13,10,proactive,1,SH_BRIDGE_PLAZA,17.0,6.0,proactive fallback: exposure 1.01 > 1.0; routed to SH_BRIDGE_PLAZA
proactive,14,10,proactive,0,,,,"no action: vuln 0.23, forecast 1.05, exposure 0.78"
proactive,15,10,proactive,1,SH_BRIDGE_PLAZA,17.0,6.0,proactive fallback: exposure 1.09 > 1.0; routed to SH_BRIDGE_PLAZA
proactive,16,10,proactive,1,SH_MITSUKOSHI,2.0,7.0,vuln 0.73 >= 0.55 and forecast 1.25 >= 0.8; pre-positioned to SH_MITSUKOSHI
proactive,17,10,proactive,1,SH_SUBWAY_EXIT,13.0,3.0,vuln 0.69 >= 0.55 and forecast 1.38 >= 0.8; pre-positioned to SH_SUBWAY_EXIT
proactive,18,10,proactive,0,,,,"no action: vuln 0.27, forecast 1.02, exposure 0.80"
proactive,19,10,proactive,1,SH_BANK_HALL,10.0,7.0,vuln 0.59 >= 0.55 and forecast 1.54 >= 0.8; pre-positioned to SH_BANK_HALL
proactive,20,10,proactive,1,SH_SUBWAY_EXIT,13.0,3.0,proactive fallback: exposure 1.01 > 1.0; routed to SH_SUBWAY_EXIT
proactive,21,10,proactive,1,SH_SUBWAY_EXIT,13.0,3.0,proactive fallback: exposure 1.41 > 1.0; routed to SH_SUBWAY_EXIT
proactive,22,10,proactive,0,,,,"no action: vuln 0.26, forecast 1.09, exposure 0.91"
proactive,23,10,proactive,1,SH_BANK_HALL,10.0,7.0,vuln 0.69 >= 0.55 and forecast 1.07 >= 0.8; pre-positioned to SH_BANK_HALL
proactive,24,10,proactive,1,SH_COREDO,6.0,2.0,proactive fallback: exposure 1.03 > 1.0; routed to SH_COREDO
proactive,25,10,proactive,1,SH_COREDO,6.0,2.0,proactive fallback: exposure 1.34 > 1.0; routed to SH_COREDO
proactive,26,10,proactive,0,,,,"no action: vuln 0.30, forecast 1.04, exposure 0.85"
proactive,27,10,proactive,1,SH_COREDO,6.0,2.0,proactive fallback: exposure 1.29 > 1.0; routed to SH_COREDO
proactive,28,10,proactive,0,,,,"no action: vuln 0.26, forecast 1.02, exposure 0.77"
proactive,29,10,proactive,0,,,,"no action: vuln 0.32, forecast 0.99, exposure 0.78"
proactive,30,10,proactive,0,,,,"no action: vuln 0.16, forecast 1.07, exposure 0.85"
proactive,31,10,proactive,1,SH_BRIDGE_PLAZA,17.0,6.0,proactive fallback: exposure 1.03 > 1.0; routed to SH_BRIDGE_PLAZA
proactive,32,10,proactive,1,SH_MITSUKOSHI,2.0,7.0,proactive fallback: exposure 1.01 > 1.0; routed to SH_MITSUKOSHI
proactive,33,10,proactive,0,,,,"no action: vuln 0.32, forecast 1.01, exposure 0.76"
proactive,34,10,proactive,1,SH_BRIDGE_PLAZA,17.0,6.0,vuln 0.66 >= 0.55 and forecast 1.01 >= 0.8; pre-positioned to SH_BRIDGE_PLAZA
proactive,35,10,proactive,0,,,,"no action: vuln 0.55, forecast 1.12, exposure 0.83"
proactive,36,10,proactive,1,SH_COREDO,6.0,2.0,proactive fallback: exposure 1.33 > 1.0; routed to SH_COREDO
proactive,37,10,proactive,1,SH_MITSUKOSHI,2.0,7.0,vuln 0.86 >= 0.55 and forecast 1.24 >= 0.8; pre-positioned to SH_MITSUKOSHI
proactive,38,10,proactive,1,SH_MITSUKOSHI,2.0,7.0,proactive fallback: exposure 1.02 > 1.0; routed to SH_MITSUKOSHI
proactive,39,10,proactive,0,,,,"no action: vuln 0.25, forecast 1.14, exposure 0.86"
proactive,40,10,proactive,1,SH_COREDO,6.0,2.0,vuln 0.58 >= 0.55 and forecast 1.23 >= 0.8; pre-positioned to SH_COREDO
proactive,41,10,proactive,0,,,,"no action: vuln 0.26, forecast 1.25, exposure 1.00"
proactive,42,10,proactive,1,SH_BANK_HALL,10.0,7.0,vuln 0.94 >= 0.55 and forecast 1.04 >= 0.8; pre-positioned to SH_BANK_HALL
proactive,43,10,proactive,0,,,,"no action: vuln 0.22, forecast 1.00, exposure 0.89"
proactive,44,10,proactive,1,SH_SUBWAY_EXIT,13.0,3.0,proactive fallback: exposure 1.31 > 1.0; routed to SH_SUBWAY_EXIT
proactive,45,10,proactive,1,SH_COREDO,6.0,2.0,proactive fallback: exposure 1.34 > 1.0; routed to SH_COREDO
proactive,46,10,proactive,1,SH_BRIDGE_PLAZA,17.0,6.0,proactive fallback: exposure 1.35 > 1.0; routed to SH_BRIDGE_PLAZA
proactive,47,10,proactive,1,SH_SUBWAY_EXIT,13.0,3.0,proactive fallback: exposure 1.36 > 1.0; routed to SH_SUBWAY_EXIT
proactive,48,10,proactive,0,,,,"no action: vuln 0.24, forecast 1.05, exposure 0.71"
proactive,49,10,proactive,1,SH_BRIDGE_PLAZA,17.0,6.0,vuln 0.76 >= 0.55 and forecast 1.31 >= 0.8; pre-positioned to SH_BRIDGE_PLAZA
proactive,50,10,proactive,0,,,,"no action: vuln 0.42, forecast 1.04, exposure 0.90"
proactive,51,10,proactive,1,SH_COREDO,6.0,2.0,proactive fallback: exposure 1.41 > 1.0; routed to SH_COREDO
proactive,52,10,proactive,0,,,,"no action: vuln 0.32, forecast 1.10, exposure 0.88"
proactive,53,10,proactive,0,,,,"no action: vuln 0.26, forecast 1.08, exposure 0.87"
proactive,54,10,proactive,1,SH_MITSUKOSHI,2.0,7.0,proactive fallback: exposure 1.01 > 1.0; routed to SH_MITSUKOSHI
proactive,55,10,proactive,1,SH_COREDO,6.0,2.0,proactive fallback: exposure 1.37 > 1.0; routed to SH_COREDO
proactive,56,10,proactive,1,SH_BANK_HALL,10.0,7.0,vuln 0.74 >= 0.55 and forecast 1.52 >= 0.8; pre-positioned to SH_BANK_HALL
proactive,57,10,proactive,1,SH_BANK_HALL,10.0,7.0,proactive fallback: exposure 1.36 > 1.0; routed to SH_BANK_HALL
proactive,58,10,proactive,1,SH_MITSUKOSHI,2.0,7.0,proactive fallback: exposure 1.14 > 1.0; routed to SH_MITSUKOSHI
proactive,59,10,proactive,1,SH_BANK_HALL,10.0,7.0,proactive fallback: exposure 1.47 > 1.0; routed to SH_BANK_HALL
proactive,60,10,proactive,1,SH_BRIDGE_PLAZA,17.0,6.0,proactive fallback: exposure 1.01 > 1.0; routed to SH_BRIDGE_PLAZA
proactive,61,10,proactive,1,SH_BANK_HALL,10.0,7.0,proactive fallback: exposure 1.40 > 1.0; routed to SH_BANK_HALL
proactive,62,10,proactive,1,SH_MITSUKOSHI,2.0,7.0,vuln 0.78 >= 0.55 and forecast 1.65 >= 0.8; pre-positioned to SH_MITSUKOSHI
proactive,63,10,proactive,1,SH_BANK_HALL,10.0,7.0,vuln 0.77 >= 0.55 and forecast 1.33 >= 0.8; pre-positioned to SH_BANK_HALL
proactive,64,10,proactive,1,SH_BRIDGE_PLAZA,17.0,6.0,proactive fallback: exposure 1.13 > 1.0; routed to SH_BRIDGE_PLAZA
proactive,65,10,proactive,0,,,,"no action: vuln 0.18, forecast 1.04, exposure 0.84"
proactive,66,10,proactive,1,SH_BANK_HALL,10.0,7.0,vuln 0.75 >= 0.55 and forecast 1.03 >= 0.8; pre-positioned to SH_BANK_HALL
proactive,67,10,proactive,1,SH_BANK_HALL,10.0,7.0,proactive fallback: exposure 1.02 > 1.0; routed to SH_BANK_HALL
proactive,68,10,proactive,1,SH_BRIDGE_PLAZA,17.0,6.0,proactive fallback: exposure 1.34 > 1.0; routed to SH_BRIDGE_PLAZA
proactive,69,10,proactive,1,SH_BANK_HALL,10.0,7.0,proactive fallback: exposure 1.28 > 1.0; routed to SH_BANK_HALL
proactive,70,10,proactive,0,,,,"no action: vuln 0.19, forecast 1.05, exposure 0.83"
proactive,71,10,proactive,1,SH_BANK_HALL,10.0,7.0,proactive fallback: exposure 1.25 > 1.0; routed to SH_BANK_HALL
proactive,72,10,proactive,0,,,,"no action: vuln 0.31, forecast 1.21, exposure 0.93"
proactive,73,10,proactive,1,SH_BRIDGE_PLAZA,17.0,6.0,proactive fallback: exposure 1.12 > 1.0; routed to SH_BRIDGE_PLAZA
proactive,74,10,proactive,1,SH_BANK_HALL,10.0,7.0,vuln 0.75 >= 0.55 and forecast 0.99 >= 0.8; pre-positioned to SH_BANK_HALL
proactive,75,10,proactive,1,SH_BRIDGE_PLAZA,17.0,6.0,vuln 0.86 >= 0.55 and forecast 1.52 >= 0.8; pre-positioned to SH_BRIDGE_PLAZA
proactive,76,10,proactive,1,SH_BRIDGE_PLAZA,17.0,6.0,proactive fallback: exposure 1.02 > 1.0; routed to SH_BRIDGE_PLAZA
proactive,77,10,proactive,1,SH_BRIDGE_PLAZA,17.0,6.0,vuln 0.57 >= 0.55 and forecast 1.20 >= 0.8; pre-positioned to SH_BRIDGE_PLAZA
proactive,78,10,proactive,1,SH_BRIDGE_PLAZA,17.0,6.0,proactive fallback: exposure 1.35 > 1.0; routed to SH_BRIDGE_PLAZA
proactive,79,10,proactive,1,SH_BRIDGE_PLAZA,17.0,6.0,proactive fallback: exposure 1.01 > 1.0; routed to SH_BRIDGE_PLAZA
proactive,80,10,proactive,1,SH_BRIDGE_PLAZA,17.0,6.0,proactive fallback: exposure 1.33 > 1.0; routed to SH_BRIDGE_PLAZA
proactive,81,10,proactive,1,SH_BRIDGE_PLAZA,17.0,6.0,vuln 0.75 >= 0.55 and forecast 1.17 >= 0.8; pre-positioned to SH_BRIDGE_PLAZA
proactive,82,10,proactive,1,SH_BRIDGE_PLAZA,17.0,6.0,proactive fallback: exposure 1.34 > 1.0; routed to SH_BRIDGE_PLAZA
proactive,83,10,proactive,1,SH_BRIDGE_PLAZA,17.0,6.0,proactive fallback: exposure 1.27 > 1.0; routed to SH_BRIDGE_PLAZA
proactive,84,10,proactive,1,SH_BRIDGE_PLAZA,17.0,6.0,vuln 0.76 >= 0.55 and forecast 1.01 >= 0.8; pre-positioned to SH_BRIDGE_PLAZA
proactive,85,10,proactive,0,,,,"no action: vuln 0.21, forecast 1.03, exposure 0.86"
proactive,86,10,proactive,0,,,,"no action: vuln 0.26, forecast 1.25, exposure 1.00"
proactive,87,10,proactive,1,,,,"no action: vuln 0.87, forecast 1.02, exposure 0.88"
proactive,88,10,proactive,0,,,,"no action: vuln 0.23, forecast 1.02, exposure 0.80"
proactive,89,10,proactive,1,,,,"no action: vuln 0.22, forecast 1.28, exposure 1.09"
proactive,90,10,proactive,1,,,,"no action: vuln 0.73, forecast 1.08, exposure 0.93"
proactive,91,10,proactive,1,,,,"no action: vuln 0.27, forecast 1.59, exposure 1.44"
proactive,92,10,proactive,0,,,,"no action: vuln 0.20, forecast 1.29, exposure 0.99"
proactive,93,10,proactive,1,,,,"no action: vuln 0.20, forecast 1.18, exposure 1.04"
proactive,94,10,proactive,1,,,,"no action: vuln 0.70, forecast 1.04, exposure 0.88"
proactive,95,10,proactive,1,,,,"no action: vuln 0.25, forecast 1.48, exposure 1.38"
proactive,96,10,proactive,0,,,,"no action: vuln 0.50, forecast 1.10, exposure 0.82"
proactive,97,10,proactive,1,,,,"no action: vuln 0.27, forecast 1.53, exposure 1.36"
proactive,98,10,proactive,0,,,,"no action: vuln 0.22, forecast 1.08, exposure 0.87"
proactive,99,10,proactive,1,,,,"no action: vuln 0.72, forecast 1.11, exposure 0.79"
proactive,100,10,proactive,1,,,,"no action: vuln 0.48, forecast 1.50, exposure 1.39"
proactive,101,10,proactive,1,,,,"no action: vuln 0.81, forecast 1.25, exposure 1.00"
proactive,102,10,proactive,1,,,,"no action: vuln 0.94, forecast 1.07, exposure 0.76"
proactive,103,10,proactive,1,,,,"no action: vuln 0.30, forecast 1.57, exposure 1.34"
proactive,104,10,proactive,1,,,,"no action: vuln 0.81, forecast 1.27, exposure 1.00"
proactive,105,10,proactive,0,,,,"no action: vuln 0.23, forecast 1.04, exposure 0.84"
proactive,106,10,proactive,1,,,,"no action: vuln 0.51, forecast 1.36, exposure 1.06"
proactive,107,10,proactive,1,,,,"no action: vuln 0.56, forecast 1.54, exposure 1.29"
proactive,108,10,proactive,1,,,,"no action: vuln 0.23, forecast 1.50, exposure 1.32"
proactive,109,10,proactive,1,,,,"no action: vuln 0.30, forecast 1.55, exposure 1.36"
proactive,110,10,proactive,1,,,,"no action: vuln 0.27, forecast 1.18, exposure 1.04"
proactive,111,10,proactive,1,,,,"no action: vuln 0.53, forecast 1.39, exposure 1.09"
proactive,112,10,proactive,1,,,,"no action: vuln 0.89, forecast 1.23, exposure 0.98"
proactive,113,10,proactive,0,,,,"no action: vuln 0.52, forecast 1.10, exposure 0.88"
proactive,114,10,proactive,1,,,,"no action: vuln 0.86, forecast 1.09, exposure 0.88"
proactive,115,10,proactive,1,,,,"no action: vuln 0.32, forecast 1.24, exposure 1.07"
proactive,116,10,proactive,1,,,,"no action: vuln 0.58, forecast 1.14, exposure 0.86"
proactive,117,10,proactive,1,,,,"no action: vuln 0.24, forecast 1.21, exposure 1.05"
proactive,118,10,proactive,1,,,,"no action: vuln 0.21, forecast 1.52, exposure 1.27"
proactive,119,10,proactive,1,,,,"no action: vuln 0.90, forecast 1.31, exposure 1.14"
proactive,120,10,proactive,1,,,,"no action: vuln 0.53, forecast 1.31, exposure 1.01"
proactive,121,10,proactive,1,,,,"no action: vuln 0.43, forecast 1.47, exposure 1.42"
proactive,122,10,proactive,0,,,,"no action: vuln 0.32, forecast 1.04, exposure 0.88"
proactive,123,10,proactive,1,,,,"no action: vuln 0.70, forecast 1.01, exposure 0.79"
proactive,124,10,proactive,1,,,,"no action: vuln 0.56, forecast 1.04, exposure 0.84"
proactive,125,10,proactive,1,,,,"no action: vuln 0.85, forecast 1.61, exposure 1.31"
proactive,126,10,proactive,1,,,,"no action: vuln 0.55, forecast 1.18, exposure 1.01"
proactive,127,10,proactive,1,,,,"no action: vuln 0.77, forecast 1.26, exposure 1.08"
proactive,128,10,proactive,1,,,,"no action: vuln 0.74, forecast 1.12, exposure 0.78"
proactive,129,10,proactive,0,,,,"no action: vuln 0.19, forecast 1.06, exposure 0.86"
proactive,130,10,proactive,1,,,,"no action: vuln 0.60, forecast 1.53, exposure 1.36"
proactive,131,10,proactive,1,,,,"no action: vuln 0.67, forecast 1.28, exposure 0.96"
proactive,132,10,proactive,1,,,,"no action: vuln 0.27, forecast 1.58, exposure 1.38"
proactive,133,10,proactive,0,,,,"no action: vuln 0.23, forecast 1.10, exposure 0.80"
proactive,134,10,proactive,1,,,,"no action: vuln 0.21, forecast 1.20, exposure 1.09"
proactive,135,10,proactive,0,,,,"no action: vuln 0.49, forecast 1.06, exposure 0.80"
proactive,136,10,proactive,1,,,,"no action: vuln 0.58, forecast 1.25, exposure 1.02"
proactive,137,10,proactive,1,,,,"no action: vuln 0.18, forecast 1.20, exposure 1.14"
proactive,138,10,proactive,1,,,,"no action: vuln 0.30, forecast 1.39, exposure 1.09"
proactive,139,10,proactive,1,,,,"no action: vuln 0.28, forecast 1.59, exposure 1.44"
proactive,140,10,proactive,0,,,,"no action: vuln 0.30, forecast 1.05, exposure 0.76"
proactive,141,10,proactive,1,,,,"no action: vuln 0.24, forecast 1.17, exposure 1.01"
proactive,142,10,proactive,0,,,,"no action: vuln 0.26, forecast 1.28, exposure 0.96"
proactive,143,10,proactive,0,,,,"no action: vuln 0.20, forecast 1.12, exposure 0.91"
proactive,144,10,proactive,1,,,,"no action: vuln 0.83, forecast 1.60, exposure 1.35"
proactive,145,10,proactive,1,,,,"no action: vuln 0.23, forecast 1.67, exposure 1.36"
proactive,146,10,proactive,1,,,,"no action: vuln 0.23, forecast 1.65, exposure 1.35"
proactive,147,10,proactive,1,,,,"no action: vuln 0.19, forecast 1.49, exposure 1.37"
proactive,148,10,proactive,1,,,,"no action: vuln 0.33, forecast 1.52, exposure 1.34"
proactive,149,10,proactive,1,,,,"no action: vuln 0.59, forecast 1.24, exposure 1.08"
proactive,150,10,proactive,1,,,,"no action: vuln 0.34, forecast 1.61, exposure 1.40"
proactive,151,10,proactive,1,,,,"no action: vuln 0.24, forecast 1.53, exposure 1.36"
proactive,152,10,proactive,1,,,,"no action: vuln 0.31, forecast 1.24, exposure 1.08"
proactive,153,10,proactive,0,,,,"no action: vuln 0.30, forecast 1.01, exposure 0.76"
proactive,154,10,proactive,1,,,,"no action: vuln 0.52, forecast 1.28, exposure 1.02"
proactive,155,10,proactive,0,,,,"no action: vuln 0.27, forecast 1.23, exposure 0.98"
proactive,156,10,proactive,0,,,,"no action: vuln 0.22, forecast 1.06, exposure 0.91"
proactive,157,10,proactive,1,,,,"no action: vuln 0.78, forecast 1.15, exposure 0.98"
proactive,158,10,proactive,0,,,,"no action: vuln 0.22, forecast 1.03, exposure 0.88"
proactive,159,10,proactive,1,,,,"no action: vuln 0.25, forecast 1.52, exposure 1.27"
proactive,160,10,proactive,1,,,,"no action: vuln 0.24, forecast 1.30, exposure 1.00"
proactive,161,10,proactive,1,,,,"no action: vuln 0.27, forecast 1.56, exposure 1.31"
proactive,162,10,proactive,1,,,,"no action: vuln 0.56, forecast 1.61, exposure 1.40"
proactive,163,10,proactive,1,,,,"no action: vuln 0.26, forecast 1.29, exposure 1.13"
proactive,164,10,proactive,1,,,,"no action: vuln 0.22, forecast 1.18, exposure 1.01"
proactive,165,10,proactive,0,,,,"no action: vuln 0.27, forecast 1.22, exposure 0.99"
proactive,166,10,proactive,1,,,,"no action: vuln 0.31, forecast 1.54, exposure 1.29"
proactive,167,10,proactive,1,,,,"no action: vuln 0.56, forecast 1.26, exposure 1.08"
proactive,168,10,proactive,1,,,,"no action: vuln 0.29, forecast 1.19, exposure 1.15"
proactive,169,10,proactive,1,,,,"no action: vuln 0.20, forecast 1.26, exposure 1.09"
proactive,170,10,proactive,0,,,,"no action: vuln 0.26, forecast 1.10, exposure 0.85"
proactive,171,10,proactive,1,,,,"no action: vuln 0.54, forecast 1.48, exposure 1.37"
proactive,172,10,proactive,0,,,,"no action: vuln 0.20, forecast 1.23, exposure 0.98"
proactive,173,10,proactive,1,,,,"no action: vuln 0.74, forecast 1.01, exposure 0.84"
proactive,174,10,proactive,1,,,,"no action: vuln 0.59, forecast 1.20, exposure 1.12"
proactive,175,10,proactive,1,,,,"no action: vuln 0.28, forecast 1.48, exposure 1.37"
proactive,176,10,proactive,1,,,,"no action: vuln 0.20, forecast 1.61, exposure 1.40"
proactive,177,10,proactive,1,,,,"no action: vuln 0.26, forecast 1.20, exposure 1.05"
proactive,178,10,proactive,1,,,,"no action: vuln 0.30, forecast 1.24, exposure 1.07"
proactive,179,10,proactive,0,,,,"no action: vuln 0.38, forecast 1.29, exposure 0.99"
proactive,180,10,proactive,1,,,,"no action: vuln 0.71, forecast 1.00, exposure 0.92"
proactive,181,10,proactive,1,,,,"no action: vuln 0.52, forecast 1.38, exposure 1.41"
proactive,182,10,proactive,1,,,,"no action: vuln 0.22, forecast 1.24, exposure 1.07"
proactive,183,10,proactive,0,,,,"no action: vuln 0.24, forecast 1.24, exposure 0.97"
proactive,184,10,proactive,1,,,,"no action: vuln 0.21, forecast 1.27, exposure 1.03"
proactive,185,10,proactive,1,,,,"no action: vuln 0.90, forecast 1.52, exposure 1.36"
proactive,186,10,proactive,1,,,,"no action: vuln 0.27, forecast 1.52, exposure 1.36"
proactive,187,10,proactive,1,,,,"no action: vuln 0.23, forecast 1.62, exposure 1.44"
proactive,188,10,proactive,1,,,,"no action: vuln 0.26, forecast 1.47, exposure 1.19"
proactive,189,10,proactive,0,,,,"no action: vuln 0.25, forecast 0.99, exposure 0.83"
proactive,190,10,proactive,1,,,,"no action: vuln 0.74, forecast 1.00, exposure 0.83"
proactive,191,10,proactive,1,,,,"no action: vuln 0.24, forecast 1.20, exposure 1.05"
proactive,192,10,proactive,1,,,,"no action: vuln 0.26, forecast 1.26, exposure 1.12"
proactive,193,10,proactive,0,,,,"no action: vuln 0.31, forecast 1.09, exposure 0.91"
proactive,194,10,proactive,1,,,,"no action: vuln 0.74, forecast 1.23, exposure 0.98"
proactive,195,10,proactive,0,,,,"no action: vuln 0.26, forecast 1.04, exposure 0.93"
proactive,196,10,proactive,0,,,,"no action: vuln 0.22, forecast 1.06, exposure 0.80"
proactive,197,10,proactive,1,,,,"no action: vuln 0.56, forecast 1.05, exposure 0.78"
proactive,198,10,proactive,1,,,,"no action: vuln 0.25, forecast 1.54, exposure 1.29"
proactive,199,10,proactive,0,,,,"no action: vuln 0.29, forecast 1.28, exposure 0.96"
proactive,200,10,proactive,1,,,,"no action: vuln 0.26, forecast 1.54, exposure 1.35"
proactive,201,10,proactive,1,,,,"no action: vuln 0.45, forecast 1.53, exposure 1.36"
proactive,202,10,proactive,0,,,,"no action: vuln 0.16, forecast 1.00, exposure 0.89"
proactive,203,10,proactive,1,,,,"no action: vuln 0.56, forecast 1.67, exposure 1.36"
proactive,204,10,proactive,0,,,,"no action: vuln 0.33, forecast 1.01, exposure 0.76"
proactive,205,10,proactive,1,,,,"no action: vuln 0.79, forecast 1.10, exposure 0.82"
proactive,206,10,proactive,1,,,,"no action: vuln 0.59, forecast 1.23, exposure 1.07"
proactive,207,10,proactive,1,,,,"no action: vuln 0.29, forecast 1.24, exposure 1.07"
proactive,208,10,proactive,1,,,,"no action: vuln 0.40, forecast 1.20, exposure 1.12"
proactive,209,10,proactive,1,,,,"no action: vuln 0.27, forecast 1.27, exposure 1.03"
proactive,210,10,proactive,1,,,,"no action: vuln 0.90, forecast 1.30, exposure 1.02"
proactive,211,10,proactive,0,,,,"no action: vuln 0.27, forecast 1.27, exposure 0.98"
proactive,212,10,proactive,1,,,,"no action: vuln 0.25, forecast 1.28, exposure 1.07"
proactive,213,10,proactive,1,,,,"no action: vuln 0.68, forecast 1.54, exposure 1.34"
proactive,214,10,proactive,1,,,,"no action: vuln 0.30, forecast 1.48, exposure 1.33"
proactive,215,10,proactive,1,,,,"no action: vuln 0.22, forecast 1.53, exposure 1.36"
proactive,216,10,proactive,1,,,,"no action: vuln 0.37, forecast 1.25, exposure 1.02"
proactive,217,10,proactive,0,,,,"no action: vuln 0.25, forecast 1.15, exposure 0.98"
proactive,218,10,proactive,1,,,,"no action: vuln 0.28, forecast 1.26, exposure 1.03"
proactive,219,10,proactive,1,,,,"no action: vuln 0.56, forecast 1.25, exposure 1.00"
proactive,220,10,proactive,1,,,,"no action: vuln 0.69, forecast 1.03, exposure 0.86"
proactive,221,10,proactive,1,,,,"no action: vuln 0.88, forecast 1.24, exposure 1.07"
proactive,222,10,proactive,0,,,,"no action: vuln 0.30, forecast 1.06, exposure 0.78"
proactive,223,10,proactive,1,,,,"no action: vuln 0.19, forecast 1.58, exposure 1.30"
proactive,224,10,proactive,0,,,,"no action: vuln 0.23, forecast 1.07, exposure 0.91"
proactive,225,10,proactive,0,,,,"no action: vuln 0.22, forecast 1.02, exposure 0.88"
proactive,226,10,proactive,1,,,,"no action: vuln 0.69, forecast 1.29, exposure 0.99"
proactive,227,10,proactive,1,,,,"no action: vuln 0.76, forecast 1.05, exposure 0.76"
proactive,228,10,proactive,1,,,,"no action: vuln 0.57, forecast 1.56, exposure 1.47"
proactive,229,10,proactive,1,,,,"no action: vuln 0.50, forecast 1.62, exposure 1.44"
proactive,230,10,proactive,1,,,,"no action: vuln 0.24, forecast 1.35, exposure 1.03"
proactive,231,10,proactive,1,,,,"no action: vuln 0.22, forecast 1.30, exposure 1.02"
proactive,232,10,proactive,1,,,,"no action: vuln 0.18, forecast 1.57, exposure 1.41"
proactive,233,10,proactive,1,,,,"no action: vuln 0.29, forecast 1.50, exposure 1.32"
proactive,234,10,proactive,1,,,,"no action: vuln 0.29, forecast 1.30, exposure 1.02"
proactive,235,10,proactive,0,,,,"no action: vuln 0.35, forecast 1.04, exposure 0.85"
proactive,236,10,proactive,1,,,,"no action: vuln 0.28, forecast 1.53, exposure 1.29"
proactive,237,10,proactive,1,,,,"no action: vuln 0.58, forecast 1.57, exposure 1.34"
proactive,238,10,proactive,1,,,,"no action: vuln 0.54, forecast 1.55, exposure 1.35"
proactive,239,10,proactive,1,,,,"no action: vuln 0.60, forecast 1.03, exposure 0.86"
proactive,0,11,proactive,1,SH_COREDO,6.0,2.0,proactive fallback: exposure 1.59 > 1.0; routed to SH_COREDO
proactive,1,11,proactive,1,SH_BRIDGE_PLAZA,17.0,6.0,proactive fallback: exposure 1.01 > 1.0; routed to SH_BRIDGE_PLAZA
proactive,2,11,proactive,1,SH_COREDO,6.0,2.0,vuln 0.72 >= 0.55 and forecast 1.42 >= 0.8; pre-positioned to SH_COREDO
proactive,3,11,proactive,1,SH_BRIDGE_PLAZA,17.0,6.0,proactive fallback: exposure 1.53 > 1.0; routed to SH_BRIDGE_PLAZA
proactive,4,11,proactive,1,SH_COREDO,6.0,2.0,proactive fallback: exposure 1.53 > 1.0; routed to SH_COREDO
proactive,5,11,proactive,1,SH_COREDO,6.0,2.0,vuln 0.77 >= 0.55 and forecast 1.77 >= 0.8; pre-positioned to SH_COREDO
proactive,6,11,proactive,1,SH_COREDO,6.0,2.0,vuln 0.69 >= 0.55 and forecast 1.77 >= 0.8; pre-positioned to SH_COREDO
proactive,7,11,proactive,1,SH_SUBWAY_EXIT,13.0,3.0,proactive fallback: exposure 1.33 > 1.0; routed to SH_SUBWAY_EXIT
proactive,8,11,proactive,1,SH_COREDO,6.0,2.0,vuln 0.63 >= 0.55 and forecast 1.74 >= 0.8; pre-positioned to SH_COREDO
proactive,9,11,proactive,1,SH_COREDO,6.0,2.0,proactive fallback: exposure 1.36 > 1.0; routed to SH_COREDO
proactive,10,11,proactive,1,SH_SUBWAY_EXIT,13.0,3.0,proactive fallback: exposure 1.29 > 1.0; routed to SH_SUBWAY_EXIT
proactive,11,11,proactive,1,SH_BANK_HALL,10.0,7.0,proactive fallback: exposure 1.21 > 1.0; routed to SH_BANK_HALL
proactive,12,11,proactive,1,SH_MITSUKOSHI,2.0,7.0,proactive fallback: exposure 1.05 > 1.0; routed to SH_MITSUKOSHI
proactive,13,11,proactive,1,SH_BRIDGE_PLAZA,17.0,6.0,proactive fallback: exposure 1.31 > 1.0; routed to SH_BRIDGE_PLAZA
proactive,14,11,proactive,1,SH_BRIDGE_PLAZA,17.0,6.0,proactive fallback: exposure 1.05 > 1.0; routed to SH_BRIDGE_PLAZA
proactive,15,11,proactive,1,SH_BRIDGE_PLAZA,17.0,6.0,proactive fallback: exposure 1.39 > 1.0; routed to SH_BRIDGE_PLAZA
proactive,16,11,proactive,1,SH_MITSUKOSHI,2.0,7.0,vuln 0.73 >= 0.55 and forecast 1.49 >= 0.8; pre-positioned to SH_MITSUKOSHI
proactive,17,11,proactive,1,SH_SUBWAY_EXIT,13.0,3.0,vuln 0.69 >= 0.55 and forecast 1.71 >= 0.8; pre-positioned to SH_SUBWAY_EXIT
proactive,18,11,proactive,1,SH_BRIDGE_PLAZA,17.0,6.0,proactive fallback: exposure 1.02 > 1.0; routed to SH_BRIDGE_PLAZA
proactive,19,11,proactive,1,SH_BANK_HALL,10.0,7.0,vuln 0.59 >= 0.55 and forecast 1.76 >= 0.8; pre-positioned to SH_BANK_HALL
proactive,20,11,proactive,1,SH_SUBWAY_EXIT,13.0,3.0,proactive fallback: exposure 1.18 > 1.0; routed to SH_SUBWAY_EXIT
proactive,21,11,proactive,1,SH_SUBWAY_EXIT,13.0,3.0,proactive fallback: exposure 1.38 > 1.0; routed to SH_SUBWAY_EXIT
proactive,22,11,proactive,1,SH_MITSUKOSHI,2.0,7.0,proactive fallback: exposure 1.09 > 1.0; routed to SH_MITSUKOSHI
proactive,23,11,proactive,1,SH_BANK_HALL,10.0,7.0,vuln 0.69 >= 0.55 and forecast 1.18 >= 0.8; pre-positioned to SH_BANK_HALL
proactive,24,11,proactive,1,SH_COREDO,6.0,2.0,proactive fallback: exposure 1.35 > 1.0; routed to SH_COREDO
proactive,25,11,proactive,1,SH_COREDO,6.0,2.0,proactive fallback: exposure 1.57 > 1.0; routed to SH_COREDO
proactive,26,11,proactive,1,SH_MITSUKOSHI,2.0,7.0,proactive fallback: exposure 1.04 > 1.0; routed to SH_MITSUKOSHI
proactive,27,11,proactive,1,SH_COREDO,6.0,2.0,proactive fallback: exposure 1.53 > 1.0; routed to SH_COREDO
proactive,28,11,proactive,1,SH_MITSUKOSHI,2.0,7.0,proactive fallback: exposure 1.02 > 1.0; routed to SH_MITSUKOSHI
proactive,29,11,proactive,0,,,,"no action: vuln 0.32, forecast 1.25, exposure 0.99"
proactive,30,11,proactive,1,SH_BANK_HALL,10.0,7.0,proactive fallback: exposure 1.07 > 1.0; routed to SH_BANK_HALL
proactive,31,11,proactive,1,SH_BRIDGE_PLAZA,17.0,6.0,proactive fallback: exposure 1.18 > 1.0; routed to SH_BRIDGE_PLAZA
proactive,32,11,proactive,1,SH_MITSUKOSHI,2.0,7.0,proactive fallback: exposure 1.21 > 1.0; routed to SH_MITSUKOSHI
proactive,33,11,proactive,1,SH_BRIDGE_PLAZA,17.0,6.0,proactive fallback: exposure 1.01 > 1.0; routed to SH_BRIDGE_PLAZA
proactive,34,11,proactive,1,SH_BRIDGE_PLAZA,17.0,6.0,vuln 0.66 >= 0.55 and forecast 1.26 >= 0.8; pre-positioned to SH_BRIDGE_PLAZA
proactive,35,11,proactive,1,SH_BANK_HALL,10.0,7.0,proactive fallback: exposure 1.12 > 1.0; routed to SH_BANK_HALL
proactive,36,11,proactive,1,SH_COREDO,6.0,2.0,proactive fallback: exposure 1.48 > 1.0; routed to SH_COREDO
proactive,37,11,proactive,1,SH_MITSUKOSHI,2.0,7.0,vuln 0.86 >= 0.55 and forecast 1.55 >= 0.8; pre-positioned to SH_MITSUKOSHI
proactive,38,11,proactive,1,SH_MITSUKOSHI,2.0,7.0,proactive fallback: exposure 1.30 > 1.0; routed to SH_MITSUKOSHI
proactive,39,11,proactive,1,SH_MITSUKOSHI,2.0,7.0,proactive fallback: exposure 1.14 > 1.0; routed to SH_MITSUKOSHI
proactive,40,11,proactive,1,SH_COREDO,6.0,2.0,vuln 0.58 >= 0.55 and forecast 1.41 >= 0.8; pre-positioned to SH_COREDO
proactive,41,11,proactive,1,SH_COREDO,6.0,2.0,proactive fallback: exposure 1.25 > 1.0; routed to SH_COREDO
proactive,42,11,proactive,1,SH_BANK_HALL,10.0,7.0,vuln 0.94 >= 0.55 and forecast 1.35 >= 0.8; pre-positioned to SH_BANK_HALL
proactive,43,11,proactive,1,SH_BRIDGE_PLAZA,17.0,6.0,proactive fallback: exposure 1.00 > 1.0; routed to SH_BRIDGE_PLAZA
proactive,44,11,proactive,1,SH_SUBWAY_EXIT,13.0,3.0,proactive fallback: exposure 1.56 > 1.0; routed to SH_SUBWAY_EXIT
proactive,45,11,proactive,1,SH_COREDO,6.0,2.0,proactive fallback: exposure 1.57 > 1.0; routed to SH_COREDO
proactive,46,11,proactive,1,SH_BRIDGE_PLAZA,17.0,6.0,proactive fallback: exposure 1.53 > 1.0; routed to SH_BRIDGE_PLAZA
proactive,47,11,proactive,1,SH_SUBWAY_EXIT,13.0,3.0,proactive fallback: exposure 1.55 > 1.0; routed to SH_SUBWAY_EXIT
proactive,48,11,proactive,1,SH_BANK_HALL,10.0,7.0,proactive fallback: exposure 1.05 > 1.0; routed to SH_BANK_HALL
proactive,49,11,proactive,1,SH_BRIDGE_PLAZA,17.0,6.0,vuln 0.76 >= 0.55 and forecast 1.42 >= 0.8; pre-positioned to SH_BRIDGE_PLAZA
proactive,50,11,proactive,1,SH_BANK_HALL,10.0,7.0,proactive fallback: exposure 1.04 > 1.0; routed to SH_BANK_HALL
proactive,51,11,proactive,1,SH_SUBWAY_EXIT,13.0,3.0,proactive fallback: exposure 1.52 > 1.0; routed to SH_SUBWAY_EXIT
proactive,52,11,proactive,1,SH_BANK_HALL,10.0,7.0,proactive fallback: exposure 1.10 > 1.0; routed to SH_BANK_HALL
proactive,53,11,proactive,1,SH_BRIDGE_PLAZA,17.0,6.0,proactive fallback: exposure 1.08 > 1.0; routed to SH_BRIDGE_PLAZA
proactive,54,11,proactive,1,SH_MITSUKOSHI,2.0,7.0,proactive fallback: exposure 1.38 > 1.0; routed to SH_MITSUKOSHI
proactive,55,11,proactive,1,SH_COREDO,6.0,2.0,proactive fallback: exposure 1.48 > 1.0; routed to SH_COREDO
proactive,56,11,proactive,1,SH_SUBWAY_EXIT,13.0,3.0,vuln 0.74 >= 0.55 and forecast 1.75 >= 0.8; pre-positioned to SH_SUBWAY_EXIT
proactive,57,11,proactive,1,SH_COREDO,6.0,2.0,proactive fallback: exposure 1.56 > 1.0; routed to SH_COREDO
proactive,58,11,proactive,1,SH_MITSUKOSHI,2.0,7.0,proactive fallback: exposure 1.31 > 1.0; routed to SH_MITSUKOSHI
proactive,59,11,proactive,1,SH_SUBWAY_EXIT,13.0,3.0,proactive fallback: exposure 1.56 > 1.0; routed to SH_SUBWAY_EXIT
proactive,60,11,proactive,1,SH_BRIDGE_PLAZA,17.0,6.0,proactive fallback: exposure 1.31 > 1.0; routed to SH_BRIDGE_PLAZA
proactive,61,11,proactive,1,SH_SUBWAY_EXIT,13.0,3.0,proactive fallback: exposure 1.59 > 1.0; routed to SH_SUBWAY_EXIT
proactive,62,11,proactive,1,SH_COREDO,6.0,2.0,vuln 0.78 >= 0.55 and forecast 1.70 >= 0.8; pre-positioned to SH_COREDO
proactive,63,11,proactive,1,SH_COREDO,6.0,2.0,vuln 0.77 >= 0.55 and forecast 1.49 >= 0.8; pre-positioned to SH_COREDO
proactive,64,11,proactive,1,SH_SUBWAY_EXIT,13.0,3.0,proactive fallback: exposure 1.29 > 1.0; routed to SH_SUBWAY_EXIT
proactive,65,11,proactive,1,SH_BRIDGE_PLAZA,17.0,6.0,proactive fallback: exposure 1.04 > 1.0; routed to SH_BRIDGE_PLAZA
proactive,66,11,proactive,1,SH_BANK_HALL,10.0,7.0,vuln 0.75 >= 0.55 and forecast 1.30 >= 0.8; pre-positioned to SH_BANK_HALL
proactive,67,11,proactive,1,SH_MITSUKOSHI,2.0,7.0,proactive fallback: exposure 1.30 > 1.0; routed to SH_MITSUKOSHI
proactive,68,11,proactive,1,SH_SUBWAY_EXIT,13.0,3.0,proactive fallback: exposure 1.52 > 1.0; routed to SH_SUBWAY_EXIT
proactive,69,11,proactive,1,SH_SUBWAY_EXIT,13.0,3.0,proactive fallback: exposure 1.50 > 1.0; routed to SH_SUBWAY_EXIT
proactive,70,11,proactive,1,SH_BANK_HALL,10.0,7.0,proactive fallback: exposure 1.05 > 1.0; routed to SH_BANK_HALL
proactive,71,11,proactive,1,SH_COREDO,6.0,2.0,proactive fallback: exposure 1.47 > 1.0; routed to SH_COREDO
proactive,72,11,proactive,1,SH_MITSUKOSHI,2.0,7.0,proactive fallback: exposure 1.21 > 1.0; routed to SH_MITSUKOSHI
proactive,73,11,proactive,1,SH_BRIDGE_PLAZA,17.0,6.0,proactive fallback: exposure 1.20 > 1.0; routed to SH_BRIDGE_PLAZA
proactive,74,11,proactive,1,SH_MITSUKOSHI,2.0,7.0,vuln 0.75 >= 0.55 and forecast 1.25 >= 0.8; pre-positioned to SH_MITSUKOSHI
proactive,75,11,proactive,1,SH_SUBWAY_EXIT,13.0,3.0,vuln 0.86 >= 0.55 and forecast 1.67 >= 0.8; pre-positioned to SH_SUBWAY_EXIT
proactive,76,11,proactive,1,SH_MITSUKOSHI,2.0,7.0,proactive fallback: exposure 1.25 > 1.0; routed to SH_MITSUKOSHI
proactive,77,11,proactive,1,SH_COREDO,6.0,2.0,vuln 0.57 >= 0.55 and forecast 1.41 >= 0.8; pre-positioned to SH_COREDO
proactive,78,11,proactive,1,SH_BRIDGE_PLAZA,17.0,6.0,proactive fallback: exposure 1.60 > 1.0; routed to SH_BRIDGE_PLAZA
proactive,79,11,proactive,1,SH_MITSUKOSHI,2.0,7.0,proactive fallback: exposure 1.21 > 1.0; routed to SH_MITSUKOSHI
proactive,80,11,proactive,1,SH_COREDO,6.0,2.0,proactive fallback: exposure 1.48 > 1.0; routed to SH_COREDO
proactive,81,11,proactive,1,SH_BRIDGE_PLAZA,17.0,6.0,vuln 0.75 >= 0.55 and forecast 1.39 >= 0.8; pre-positioned to SH_BRIDGE_PLAZA
proactive,82,11,proactive,1,SH_SUBWAY_EXIT,13.0,3.0,proactive fallback: exposure 1.52 > 1.0; routed to SH_SUBWAY_EXIT
proactive,83,11,proactive,1,SH_SUBWAY_EXIT,13.0,3.0,proactive fallback: exposure 1.52 > 1.0; routed to SH_SUBWAY_EXIT
proactive,84,11,proactive,1,SH_MITSUKOSHI,2.0,7.0,vuln 0.76 >= 0.55 and forecast 1.31 >= 0.8; pre-positioned to SH_MITSUKOSHI
proactive,85,11,proactive,1,SH_BANK_HALL,10.0,7.0,proactive fallback: exposure 1.03 > 1.0; routed to SH_BANK_HALL
proactive,86,11,proactive,1,SH_COREDO,6.0,2.0,proactive fallback: exposure 1.25 > 1.0; routed to SH_COREDO
proactive,87,11,proactive,1,SH_BANK_HALL,10.0,7.0,vuln 0.87 >= 0.55 and forecast 1.19 >= 0.8; pre-positioned to SH_BANK_HALL
proactive,88,11,proactive,1,SH_BRIDGE_PLAZA,17.0,6.0,proactive fallback: exposure 1.02 > 1.0; routed to SH_BRIDGE_PLAZA
proactive,89,11,proactive,1,SH_SUBWAY_EXIT,13.0,3.0,proactive fallback: exposure 1.28 > 1.0; routed to SH_SUBWAY_EXIT
proactive,90,11,proactive,1,SH_BANK_HALL,10.0,7.0,vuln 0.73 >= 0.55 and forecast 1.27 >= 0.8; pre-positioned to SH_BANK_HALL
proactive,91,11,proactive,1,SH_BRIDGE_PLAZA,17.0,6.0,proactive fallback: exposure 1.59 > 1.0; routed to SH_BRIDGE_PLAZA
proactive,92,11,proactive,1,SH_BRIDGE_PLAZA,17.0,6.0,proactive fallback: exposure 1.29 > 1.0; routed to SH_BRIDGE_PLAZA
proactive,93,11,proactive,1,SH_MITSUKOSHI,2.0,7.0,proactive fallback: exposure 1.18 > 1.0; routed to SH_MITSUKOSHI
proactive,94,11,proactive,1,SH_MITSUKOSHI,2.0,7.0,vuln 0.70 >= 0.55 and forecast 1.25 >= 0.8; pre-positioned to SH_MITSUKOSHI
proactive,95,11,proactive,1,SH_SUBWAY_EXIT,13.0,3.0,proactive fallback: exposure 1.48 > 1.0; routed to SH_SUBWAY_EXIT
proactive,96,11,proactive,1,SH_MITSUKOSHI,2.0,7.0,proactive fallback: exposure 1.10 > 1.0; routed to SH_MITSUKOSHI
proactive,97,11,proactive,1,SH_BRIDGE_PLAZA,17.0,6.0,proactive fallback: exposure 1.53 > 1.0; routed to SH_BRIDGE_PLAZA
proactive,98,11,proactive,1,SH_BRIDGE_PLAZA,17.0,6.0,proactive fallback: exposure 1.08 > 1.0; routed to SH_BRIDGE_PLAZA
proactive,99,11,proactive,1,SH_MITSUKOSHI,2.0,7.0,vuln 0.72 >= 0.55 and forecast 1.25 >= 0.8; pre-positioned to SH_MITSUKOSHI
proactive,100,11,proactive,1,SH_SUBWAY_EXIT,13.0,3.0,proactive fallback: exposure 1.50 > 1.0; routed to SH_SUBWAY_EXIT
proactive,101,11,proactive,1,SH_COREDO,6.0,2.0,vuln 0.81 >= 0.55 and forecast 1.36 >= 0.8; pre-positioned to SH_COREDO
proactive,102,11,proactive,1,SH_BANK_HALL,10.0,7.0,vuln 0.94 >= 0.55 and forecast 1.27 >= 0.8; pre-positioned to SH_BANK_HALL
proactive,103,11,proactive,1,SH_COREDO,6.0,2.0,proactive fallback: exposure 1.57 > 1.0; routed to SH_COREDO
proactive,104,11,proactive,1,SH_COREDO,6.0,2.0,vuln 0.81 >= 0.55 and forecast 1.47 >= 0.8; pre-positioned to SH_COREDO
proactive,105,11,proactive,1,SH_BRIDGE_PLAZA,17.0,6.0,proactive fallback: exposure 1.04 > 1.0; routed to SH_BRIDGE_PLAZA
proactive,106,11,proactive,1,SH_SUBWAY_EXIT,13.0,3.0,proactive fallback: exposure 1.36 > 1.0; routed to SH_SUBWAY_EXIT
proactive,107,11,proactive,1,SH_SUBWAY_EXIT,13.0,3.0,vuln 0.56 >= 0.55 and forecast 1.74 >= 0.8; pre-positioned to SH_SUBWAY_EXIT
proactive,108,11,proactive,1,SH_SUBWAY_EXIT,13.0,3.0,proactive fallback: exposure 1.50 > 1.0; routed to SH_SUBWAY_EXIT
proactive,109,11,proactive,1,SH_SUBWAY_EXIT,13.0,3.0,proactive fallback: exposure 1.55 > 1.0; routed to SH_SUBWAY_EXIT
proactive,110,11,proactive,1,SH_BANK_HALL,10.0,7.0,proactive fallback: exposure 1.18 > 1.0; routed to SH_BANK_HALL
proactive,111,11,proactive,1,SH_SUBWAY_EXIT,13.0,3.0,proactive fallback: exposure 1.39 > 1.0; routed to SH_SUBWAY_EXIT
proactive,112,11,proactive,1,SH_BANK_HALL,10.0,7.0,vuln 0.89 >= 0.55 and forecast 1.41 >= 0.8; pre-positioned to SH_BANK_HALL
proactive,113,11,proactive,1,SH_BANK_HALL,10.0,7.0,proactive fallback: exposure 1.10 > 1.0; routed to SH_BANK_HALL
proactive,114,11,proactive,1,SH_BANK_HALL,10.0,7.0,vuln 0.86 >= 0.55 and forecast 1.24 >= 0.8; pre-positioned to SH_BANK_HALL
proactive,115,11,proactive,1,SH_SUBWAY_EXIT,13.0,3.0,proactive fallback: exposure 1.24 > 1.0; routed to SH_SUBWAY_EXIT
proactive,116,11,proactive,1,SH_BANK_HALL,10.0,7.0,vuln 0.58 >= 0.55 and forecast 1.30 >= 0.8; pre-positioned to SH_BANK_HALL
proactive,117,11,proactive,1,SH_SUBWAY_EXIT,13.0,3.0,proactive fallback: exposure 1.21 > 1.0; routed to SH_SUBWAY_EXIT
proactive,118,11,proactive,1,SH_SUBWAY_EXIT,13.0,3.0,proactive fallback: exposure 1.52 > 1.0; routed to SH_SUBWAY_EXIT
proactive,119,11,proactive,1,,,,"no action: vuln 0.90, forecast 1.53, exposure 1.31"
proactive,120,11,proactive,1,,,,"no action: vuln 0.53, forecast 1.39, exposure 1.31"
proactive,121,11,proactive,1,,,,"no action: vuln 0.43, forecast 1.80, exposure 1.47"
proactive,122,11,proactive,1,,,,"no action: vuln 0.32, forecast 1.25, exposure 1.04"
proactive,123,11,proactive,1,,,,"no action: vuln 0.70, forecast 1.26, exposure 1.01"
proactive,124,11,proactive,1,,,,"no action: vuln 0.56, forecast 1.10, exposure 1.04"
proactive,125,11,proactive,1,,,,"no action: vuln 0.85, forecast 1.76, exposure 1.61"
proactive,126,11,proactive,1,,,,"no action: vuln 0.55, forecast 1.47, exposure 1.18"
proactive,127,11,proactive,1,,,,"no action: vuln 0.77, forecast 1.45, exposure 1.26"
proactive,128,11,proactive,1,,,,"no action: vuln 0.74, forecast 1.27, exposure 1.12"
proactive,129,11,proactive,1,,,,"no action: vuln 0.19, forecast 1.23, exposure 1.06"
proactive,130,11,proactive,1,,,,"no action: vuln 0.60, forecast 1.80, exposure 1.53"
proactive,131,11,proactive,1,,,,"no action: vuln 0.67, forecast 1.52, exposure 1.28"
proactive,132,11,proactive,1,,,,"no action: vuln 0.27, forecast 1.67, exposure 1.58"
proactive,133,11,proactive,1,,,,"no action: vuln 0.23, forecast 1.23, exposure 1.10"
proactive,134,11,proactive,1,,,,"no action: vuln 0.21, forecast 1.43, exposure 1.20"
proactive,135,11,proactive,1,,,,"no action: vuln 0.49, forecast 1.35, exposure 1.06"
proactive,136,11,proactive,1,,,,"no action: vuln 0.58, forecast 1.49, exposure 1.25"
proactive,137,11,proactive,1,,,,"no action: vuln 0.18, forecast 1.42, exposure 1.20"
proactive,138,11,proactive,1,,,,"no action: vuln 0.30, forecast 1.51, exposure 1.39"
proactive,139,11,proactive,1,,,,"no action: vuln 0.28, forecast 1.83, exposure 1.59"
proactive,140,11,proactive,1,,,,"no action: vuln 0.30, forecast 1.20, exposure 1.05"
proactive,141,11,proactive,1,,,,"no action: vuln 0.24, forecast 1.39, exposure 1.17"
proactive,142,11,proactive,1,,,,"no action: vuln 0.26, forecast 1.52, exposure 1.28"
proactive,143,11,proactive,1,,,,"no action: vuln 0.20, forecast 1.31, exposure 1.12"
proactive,144,11,proactive,1,,,,"no action: vuln 0.83, forecast 1.71, exposure 1.60"
proactive,145,11,proactive,1,,,,"no action: vuln 0.23, forecast 1.70, exposure 1.67"
proactive,146,11,proactive,1,,,,"no action: vuln 0.23, forecast 1.70, exposure 1.65"
proactive,147,11,proactive,1,,,,"no action: vuln 0.19, forecast 1.79, exposure 1.49"
proactive,148,11,proactive,1,,,,"no action: vuln 0.33, forecast 1.73, exposure 1.52"
proactive,149,11,proactive,1,,,,"no action: vuln 0.59, forecast 1.42, exposure 1.24"
proactive,150,11,proactive,1,,,,"no action: vuln 0.34, forecast 1.86, exposure 1.61"
proactive,151,11,proactive,1,,,,"no action: vuln 0.24, forecast 1.76, exposure 1.53"
proactive,152,11,proactive,1,,,,"no action: vuln 0.31, forecast 1.45, exposure 1.24"
proactive,153,11,proactive,1,,,,"no action: vuln 0.30, forecast 1.26, exposure 1.01"
proactive,154,11,proactive,1,,,,"no action: vuln 0.52, forecast 1.43, exposure 1.28"
proactive,155,11,proactive,1,,,,"no action: vuln 0.27, forecast 1.41, exposure 1.23"
proactive,156,11,proactive,1,,,,"no action: vuln 0.22, forecast 1.20, exposure 1.06"
proactive,157,11,proactive,1,,,,"no action: vuln 0.78, forecast 1.49, exposure 1.15"
proactive,158,11,proactive,1,,,,"no action: vuln 0.22, forecast 1.30, exposure 1.03"
proactive,159,11,proactive,1,,,,"no action: vuln 0.25, forecast 1.74, exposure 1.52"
proactive,160,11,proactive,1,,,,"no action: vuln 0.24, forecast 1.53, exposure 1.30"
proactive,161,11,proactive,1,,,,"no action: vuln 0.27, forecast 1.73, exposure 1.56"
proactive,162,11,proactive,1,,,,"no action: vuln 0.56, forecast 1.86, exposure 1.61"
proactive,163,11,proactive,1,,,,"no action: vuln 0.26, forecast 1.49, exposure 1.29"
proactive,164,11,proactive,1,,,,"no action: vuln 0.22, forecast 1.47, exposure 1.18"
proactive,165,11,proactive,1,,,,"no action: vuln 0.27, forecast 1.41, exposure 1.22"
proactive,166,11,proactive,1,,,,"no action: vuln 0.31, forecast 1.76, exposure 1.54"
proactive,167,11,proactive,1,,,,"no action: vuln 0.56, forecast 1.45, exposure 1.26"
proactive,168,11,proactive,1,,,,"no action: vuln 0.29, forecast 1.35, exposure 1.19"
proactive,169,11,proactive,1,,,,"no action: vuln 0.20, forecast 1.35, exposure 1.26"
proactive,170,11,proactive,1,,,,"no action: vuln 0.26, forecast 1.26, exposure 1.10"
proactive,171,11,proactive,1,,,,"no action: vuln 0.54, forecast 1.79, exposure 1.48"
proactive,172,11,proactive,1,,,,"no action: vuln 0.20, forecast 1.43, exposure 1.23"
proactive,173,11,proactive,1,,,,"no action: vuln 0.74, forecast 1.19, exposure 1.01"
proactive,174,11,proactive,1,,,,"no action: vuln 0.59, forecast 1.47, exposure 1.20"
proactive,175,11,proactive,1,,,,"no action: vuln 0.28, forecast 1.79, exposure 1.48"
proactive,176,11,proactive,1,,,,"no action: vuln 0.20, forecast 1.86, exposure 1.61"
proactive,177,11,proactive,1,,,,"no action: vuln 0.26, forecast 1.45, exposure 1.20"
proactive,178,11,proactive,1,,,,"no action: vuln 0.30, forecast 1.55, exposure 1.24"
proactive,179,11,proactive,1,,,,"no action: vuln 0.38, forecast 1.52, exposure 1.29"
proactive,180,11,proactive,1,,,,"no action: vuln 0.71, forecast 1.29, exposure 1.00"
proactive,181,11,proactive,1,,,,"no action: vuln 0.52, forecast 1.71, exposure 1.38"
proactive,182,11,proactive,1,,,,"no action: vuln 0.22, forecast 1.42, exposure 1.24"
proactive,183,11,proactive,1,,,,"no action: vuln 0.24, forecast 1.41, exposure 1.24"
proactive,184,11,proactive,1,,,,"no action: vuln 0.21, forecast 1.37, exposure 1.27"
proactive,185,11,proactive,1,,,,"no action: vuln 0.90, forecast 1.77, exposure 1.52"
proactive,186,11,proactive,1,,,,"no action: vuln 0.27, forecast 1.77, exposure 1.52"
proactive,187,11,proactive,1,,,,"no action: vuln 0.23, forecast 1.76, exposure 1.62"
proactive,188,11,proactive,1,,,,"no action: vuln 0.26, forecast 1.71, exposure 1.47"
proactive,189,11,proactive,0,,,,"no action: vuln 0.25, forecast 1.33, exposure 0.99"
proactive,190,11,proactive,1,,,,"no action: vuln 0.74, forecast 1.22, exposure 1.00"
proactive,191,11,proactive,1,,,,"no action: vuln 0.24, forecast 1.45, exposure 1.20"
proactive,192,11,proactive,1,,,,"no action: vuln 0.26, forecast 1.48, exposure 1.26"
proactive,193,11,proactive,1,,,,"no action: vuln 0.31, forecast 1.37, exposure 1.09"
proactive,194,11,proactive,1,,,,"no action: vuln 0.74, forecast 1.41, exposure 1.23"
proactive,195,11,proactive,1,,,,"no action: vuln 0.26, forecast 1.22, exposure 1.04"
proactive,196,11,proactive,1,,,,"no action: vuln 0.22, forecast 1.35, exposure 1.06"
proactive,197,11,proactive,1,,,,"no action: vuln 0.56, forecast 1.14, exposure 1.05"
proactive,198,11,proactive,1,,,,"no action: vuln 0.25, forecast 1.76, exposure 1.54"
proactive,199,11,proactive,1,,,,"no action: vuln 0.29, forecast 1.52, exposure 1.28"
proactive,200,11,proactive,1,,,,"no action: vuln 0.26, forecast 1.72, exposure 1.54"
proactive,201,11,proactive,1,,,,"no action: vuln 0.45, forecast 1.76, exposure 1.53"
proactive,202,11,proactive,1,,,,"no action: vuln 0.16, forecast 1.34, exposure 1.00"
proactive,203,11,proactive,1,,,,"no action: vuln 0.56, forecast 1.70, exposure 1.67"
proactive,204,11,proactive,1,,,,"no action: vuln 0.33, forecast 1.26, exposure 1.01"
proactive,205,11,proactive,1,,,,"no action: vuln 0.79, forecast 1.14, exposure 1.10"
proactive,206,11,proactive,1,,,,"no action: vuln 0.59, forecast 1.41, exposure 1.23"
proactive,207,11,proactive,1,,,,"no action: vuln 0.29, forecast 1.42, exposure 1.24"
proactive,208,11,proactive,1,,,,"no action: vuln 0.40, forecast 1.47, exposure 1.20"
proactive,209,11,proactive,1,,,,"no action: vuln 0.27, forecast 1.47, exposure 1.27"
proactive,210,11,proactive,1,,,,"no action: vuln 0.90, forecast 1.47, exposure 1.30"
proactive,211,11,proactive,1,,,,"no action: vuln 0.27, forecast 1.45, exposure 1.27"
proactive,212,11,proactive,1,,,,"no action: vuln 0.25, forecast 1.46, exposure 1.28"
proactive,213,11,proactive,1,,,,"no action: vuln 0.68, forecast 1.74, exposure 1.54"
proactive,214,11,proactive,1,,,,"no action: vuln 0.30, forecast 1.69, exposure 1.48"
proactive,215,11,proactive,1,,,,"no action: vuln 0.22, forecast 1.76, exposure 1.53"
proactive,216,11,proactive,1,,,,"no action: vuln 0.37, forecast 1.49, exposure 1.25"
proactive,217,11,proactive,1,,,,"no action: vuln 0.25, forecast 1.49, exposure 1.15"
proactive,218,11,proactive,1,,,,"no action: vuln 0.28, forecast 1.41, exposure 1.26"
proactive,219,11,proactive,1,,,,"no action: vuln 0.56, forecast 1.36, exposure 1.25"
proactive,220,11,proactive,1,,,,"no action: vuln 0.69, forecast 1.31, exposure 1.03"
proactive,221,11,proactive,1,,,,"no action: vuln 0.88, forecast 1.42, exposure 1.24"
proactive,222,11,proactive,1,,,,"no action: vuln 0.30, forecast 1.30, exposure 1.06"
proactive,223,11,proactive,1,,,,"no action: vuln 0.19, forecast 1.77, exposure 1.58"
proactive,224,11,proactive,1,,,,"no action: vuln 0.23, forecast 1.26, exposure 1.07"
proactive,225,11,proactive,1,,,,"no action: vuln 0.22, forecast 1.19, exposure 1.02"
proactive,226,11,proactive,1,,,,"no action: vuln 0.69, forecast 1.52, exposure 1.29"
proactive,227,11,proactive,1,,,,"no action: vuln 0.76, forecast 1.20, exposure 1.05"
proactive,228,11,proactive,1,,,,"no action: vuln 0.57, forecast 1.77, exposure 1.56"
proactive,229,11,proactive,1,,,,"no action: vuln 0.50, forecast 1.76, exposure 1.62"
proactive,230,11,proactive,1,,,,"no action: vuln 0.24, forecast 1.41, exposure 1.35"
proactive,231,11,proactive,1,,,,"no action: vuln 0.22, forecast 1.44, exposure 1.30"
proactive,232,11,proactive,1,,,,"no action: vuln 0.18, forecast 1.76, exposure 1.57"
proactive,233,11,proactive,1,,,,"no action: vuln 0.29, forecast 1.77, exposure 1.50"
proactive,234,11,proactive,1,,,,"no action: vuln 0.29, forecast 1.44, exposure 1.30"
proactive,235,11,proactive,1,,,,"no action: vuln 0.35, forecast 1.35, exposure 1.04"
proactive,236,11,proactive,1,,,,"no action: vuln 0.28, forecast 1.80, exposure 1.53"
proactive,237,11,proactive,1,,,,"no action: vuln 0.58, forecast 1.74, exposure 1.57"
proactive,238,11,proactive,1,,,,"no action: vuln 0.54, forecast 1.73, exposure 1.55"
proactive,239,11,proactive,1,,,,"no action: vuln 0.60, forecast 1.31, exposure 1.03"
proactive,0,12,proactive,1,SH_COREDO,6.0,2.0,proactive fallback: exposure 1.74 > 1.0; routed to SH_COREDO
proactive,1,12,proactive,1,SH_BRIDGE_PLAZA,17.0,6.0,proactive fallback: exposure 1.26 > 1.0; routed to SH_BRIDGE_PLAZA
proactive,2,12,proactive,1,SH_COREDO,6.0,2.0,vuln 0.72 >= 0.55 and forecast 1.64 >= 0.8; pre-positioned to SH_COREDO
proactive,3,12,proactive,1,SH_BRIDGE_PLAZA,17.0,6.0,proactive fallback: exposure 1.76 > 1.0; routed to SH_BRIDGE_PLAZA
proactive,4,12,proactive,1,SH_COREDO,6.0,2.0,proactive fallback: exposure 1.80 > 1.0; routed to SH_COREDO
proactive,5,12,proactive,1,SH_COREDO,6.0,2.0,vuln 0.77 >= 0.55 and forecast 1.98 >= 0.8; pre-positioned to SH_COREDO
proactive,6,12,proactive,1,SH_COREDO,6.0,2.0,vuln 0.69 >= 0.55 and forecast 1.95 >= 0.8; pre-positioned to SH_COREDO
proactive,7,12,proactive,1,SH_SUBWAY_EXIT,13.0,3.0,proactive fallback: exposure 1.43 > 1.0; routed to SH_SUBWAY_EXIT
proactive,8,12,proactive,1,SH_COREDO,6.0,2.0,vuln 0.63 >= 0.55 and forecast 1.98 >= 0.8; pre-positioned to SH_COREDO
proactive,9,12,proactive,1,SH_COREDO,6.0,2.0,proactive fallback: exposure 1.46 > 1.0; routed to SH_COREDO
proactive,10,12,proactive,1,SH_SUBWAY_EXIT,13.0,3.0,proactive fallback: exposure 1.49 > 1.0; routed to SH_SUBWAY_EXIT
proactive,11,12,proactive,1,SH_BANK_HALL,10.0,7.0,proactive fallback: exposure 1.43 > 1.0; routed to SH_BANK_HALL
proactive,12,12,proactive,1,SH_MITSUKOSHI,2.0,7.0,proactive fallback: exposure 1.20 > 1.0; routed to SH_MITSUKOSHI
proactive,13,12,proactive,1,SH_BRIDGE_PLAZA,17.0,6.0,proactive fallback: exposure 1.39 > 1.0; routed to SH_BRIDGE_PLAZA
proactive,14,12,proactive,1,SH_BRIDGE_PLAZA,17.0,6.0,proactive fallback: exposure 1.30 > 1.0; routed to SH_BRIDGE_PLAZA
proactive,15,12,proactive,1,SH_BRIDGE_PLAZA,17.0,6.0,proactive fallback: exposure 1.51 > 1.0; routed to SH_BRIDGE_PLAZA
proactive,16,12,proactive,1,SH_MITSUKOSHI,2.0,7.0,vuln 0.73 >= 0.55 and forecast 1.69 >= 0.8; pre-positioned to SH_MITSUKOSHI
proactive,17,12,proactive,1,SH_SUBWAY_EXIT,13.0,3.0,vuln 0.69 >= 0.55 and forecast 1.89 >= 0.8; pre-positioned to SH_SUBWAY_EXIT
proactive,18,12,proactive,1,SH_BRIDGE_PLAZA,17.0,6.0,proactive fallback: exposure 1.17 > 1.0; routed to SH_BRIDGE_PLAZA
proactive,19,12,proactive,1,SH_BANK_HALL,10.0,7.0,vuln 0.59 >= 0.55 and forecast 1.83 >= 0.8; pre-positioned to SH_BANK_HALL
proactive,20,12,proactive,1,SH_SUBWAY_EXIT,13.0,3.0,proactive fallback: exposure 1.47 > 1.0; routed to SH_SUBWAY_EXIT
proactive,21,12,proactive,1,SH_SUBWAY_EXIT,13.0,3.0,proactive fallback: exposure 1.71 > 1.0; routed to SH_SUBWAY_EXIT
proactive,22,12,proactive,1,SH_MITSUKOSHI,2.0,7.0,proactive fallback: exposure 1.37 > 1.0; routed to SH_MITSUKOSHI
proactive,23,12,proactive,1,SH_BANK_HALL,10.0,7.0,vuln 0.69 >= 0.55 and forecast 1.43 >= 0.8; pre-positioned to SH_BANK_HALL
proactive,24,12,proactive,1,SH_COREDO,6.0,2.0,proactive fallback: exposure 1.41 > 1.0; routed to SH_COREDO
proactive,25,12,proactive,1,SH_COREDO,6.0,2.0,proactive fallback: exposure 1.74 > 1.0; routed to SH_COREDO
proactive,26,12,proactive,1,SH_MITSUKOSHI,2.0,7.0,proactive fallback: exposure 1.24 > 1.0; routed to SH_MITSUKOSHI
proactive,27,12,proactive,1,SH_COREDO,6.0,2.0,proactive fallback: exposure 1.80 > 1.0; routed to SH_COREDO
proactive,28,12,proactive,1,SH_MITSUKOSHI,2.0,7.0,proactive fallback: exposure 1.22 > 1.0; routed to SH_MITSUKOSHI
proactive,29,12,proactive,1,SH_MITSUKOSHI,2.0,7.0,proactive fallback: exposure 1.25 > 1.0; routed to SH_MITSUKOSHI
proactive,30,12,proactive,1,SH_BANK_HALL,10.0,7.0,proactive fallback: exposure 1.18 > 1.0; routed to SH_BANK_HALL
proactive,31,12,proactive,1,SH_BRIDGE_PLAZA,17.0,6.0,proactive fallback: exposure 1.45 > 1.0; routed to SH_BRIDGE_PLAZA
proactive,32,12,proactive,1,SH_MITSUKOSHI,2.0,7.0,proactive fallback: exposure 1.46 > 1.0; routed to SH_MITSUKOSHI
proactive,33,12,proactive,1,SH_BRIDGE_PLAZA,17.0,6.0,proactive fallback: exposure 1.26 > 1.0; routed to SH_BRIDGE_PLAZA
proactive,34,12,proactive,1,SH_BRIDGE_PLAZA,17.0,6.0,vuln 0.66 >= 0.55 and forecast 1.39 >= 0.8; pre-positioned to SH_BRIDGE_PLAZA
proactive,35,12,proactive,1,SH_BANK_HALL,10.0,7.0,proactive fallback: exposure 1.32 > 1.0; routed to SH_BANK_HALL
proactive,36,12,proactive,1,SH_COREDO,6.0,2.0,proactive fallback: exposure 1.69 > 1.0; routed to SH_COREDO
proactive,37,12,proactive,1,SH_COREDO,6.0,2.0,vuln 0.86 >= 0.55 and forecast 1.61 >= 0.8; pre-positioned to SH_COREDO
proactive,38,12,proactive,1,SH_COREDO,6.0,2.0,proactive fallback: exposure 1.47 > 1.0; routed to SH_COREDO
proactive,39,12,proactive,1,SH_BANK_HALL,10.0,7.0,proactive fallback: exposure 1.30 > 1.0; routed to SH_BANK_HALL
proactive,40,12,proactive,1,SH_COREDO,6.0,2.0,vuln 0.58 >= 0.55 and forecast 1.69 >= 0.8; pre-positioned to SH_COREDO
proactive,41,12,proactive,1,SH_COREDO,6.0,2.0,proactive fallback: exposure 1.36 > 1.0; routed to SH_COREDO
proactive,42,12,proactive,1,SH_BANK_HALL,10.0,7.0,vuln 0.94 >= 0.55 and forecast 1.53 >= 0.8; pre-positioned to SH_BANK_HALL
proactive,43,12,proactive,1,SH_BRIDGE_PLAZA,17.0,6.0,proactive fallback: exposure 1.34 > 1.0; routed to SH_BRIDGE_PLAZA
proactive,44,12,proactive,1,SH_SUBWAY_EXIT,13.0,3.0,proactive fallback: exposure 1.73 > 1.0; routed to SH_SUBWAY_EXIT
proactive,45,12,proactive,1,SH_SUBWAY_EXIT,13.0,3.0,proactive fallback: exposure 1.74 > 1.0; routed to SH_SUBWAY_EXIT
proactive,46,12,proactive,1,SH_BRIDGE_PLAZA,17.0,6.0,proactive fallback: exposure 1.77 > 1.0; routed to SH_BRIDGE_PLAZA
proactive,47,12,proactive,1,SH_BANK_HALL,10.0,7.0,proactive fallback: exposure 1.74 > 1.0; routed to SH_BANK_HALL
proactive,48,12,proactive,1,SH_BANK_HALL,10.0,7.0,proactive fallback: exposure 1.16 > 1.0; routed to SH_BANK_HALL
proactive,49,12,proactive,1,SH_BRIDGE_PLAZA,17.0,6.0,vuln 0.76 >= 0.55 and forecast 1.62 >= 0.8; pre-positioned to SH_BRIDGE_PLAZA
proactive,50,12,proactive,1,SH_BANK_HALL,10.0,7.0,proactive fallback: exposure 1.22 > 1.0; routed to SH_BANK_HALL
proactive,51,12,proactive,1,SH_BANK_HALL,10.0,7.0,proactive fallback: exposure 1.75 > 1.0; routed to SH_BANK_HALL
proactive,52,12,proactive,1,SH_BANK_HALL,10.0,7.0,proactive fallback: exposure 1.30 > 1.0; routed to SH_BANK_HALL
proactive,53,12,proactive,1,SH_BRIDGE_PLAZA,17.0,6.0,proactive fallback: exposure 1.25 > 1.0; routed to SH_BRIDGE_PLAZA
proactive,54,12,proactive,1,SH_BANK_HALL,10.0,7.0,proactive fallback: exposure 1.47 > 1.0; routed to SH_BANK_HALL
proactive,55,12,proactive,1,SH_BANK_HALL,10.0,7.0,proactive fallback: exposure 1.79 > 1.0; routed to SH_BANK_HALL
proactive,56,12,proactive,1,SH_BRIDGE_PLAZA,17.0,6.0,vuln 0.74 >= 0.55 and forecast 1.97 >= 0.8; pre-positioned to SH_BRIDGE_PLAZA
proactive,57,12,proactive,1,SH_BRIDGE_PLAZA,17.0,6.0,proactive fallback: exposure 1.78 > 1.0; routed to SH_BRIDGE_PLAZA
proactive,58,12,proactive,1,SH_BRIDGE_PLAZA,17.0,6.0,proactive fallback: exposure 1.53 > 1.0; routed to SH_BRIDGE_PLAZA
proactive,59,12,proactive,1,SH_BRIDGE_PLAZA,17.0,6.0,proactive fallback: exposure 1.77 > 1.0; routed to SH_BRIDGE_PLAZA
proactive,60,12,proactive,1,SH_BRIDGE_PLAZA,17.0,6.0,proactive fallback: exposure 1.39 > 1.0; routed to SH_BRIDGE_PLAZA
proactive,61,12,proactive,1,SH_BRIDGE_PLAZA,17.0,6.0,proactive fallback: exposure 1.72 > 1.0; routed to SH_BRIDGE_PLAZA
proactive,62,12,proactive,1,SH_BRIDGE_PLAZA,17.0,6.0,vuln 0.78 >= 0.55 and forecast 1.92 >= 0.8; pre-positioned to SH_BRIDGE_PLAZA
proactive,63,12,proactive,1,SH_BRIDGE_PLAZA,17.0,6.0,vuln 0.77 >= 0.55 and forecast 1.68 >= 0.8; pre-positioned to SH_BRIDGE_PLAZA
proactive,64,12,proactive,1,,,,"no action: vuln 0.26, forecast 1.54, exposure 1.49"
proactive,65,12,proactive,1,,,,"no action: vuln 0.18, forecast 1.45, exposure 1.29"
proactive,66,12,proactive,1,,,,"no action: vuln 0.75, forecast 1.45, exposure 1.30"
proactive,67,12,proactive,1,,,,"no action: vuln 0.27, forecast 1.69, exposure 1.47"
proactive,68,12,proactive,1,,,,"no action: vuln 0.26, forecast 1.94, exposure 1.73"
proactive,69,12,proactive,1,,,,"no action: vuln 0.35, forecast 1.91, exposure 1.67"
proactive,70,12,proactive,1,,,,"no action: vuln 0.19, forecast 1.42, exposure 1.25"
proactive,71,12,proactive,1,,,,"no action: vuln 0.23, forecast 1.87, exposure 1.68"
proactive,72,12,proactive,1,,,,"no action: vuln 0.31, forecast 1.61, exposure 1.46"
proactive,73,12,proactive,1,,,,"no action: vuln 0.29, forecast 1.64, exposure 1.47"
proactive,74,12,proactive,1,,,,"no action: vuln 0.75, forecast 1.39, exposure 1.25"
proactive,75,12,proactive,1,,,,"no action: vuln 0.86, forecast 1.87, exposure 1.67"
proactive,76,12,proactive,1,,,,"no action: vuln 0.24, forecast 1.69, exposure 1.49"
proactive,77,12,proactive,1,,,,"no action: vuln 0.57, forecast 1.62, exposure 1.41"
proactive,78,12,proactive,1,,,,"no action: vuln 0.26, forecast 1.96, exposure 1.71"
proactive,79,12,proactive,1,,,,"no action: vuln 0.31, forecast 1.60, exposure 1.46"
proactive,80,12,proactive,1,,,,"no action: vuln 0.24, forecast 1.98, exposure 1.69"
proactive,81,12,proactive,1,,,,"no action: vuln 0.75, forecast 1.71, exposure 1.39"
proactive,82,12,proactive,1,,,,"no action: vuln 0.21, forecast 1.94, exposure 1.73"
proactive,83,12,proactive,1,,,,"no action: vuln 0.24, forecast 1.89, exposure 1.74"
proactive,84,12,proactive,1,,,,"no action: vuln 0.76, forecast 1.38, exposure 1.31"
proactive,85,12,proactive,1,,,,"no action: vuln 0.21, forecast 1.39, exposure 1.31"
proactive,86,12,proactive,1,,,,"no action: vuln 0.26, forecast 1.64, exposure 1.36"
proactive,87,12,proactive,1,,,,"no action: vuln 0.87, forecast 1.47, exposure 1.19"
proactive,88,12,proactive,1,,,,"no action: vuln 0.23, forecast 1.41, exposure 1.17"
proactive,89,12,proactive,1,,,,"no action: vuln 0.22, forecast 1.65, exposure 1.40"
proactive,90,12,proactive,1,,,,"no action: vuln 0.73, forecast 1.43, exposure 1.27"
proactive,91,12,proactive,1,,,,"no action: vuln 0.27, forecast 1.91, exposure 1.83"
proactive,92,12,proactive,1,,,,"no action: vuln 0.20, forecast 1.75, exposure 1.52"
proactive,93,12,proactive,1,,,,"no action: vuln 0.20, forecast 1.66, exposure 1.41"
proactive,94,12,proactive,1,,,,"no action: vuln 0.70, forecast 1.51, exposure 1.25"
proactive,95,12,proactive,1,,,,"no action: vuln 0.25, forecast 1.96, exposure 1.74"
proactive,96,12,proactive,1,,,,"no action: vuln 0.50, forecast 1.52, exposure 1.14"
proactive,97,12,proactive,1,,,,"no action: vuln 0.27, forecast 2.00, exposure 1.76"
proactive,98,12,proactive,1,,,,"no action: vuln 0.22, forecast 1.45, exposure 1.25"
proactive,99,12,proactive,1,,,,"no action: vuln 0.72, forecast 1.48, exposure 1.25"
proactive,100,12,proactive,1,,,,"no action: vuln 0.48, forecast 2.00, exposure 1.81"
proactive,101,12,proactive,1,,,,"no action: vuln 0.81, forecast 1.64, exposure 1.36"
proactive,102,12,proactive,1,,,,"no action: vuln 0.94, forecast 1.46, exposure 1.27"
proactive,103,12,proactive,1,,,,"no action: vuln 0.30, forecast 1.89, exposure 1.74"
proactive,104,12,proactive,1,,,,"no action: vuln 0.81, forecast 1.71, exposure 1.47"
proactive,105,12,proactive,1,,,,"no action: vuln 0.23, forecast 1.44, exposure 1.10"
proactive,106,12,proactive,1,,,,"no action: vuln 0.51, forecast 1.66, exposure 1.46"
proactive,107,12,proactive,1,,,,"no action: vuln 0.56, forecast 2.00, exposure 1.74"
proactive,108,12,proactive,1,,,,"no action: vuln 0.23, forecast 1.98, exposure 1.77"
proactive,109,12,proactive,1,,,,"no action: vuln 0.30, forecast 1.92, exposure 1.74"
proactive,110,12,proactive,1,,,,"no action: vuln 0.27, forecast 1.66, exposure 1.41"
proactive,111,12,proactive,1,,,,"no action: vuln 0.53, forecast 1.60, exposure 1.51"
proactive,112,12,proactive,1,,,,"no action: vuln 0.89, forecast 1.69, exposure 1.41"
proactive,113,12,proactive,1,,,,"no action: vuln 0.52, forecast 1.41, exposure 1.30"
proactive,114,12,proactive,1,,,,"no action: vuln 0.86, forecast 1.42, exposure 1.24"
proactive,115,12,proactive,1,,,,"no action: vuln 0.32, forecast 1.63, exposure 1.42"
proactive,116,12,proactive,1,,,,"no action: vuln 0.58, forecast 1.58, exposure 1.30"
proactive,117,12,proactive,1,,,,"no action: vuln 0.24, forecast 1.60, exposure 1.43"
proactive,118,12,proactive,1,,,,"no action: vuln 0.21, forecast 1.89, exposure 1.74"
proactive,119,12,proactive,1,,,,"no action: vuln 0.90, forecast 1.67, exposure 1.53"
proactive,120,12,proactive,1,,,,"no action: vuln 0.53, forecast 1.61, exposure 1.39"
proactive,121,12,proactive,1,,,,"no action: vuln 0.43, forecast 2.00, exposure 1.80"
proactive,122,12,proactive,1,,,,"no action: vuln 0.32, forecast 1.51, exposure 1.25"
proactive,123,12,proactive,1,,,,"no action: vuln 0.70, forecast 1.49, exposure 1.26"
proactive,124,12,proactive,1,,,,"no action: vuln 0.56, forecast 1.44, exposure 1.10"
proactive,125,12,proactive,1,,,,"no action: vuln 0.85, forecast 2.00, exposure 1.76"
proactive,126,12,proactive,1,,,,"no action: vuln 0.55, forecast 1.57, exposure 1.47"
proactive,127,12,proactive,1,,,,"no action: vuln 0.77, forecast 1.60, exposure 1.45"
proactive,128,12,proactive,1,,,,"no action: vuln 0.74, forecast 1.54, exposure 1.27"
proactive,129,12,proactive,1,,,,"no action: vuln 0.19, forecast 1.39, exposure 1.23"
proactive,130,12,proactive,1,,,,"no action: vuln 0.60, forecast 2.00, exposure 1.80"
proactive,131,12,proactive,1,,,,"no action: vuln 0.67, forecast 1.67, exposure 1.52"
proactive,132,12,proactive,1,,,,"no action: vuln 0.27, forecast 1.92, exposure 1.67"
proactive,133,12,proactive,1,,,,"no action: vuln 0.23, forecast 1.53, exposure 1.23"
proactive,134,12,proactive,1,,,,"no action: vuln 0.21, forecast 1.66, exposure 1.43"
proactive,135,12,proactive,1,,,,"no action: vuln 0.49, forecast 1.46, exposure 1.35"
proactive,136,12,proactive,1,,,,"no action: vuln 0.58, forecast 1.69, exposure 1.49"
proactive,137,12,proactive,1,,,,"no action: vuln 0.18, forecast 1.81, exposure 1.42"
proactive,138,12,proactive,1,,,,"no action: vuln 0.30, forecast 1.60, exposure 1.51"
proactive,139,12,proactive,1,,,,"no action: vuln 0.28, forecast 1.91, exposure 1.83"
proactive,140,12,proactive,1,,,,"no action: vuln 0.30, forecast 1.48, exposure 1.20"
proactive,141,12,proactive,1,,,,"no action: vuln 0.24, forecast 1.71, exposure 1.39"
proactive,142,12,proactive,1,,,,"no action: vuln 0.26, forecast 1.67, exposure 1.52"
proactive,143,12,proactive,1,,,,"no action: vuln 0.20, forecast 1.42, exposure 1.31"
proactive,144,12,proactive,1,,,,"no action: vuln 0.83, forecast 1.96, exposure 1.71"
proactive,145,12,proactive,1,,,,"no action: vuln 0.23, forecast 2.00, exposure 1.70"
proactive,146,12,proactive,1,,,,"no action: vuln 0.23, forecast 1.92, exposure 1.70"
proactive,147,12,proactive,1,,,,"no action: vuln 0.19, forecast 1.98, exposure 1.79"
proactive,148,12,proactive,1,,,,"no action: vuln 0.33, forecast 1.94, exposure 1.73"
proactive,149,12,proactive,1,,,,"no action: vuln 0.59, forecast 1.68, exposure 1.42"
proactive,150,12,proactive,1,,,,"no action: vuln 0.34, forecast 1.99, exposure 1.86"
proactive,151,12,proactive,1,,,,"no action: vuln 0.24, forecast 2.00, exposure 1.76"
proactive,152,12,proactive,1,,,,"no action: vuln 0.31, forecast 1.59, exposure 1.45"
proactive,153,12,proactive,1,,,,"no action: vuln 0.30, forecast 1.39, exposure 1.26"
proactive,154,12,proactive,1,,,,"no action: vuln 0.52, forecast 1.57, exposure 1.43"
proactive,155,12,proactive,1,,,,"no action: vuln 0.27, forecast 1.69, exposure 1.41"
proactive,156,12,proactive,1,,,,"no action: vuln 0.22, forecast 1.43, exposure 1.20"
proactive,157,12,proactive,1,,,,"no action: vuln 0.78, forecast 1.68, exposure 1.49"
proactive,158,12,proactive,1,,,,"no action: vuln 0.22, forecast 1.45, exposure 1.30"
proactive,159,12,proactive,1,,,,"no action: vuln 0.25, forecast 1.89, exposure 1.74"
proactive,160,12,proactive,1,,,,"no action: vuln 0.24, forecast 1.62, exposure 1.53"
proactive,161,12,proactive,1,,,,"no action: vuln 0.27, forecast 1.86, exposure 1.73"
proactive,162,12,proactive,1,,,,"no action: vuln 0.56, forecast 1.99, exposure 1.86"
proactive,163,12,proactive,1,,,,"no action: vuln 0.26, forecast 1.54, exposure 1.49"
proactive,164,12,proactive,1,,,,"no action: vuln 0.22, forecast 1.57, exposure 1.47"
proactive,165,12,proactive,1,,,,"no action: vuln 0.27, forecast 1.59, exposure 1.41"
proactive,166,12,proactive,1,,,,"no action: vuln 0.31, forecast 1.83, exposure 1.76"
proactive,167,12,proactive,1,,,,"no action: vuln 0.56, forecast 1.60, exposure 1.45"
proactive,168,12,proactive,1,,,,"no action: vuln 0.29, forecast 1.71, exposure 1.35"
proactive,169,12,proactive,1,,,,"no action: vuln 0.20, forecast 1.68, exposure 1.35"
proactive,170,12,proactive,1,,,,"no action: vuln 0.26, forecast 1.39, exposure 1.26"
proactive,171,12,proactive,1,,,,"no action: vuln 0.54, forecast 1.98, exposure 1.79"
proactive,172,12,proactive,1,,,,"no action: vuln 0.20, forecast 1.70, exposure 1.43"
proactive,173,12,proactive,1,,,,"no action: vuln 0.74, forecast 1.48, exposure 1.19"
proactive,174,12,proactive,1,,,,"no action: vuln 0.59, forecast 1.64, exposure 1.47"
proactive,175,12,proactive,1,,,,"no action: vuln 0.28, forecast 1.98, exposure 1.79"
proactive,176,12,proactive,1,,,,"no action: vuln 0.20, forecast 1.99, exposure 1.86"
proactive,177,12,proactive,1,,,,"no action: vuln 0.26, forecast 1.68, exposure 1.45"
proactive,178,12,proactive,1,,,,"no action: vuln 0.30, forecast 1.61, exposure 1.55"
proactive,179,12,proactive,1,,,,"no action: vuln 0.38, forecast 1.75, exposure 1.52"
proactive,180,12,proactive,1,,,,"no action: vuln 0.71, forecast 1.42, exposure 1.29"
proactive,181,12,proactive,1,,,,"no action: vuln 0.52, forecast 1.89, exposure 1.71"
proactive,182,12,proactive,1,,,,"no action: vuln 0.22, forecast 1.63, exposure 1.42"
proactive,183,12,proactive,1,,,,"no action: vuln 0.24, forecast 1.69, exposure 1.41"
proactive,184,12,proactive,1,,,,"no action: vuln 0.21, forecast 1.61, exposure 1.37"
proactive,185,12,proactive,1,,,,"no action: vuln 0.90, forecast 1.98, exposure 1.77"
proactive,186,12,proactive,1,,,,"no action: vuln 0.27, forecast 1.98, exposure 1.77"
proactive,187,12,proactive,1,,,,"no action: vuln 0.23, forecast 1.97, exposure 1.76"
proactive,188,12,proactive,1,,,,"no action: vuln 0.26, forecast 1.93, exposure 1.71"
proactive,189,12,proactive,1,,,,"no action: vuln 0.25, forecast 1.47, exposure 1.33"
proactive,190,12,proactive,1,,,,"no action: vuln 0.74, forecast 1.52, exposure 1.22"
proactive,191,12,proactive,1,,,,"no action: vuln 0.24, forecast 1.68, exposure 1.45"
proactive,192,12,proactive,1,,,,"no action: vuln 0.26, forecast 1.66, exposure 1.48"
proactive,193,12,proactive,1,,,,"no action: vuln 0.31, forecast 1.44, exposure 1.37"
proactive,194,12,proactive,1,,,,"no action: vuln 0.74, forecast 1.69, exposure 1.41"
proactive,195,12,proactive,1,,,,"no action: vuln 0.26, forecast 1.49, exposure 1.22"
proactive,196,12,proactive,1,,,,"no action: vuln 0.22, forecast 1.46, exposure 1.35"
proactive,197,12,proactive,1,,,,"no action: vuln 0.56, forecast 1.41, exposure 1.14"
proactive,198,12,proactive,1,,,,"no action: vuln 0.25, forecast 1.83, exposure 1.76"
proactive,199,12,proactive,1,,,,"no action: vuln 0.29, forecast 1.67, exposure 1.52"
proactive,200,12,proactive,1,,,,"no action: vuln 0.26, forecast 1.85, exposure 1.72"
proactive,201,12,proactive,1,,,,"no action: vuln 0.45, forecast 2.00, exposure 1.76"
proactive,202,12,proactive,1,,,,"no action: vuln 0.16, forecast 1.43, exposure 1.34"
proactive,203,12,proactive,1,,,,"no action: vuln 0.56, forecast 2.00, exposure 1.70"
proactive,204,12,proactive,1,,,,"no action: vuln 0.33, forecast 1.39, exposure 1.26"
proactive,205,12,proactive,1,,,,"no action: vuln 0.79, forecast 1.52, exposure 1.14"
proactive,206,12,proactive,1,,,,"no action: vuln 0.59, forecast 1.58, exposure 1.41"
proactive,207,12,proactive,1,,,,"no action: vuln 0.29, forecast 1.63, exposure 1.42"
proactive,208,12,proactive,1,,,,"no action: vuln 0.40, forecast 1.64, exposure 1.47"
proactive,209,12,proactive,1,,,,"no action: vuln 0.27, forecast 1.66, exposure 1.47"
proactive,210,12,proactive,1,,,,"no action: vuln 0.90, forecast 1.69, exposure 1.47"
proactive,211,12,proactive,1,,,,"no action: vuln 0.27, forecast 1.69, exposure 1.45"
proactive,212,12,proactive,1,,,,"no action: vuln 0.25, forecast 1.58, exposure 1.46"
proactive,213,12,proactive,1,,,,"no action: vuln 0.68, forecast 1.96, exposure 1.74"
proactive,214,12,proactive,1,,,,"no action: vuln 0.30, forecast 1.98, exposure 1.69"
proactive,215,12,proactive,1,,,,"no action: vuln 0.22, forecast 2.00, exposure 1.76"
proactive,216,12,proactive,1,,,,"no action: vuln 0.37, forecast 1.69, exposure 1.49"
proactive,217,12,proactive,1,,,,"no action: vuln 0.25, forecast 1.68, exposure 1.49"
proactive,218,12,proactive,1,,,,"no action: vuln 0.28, forecast 1.62, exposure 1.41"
proactive,219,12,proactive,1,,,,"no action: vuln 0.56, forecast 1.64, exposure 1.36"
proactive,220,12,proactive,1,,,,"no action: vuln 0.69, forecast 1.39, exposure 1.31"
proactive,221,12,proactive,1,,,,"no action: vuln 0.88, forecast 1.63, exposure 1.42"
proactive,222,12,proactive,1,,,,"no action: vuln 0.30, forecast 1.49, exposure 1.30"
proactive,223,12,proactive,1,,,,"no action: vuln 0.19, forecast 1.95, exposure 1.77"
proactive,224,12,proactive,1,,,,"no action: vuln 0.23, forecast 1.44, exposure 1.26"
proactive,225,12,proactive,1,,,,"no action: vuln 0.22, forecast 1.47, exposure 1.19"
proactive,226,12,proactive,1,,,,"no action: vuln 0.69, forecast 1.75, exposure 1.52"
proactive,227,12,proactive,1,,,,"no action: vuln 0.76, forecast 1.48, exposure 1.20"
proactive,228,12,proactive,1,,,,"no action: vuln 0.57, forecast 1.90, exposure 1.77"
proactive,229,12,proactive,1,,,,"no action: vuln 0.50, forecast 1.97, exposure 1.76"
proactive,230,12,proactive,1,,,,"no action: vuln 0.24, forecast 1.69, exposure 1.41"
proactive,231,12,proactive,1,,,,"no action: vuln 0.22, forecast 1.67, exposure 1.44"
proactive,232,12,proactive,1,,,,"no action: vuln 0.18, forecast 1.97, exposure 1.76"
proactive,233,12,proactive,1,,,,"no action: vuln 0.29, forecast 1.98, exposure 1.77"
proactive,234,12,proactive,1,,,,"no action: vuln 0.29, forecast 1.67, exposure 1.44"
proactive,235,12,proactive,1,,,,"no action: vuln 0.35, forecast 1.53, exposure 1.35"
proactive,236,12,proactive,1,,,,"no action: vuln 0.28, forecast 2.00, exposure 1.80"
proactive,237,12,proactive,1,,,,"no action: vuln 0.58, forecast 1.89, exposure 1.74"
proactive,238,12,proactive,1,,,,"no action: vuln 0.54, forecast 2.00, exposure 1.73"
proactive,239,12,proactive,1,,,,"no action: vuln 0.60, forecast 1.39, exposure 1.31"
proactive,0,13,proactive,1,SH_COREDO,6.0,2.0,proactive fallback: exposure 1.86 > 1.0; routed to SH_COREDO
proactive,1,13,proactive,1,SH_BRIDGE_PLAZA,17.0,6.0,proactive fallback: exposure 1.49 > 1.0; routed to SH_BRIDGE_PLAZA
proactive,2,13,proactive,1,SH_COREDO,6.0,2.0,vuln 0.72 >= 0.55 and forecast 1.73 >= 0.8; pre-positioned to SH_COREDO
proactive,3,13,proactive,1,SH_BRIDGE_PLAZA,17.0,6.0,proactive fallback: exposure 2.00 > 1.0; routed to SH_BRIDGE_PLAZA
proactive,4,13,proactive,1,SH_COREDO,6.0,2.0,proactive fallback: exposure 2.00 > 1.0; routed to SH_COREDO
proactive,5,13,proactive,1,SH_COREDO,6.0,2.0,vuln 0.77 >= 0.55 and forecast 2.00 >= 0.8; pre-positioned to SH_COREDO
proactive,6,13,proactive,1,SH_COREDO,6.0,2.0,vuln 0.69 >= 0.55 and forecast 2.00 >= 0.8; pre-positioned to SH_COREDO
proactive,7,13,proactive,1,SH_SUBWAY_EXIT,13.0,3.0,proactive fallback: exposure 1.68 > 1.0; routed to SH_SUBWAY_EXIT
proactive,8,13,proactive,1,SH_COREDO,6.0,2.0,vuln 0.63 >= 0.55 and forecast 1.98 >= 0.8; pre-positioned to SH_COREDO
proactive,9,13,proactive,1,SH_COREDO,6.0,2.0,proactive fallback: exposure 1.66 > 1.0; routed to SH_COREDO
proactive,10,13,proactive,1,SH_SUBWAY_EXIT,13.0,3.0,proactive fallback: exposure 1.54 > 1.0; routed to SH_SUBWAY_EXIT
proactive,11,13,proactive,1,SH_BANK_HALL,10.0,7.0,proactive fallback: exposure 1.60 > 1.0; routed to SH_BANK_HALL
proactive,12,13,proactive,1,SH_MITSUKOSHI,2.0,7.0,proactive fallback: exposure 1.48 > 1.0; routed to SH_MITSUKOSHI
proactive,13,13,proactive,1,SH_BRIDGE_PLAZA,17.0,6.0,proactive fallback: exposure 1.61 > 1.0; routed to SH_BRIDGE_PLAZA
proactive,14,13,proactive,1,SH_BRIDGE_PLAZA,17.0,6.0,proactive fallback: exposure 1.48 > 1.0; routed to SH_BRIDGE_PLAZA
proactive,15,13,proactive,1,SH_BRIDGE_PLAZA,17.0,6.0,proactive fallback: exposure 1.60 > 1.0; routed to SH_BRIDGE_PLAZA
proactive,16,13,proactive,1,SH_MITSUKOSHI,2.0,7.0,vuln 0.73 >= 0.55 and forecast 1.77 >= 0.8; pre-positioned to SH_MITSUKOSHI
proactive,17,13,proactive,1,SH_SUBWAY_EXIT,13.0,3.0,vuln 0.69 >= 0.55 and forecast 2.00 >= 0.8; pre-positioned to SH_SUBWAY_EXIT
proactive,18,13,proactive,1,SH_BRIDGE_PLAZA,17.0,6.0,proactive fallback: exposure 1.41 > 1.0; routed to SH_BRIDGE_PLAZA
proactive,19,13,proactive,1,SH_BANK_HALL,10.0,7.0,vuln 0.59 >= 0.55 and forecast 2.00 >= 0.8; pre-positioned to SH_BANK_HALL
proactive,20,13,proactive,1,SH_SUBWAY_EXIT,13.0,3.0,proactive fallback: exposure 1.57 > 1.0; routed to SH_SUBWAY_EXIT
proactive,21,13,proactive,1,SH_SUBWAY_EXIT,13.0,3.0,proactive fallback: exposure 1.89 > 1.0; routed to SH_SUBWAY_EXIT
proactive,22,13,proactive,1,SH_MITSUKOSHI,2.0,7.0,proactive fallback: exposure 1.44 > 1.0; routed to SH_MITSUKOSHI
proactive,23,13,proactive,1,SH_BANK_HALL,10.0,7.0,vuln 0.69 >= 0.55 and forecast 1.48 >= 0.8; pre-positioned to SH_BANK_HALL
proactive,24,13,proactive,1,SH_COREDO,6.0,2.0,proactive fallback: exposure 1.69 > 1.0; routed to SH_COREDO
proactive,25,13,proactive,1,SH_COREDO,6.0,2.0,proactive fallback: exposure 1.89 > 1.0; routed to SH_COREDO
proactive,26,13,proactive,1,SH_MITSUKOSHI,2.0,7.0,proactive fallback: exposure 1.50 > 1.0; routed to SH_MITSUKOSHI
proactive,27,13,proactive,1,SH_COREDO,6.0,2.0,proactive fallback: exposure 2.00 > 1.0; routed to SH_COREDO
proactive,28,13,proactive,1,SH_MITSUKOSHI,2.0,7.0,proactive fallback: exposure 1.37 > 1.0; routed to SH_MITSUKOSHI
proactive,29,13,proactive,1,SH_MITSUKOSHI,2.0,7.0,proactive fallback: exposure 1.39 > 1.0; routed to SH_MITSUKOSHI
proactive,30,13,proactive,1,SH_BANK_HALL,10.0,7.0,proactive fallback: exposure 1.43 > 1.0; routed to SH_BANK_HALL
proactive,31,13,proactive,1,SH_BRIDGE_PLAZA,17.0,6.0,proactive fallback: exposure 1.59 > 1.0; routed to SH_BRIDGE_PLAZA
proactive,32,13,proactive,1,SH_MITSUKOSHI,2.0,7.0,proactive fallback: exposure 1.60 > 1.0; routed to SH_MITSUKOSHI
proactive,33,13,proactive,1,SH_BRIDGE_PLAZA,17.0,6.0,proactive fallback: exposure 1.39 > 1.0; routed to SH_BRIDGE_PLAZA
proactive,34,13,proactive,1,SH_BRIDGE_PLAZA,17.0,6.0,vuln 0.66 >= 0.55 and forecast 1.60 >= 0.8; pre-positioned to SH_BRIDGE_PLAZA
proactive,35,13,proactive,1,SH_BANK_HALL,10.0,7.0,proactive fallback: exposure 1.44 > 1.0; routed to SH_BANK_HALL
proactive,36,13,proactive,1,SH_COREDO,6.0,2.0,proactive fallback: exposure 1.98 > 1.0; routed to SH_COREDO
proactive,37,13,proactive,1,SH_MITSUKOSHI,2.0,7.0,vuln 0.86 >= 0.55 and forecast 1.78 >= 0.8; pre-positioned to SH_MITSUKOSHI
proactive,38,13,proactive,1,SH_MITSUKOSHI,2.0,7.0,proactive fallback: exposure 1.69 > 1.0; routed to SH_MITSUKOSHI
proactive,39,13,proactive,1,SH_MITSUKOSHI,2.0,7.0,proactive fallback: exposure 1.58 > 1.0; routed to SH_MITSUKOSHI
proactive,40,13,proactive,1,SH_COREDO,6.0,2.0,vuln 0.58 >= 0.55 and forecast 1.81 >= 0.8; pre-positioned to SH_COREDO
proactive,41,13,proactive,1,SH_COREDO,6.0,2.0,proactive fallback: exposure 1.64 > 1.0; routed to SH_COREDO
proactive,42,13,proactive,1,SH_BANK_HALL,10.0,7.0,vuln 0.94 >= 0.55 and forecast 1.61 >= 0.8; pre-positioned to SH_BANK_HALL
proactive,43,13,proactive,1,SH_BRIDGE_PLAZA,17.0,6.0,proactive fallback: exposure 1.43 > 1.0; routed to SH_BRIDGE_PLAZA
proactive,44,13,proactive,1,SH_SUBWAY_EXIT,13.0,3.0,proactive fallback: exposure 1.86 > 1.0; routed to SH_SUBWAY_EXIT
proactive,45,13,proactive,1,SH_COREDO,6.0,2.0,proactive fallback: exposure 1.89 > 1.0; routed to SH_COREDO
proactive,46,13,proactive,1,SH_BRIDGE_PLAZA,17.0,6.0,proactive fallback: exposure 2.00 > 1.0; routed to SH_BRIDGE_PLAZA
proactive,47,13,proactive,1,SH_SUBWAY_EXIT,13.0,3.0,proactive fallback: exposure 1.92 > 1.0; routed to SH_SUBWAY_EXIT
proactive,48,13,proactive,1,SH_BANK_HALL,10.0,7.0,proactive fallback: exposure 1.36 > 1.0; routed to SH_BANK_HALL
proactive,49,13,proactive,1,SH_BRIDGE_PLAZA,17.0,6.0,vuln 0.76 >= 0.55 and forecast 1.70 >= 0.8; pre-positioned to SH_BRIDGE_PLAZA
proactive,50,13,proactive,1,SH_BANK_HALL,10.0,7.0,proactive fallback: exposure 1.38 > 1.0; routed to SH_BANK_HALL
proactive,51,13,proactive,1,SH_SUBWAY_EXIT,13.0,3.0,proactive fallback: exposure 1.97 > 1.0; routed to SH_SUBWAY_EXIT
proactive,52,13,proactive,1,SH_BANK_HALL,10.0,7.0,proactive fallback: exposure 1.41 > 1.0; routed to SH_BANK_HALL
proactive,53,13,proactive,1,SH_BRIDGE_PLAZA,17.0,6.0,proactive fallback: exposure 1.45 > 1.0; routed to SH_BRIDGE_PLAZA
proactive,54,13,proactive,1,SH_MITSUKOSHI,2.0,7.0,proactive fallback: exposure 1.63 > 1.0; routed to SH_MITSUKOSHI
proactive,55,13,proactive,1,SH_COREDO,6.0,2.0,proactive fallback: exposure 1.98 > 1.0; routed to SH_COREDO
proactive,56,13,proactive,1,SH_SUBWAY_EXIT,13.0,3.0,vuln 0.74 >= 0.55 and forecast 2.00 >= 0.8; pre-positioned to SH_SUBWAY_EXIT
proactive,57,13,proactive,1,SH_COREDO,6.0,2.0,proactive fallback: exposure 1.89 > 1.0; routed to SH_COREDO
proactive,58,13,proactive,1,SH_MITSUKOSHI,2.0,7.0,proactive fallback: exposure 1.67 > 1.0; routed to SH_MITSUKOSHI
proactive,59,13,proactive,1,SH_SUBWAY_EXIT,13.0,3.0,proactive fallback: exposure 1.90 > 1.0; routed to SH_SUBWAY_EXIT
proactive,60,13,proactive,1,SH_BRIDGE_PLAZA,17.0,6.0,proactive fallback: exposure 1.61 > 1.0; routed to SH_BRIDGE_PLAZA
proactive,61,13,proactive,1,SH_SUBWAY_EXIT,13.0,3.0,proactive fallback: exposure 1.93 > 1.0; routed to SH_SUBWAY_EXIT
proactive,62,13,proactive,1,SH_COREDO,6.0,2.0,vuln 0.78 >= 0.55 and forecast 2.00 >= 0.8; pre-positioned to SH_COREDO
proactive,63,13,proactive,1,SH_COREDO,6.0,2.0,vuln 0.77 >= 0.55 and forecast 1.81 >= 0.8; pre-positioned to SH_COREDO
proactive,64,13,proactive,1,SH_SUBWAY_EXIT,13.0,3.0,proactive fallback: exposure 1.54 > 1.0; routed to SH_SUBWAY_EXIT
proactive,65,13,proactive,1,SH_BRIDGE_PLAZA,17.0,6.0,proactive fallback: exposure 1.45 > 1.0; routed to SH_BRIDGE_PLAZA
proactive,66,13,proactive,1,SH_BANK_HALL,10.0,7.0,vuln 0.75 >= 0.55 and forecast 1.50 >= 0.8; pre-positioned to SH_BANK_HALL
proactive,67,13,proactive,1,SH_MITSUKOSHI,2.0,7.0,proactive fallback: exposure 1.69 > 1.0; routed to SH_MITSUKOSHI
proactive,68,13,proactive,1,SH_SUBWAY_EXIT,13.0,3.0,proactive fallback: exposure 1.94 > 1.0; routed to SH_SUBWAY_EXIT
proactive,69,13,proactive,1,SH_SUBWAY_EXIT,13.0,3.0,proactive fallback: exposure 1.91 > 1.0; routed to SH_SUBWAY_EXIT
proactive,70,13,proactive,1,SH_BANK_HALL,10.0,7.0,proactive fallback: exposure 1.42 > 1.0; routed to SH_BANK_HALL
proactive,71,13,proactive,1,SH_COREDO,6.0,2.0,proactive fallback: exposure 1.87 > 1.0; routed to SH_COREDO
proactive,72,13,proactive,1,SH_MITSUKOSHI,2.0,7.0,proactive fallback: exposure 1.61 > 1.0; routed to SH_MITSUKOSHI
proactive,73,13,proactive,1,SH_BRIDGE_PLAZA,17.0,6.0,proactive fallback: exposure 1.64 > 1.0; routed to SH_BRIDGE_PLAZA
proactive,74,13,proactive,1,SH_MITSUKOSHI,2.0,7.0,vuln 0.75 >= 0.55 and forecast 1.62 >= 0.8; pre-positioned to SH_MITSUKOSHI
proactive,75,13,proactive,1,SH_SUBWAY_EXIT,13.0,3.0,vuln 0.86 >= 0.55 and forecast 2.00 >= 0.8; pre-positioned to SH_SUBWAY_EXIT
proactive,76,13,proactive,1,SH_MITSUKOSHI,2.0,7.0,proactive fallback: exposure 1.69 > 1.0; routed to SH_MITSUKOSHI
proactive,77,13,proactive,1,SH_COREDO,6.0,2.0,vuln 0.57 >= 0.55 and forecast 1.81 >= 0.8; pre-positioned to SH_COREDO
proactive,78,13,proactive,1,SH_BRIDGE_PLAZA,17.0,6.0,proactive fallback: exposure 1.96 > 1.0; routed to SH_BRIDGE_PLAZA
proactive,79,13,proactive,1,SH_MITSUKOSHI,2.0,7.0,proactive fallback: exposure 1.60 > 1.0; routed to SH_MITSUKOSHI
proactive,80,13,proactive,1,SH_COREDO,6.0,2.0,proactive fallback: exposure 1.98 > 1.0; routed to SH_COREDO
proactive,81,13,proactive,1,SH_BRIDGE_PLAZA,17.0,6.0,vuln 0.75 >= 0.55 and forecast 1.76 >= 0.8; pre-positioned to SH_BRIDGE_PLAZA
proactive,82,13,proactive,1,SH_SUBWAY_EXIT,13.0,3.0,proactive fallback: exposure 1.94 > 1.0; routed to SH_SUBWAY_EXIT
proactive,83,13,proactive,1,SH_SUBWAY_EXIT,13.0,3.0,proactive fallback: exposure 1.89 > 1.0; routed to SH_SUBWAY_EXIT
proactive,84,13,proactive,1,SH_MITSUKOSHI,2.0,7.0,vuln 0.76 >= 0.55 and forecast 1.55 >= 0.8; pre-positioned to SH_MITSUKOSHI
proactive,85,13,proactive,1,SH_BANK_HALL,10.0,7.0,proactive fallback: exposure 1.39 > 1.0; routed to SH_BANK_HALL
proactive,86,13,proactive,1,SH_COREDO,6.0,2.0,proactive fallback: exposure 1.64 > 1.0; routed to SH_COREDO
proactive,87,13,proactive,1,SH_BANK_HALL,10.0,7.0,vuln 0.87 >= 0.55 and forecast 1.66 >= 0.8; pre-positioned to SH_BANK_HALL
proactive,88,13,proactive,1,SH_BRIDGE_PLAZA,17.0,6.0,proactive fallback: exposure 1.41 > 1.0; routed to SH_BRIDGE_PLAZA
proactive,89,13,proactive,1,SH_SUBWAY_EXIT,13.0,3.0,proactive fallback: exposure 1.65 > 1.0; routed to SH_SUBWAY_EXIT
proactive,90,13,proactive,1,SH_BANK_HALL,10.0,7.0,vuln 0.73 >= 0.55 and forecast 1.55 >= 0.8; pre-positioned to SH_BANK_HALL
proactive,91,13,proactive,1,SH_BRIDGE_PLAZA,17.0,6.0,proactive fallback: exposure 1.91 > 1.0; routed to SH_BRIDGE_PLAZA
proactive,92,13,proactive,1,SH_BRIDGE_PLAZA,17.0,6.0,proactive fallback: exposure 1.75 > 1.0; routed to SH_BRIDGE_PLAZA
proactive,93,13,proactive,1,SH_MITSUKOSHI,2.0,7.0,proactive fallback: exposure 1.66 > 1.0; routed to SH_MITSUKOSHI
proactive,94,13,proactive,1,SH_MITSUKOSHI,2.0,7.0,vuln 0.70 >= 0.55 and forecast 1.52 >= 0.8; pre-positioned to SH_MITSUKOSHI
proactive,95,13,proactive,1,SH_SUBWAY_EXIT,13.0,3.0,proactive fallback: exposure 1.96 > 1.0; routed to SH_SUBWAY_EXIT
proactive,96,13,proactive,1,SH_MITSUKOSHI,2.0,7.0,proactive fallback: exposure 1.52 > 1.0; routed to SH_MITSUKOSHI
proactive,97,13,proactive,1,SH_BRIDGE_PLAZA,17.0,6.0,proactive fallback: exposure 2.00 > 1.0; routed to SH_BRIDGE_PLAZA
proactive,98,13,proactive,1,SH_BRIDGE_PLAZA,17.0,6.0,proactive fallback: exposure 1.45 > 1.0; routed to SH_BRIDGE_PLAZA
proactive,99,13,proactive,1,SH_BANK_HALL,10.0,7.0,vuln 0.72 >= 0.55 and forecast 1.64 >= 0.8; pre-positioned to SH_BANK_HALL
proactive,100,13,proactive,1,SH_SUBWAY_EXIT,13.0,3.0,proactive fallback: exposure 2.00 > 1.0; routed to SH_SUBWAY_EXIT
proactive,101,13,proactive,1,SH_COREDO,6.0,2.0,vuln 0.81 >= 0.55 and forecast 1.79 >= 0.8; pre-positioned to SH_COREDO
proactive,102,13,proactive,1,SH_BANK_HALL,10.0,7.0,vuln 0.94 >= 0.55 and forecast 1.58 >= 0.8; pre-positioned to SH_BANK_HALL
proactive,103,13,proactive,1,SH_COREDO,6.0,2.0,proactive fallback: exposure 1.89 > 1.0; routed to SH_COREDO
proactive,104,13,proactive,1,SH_COREDO,6.0,2.0,vuln 0.81 >= 0.55 and forecast 1.85 >= 0.8; pre-positioned to SH_COREDO
proactive,105,13,proactive,1,SH_BRIDGE_PLAZA,17.0,6.0,proactive fallback: exposure 1.44 > 1.0; routed to SH_BRIDGE_PLAZA
proactive,106,13,proactive,1,SH_SUBWAY_EXIT,13.0,3.0,proactive fallback: exposure 1.66 > 1.0; routed to SH_SUBWAY_EXIT
proactive,107,13,proactive,1,SH_SUBWAY_EXIT,13.0,3.0,vuln 0.56 >= 0.55 and forecast 2.00 >= 0.8; pre-positioned to SH_SUBWAY_EXIT
proactive,108,13,proactive,1,SH_SUBWAY_EXIT,13.0,3.0,proactive fallback: exposure 1.98 > 1.0; routed to SH_SUBWAY_EXIT
proactive,109,13,proactive,1,SH_SUBWAY_EXIT,13.0,3.0,proactive fallback: exposure 1.92 > 1.0; routed to SH_SUBWAY_EXIT
proactive,110,13,proactive,1,SH_BANK_HALL,10.0,7.0,proactive fallback: exposure 1.66 > 1.0; routed to SH_BANK_HALL
proactive,111,13,proactive,1,SH_SUBWAY_EXIT,13.0,3.0,proactive fallback: exposure 1.60 > 1.0; routed to SH_SUBWAY_EXIT
proactive,112,13,proactive,1,SH_BANK_HALL,10.0,7.0,vuln 0.89 >= 0.55 and forecast 1.81 >= 0.8; pre-positioned to SH_BANK_HALL
proactive,113,13,proactive,1,SH_BANK_HALL,10.0,7.0,proactive fallback: exposure 1.41 > 1.0; routed to SH_BANK_HALL
proactive,114,13,proactive,1,SH_BANK_HALL,10.0,7.0,vuln 0.86 >= 0.55 and forecast 1.51 >= 0.8; pre-positioned to SH_BANK_HALL
proactive,115,13,proactive,1,SH_SUBWAY_EXIT,13.0,3.0,proactive fallback: exposure 1.63 > 1.0; routed to SH_SUBWAY_EXIT
proactive,116,13,proactive,1,SH_SUBWAY_EXIT,13.0,3.0,vuln 0.58 >= 0.55 and forecast 1.63 >= 0.8; pre-positioned to SH_SUBWAY_EXIT
proactive,117,13,proactive,1,SH_SUBWAY_EXIT,13.0,3.0,proactive fallback: exposure 1.60 > 1.0; routed to SH_SUBWAY_EXIT
proactive,118,13,proactive,1,,,,"no action: vuln 0.21, forecast 2.00, exposure 1.89"
proactive,119,13,proactive,1,,,,"no action: vuln 0.90, forecast 1.74, exposure 1.67"
proactive,120,13,proactive,1,,,,"no action: vuln 0.53, forecast 1.72, exposure 1.61"
proactive,121,13,proactive,1,,,,"no action: vuln 0.43, forecast 2.00, exposure 2.00"
proactive,122,13,proactive,1,,,,"no action: vuln 0.32, forecast 1.52, exposure 1.51"
proactive,123,13,proactive,1,,,,"no action: vuln 0.70, forecast 1.50, exposure 1.49"
proactive,124,13,proactive,1,,,,"no action: vuln 0.56, forecast 1.51, exposure 1.44"
proactive,125,13,proactive,1,,,,"no action: vuln 0.85, forecast 2.00, exposure 2.00"
proactive,126,13,proactive,1,,,,"no action: vuln 0.55, forecast 1.77, exposure 1.57"
proactive,127,13,proactive,1,,,,"no action: vuln 0.77, forecast 1.79, exposure 1.60"
proactive,128,13,proactive,1,,,,"no action: vuln 0.74, forecast 1.51, exposure 1.54"
proactive,129,13,proactive,1,,,,"no action: vuln 0.19, forecast 1.53, exposure 1.39"
proactive,130,13,proactive,1,,,,"no action: vuln 0.60, forecast 1.97, exposure 2.00"
proactive,131,13,proactive,1,,,,"no action: vuln 0.67, forecast 1.79, exposure 1.67"
proactive,132,13,proactive,1,,,,"no action: vuln 0.27, forecast 2.00, exposure 1.92"
proactive,133,13,proactive,1,,,,"no action: vuln 0.23, forecast 1.54, exposure 1.53"
proactive,134,13,proactive,1,,,,"no action: vuln 0.21, forecast 1.83, exposure 1.66"
proactive,135,13,proactive,1,,,,"no action: vuln 0.49, forecast 1.63, exposure 1.46"
proactive,136,13,proactive,1,,,,"no action: vuln 0.58, forecast 1.77, exposure 1.69"
proactive,137,13,proactive,1,,,,"no action: vuln 0.18, forecast 1.87, exposure 1.81"
proactive,138,13,proactive,1,,,,"no action: vuln 0.30, forecast 1.78, exposure 1.60"
proactive,139,13,proactive,1,,,,"no action: vuln 0.28, forecast 2.00, exposure 1.91"
proactive,140,13,proactive,1,,,,"no action: vuln 0.30, forecast 1.61, exposure 1.48"
proactive,141,13,proactive,1,,,,"no action: vuln 0.24, forecast 1.76, exposure 1.71"
proactive,142,13,proactive,1,,,,"no action: vuln 0.26, forecast 1.79, exposure 1.67"
proactive,143,13,proactive,1,,,,"no action: vuln 0.20, forecast 1.63, exposure 1.42"
proactive,144,13,proactive,1,,,,"no action: vuln 0.83, forecast 2.00, exposure 1.96"
proactive,145,13,proactive,1,,,,"no action: vuln 0.23, forecast 2.00, exposure 2.00"
proactive,146,13,proactive,1,,,,"no action: vuln 0.23, forecast 2.00, exposure 1.92"
proactive,147,13,proactive,1,,,,"no action: vuln 0.19, forecast 2.00, exposure 1.98"
proactive,148,13,proactive,1,,,,"no action: vuln 0.33, forecast 2.00, exposure 1.94"
proactive,149,13,proactive,1,,,,"no action: vuln 0.59, forecast 1.75, exposure 1.68"
proactive,150,13,proactive,1,,,,"no action: vuln 0.34, forecast 2.00, exposure 1.99"
proactive,151,13,proactive,1,,,,"no action: vuln 0.24, forecast 2.00, exposure 2.00"
proactive,152,13,proactive,1,,,,"no action: vuln 0.31, forecast 1.85, exposure 1.59"
proactive,153,13,proactive,1,,,,"no action: vuln 0.30, forecast 1.60, exposure 1.39"
proactive,154,13,proactive,1,,,,"no action: vuln 0.52, forecast 1.77, exposure 1.57"
proactive,155,13,proactive,1,,,,"no action: vuln 0.27, forecast 1.81, exposure 1.69"
proactive,156,13,proactive,1,,,,"no action: vuln 0.22, forecast 1.52, exposure 1.43"
proactive,157,13,proactive,1,,,,"no action: vuln 0.78, forecast 1.72, exposure 1.68"
proactive,158,13,proactive,1,,,,"no action: vuln 0.22, forecast 1.50, exposure 1.45"
proactive,159,13,proactive,1,,,,"no action: vuln 0.25, forecast 2.00, exposure 1.89"
proactive,160,13,proactive,1,,,,"no action: vuln 0.24, forecast 1.81, exposure 1.62"
proactive,161,13,proactive,1,,,,"no action: vuln 0.27, forecast 2.00, exposure 1.86"
proactive,162,13,proactive,1,,,,"no action: vuln 0.56, forecast 2.00, exposure 1.99"
proactive,163,13,proactive,1,,,,"no action: vuln 0.26, forecast 1.78, exposure 1.54"
proactive,164,13,proactive,1,,,,"no action: vuln 0.22, forecast 1.77, exposure 1.57"
proactive,165,13,proactive,1,,,,"no action: vuln 0.27, forecast 1.77, exposure 1.59"
proactive,166,13,proactive,1,,,,"no action: vuln 0.31, forecast 2.00, exposure 1.83"
proactive,167,13,proactive,1,,,,"no action: vuln 0.56, forecast 1.79, exposure 1.60"
proactive,168,13,proactive,1,,,,"no action: vuln 0.29, forecast 1.91, exposure 1.71"
proactive,169,13,proactive,1,,,,"no action: vuln 0.20, forecast 1.74, exposure 1.68"
proactive,170,13,proactive,1,,,,"no action: vuln 0.26, forecast 1.65, exposure 1.39"
proactive,171,13,proactive,1,,,,"no action: vuln 0.54, forecast 2.00, exposure 1.98"
proactive,172,13,proactive,1,,,,"no action: vuln 0.20, forecast 1.79, exposure 1.70"
proactive,173,13,proactive,1,,,,"no action: vuln 0.74, forecast 1.59, exposure 1.48"
proactive,174,13,proactive,1,,,,"no action: vuln 0.59, forecast 1.77, exposure 1.64"
proactive,175,13,proactive,1,,,,"no action: vuln 0.28, forecast 2.00, exposure 1.98"
proactive,176,13,proactive,1,,,,"no action: vuln 0.20, forecast 2.00, exposure 1.99"
proactive,177,13,proactive,1,,,,"no action: vuln 0.26, forecast 1.80, exposure 1.68"
proactive,178,13,proactive,1,,,,"no action: vuln 0.30, forecast 1.78, exposure 1.61"
proactive,179,13,proactive,1,,,,"no action: vuln 0.38, forecast 1.72, exposure 1.75"
proactive,180,13,proactive,1,,,,"no action: vuln 0.71, forecast 1.63, exposure 1.42"
proactive,181,13,proactive,1,,,,"no action: vuln 0.52, forecast 2.00, exposure 1.89"
proactive,182,13,proactive,1,,,,"no action: vuln 0.22, forecast 1.78, exposure 1.63"
proactive,183,13,proactive,1,,,,"no action: vuln 0.24, forecast 1.77, exposure 1.69"
proactive,184,13,proactive,1,,,,"no action: vuln 0.21, forecast 1.71, exposure 1.61"
proactive,185,13,proactive,1,,,,"no action: vuln 0.90, forecast 2.00, exposure 1.98"
proactive,186,13,proactive,1,,,,"no action: vuln 0.27, forecast 2.00, exposure 1.98"
proactive,187,13,proactive,1,,,,"no action: vuln 0.23, forecast 2.00, exposure 1.97"
proactive,188,13,proactive,1,,,,"no action: vuln 0.26, forecast 2.00, exposure 1.93"
proactive,189,13,proactive,1,,,,"no action: vuln 0.25, forecast 1.59, exposure 1.47"
proactive,190,13,proactive,1,,,,"no action: vuln 0.74, forecast 1.56, exposure 1.52"
proactive,191,13,proactive,1,,,,"no action: vuln 0.24, forecast 1.80, exposure 1.68"
proactive,192,13,proactive,1,,,,"no action: vuln 0.26, forecast 1.74, exposure 1.66"
proactive,193,13,proactive,1,,,,"no action: vuln 0.31, forecast 1.59, exposure 1.44"
proactive,194,13,proactive,1,,,,"no action: vuln 0.74, forecast 1.81, exposure 1.69"
proactive,195,13,proactive,1,,,,"no action: vuln 0.26, forecast 1.62, exposure 1.49"
proactive,196,13,proactive,1,,,,"no action: vuln 0.22, forecast 1.63, exposure 1.46"
proactive,197,13,proactive,1,,,,"no action: vuln 0.56, forecast 1.56, exposure 1.41"
proactive,198,13,proactive,1,,,,"no action: vuln 0.25, forecast 2.00, exposure 1.83"
proactive,199,13,proactive,1,,,,"no action: vuln 0.29, forecast 1.79, exposure 1.67"
proactive,200,13,proactive,1,,,,"no action: vuln 0.26, forecast 2.00, exposure 1.85"
proactive,201,13,proactive,1,,,,"no action: vuln 0.45, forecast 2.00, exposure 2.00"
proactive,202,13,proactive,1,,,,"no action: vuln 0.16, forecast 1.68, exposure 1.43"
proactive,203,13,proactive,1,,,,"no action: vuln 0.56, forecast 2.00, exposure 2.00"
proactive,204,13,proactive,1,,,,"no action: vuln 0.33, forecast 1.60, exposure 1.39"
proactive,205,13,proactive,1,,,,"no action: vuln 0.79, forecast 1.56, exposure 1.52"
proactive,206,13,proactive,1,,,,"no action: vuln 0.59, forecast 1.82, exposure 1.58"
proactive,207,13,proactive,1,,,,"no action: vuln 0.29, forecast 1.78, exposure 1.63"
proactive,208,13,proactive,1,,,,"no action: vuln 0.40, forecast 1.77, exposure 1.64"
proactive,209,13,proactive,1,,,,"no action: vuln 0.27, forecast 1.77, exposure 1.66"
proactive,210,13,proactive,1,,,,"no action: vuln 0.90, forecast 1.75, exposure 1.69"
proactive,211,13,proactive,1,,,,"no action: vuln 0.27, forecast 1.80, exposure 1.69"
proactive,212,13,proactive,1,,,,"no action: vuln 0.25, forecast 1.75, exposure 1.58"
proactive,213,13,proactive,1,,,,"no action: vuln 0.68, forecast 2.00, exposure 1.96"
proactive,214,13,proactive,1,,,,"no action: vuln 0.30, forecast 2.00, exposure 1.98"
proactive,215,13,proactive,1,,,,"no action: vuln 0.22, forecast 2.00, exposure 2.00"
proactive,216,13,proactive,1,,,,"no action: vuln 0.37, forecast 1.77, exposure 1.69"
proactive,217,13,proactive,1,,,,"no action: vuln 0.25, forecast 1.72, exposure 1.68"
proactive,218,13,proactive,1,,,,"no action: vuln 0.28, forecast 1.74, exposure 1.62"
proactive,219,13,proactive,1,,,,"no action: vuln 0.56, forecast 1.79, exposure 1.64"
proactive,220,13,proactive,1,,,,"no action: vuln 0.69, forecast 1.55, exposure 1.39"
proactive,221,13,proactive,1,,,,"no action: vuln 0.88, forecast 1.78, exposure 1.63"
proactive,222,13,proactive,1,,,,"no action: vuln 0.30, forecast 1.58, exposure 1.49"
proactive,223,13,proactive,1,,,,"no action: vuln 0.19, forecast 2.00, exposure 1.95"
proactive,224,13,proactive,1,,,,"no action: vuln 0.23, forecast 1.62, exposure 1.44"
proactive,225,13,proactive,1,,,,"no action: vuln 0.22, forecast 1.66, exposure 1.47"
proactive,226,13,proactive,1,,,,"no action: vuln 0.69, forecast 1.72, exposure 1.75"
proactive,227,13,proactive,1,,,,"no action: vuln 0.76, forecast 1.61, exposure 1.48"
proactive,228,13,proactive,1,,,,"no action: vuln 0.57, forecast 2.00, exposure 1.90"
proactive,229,13,proactive,1,,,,"no action: vuln 0.50, forecast 2.00, exposure 1.97"
proactive,230,13,proactive,1,,,,"no action: vuln 0.24, forecast 1.75, exposure 1.69"
proactive,231,13,proactive,1,,,,"no action: vuln 0.22, forecast 1.76, exposure 1.67"
proactive,232,13,proactive,1,,,,"no action: vuln 0.18, forecast 2.00, exposure 1.97"
proactive,233,13,proactive,1,,,,"no action: vuln 0.29, forecast 2.00, exposure 1.98"
proactive,234,13,proactive,1,,,,"no action: vuln 0.29, forecast 1.76, exposure 1.67"
proactive,235,13,proactive,1,,,,"no action: vuln 0.35, forecast 1.61, exposure 1.53"
proactive,236,13,proactive,1,,,,"no action: vuln 0.28, forecast 2.00, exposure 2.00"
proactive,237,13,proactive,1,,,,"no action: vuln 0.58, forecast 2.00, exposure 1.89"
proactive,238,13,proactive,1,,,,"no action: vuln 0.54, forecast 2.00, exposure 2.00"
proactive,239,13,proactive,1,,,,"no action: vuln 0.60, forecast 1.55, exposure 1.39"
proactive,0,14,proactive,1,SH_COREDO,6.0,2.0,proactive fallback: exposure 2.00 > 1.0; routed to SH_COREDO
proactive,1,14,proactive,1,SH_BRIDGE_PLAZA,17.0,6.0,proactive fallback: exposure 1.50 > 1.0; routed to SH_BRIDGE_PLAZA
proactive,2,14,proactive,1,SH_COREDO,6.0,2.0,vuln 0.72 >= 0.55 and forecast 1.83 >= 0.8; pre-positioned to SH_COREDO
proactive,3,14,proactive,1,SH_BRIDGE_PLAZA,17.0,6.0,proactive fallback: exposure 2.00 > 1.0; routed to SH_BRIDGE_PLAZA
proactive,4,14,proactive,1,SH_COREDO,6.0,2.0,proactive fallback: exposure 2.00 > 1.0; routed to SH_COREDO
proactive,5,14,proactive,1,SH_COREDO,6.0,2.0,vuln 0.77 >= 0.55 and forecast 2.00 >= 0.8; pre-positioned to SH_COREDO
proactive,6,14,proactive,1,SH_COREDO,6.0,2.0,vuln 0.69 >= 0.55 and forecast 2.00 >= 0.8; pre-positioned to SH_COREDO
proactive,7,14,proactive,1,SH_SUBWAY_EXIT,13.0,3.0,proactive fallback: exposure 1.80 > 1.0; routed to SH_SUBWAY_EXIT
proactive,8,14,proactive,1,SH_COREDO,6.0,2.0,vuln 0.63 >= 0.55 and forecast 2.00 >= 0.8; pre-positioned to SH_COREDO
proactive,9,14,proactive,1,SH_COREDO,6.0,2.0,proactive fallback: exposure 1.82 > 1.0; routed to SH_COREDO
proactive,10,14,proactive,1,SH_SUBWAY_EXIT,13.0,3.0,proactive fallback: exposure 1.78 > 1.0; routed to SH_SUBWAY_EXIT
proactive,11,14,proactive,1,SH_BANK_HALL,10.0,7.0,proactive fallback: exposure 1.77 > 1.0; routed to SH_BANK_HALL
proactive,12,14,proactive,1,SH_MITSUKOSHI,2.0,7.0,proactive fallback: exposure 1.61 > 1.0; routed to SH_MITSUKOSHI
proactive,13,14,proactive,1,SH_BRIDGE_PLAZA,17.0,6.0,proactive fallback: exposure 1.72 > 1.0; routed to SH_BRIDGE_PLAZA
proactive,14,14,proactive,1,SH_BRIDGE_PLAZA,17.0,6.0,proactive fallback: exposure 1.60 > 1.0; routed to SH_BRIDGE_PLAZA
proactive,15,14,proactive,1,SH_BRIDGE_PLAZA,17.0,6.0,proactive fallback: exposure 1.78 > 1.0; routed to SH_BRIDGE_PLAZA
proactive,16,14,proactive,1,SH_MITSUKOSHI,2.0,7.0,vuln 0.73 >= 0.55 and forecast 1.81 >= 0.8; pre-positioned to SH_MITSUKOSHI
proactive,17,14,proactive,1,SH_SUBWAY_EXIT,13.0,3.0,vuln 0.69 >= 0.55 and forecast 2.00 >= 0.8; pre-positioned to SH_SUBWAY_EXIT
proactive,18,14,proactive,1,SH_BRIDGE_PLAZA,17.0,6.0,proactive fallback: exposure 1.53 > 1.0; routed to SH_BRIDGE_PLAZA
proactive,19,14,proactive,1,SH_BANK_HALL,10.0,7.0,vuln 0.59 >= 0.55 and forecast 1.98 >= 0.8; pre-positioned to SH_BANK_HALL
proactive,20,14,proactive,1,SH_SUBWAY_EXIT,13.0,3.0,proactive fallback: exposure 1.77 > 1.0; routed to SH_SUBWAY_EXIT
proactive,21,14,proactive,1,SH_SUBWAY_EXIT,13.0,3.0,proactive fallback: exposure 2.00 > 1.0; routed to SH_SUBWAY_EXIT
proactive,22,14,proactive,1,SH_MITSUKOSHI,2.0,7.0,proactive fallback: exposure 1.59 > 1.0; routed to SH_MITSUKOSHI
proactive,23,14,proactive,1,SH_BANK_HALL,10.0,7.0,vuln 0.69 >= 0.55 and forecast 1.59 >= 0.8; pre-positioned to SH_BANK_HALL
proactive,24,14,proactive,1,SH_COREDO,6.0,2.0,proactive fallback: exposure 1.75 > 1.0; routed to SH_COREDO
proactive,25,14,proactive,1,SH_COREDO,6.0,2.0,proactive fallback: exposure 2.00 > 1.0; routed to SH_COREDO
proactive,26,14,proactive,1,SH_MITSUKOSHI,2.0,7.0,proactive fallback: exposure 1.54 > 1.0; routed to SH_MITSUKOSHI
proactive,27,14,proactive,1,SH_COREDO,6.0,2.0,proactive fallback: exposure 2.00 > 1.0; routed to SH_COREDO
proactive,28,14,proactive,1,SH_MITSUKOSHI,2.0,7.0,proactive fallback: exposure 1.62 > 1.0; routed to SH_MITSUKOSHI
proactive,29,14,proactive,1,SH_MITSUKOSHI,2.0,7.0,proactive fallback: exposure 1.62 > 1.0; routed to SH_MITSUKOSHI
proactive,30,14,proactive,1,SH_BANK_HALL,10.0,7.0,proactive fallback: exposure 1.48 > 1.0; routed to SH_BANK_HALL
proactive,31,14,proactive,1,SH_BRIDGE_PLAZA,17.0,6.0,proactive fallback: exposure 1.76 > 1.0; routed to SH_BRIDGE_PLAZA
proactive,32,14,proactive,1,SH_MITSUKOSHI,2.0,7.0,proactive fallback: exposure 1.79 > 1.0; routed to SH_MITSUKOSHI
proactive,33,14,proactive,1,SH_BRIDGE_PLAZA,17.0,6.0,proactive fallback: exposure 1.60 > 1.0; routed to SH_BRIDGE_PLAZA
proactive,34,14,proactive,1,SH_BRIDGE_PLAZA,17.0,6.0,vuln 0.66 >= 0.55 and forecast 1.64 >= 0.8; pre-positioned to SH_BRIDGE_PLAZA
proactive,35,14,proactive,1,SH_BANK_HALL,10.0,7.0,proactive fallback: exposure 1.45 > 1.0; routed to SH_BANK_HALL
proactive,36,14,proactive,1,SH_COREDO,6.0,2.0,proactive fallback: exposure 2.00 > 1.0; routed to SH_COREDO
proactive,37,14,proactive,1,SH_COREDO,6.0,2.0,vuln 0.86 >= 0.55 and forecast 1.83 >= 0.8; pre-positioned to SH_COREDO
proactive,38,14,proactive,1,SH_COREDO,6.0,2.0,proactive fallback: exposure 1.75 > 1.0; routed to SH_COREDO
proactive,39,14,proactive,1,SH_BANK_HALL,10.0,7.0,proactive fallback: exposure 1.63 > 1.0; routed to SH_BANK_HALL
proactive,40,14,proactive,1,SH_COREDO,6.0,2.0,vuln 0.58 >= 0.55 and forecast 1.75 >= 0.8; pre-positioned to SH_COREDO
proactive,41,14,proactive,1,SH_COREDO,6.0,2.0,proactive fallback: exposure 1.79 > 1.0; routed to SH_COREDO
proactive,42,14,proactive,1,SH_BANK_HALL,10.0,7.0,vuln 0.94 >= 0.55 and forecast 1.60 >= 0.8; pre-positioned to SH_BANK_HALL
proactive,43,14,proactive,1,SH_BRIDGE_PLAZA,17.0,6.0,proactive fallback: exposure 1.68 > 1.0; routed to SH_BRIDGE_PLAZA
proactive,44,14,proactive,1,SH_SUBWAY_EXIT,13.0,3.0,proactive fallback: exposure 2.00 > 1.0; routed to SH_SUBWAY_EXIT
proactive,45,14,proactive,1,SH_SUBWAY_EXIT,13.0,3.0,proactive fallback: exposure 2.00 > 1.0; routed to SH_SUBWAY_EXIT
proactive,46,14,proactive,1,SH_BRIDGE_PLAZA,17.0,6.0,proactive fallback: exposure 2.00 > 1.0; routed to SH_BRIDGE_PLAZA
proactive,47,14,proactive,1,SH_BANK_HALL,10.0,7.0,proactive fallback: exposure 2.00 > 1.0; routed to SH_BANK_HALL
proactive,48,14,proactive,1,SH_BANK_HALL,10.0,7.0,proactive fallback: exposure 1.52 > 1.0; routed to SH_BANK_HALL
proactive,49,14,proactive,1,SH_BRIDGE_PLAZA,17.0,6.0,vuln 0.76 >= 0.55 and forecast 1.84 >= 0.8; pre-positioned to SH_BRIDGE_PLAZA
proactive,50,14,proactive,1,SH_BANK_HALL,10.0,7.0,proactive fallback: exposure 1.58 > 1.0; routed to SH_BANK_HALL
proactive,51,14,proactive,1,SH_BANK_HALL,10.0,7.0,proactive fallback: exposure 2.00 > 1.0; routed to SH_BANK_HALL
proactive,52,14,proactive,1,SH_BANK_HALL,10.0,7.0,proactive fallback: exposure 1.55 > 1.0; routed to SH_BANK_HALL
proactive,53,14,proactive,1,SH_BRIDGE_PLAZA,17.0,6.0,proactive fallback: exposure 1.64 > 1.0; routed to SH_BRIDGE_PLAZA
proactive,54,14,proactive,1,SH_BANK_HALL,10.0,7.0,proactive fallback: exposure 1.78 > 1.0; routed to SH_BANK_HALL
proactive,55,14,proactive,1,SH_BANK_HALL,10.0,7.0,proactive fallback: exposure 2.00 > 1.0; routed to SH_BANK_HALL
proactive,56,14,proactive,1,SH_BRIDGE_PLAZA,17.0,6.0,vuln 0.74 >= 0.55 and forecast 2.00 >= 0.8; pre-positioned to SH_BRIDGE_PLAZA
proactive,57,14,proactive,1,SH_BRIDGE_PLAZA,17.0,6.0,proactive fallback: exposure 2.00 > 1.0; routed to SH_BRIDGE_PLAZA
proactive,58,14,proactive,1,SH_BRIDGE_PLAZA,17.0,6.0,proactive fallback: exposure 1.74 > 1.0; routed to SH_BRIDGE_PLAZA
proactive,59,14,proactive,1,SH_BRIDGE_PLAZA,17.0,6.0,proactive fallback: exposure 2.00 > 1.0; routed to SH_BRIDGE_PLAZA
proactive,60,14,proactive,1,SH_BRIDGE_PLAZA,17.0,6.0,proactive fallback: exposure 1.72 > 1.0; routed to SH_BRIDGE_PLAZA
proactive,61,14,proactive,1,SH_BRIDGE_PLAZA,17.0,6.0,proactive fallback: exposure 2.00 > 1.0; routed to SH_BRIDGE_PLAZA
proactive,62,14,proactive,1,SH_BRIDGE_PLAZA,17.0,6.0,vuln 0.78 >= 0.55 and forecast 2.00 >= 0.8; pre-positioned to SH_BRIDGE_PLAZA
proactive,63,14,proactive,1,SH_BRIDGE_PLAZA,17.0,6.0,vuln 0.77 >= 0.55 and forecast 1.80 >= 0.8; pre-positioned to SH_BRIDGE_PLAZA
proactive,64,14,proactive,1,,,,"no action: vuln 0.26, forecast 1.75, exposure 1.78"
proactive,65,14,proactive,1,,,,"no action: vuln 0.18, forecast 1.59, exposure 1.56"
proactive,66,14,proactive,1,,,,"no action: vuln 0.75, forecast 1.58, exposure 1.50"
proactive,67,14,proactive,1,,,,"no action: vuln 0.27, forecast 1.76, exposure 1.75"
proactive,68,14,proactive,1,,,,"no action: vuln 0.26, forecast 2.00, exposure 2.00"
proactive,69,14,proactive,1,,,,"no action: vuln 0.35, forecast 2.00, exposure 2.00"
proactive,70,14,proactive,1,,,,"no action: vuln 0.19, forecast 1.55, exposure 1.62"
proactive,71,14,proactive,1,,,,"no action: vuln 0.23, forecast 2.00, exposure 2.00"
proactive,72,14,proactive,1,,,,"no action: vuln 0.31, forecast 1.83, exposure 1.84"
proactive,73,14,proactive,1,,,,"no action: vuln 0.29, forecast 1.82, exposure 1.77"
proactive,74,14,proactive,1,,,,"no action: vuln 0.75, forecast 1.57, exposure 1.62"
proactive,75,14,proactive,1,,,,"no action: vuln 0.86, forecast 2.00, exposure 2.00"
proactive,76,14,proactive,1,,,,"no action: vuln 0.24, forecast 1.81, exposure 1.77"
proactive,77,14,proactive,1,,,,"no action: vuln 0.57, forecast 1.90, exposure 1.81"
proactive,78,14,proactive,1,,,,"no action: vuln 0.26, forecast 2.00, exposure 2.00"
proactive,79,14,proactive,1,,,,"no action: vuln 0.31, forecast 1.79, exposure 1.79"
proactive,80,14,proactive,1,,,,"no action: vuln 0.24, forecast 2.00, exposure 2.00"
proactive,81,14,proactive,1,,,,"no action: vuln 0.75, forecast 1.79, exposure 1.76"
proactive,82,14,proactive,1,,,,"no action: vuln 0.21, forecast 2.00, exposure 2.00"
proactive,83,14,proactive,1,,,,"no action: vuln 0.24, forecast 2.00, exposure 2.00"
proactive,84,14,proactive,1,,,,"no action: vuln 0.76, forecast 1.58, exposure 1.55"
proactive,85,14,proactive,1,,,,"no action: vuln 0.21, forecast 1.60, exposure 1.55"
proactive,86,14,proactive,1,,,,"no action: vuln 0.26, forecast 1.84, exposure 1.79"
proactive,87,14,proactive,1,,,,"no action: vuln 0.87, forecast 1.61, exposure 1.66"
proactive,88,14,proactive,1,,,,"no action: vuln 0.23, forecast 1.53, exposure 1.53"
proactive,89,14,proactive,1,,,,"no action: vuln 0.22, forecast 1.85, exposure 1.84"
proactive,90,14,proactive,1,,,,"no action: vuln 0.73, forecast 1.55, exposure 1.55"
proactive,91,14,proactive,1,,,,"no action: vuln 0.27, forecast 2.00, exposure 2.00"
proactive,92,14,proactive,1,,,,"no action: vuln 0.20, forecast 1.82, exposure 1.72"
proactive,93,14,proactive,1,,,,"no action: vuln 0.20, forecast 1.91, exposure 1.70"
proactive,94,14,proactive,1,,,,"no action: vuln 0.70, forecast 1.64, exposure 1.52"
proactive,95,14,proactive,1,,,,"no action: vuln 0.25, forecast 2.00, exposure 2.00"
proactive,96,14,proactive,1,,,,"no action: vuln 0.50, forecast 1.66, exposure 1.56"
proactive,97,14,proactive,1,,,,"no action: vuln 0.27, forecast 2.00, exposure 2.00"
proactive,98,14,proactive,1,,,,"no action: vuln 0.22, forecast 1.65, exposure 1.64"
proactive,99,14,proactive,1,,,,"no action: vuln 0.72, forecast 1.63, exposure 1.64"
proactive,100,14,proactive,1,,,,"no action: vuln 0.48, forecast 2.00, exposure 2.00"
proactive,101,14,proactive,1,,,,"no action: vuln 0.81, forecast 1.84, exposure 1.79"
proactive,102,14,proactive,1,,,,"no action: vuln 0.94, forecast 1.58, exposure 1.58"
proactive,103,14,proactive,1,,,,"no action: vuln 0.30, forecast 2.00, exposure 2.00"
proactive,104,14,proactive,1,,,,"no action: vuln 0.81, forecast 1.88, exposure 1.85"
proactive,105,14,proactive,1,,,,"no action: vuln 0.23, forecast 1.63, exposure 1.51"
proactive,106,14,proactive,1,,,,"no action: vuln 0.51, forecast 1.74, exposure 1.82"
proactive,107,14,proactive,1,,,,"no action: vuln 0.56, forecast 2.00, exposure 2.00"
proactive,108,14,proactive,1,,,,"no action: vuln 0.23, forecast 2.00, exposure 2.00"
proactive,109,14,proactive,1,,,,"no action: vuln 0.30, forecast 2.00, exposure 2.00"
proactive,110,14,proactive,1,,,,"no action: vuln 0.27, forecast 1.91, exposure 1.70"
proactive,111,14,proactive,1,,,,"no action: vuln 0.53, forecast 1.82, exposure 1.78"
proactive,112,14,proactive,1,,,,"no action: vuln 0.89, forecast 1.75, exposure 1.81"
proactive,113,14,proactive,1,,,,"no action: vuln 0.52, forecast 1.58, exposure 1.55"
proactive,114,14,proactive,1,,,,"no action: vuln 0.86, forecast 1.68, exposure 1.51"
proactive,115,14,proactive,1,,,,"no action: vuln 0.32, forecast 1.79, exposure 1.78"
proactive,116,14,proactive,1,,,,"no action: vuln 0.58, forecast 1.60, exposure 1.63"
proactive,117,14,proactive,1,,,,"no action: vuln 0.24, forecast 1.83, exposure 1.77"
proactive,118,14,proactive,1,,,,"no action: vuln 0.21, forecast 2.00, exposure 2.00"
proactive,119,14,proactive,1,,,,"no action: vuln 0.90, forecast 1.69, exposure 1.74"
proactive,120,14,proactive,1,,,,"no action: vuln 0.53, forecast 1.76, exposure 1.72"
proactive,121,14,proactive,1,,,,"no action: vuln 0.43, forecast 2.00, exposure 2.00"
proactive,122,14,proactive,1,,,,"no action: vuln 0.32, forecast 1.64, exposure 1.52"
proactive,123,14,proactive,1,,,,"no action: vuln 0.70, forecast 1.66, exposure 1.50"
proactive,124,14,proactive,1,,,,"no action: vuln 0.56, forecast 1.63, exposure 1.51"
proactive,125,14,proactive,1,,,,"no action: vuln 0.85, forecast 2.00, exposure 2.00"
proactive,126,14,proactive,1,,,,"no action: vuln 0.55, forecast 1.82, exposure 1.77"
proactive,127,14,proactive,1,,,,"no action: vuln 0.77, forecast 1.85, exposure 1.79"
proactive,128,14,proactive,1,,,,"no action: vuln 0.74, forecast 1.58, exposure 1.51"
proactive,129,14,proactive,1,,,,"no action: vuln 0.19, forecast 1.53, exposure 1.53"
proactive,130,14,proactive,1,,,,"no action: vuln 0.60, forecast 2.00, exposure 1.97"
proactive,131,14,proactive,1,,,,"no action: vuln 0.67, forecast 1.81, exposure 1.79"
proactive,132,14,proactive,1,,,,"no action: vuln 0.27, forecast 2.00, exposure 2.00"
proactive,133,14,proactive,1,,,,"no action: vuln 0.23, forecast 1.53, exposure 1.54"
proactive,134,14,proactive,1,,,,"no action: vuln 0.21, forecast 1.85, exposure 1.83"
proactive,135,14,proactive,1,,,,"no action: vuln 0.49, forecast 1.65, exposure 1.63"
proactive,136,14,proactive,1,,,,"no action: vuln 0.58, forecast 1.81, exposure 1.77"
proactive,137,14,proactive,1,,,,"no action: vuln 0.18, forecast 1.77, exposure 1.87"
proactive,138,14,proactive,1,,,,"no action: vuln 0.30, forecast 1.82, exposure 1.78"
proactive,139,14,proactive,1,,,,"no action: vuln 0.28, forecast 2.00, exposure 2.00"
proactive,140,14,proactive,1,,,,"no action: vuln 0.30, forecast 1.62, exposure 1.61"
proactive,141,14,proactive,1,,,,"no action: vuln 0.24, forecast 1.79, exposure 1.76"
proactive,142,14,proactive,1,,,,"no action: vuln 0.26, forecast 1.81, exposure 1.79"
proactive,143,14,proactive,1,,,,"no action: vuln 0.20, forecast 1.59, exposure 1.63"
proactive,144,14,proactive,1,,,,"no action: vuln 0.83, forecast 2.00, exposure 2.00"
proactive,145,14,proactive,1,,,,"no action: vuln 0.23, forecast 2.00, exposure 2.00"
proactive,146,14,proactive,1,,,,"no action: vuln 0.23, forecast 2.00, exposure 2.00"
proactive,147,14,proactive,1,,,,"no action: vuln 0.19, forecast 2.00, exposure 2.00"
proactive,148,14,proactive,1,,,,"no action: vuln 0.33, forecast 2.00, exposure 2.00"
proactive,149,14,proactive,1,,,,"no action: vuln 0.59, forecast 1.84, exposure 1.75"
proactive,150,14,proactive,1,,,,"no action: vuln 0.34, forecast 2.00, exposure 2.00"
proactive,151,14,proactive,1,,,,"no action: vuln 0.24, forecast 2.00, exposure 2.00"
proactive,152,14,proactive,1,,,,"no action: vuln 0.31, forecast 1.84, exposure 1.85"
proactive,153,14,proactive,1,,,,"no action: vuln 0.30, forecast 1.64, exposure 1.60"
proactive,154,14,proactive,1,,,,"no action: vuln 0.52, forecast 1.93, exposure 1.77"
proactive,155,14,proactive,1,,,,"no action: vuln 0.27, forecast 1.75, exposure 1.81"
proactive,156,14,proactive,1,,,,"no action: vuln 0.22, forecast 1.66, exposure 1.52"
proactive,157,14,proactive,1,,,,"no action: vuln 0.78, forecast 1.79, exposure 1.72"
proactive,158,14,proactive,1,,,,"no action: vuln 0.22, forecast 1.58, exposure 1.50"
proactive,159,14,proactive,1,,,,"no action: vuln 0.25, forecast 2.00, exposure 2.00"
proactive,160,14,proactive,1,,,,"no action: vuln 0.24, forecast 1.79, exposure 1.81"
proactive,161,14,proactive,1,,,,"no action: vuln 0.27, forecast 1.98, exposure 2.00"
proactive,162,14,proactive,1,,,,"no action: vuln 0.56, forecast 2.00, exposure 2.00"
proactive,163,14,proactive,1,,,,"no action: vuln 0.26, forecast 1.75, exposure 1.78"
proactive,164,14,proactive,1,,,,"no action: vuln 0.22, forecast 1.82, exposure 1.77"
proactive,165,14,proactive,1,,,,"no action: vuln 0.27, forecast 1.73, exposure 1.77"
proactive,166,14,proactive,1,,,,"no action: vuln 0.31, forecast 1.98, exposure 2.00"
proactive,167,14,proactive,1,,,,"no action: vuln 0.56, forecast 1.85, exposure 1.79"
proactive,168,14,proactive,1,,,,"no action: vuln 0.29, forecast 1.79, exposure 1.91"
proactive,169,14,proactive,1,,,,"no action: vuln 0.20, forecast 1.80, exposure 1.74"
proactive,170,14,proactive,1,,,,"no action: vuln 0.26, forecast 1.47, exposure 1.65"
proactive,171,14,proactive,1,,,,"no action: vuln 0.54, forecast 2.00, exposure 2.00"
proactive,172,14,proactive,1,,,,"no action: vuln 0.20, forecast 1.84, exposure 1.79"
proactive,173,14,proactive,1,,,,"no action: vuln 0.74, forecast 1.62, exposure 1.59"
proactive,174,14,proactive,1,,,,"no action: vuln 0.59, forecast 1.82, exposure 1.77"
proactive,175,14,proactive,1,,,,"no action: vuln 0.28, forecast 2.00, exposure 2.00"
proactive,176,14,proactive,1,,,,"no action: vuln 0.20, forecast 2.00, exposure 2.00"
proactive,177,14,proactive,1,,,,"no action: vuln 0.26, forecast 1.90, exposure 1.80"
proactive,178,14,proactive,1,,,,"no action: vuln 0.30, forecast 1.83, exposure 1.78"
proactive,179,14,proactive,1,,,,"no action: vuln 0.38, forecast 1.82, exposure 1.72"
proactive,180,14,proactive,1,,,,"no action: vuln 0.71, forecast 1.70, exposure 1.63"
proactive,181,14,proactive,1,,,,"no action: vuln 0.52, forecast 2.00, exposure 2.00"
proactive,182,14,proactive,1,,,,"no action: vuln 0.22, forecast 1.79, exposure 1.78"
proactive,183,14,proactive,1,,,,"no action: vuln 0.24, forecast 1.88, exposure 1.77"
proactive,184,14,proactive,1,,,,"no action: vuln 0.21, forecast 1.80, exposure 1.71"
proactive,185,14,proactive,1,,,,"no action: vuln 0.90, forecast 2.00, exposure 2.00"
proactive,186,14,proactive,1,,,,"no action: vuln 0.27, forecast 2.00, exposure 2.00"
proactive,187,14,proactive,1,,,,"no action: vuln 0.23, forecast 2.00, exposure 2.00"
proactive,188,14,proactive,1,,,,"no action: vuln 0.26, forecast 2.00, exposure 2.00"
proactive,189,14,proactive,1,,,,"no action: vuln 0.25, forecast 1.57, exposure 1.59"
proactive,190,14,proactive,1,,,,"no action: vuln 0.74, forecast 1.56, exposure 1.56"
proactive,191,14,proactive,1,,,,"no action: vuln 0.24, forecast 1.90, exposure 1.80"
proactive,192,14,proactive,1,,,,"no action: vuln 0.26, forecast 1.72, exposure 1.74"
proactive,193,14,proactive,1,,,,"no action: vuln 0.31, forecast 1.64, exposure 1.59"
proactive,194,14,proactive,1,,,,"no action: vuln 0.74, forecast 1.75, exposure 1.81"
proactive,195,14,proactive,1,,,,"no action: vuln 0.26, forecast 1.57, exposure 1.62"
proactive,196,14,proactive,1,,,,"no action: vuln 0.22, forecast 1.65, exposure 1.63"
proactive,197,14,proactive,1,,,,"no action: vuln 0.56, forecast 1.60, exposure 1.56"
proactive,198,14,proactive,1,,,,"no action: vuln 0.25, forecast 1.98, exposure 2.00"
proactive,199,14,proactive,1,,,,"no action: vuln 0.29, forecast 1.81, exposure 1.79"
proactive,200,14,proactive,1,,,,"no action: vuln 0.26, forecast 2.00, exposure 2.00"
proactive,201,14,proactive,1,,,,"no action: vuln 0.45, forecast 2.00, exposure 2.00"
proactive,202,14,proactive,1,,,,"no action: vuln 0.16, forecast 1.57, exposure 1.68"
proactive,203,14,proactive,1,,,,"no action: vuln 0.56, forecast 2.00, exposure 2.00"
proactive,204,14,proactive,1,,,,"no action: vuln 0.33, forecast 1.64, exposure 1.60"
proactive,205,14,proactive,1,,,,"no action: vuln 0.79, forecast 1.66, exposure 1.56"
proactive,206,14,proactive,1,,,,"no action: vuln 0.59, forecast 1.73, exposure 1.82"
proactive,207,14,proactive,1,,,,"no action: vuln 0.29, forecast 1.79, exposure 1.78"
proactive,208,14,proactive,1,,,,"no action: vuln 0.40, forecast 1.82, exposure 1.77"
proactive,209,14,proactive,1,,,,"no action: vuln 0.27, forecast 1.80, exposure 1.77"
proactive,210,14,proactive,1,,,,"no action: vuln 0.90, forecast 1.76, exposure 1.75"
proactive,211,14,proactive,1,,,,"no action: vuln 0.27, forecast 1.82, exposure 1.80"
proactive,212,14,proactive,1,,,,"no action: vuln 0.25, forecast 1.96, exposure 1.75"
proactive,213,14,proactive,1,,,,"no action: vuln 0.68, forecast 2.00, exposure 2.00"
proactive,214,14,proactive,1,,,,"no action: vuln 0.30, forecast 2.00, exposure 2.00"
proactive,215,14,proactive,1,,,,"no action: vuln 0.22, forecast 2.00, exposure 2.00"
proactive,216,14,proactive,1,,,,"no action: vuln 0.37, forecast 1.81, exposure 1.77"
proactive,217,14,proactive,1,,,,"no action: vuln 0.25, forecast 1.79, exposure 1.72"
proactive,218,14,proactive,1,,,,"no action: vuln 0.28, forecast 1.74, exposure 1.74"
proactive,219,14,proactive,1,,,,"no action: vuln 0.56, forecast 1.84, exposure 1.79"
proactive,220,14,proactive,1,,,,"no action: vuln 0.69, forecast 1.60, exposure 1.55"
proactive,221,14,proactive,1,,,,"no action: vuln 0.88, forecast 1.79, exposure 1.78"
proactive,222,14,proactive,1,,,,"no action: vuln 0.30, forecast 1.55, exposure 1.58"
proactive,223,14,proactive,1,,,,"no action: vuln 0.19, forecast 2.00, exposure 2.00"
proactive,224,14,proactive,1,,,,"no action: vuln 0.23, forecast 1.63, exposure 1.62"
proactive,225,14,proactive,1,,,,"no action: vuln 0.22, forecast 1.61, exposure 1.66"
proactive,226,14,proactive,1,,,,"no action: vuln 0.69, forecast 1.82, exposure 1.72"
proactive,227,14,proactive,1,,,,"no action: vuln 0.76, forecast 1.62, exposure 1.61"
proactive,228,14,proactive,1,,,,"no action: vuln 0.57, forecast 2.00, exposure 2.00"
proactive,229,14,proactive,1,,,,"no action: vuln 0.50, forecast 2.00, exposure 2.00"
proactive,230,14,proactive,1,,,,"no action: vuln 0.24, forecast 1.80, exposure 1.75"
proactive,231,14,proactive,1,,,,"no action: vuln 0.22, forecast 1.84, exposure 1.76"
proactive,232,14,proactive,1,,,,"no action: vuln 0.18, forecast 2.00, exposure 2.00"
proactive,233,14,proactive,1,,,,"no action: vuln 0.29, forecast 2.00, exposure 2.00"
proactive,234,14,proactive,1,,,,"no action: vuln 0.29, forecast 1.84, exposure 1.76"
proactive,235,14,proactive,1,,,,"no action: vuln 0.35, forecast 1.60, exposure 1.61"
proactive,236,14,proactive,1,,,,"no action: vuln 0.28, forecast 1.96, exposure 2.00"
proactive,237,14,proactive,1,,,,"no action: vuln 0.58, forecast 2.00, exposure 2.00"
proactive,238,14,proactive,1,,,,"no action: vuln 0.54, forecast 2.00, exposure 2.00"
proactive,239,14,proactive,1,,,,"no action: vuln 0.60, forecast 1.60, exposure 1.55"
proactive,0,15,proactive,1,SH_COREDO,6.0,2.0,proactive fallback: exposure 2.00 > 1.0; routed to SH_COREDO
proactive,1,15,proactive,1,SH_BRIDGE_PLAZA,17.0,6.0,proactive fallback: exposure 1.66 > 1.0; routed to SH_BRIDGE_PLAZA
proactive,2,15,proactive,1,SH_COREDO,6.0,2.0,vuln 0.72 >= 0.55 and forecast 1.70 >= 0.8; pre-positioned to SH_COREDO
proactive,3,15,proactive,1,SH_BRIDGE_PLAZA,17.0,6.0,proactive fallback: exposure 2.00 > 1.0; routed to SH_BRIDGE_PLAZA
proactive,4,15,proactive,1,SH_COREDO,6.0,2.0,proactive fallback: exposure 1.96 > 1.0; routed to SH_COREDO
proactive,5,15,proactive,1,SH_COREDO,6.0,2.0,vuln 0.77 >= 0.55 and forecast 1.91 >= 0.8; pre-positioned to SH_COREDO
proactive,6,15,proactive,1,SH_COREDO,6.0,2.0,vuln 0.69 >= 0.55 and forecast 1.96 >= 0.8; pre-positioned to SH_COREDO
proactive,7,15,proactive,1,SH_SUBWAY_EXIT,13.0,3.0,proactive fallback: exposure 1.76 > 1.0; routed to SH_SUBWAY_EXIT
proactive,8,15,proactive,1,SH_COREDO,6.0,2.0,vuln 0.63 >= 0.55 and forecast 1.99 >= 0.8; pre-positioned to SH_COREDO
proactive,9,15,proactive,1,SH_COREDO,6.0,2.0,proactive fallback: exposure 1.74 > 1.0; routed to SH_COREDO
proactive,10,15,proactive,1,SH_SUBWAY_EXIT,13.0,3.0,proactive fallback: exposure 1.75 > 1.0; routed to SH_SUBWAY_EXIT
proactive,11,15,proactive,1,SH_BANK_HALL,10.0,7.0,proactive fallback: exposure 1.83 > 1.0; routed to SH_BANK_HALL
proactive,12,15,proactive,1,SH_MITSUKOSHI,2.0,7.0,proactive fallback: exposure 1.62 > 1.0; routed to SH_MITSUKOSHI
proactive,13,15,proactive,1,SH_BRIDGE_PLAZA,17.0,6.0,proactive fallback: exposure 1.76 > 1.0; routed to SH_BRIDGE_PLAZA
proactive,14,15,proactive,1,SH_BRIDGE_PLAZA,17.0,6.0,proactive fallback: exposure 1.63 > 1.0; routed to SH_BRIDGE_PLAZA
proactive,15,15,proactive,1,SH_BRIDGE_PLAZA,17.0,6.0,proactive fallback: exposure 1.82 > 1.0; routed to SH_BRIDGE_PLAZA
proactive,16,15,proactive,1,SH_MITSUKOSHI,2.0,7.0,vuln 0.73 >= 0.55 and forecast 1.75 >= 0.8; pre-positioned to SH_MITSUKOSHI
proactive,17,15,proactive,1,SH_SUBWAY_EXIT,13.0,3.0,vuln 0.69 >= 0.55 and forecast 2.00 >= 0.8; pre-positioned to SH_SUBWAY_EXIT
proactive,18,15,proactive,1,SH_BRIDGE_PLAZA,17.0,6.0,proactive fallback: exposure 1.53 > 1.0; routed to SH_BRIDGE_PLAZA
proactive,19,15,proactive,1,SH_BANK_HALL,10.0,7.0,vuln 0.59 >= 0.55 and forecast 2.00 >= 0.8; pre-positioned to SH_BANK_HALL
proactive,20,15,proactive,1,SH_SUBWAY_EXIT,13.0,3.0,proactive fallback: exposure 1.82 > 1.0; routed to SH_SUBWAY_EXIT
proactive,21,15,proactive,1,SH_SUBWAY_EXIT,13.0,3.0,proactive fallback: exposure 2.00 > 1.0; routed to SH_SUBWAY_EXIT
proactive,22,15,proactive,1,SH_MITSUKOSHI,2.0,7.0,proactive fallback: exposure 1.64 > 1.0; routed to SH_MITSUKOSHI
proactive,23,15,proactive,1,SH_BANK_HALL,10.0,7.0,vuln 0.69 >= 0.55 and forecast 1.54 >= 0.8; pre-positioned to SH_BANK_HALL
proactive,24,15,proactive,1,SH_COREDO,6.0,2.0,proactive fallback: exposure 1.80 > 1.0; routed to SH_COREDO
proactive,25,15,proactive,1,SH_COREDO,6.0,2.0,proactive fallback: exposure 2.00 > 1.0; routed to SH_COREDO
proactive,26,15,proactive,1,SH_MITSUKOSHI,2.0,7.0,proactive fallback: exposure 1.60 > 1.0; routed to SH_MITSUKOSHI
proactive,27,15,proactive,1,SH_COREDO,6.0,2.0,proactive fallback: exposure 1.96 > 1.0; routed to SH_COREDO
proactive,28,15,proactive,1,SH_MITSUKOSHI,2.0,7.0,proactive fallback: exposure 1.64 > 1.0; routed to SH_MITSUKOSHI
proactive,29,15,proactive,1,SH_MITSUKOSHI,2.0,7.0,proactive fallback: exposure 1.57 > 1.0; routed to SH_MITSUKOSHI
proactive,30,15,proactive,1,SH_BANK_HALL,10.0,7.0,proactive fallback: exposure 1.59 > 1.0; routed to SH_BANK_HALL
proactive,31,15,proactive,1,SH_BRIDGE_PLAZA,17.0,6.0,proactive fallback: exposure 1.80 > 1.0; routed to SH_BRIDGE_PLAZA
proactive,32,15,proactive,1,SH_MITSUKOSHI,2.0,7.0,proactive fallback: exposure 1.79 > 1.0; routed to SH_MITSUKOSHI
proactive,33,15,proactive,1,SH_BRIDGE_PLAZA,17.0,6.0,proactive fallback: exposure 1.64 > 1.0; routed to SH_BRIDGE_PLAZA
proactive,34,15,proactive,1,SH_BRIDGE_PLAZA,17.0,6.0,vuln 0.66 >= 0.55 and forecast 1.52 >= 0.8; pre-positioned to SH_BRIDGE_PLAZA
proactive,35,15,proactive,1,SH_BANK_HALL,10.0,7.0,proactive fallback: exposure 1.64 > 1.0; routed to SH_BANK_HALL
proactive,36,15,proactive,1,SH_COREDO,6.0,2.0,proactive fallback: exposure 2.00 > 1.0; routed to SH_COREDO
proactive,37,15,proactive,1,SH_MITSUKOSHI,2.0,7.0,vuln 0.86 >= 0.55 and forecast 1.70 >= 0.8; pre-positioned to SH_MITSUKOSHI
proactive,38,15,proactive,1,SH_MITSUKOSHI,2.0,7.0,proactive fallback: exposure 1.76 > 1.0; routed to SH_MITSUKOSHI
proactive,39,15,proactive,1,SH_MITSUKOSHI,2.0,7.0,proactive fallback: exposure 1.60 > 1.0; routed to SH_MITSUKOSHI
proactive,40,15,proactive,1,SH_COREDO,6.0,2.0,vuln 0.58 >= 0.55 and forecast 1.73 >= 0.8; pre-positioned to SH_COREDO
proactive,41,15,proactive,1,SH_COREDO,6.0,2.0,proactive fallback: exposure 1.84 > 1.0; routed to SH_COREDO
proactive,42,15,proactive,1,SH_BANK_HALL,10.0,7.0,vuln 0.94 >= 0.55 and forecast 1.50 >= 0.8; pre-positioned to SH_BANK_HALL
proactive,43,15,proactive,1,SH_BRIDGE_PLAZA,17.0,6.0,proactive fallback: exposure 1.57 > 1.0; routed to SH_BRIDGE_PLAZA
proactive,44,15,proactive,1,SH_SUBWAY_EXIT,13.0,3.0,proactive fallback: exposure 1.98 > 1.0; routed to SH_SUBWAY_EXIT
proactive,45,15,proactive,1,SH_COREDO,6.0,2.0,proactive fallback: exposure 2.00 > 1.0; routed to SH_COREDO
proactive,46,15,proactive,1,SH_BRIDGE_PLAZA,17.0,6.0,proactive fallback: exposure 2.00 > 1.0; routed to SH_BRIDGE_PLAZA
proactive,47,15,proactive,1,SH_SUBWAY_EXIT,13.0,3.0,proactive fallback: exposure 2.00 > 1.0; routed to SH_SUBWAY_EXIT
proactive,48,15,proactive,1,SH_BANK_HALL,10.0,7.0,proactive fallback: exposure 1.59 > 1.0; routed to SH_BANK_HALL
proactive,49,15,proactive,1,SH_BRIDGE_PLAZA,17.0,6.0,vuln 0.76 >= 0.55 and forecast 1.70 >= 0.8; pre-positioned to SH_BRIDGE_PLAZA
proactive,50,15,proactive,1,SH_BANK_HALL,10.0,7.0,proactive fallback: exposure 1.58 > 1.0; routed to SH_BANK_HALL
proactive,51,15,proactive,1,SH_SUBWAY_EXIT,13.0,3.0,proactive fallback: exposure 2.00 > 1.0; routed to SH_SUBWAY_EXIT
proactive,52,15,proactive,1,SH_BANK_HALL,10.0,7.0,proactive fallback: exposure 1.58 > 1.0; routed to SH_BANK_HALL
proactive,53,15,proactive,1,SH_BRIDGE_PLAZA,17.0,6.0,proactive fallback: exposure 1.65 > 1.0; routed to SH_BRIDGE_PLAZA
proactive,54,15,proactive,1,SH_MITSUKOSHI,2.0,7.0,proactive fallback: exposure 1.74 > 1.0; routed to SH_MITSUKOSHI
proactive,55,15,proactive,1,SH_COREDO,6.0,2.0,proactive fallback: exposure 2.00 > 1.0; routed to SH_COREDO
proactive,56,15,proactive,1,SH_SUBWAY_EXIT,13.0,3.0,vuln 0.74 >= 0.55 and forecast 1.98 >= 0.8; pre-positioned to SH_SUBWAY_EXIT
proactive,57,15,proactive,1,SH_COREDO,6.0,2.0,proactive fallback: exposure 2.00 > 1.0; routed to SH_COREDO
proactive,58,15,proactive,1,SH_MITSUKOSHI,2.0,7.0,proactive fallback: exposure 1.69 > 1.0; routed to SH_MITSUKOSHI
proactive,59,15,proactive,1,SH_SUBWAY_EXIT,13.0,3.0,proactive fallback: exposure 2.00 > 1.0; routed to SH_SUBWAY_EXIT
proactive,60,15,proactive,1,SH_BRIDGE_PLAZA,17.0,6.0,proactive fallback: exposure 1.76 > 1.0; routed to SH_BRIDGE_PLAZA
proactive,61,15,proactive,1,SH_SUBWAY_EXIT,13.0,3.0,proactive fallback: exposure 2.00 > 1.0; routed to SH_SUBWAY_EXIT
proactive,62,15,proactive,1,SH_COREDO,6.0,2.0,vuln 0.78 >= 0.55 and forecast 2.00 >= 0.8; pre-positioned to SH_COREDO
proactive,63,15,proactive,1,SH_COREDO,6.0,2.0,vuln 0.77 >= 0.55 and forecast 1.68 >= 0.8; pre-positioned to SH_COREDO
proactive,64,15,proactive,1,SH_SUBWAY_EXIT,13.0,3.0,proactive fallback: exposure 1.75 > 1.0; routed to SH_SUBWAY_EXIT
proactive,65,15,proactive,1,SH_BRIDGE_PLAZA,17.0,6.0,proactive fallback: exposure 1.59 > 1.0; routed to SH_BRIDGE_PLAZA
proactive,66,15,proactive,1,SH_BANK_HALL,10.0,7.0,vuln 0.75 >= 0.55 and forecast 1.57 >= 0.8; pre-positioned to SH_BANK_HALL
proactive,67,15,proactive,1,SH_MITSUKOSHI,2.0,7.0,proactive fallback: exposure 1.76 > 1.0; routed to SH_MITSUKOSHI
proactive,68,15,proactive,1,SH_SUBWAY_EXIT,13.0,3.0,proactive fallback: exposure 2.00 > 1.0; routed to SH_SUBWAY_EXIT
proactive,69,15,proactive,1,SH_SUBWAY_EXIT,13.0,3.0,proactive fallback: exposure 2.00 > 1.0; routed to SH_SUBWAY_EXIT
proactive,70,15,proactive,1,SH_BANK_HALL,10.0,7.0,proactive fallback: exposure 1.55 > 1.0; routed to SH_BANK_HALL
proactive,71,15,proactive,1,SH_COREDO,6.0,2.0,proactive fallback: exposure 2.00 > 1.0; routed to SH_COREDO
proactive,72,15,proactive,1,SH_MITSUKOSHI,2.0,7.0,proactive fallback: exposure 1.83 > 1.0; routed to SH_MITSUKOSHI
proactive,73,15,proactive,1,SH_BRIDGE_PLAZA,17.0,6.0,proactive fallback: exposure 1.82 > 1.0; routed to SH_BRIDGE_PLAZA
proactive,74,15,proactive,1,SH_MITSUKOSHI,2.0,7.0,vuln 0.75 >= 0.55 and forecast 1.52 >= 0.8; pre-positioned to SH_MITSUKOSHI
proactive,75,15,proactive,1,SH_SUBWAY_EXIT,13.0,3.0,vuln 0.86 >= 0.55 and forecast 2.00 >= 0.8; pre-positioned to SH_SUBWAY_EXIT
proactive,76,15,proactive,1,SH_MITSUKOSHI,2.0,7.0,proactive fallback: exposure 1.81 > 1.0; routed to SH_MITSUKOSHI
proactive,77,15,proactive,1,SH_COREDO,6.0,2.0,vuln 0.57 >= 0.55 and forecast 1.70 >= 0.8; pre-positioned to SH_COREDO
proactive,78,15,proactive,1,SH_BRIDGE_PLAZA,17.0,6.0,proactive fallback: exposure 2.00 > 1.0; routed to SH_BRIDGE_PLAZA
proactive,79,15,proactive,1,SH_MITSUKOSHI,2.0,7.0,proactive fallback: exposure 1.79 > 1.0; routed to SH_MITSUKOSHI
proactive,80,15,proactive,1,SH_COREDO,6.0,2.0,proactive fallback: exposure 2.00 > 1.0; routed to SH_COREDO
proactive,81,15,proactive,1,SH_BRIDGE_PLAZA,17.0,6.0,vuln 0.75 >= 0.55 and forecast 1.63 >= 0.8; pre-positioned to SH_BRIDGE_PLAZA
proactive,82,15,proactive,1,SH_SUBWAY_EXIT,13.0,3.0,proactive fallback: exposure 2.00 > 1.0; routed to SH_SUBWAY_EXIT
proactive,83,15,proactive,1,SH_SUBWAY_EXIT,13.0,3.0,proactive fallback: exposure 2.00 > 1.0; routed to SH_SUBWAY_EXIT
proactive,84,15,proactive,1,SH_MITSUKOSHI,2.0,7.0,vuln 0.76 >= 0.55 and forecast 1.51 >= 0.8; pre-positioned to SH_MITSUKOSHI
proactive,85,15,proactive,1,SH_BANK_HALL,10.0,7.0,proactive fallback: exposure 1.60 > 1.0; routed to SH_BANK_HALL
proactive,86,15,proactive,1,SH_COREDO,6.0,2.0,proactive fallback: exposure 1.84 > 1.0; routed to SH_COREDO
proactive,87,15,proactive,1,SH_BANK_HALL,10.0,7.0,vuln 0.87 >= 0.55 and forecast 1.46 >= 0.8; pre-positioned to SH_BANK_HALL
proactive,88,15,proactive,1,SH_BRIDGE_PLAZA,17.0,6.0,proactive fallback: exposure 1.53 > 1.0; routed to SH_BRIDGE_PLAZA
proactive,89,15,proactive,1,SH_SUBWAY_EXIT,13.0,3.0,proactive fallback: exposure 1.85 > 1.0; routed to SH_SUBWAY_EXIT
proactive,90,15,proactive,1,SH_BANK_HALL,10.0,7.0,vuln 0.73 >= 0.55 and forecast 1.50 >= 0.8; pre-positioned to SH_BANK_HALL
proactive,91,15,proactive,1,SH_BRIDGE_PLAZA,17.0,6.0,proactive fallback: exposure 2.00 > 1.0; routed to SH_BRIDGE_PLAZA
proactive,92,15,proactive,1,SH_BRIDGE_PLAZA,17.0,6.0,proactive fallback: exposure 1.82 > 1.0; routed to SH_BRIDGE_PLAZA
proactive,93,15,proactive,1,SH_MITSUKOSHI,2.0,7.0,proactive fallback: exposure 1.91 > 1.0; routed to SH_MITSUKOSHI
proactive,94,15,proactive,1,SH_MITSUKOSHI,2.0,7.0,vuln 0.70 >= 0.55 and forecast 1.50 >= 0.8; pre-positioned to SH_MITSUKOSHI
proactive,95,15,proactive,1,SH_SUBWAY_EXIT,13.0,3.0,proactive fallback: exposure 2.00 > 1.0; routed to SH_SUBWAY_EXIT
proactive,96,15,proactive,1,SH_MITSUKOSHI,2.0,7.0,proactive fallback: exposure 1.66 > 1.0; routed to SH_MITSUKOSHI
proactive,97,15,proactive,1,SH_BRIDGE_PLAZA,17.0,6.0,proactive fallback: exposure 2.00 > 1.0; routed to SH_BRIDGE_PLAZA
proactive,98,15,proactive,1,SH_BRIDGE_PLAZA,17.0,6.0,proactive fallback: exposure 1.65 > 1.0; routed to SH_BRIDGE_PLAZA
proactive,99,15,proactive,1,SH_BANK_HALL,10.0,7.0,vuln 0.72 >= 0.55 and forecast 1.48 >= 0.8; pre-positioned to SH_BANK_HALL
proactive,100,15,proactive,1,SH_SUBWAY_EXIT,13.0,3.0,proactive fallback: exposure 2.00 > 1.0; routed to SH_SUBWAY_EXIT
proactive,101,15,proactive,1,SH_COREDO,6.0,2.0,vuln 0.81 >= 0.55 and forecast 1.67 >= 0.8; pre-positioned to SH_COREDO
proactive,102,15,proactive,1,SH_BANK_HALL,10.0,7.0,vuln 0.94 >= 0.55 and forecast 1.50 >= 0.8; pre-positioned to SH_BANK_HALL
proactive,103,15,proactive,1,SH_COREDO,6.0,2.0,proactive fallback: exposure 2.00 > 1.0; routed to SH_COREDO
proactive,104,15,proactive,1,SH_COREDO,6.0,2.0,vuln 0.81 >= 0.55 and forecast 1.73 >= 0.8; pre-positioned to SH_COREDO
proactive,105,15,proactive,1,SH_BRIDGE_PLAZA,17.0,6.0,proactive fallback: exposure 1.63 > 1.0; routed to SH_BRIDGE_PLAZA
proactive,106,15,proactive,1,SH_SUBWAY_EXIT,13.0,3.0,proactive fallback: exposure 1.74 > 1.0; routed to SH_SUBWAY_EXIT
proactive,107,15,proactive,1,SH_SUBWAY_EXIT,13.0,3.0,vuln 0.56 >= 0.55 and forecast 1.94 >= 0.8; pre-positioned to SH_SUBWAY_EXIT
proactive,108,15,proactive,1,SH_SUBWAY_EXIT,13.0,3.0,proactive fallback: exposure 2.00 > 1.0; routed to SH_SUBWAY_EXIT
proactive,109,15,proactive,1,SH_SUBWAY_EXIT,13.0,3.0,proactive fallback: exposure 2.00 > 1.0; routed to SH_SUBWAY_EXIT
proactive,110,15,proactive,1,SH_BANK_HALL,10.0,7.0,proactive fallback: exposure 1.91 > 1.0; routed to SH_BANK_HALL
proactive,111,15,proactive,1,SH_SUBWAY_EXIT,13.0,3.0,proactive fallback: exposure 1.82 > 1.0; routed to SH_SUBWAY_EXIT
proactive,112,15,proactive,1,SH_BANK_HALL,10.0,7.0,vuln 0.89 >= 0.55 and forecast 1.73 >= 0.8; pre-positioned to SH_BANK_HALL
proactive,113,15,proactive,1,SH_BANK_HALL,10.0,7.0,proactive fallback: exposure 1.58 > 1.0; routed to SH_BANK_HALL
proactive,114,15,proactive,1,SH_BANK_HALL,10.0,7.0,vuln 0.86 >= 0.55 and forecast 1.52 >= 0.8; pre-positioned to SH_BANK_HALL
proactive,115,15,proactive,1,SH_SUBWAY_EXIT,13.0,3.0,proactive fallback: exposure 1.79 > 1.0; routed to SH_SUBWAY_EXIT
proactive,116,15,proactive,1,SH_SUBWAY_EXIT,13.0,3.0,vuln 0.58 >= 0.55 and forecast 1.44 >= 0.8; pre-positioned to SH_SUBWAY_EXIT
proactive,117,15,proactive,1,SH_SUBWAY_EXIT,13.0,3.0,proactive fallback: exposure 1.83 > 1.0; routed to SH_SUBWAY_EXIT
proactive,118,15,proactive,1,,,,"no action: vuln 0.21, forecast 1.99, exposure 2.00"
proactive,119,15,proactive,1,,,,"no action: vuln 0.90, forecast 1.72, exposure 1.69"
proactive,120,15,proactive,1,,,,"no action: vuln 0.53, forecast 1.72, exposure 1.76"
proactive,121,15,proactive,1,,,,"no action: vuln 0.43, forecast 2.00, exposure 2.00"
proactive,122,15,proactive,1,,,,"no action: vuln 0.32, forecast 1.50, exposure 1.64"
proactive,123,15,proactive,1,,,,"no action: vuln 0.70, forecast 1.45, exposure 1.66"
proactive,124,15,proactive,1,,,,"no action: vuln 0.56, forecast 1.50, exposure 1.63"
proactive,125,15,proactive,1,,,,"no action: vuln 0.85, forecast 1.91, exposure 2.00"
proactive,126,15,proactive,1,,,,"no action: vuln 0.55, forecast 1.65, exposure 1.82"
proactive,127,15,proactive,1,,,,"no action: vuln 0.77, forecast 1.73, exposure 1.85"
proactive,128,15,proactive,1,,,,"no action: vuln 0.74, forecast 1.50, exposure 1.58"
proactive,129,15,proactive,1,,,,"no action: vuln 0.19, forecast 1.53, exposure 1.53"
proactive,130,15,proactive,1,,,,"no action: vuln 0.60, forecast 2.00, exposure 2.00"
proactive,131,15,proactive,1,,,,"no action: vuln 0.67, forecast 1.65, exposure 1.81"
proactive,132,15,proactive,1,,,,"no action: vuln 0.27, forecast 1.98, exposure 2.00"
proactive,133,15,proactive,1,,,,"no action: vuln 0.23, forecast 1.58, exposure 1.53"
proactive,134,15,proactive,1,,,,"no action: vuln 0.21, forecast 1.66, exposure 1.85"
proactive,135,15,proactive,1,,,,"no action: vuln 0.49, forecast 1.45, exposure 1.65"
proactive,136,15,proactive,1,,,,"no action: vuln 0.58, forecast 1.75, exposure 1.81"
proactive,137,15,proactive,1,,,,"no action: vuln 0.18, forecast 1.70, exposure 1.77"
proactive,138,15,proactive,1,,,,"no action: vuln 0.30, forecast 1.64, exposure 1.82"
proactive,139,15,proactive,1,,,,"no action: vuln 0.28, forecast 1.96, exposure 2.00"
proactive,140,15,proactive,1,,,,"no action: vuln 0.30, forecast 1.56, exposure 1.62"
proactive,141,15,proactive,1,,,,"no action: vuln 0.24, forecast 1.63, exposure 1.79"
proactive,142,15,proactive,1,,,,"no action: vuln 0.26, forecast 1.65, exposure 1.81"
proactive,143,15,proactive,1,,,,"no action: vuln 0.20, forecast 1.41, exposure 1.59"
proactive,144,15,proactive,1,,,,"no action: vuln 0.83, forecast 2.00, exposure 2.00"
proactive,145,15,proactive,1,,,,"no action: vuln 0.23, forecast 2.00, exposure 2.00"
proactive,146,15,proactive,1,,,,"no action: vuln 0.23, forecast 2.00, exposure 2.00"
proactive,147,15,proactive,1,,,,"no action: vuln 0.19, forecast 2.00, exposure 2.00"
proactive,148,15,proactive,1,,,,"no action: vuln 0.33, forecast 2.00, exposure 2.00"
proactive,149,15,proactive,1,,,,"no action: vuln 0.59, forecast 1.70, exposure 1.84"
proactive,150,15,proactive,1,,,,"no action: vuln 0.34, forecast 2.00, exposure 2.00"
proactive,151,15,proactive,1,,,,"no action: vuln 0.24, forecast 2.00, exposure 2.00"
proactive,152,15,proactive,1,,,,"no action: vuln 0.31, forecast 1.73, exposure 1.84"
proactive,153,15,proactive,1,,,,"no action: vuln 0.30, forecast 1.52, exposure 1.64"
proactive,154,15,proactive,1,,,,"no action: vuln 0.52, forecast 1.60, exposure 1.93"
proactive,155,15,proactive,1,,,,"no action: vuln 0.27, forecast 1.73, exposure 1.75"
proactive,156,15,proactive,1,,,,"no action: vuln 0.22, forecast 1.49, exposure 1.66"
proactive,157,15,proactive,1,,,,"no action: vuln 0.78, forecast 1.65, exposure 1.79"
proactive,158,15,proactive,1,,,,"no action: vuln 0.22, forecast 1.57, exposure 1.58"
proactive,159,15,proactive,1,,,,"no action: vuln 0.25, forecast 1.99, exposure 2.00"
proactive,160,15,proactive,1,,,,"no action: vuln 0.24, forecast 1.72, exposure 1.79"
proactive,161,15,proactive,1,,,,"no action: vuln 0.27, forecast 1.96, exposure 1.98"
proactive,162,15,proactive,1,,,,"no action: vuln 0.56, forecast 2.00, exposure 2.00"
proactive,163,15,proactive,1,,,,"no action: vuln 0.26, forecast 1.73, exposure 1.75"
proactive,164,15,proactive,1,,,,"no action: vuln 0.22, forecast 1.65, exposure 1.82"
proactive,165,15,proactive,1,,,,"no action: vuln 0.27, forecast 1.72, exposure 1.73"
proactive,166,15,proactive,1,,,,"no action: vuln 0.31, forecast 2.00, exposure 1.98"
proactive,167,15,proactive,1,,,,"no action: vuln 0.56, forecast 1.73, exposure 1.85"
proactive,168,15,proactive,1,,,,"no action: vuln 0.29, forecast 1.72, exposure 1.79"
proactive,169,15,proactive,1,,,,"no action: vuln 0.20, forecast 1.70, exposure 1.80"
proactive,170,15,proactive,1,,,,"no action: vuln 0.26, forecast 1.40, exposure 1.47"
proactive,171,15,proactive,1,,,,"no action: vuln 0.54, forecast 2.00, exposure 2.00"
proactive,172,15,proactive,1,,,,"no action: vuln 0.20, forecast 1.70, exposure 1.84"
proactive,173,15,proactive,1,,,,"no action: vuln 0.74, forecast 1.54, exposure 1.62"
proactive,174,15,proactive,1,,,,"no action: vuln 0.59, forecast 1.75, exposure 1.82"
proactive,175,15,proactive,1,,,,"no action: vuln 0.28, forecast 2.00, exposure 2.00"
proactive,176,15,proactive,1,,,,"no action: vuln 0.20, forecast 2.00, exposure 2.00"
proactive,177,15,proactive,1,,,,"no action: vuln 0.26, forecast 1.78, exposure 1.90"
proactive,178,15,proactive,1,,,,"no action: vuln 0.30, forecast 1.70, exposure 1.83"
proactive,179,15,proactive,1,,,,"no action: vuln 0.38, forecast 1.69, exposure 1.82"
proactive,180,15,proactive,1,,,,"no action: vuln 0.71, forecast 1.46, exposure 1.70"
proactive,181,15,proactive,1,,,,"no action: vuln 0.52, forecast 2.00, exposure 2.00"
proactive,182,15,proactive,1,,,,"no action: vuln 0.22, forecast 1.71, exposure 1.79"
proactive,183,15,proactive,1,,,,"no action: vuln 0.24, forecast 1.75, exposure 1.88"
proactive,184,15,proactive,1,,,,"no action: vuln 0.21, forecast 1.72, exposure 1.80"
proactive,185,15,proactive,1,,,,"no action: vuln 0.90, forecast 1.98, exposure 2.00"
proactive,186,15,proactive,1,,,,"no action: vuln 0.27, forecast 1.98, exposure 2.00"
proactive,187,15,proactive,1,,,,"no action: vuln 0.23, forecast 1.95, exposure 2.00"
proactive,188,15,proactive,1,,,,"no action: vuln 0.26, forecast 1.92, exposure 2.00"
proactive,189,15,proactive,1,,,,"no action: vuln 0.25, forecast 1.47, exposure 1.57"
proactive,190,15,proactive,1,,,,"no action: vuln 0.74, forecast 1.43, exposure 1.56"
proactive,191,15,proactive,1,,,,"no action: vuln 0.24, forecast 1.78, exposure 1.90"
proactive,192,15,proactive,1,,,,"no action: vuln 0.26, forecast 1.72, exposure 1.72"
proactive,193,15,proactive,1,,,,"no action: vuln 0.31, forecast 1.59, exposure 1.64"
proactive,194,15,proactive,1,,,,"no action: vuln 0.74, forecast 1.73, exposure 1.75"
proactive,195,15,proactive,1,,,,"no action: vuln 0.26, forecast 1.43, exposure 1.57"
proactive,196,15,proactive,1,,,,"no action: vuln 0.22, forecast 1.45, exposure 1.65"
proactive,197,15,proactive,1,,,,"no action: vuln 0.56, forecast 1.47, exposure 1.60"
proactive,198,15,proactive,1,,,,"no action: vuln 0.25, forecast 2.00, exposure 1.98"
proactive,199,15,proactive,1,,,,"no action: vuln 0.29, forecast 1.65, exposure 1.81"
proactive,200,15,proactive,1,,,,"no action: vuln 0.26, forecast 1.89, exposure 2.00"
proactive,201,15,proactive,1,,,,"no action: vuln 0.45, forecast 2.00, exposure 2.00"
proactive,202,15,proactive,1,,,,"no action: vuln 0.16, forecast 1.56, exposure 1.57"
proactive,203,15,proactive,1,,,,"no action: vuln 0.56, forecast 2.00, exposure 2.00"
proactive,204,15,proactive,1,,,,"no action: vuln 0.33, forecast 1.52, exposure 1.64"
proactive,205,15,proactive,1,,,,"no action: vuln 0.79, forecast 1.45, exposure 1.66"
proactive,206,15,proactive,1,,,,"no action: vuln 0.59, forecast 1.72, exposure 1.73"
proactive,207,15,proactive,1,,,,"no action: vuln 0.29, forecast 1.71, exposure 1.79"
proactive,208,15,proactive,1,,,,"no action: vuln 0.40, forecast 1.75, exposure 1.82"
proactive,209,15,proactive,1,,,,"no action: vuln 0.27, forecast 1.76, exposure 1.80"
proactive,210,15,proactive,1,,,,"no action: vuln 0.90, forecast 1.75, exposure 1.76"
proactive,211,15,proactive,1,,,,"no action: vuln 0.27, forecast 1.78, exposure 1.82"
proactive,212,15,proactive,1,,,,"no action: vuln 0.25, forecast 1.67, exposure 1.96"
proactive,213,15,proactive,1,,,,"no action: vuln 0.68, forecast 2.00, exposure 2.00"
proactive,214,15,proactive,1,,,,"no action: vuln 0.30, forecast 2.00, exposure 2.00"
proactive,215,15,proactive,1,,,,"no action: vuln 0.22, forecast 2.00, exposure 2.00"
proactive,216,15,proactive,1,,,,"no action: vuln 0.37, forecast 1.75, exposure 1.81"
proactive,217,15,proactive,1,,,,"no action: vuln 0.25, forecast 1.65, exposure 1.79"
proactive,218,15,proactive,1,,,,"no action: vuln 0.28, forecast 1.73, exposure 1.74"
proactive,219,15,proactive,1,,,,"no action: vuln 0.56, forecast 1.67, exposure 1.84"
proactive,220,15,proactive,1,,,,"no action: vuln 0.69, forecast 1.49, exposure 1.60"
proactive,221,15,proactive,1,,,,"no action: vuln 0.88, forecast 1.71, exposure 1.79"
proactive,222,15,proactive,1,,,,"no action: vuln 0.30, forecast 1.46, exposure 1.55"
proactive,223,15,proactive,1,,,,"no action: vuln 0.19, forecast 1.96, exposure 2.00"
proactive,224,15,proactive,1,,,,"no action: vuln 0.23, forecast 1.45, exposure 1.63"
proactive,225,15,proactive,1,,,,"no action: vuln 0.22, forecast 1.46, exposure 1.61"
proactive,226,15,proactive,1,,,,"no action: vuln 0.69, forecast 1.69, exposure 1.82"
proactive,227,15,proactive,1,,,,"no action: vuln 0.76, forecast 1.56, exposure 1.62"
proactive,228,15,proactive,1,,,,"no action: vuln 0.57, forecast 1.95, exposure 2.00"
proactive,229,15,proactive,1,,,,"no action: vuln 0.50, forecast 1.95, exposure 2.00"
proactive,230,15,proactive,1,,,,"no action: vuln 0.24, forecast 1.68, exposure 1.80"
proactive,231,15,proactive,1,,,,"no action: vuln 0.22, forecast 1.60, exposure 1.84"
proactive,232,15,proactive,1,,,,"no action: vuln 0.18, forecast 2.00, exposure 2.00"
proactive,233,15,proactive,1,,,,"no action: vuln 0.29, forecast 1.91, exposure 2.00"
proactive,234,15,proactive,1,,,,"no action: vuln 0.29, forecast 1.60, exposure 1.84"
proactive,235,15,proactive,1,,,,"no action: vuln 0.35, forecast 1.50, exposure 1.60"
proactive,236,15,proactive,1,,,,"no action: vuln 0.28, forecast 2.00, exposure 1.96"
proactive,237,15,proactive,1,,,,"no action: vuln 0.58, forecast 2.00, exposure 2.00"
proactive,238,15,proactive,1,,,,"no action: vuln 0.54, forecast 2.00, exposure 2.00"
proactive,239,15,proactive,1,,,,"no action: vuln 0.60, forecast 1.49, exposure 1.60"
proactive,0,16,proactive,1,SH_COREDO,6.0,2.0,proactive fallback: exposure 1.94 > 1.0; routed to SH_COREDO
proactive,1,16,proactive,1,SH_BRIDGE_PLAZA,17.0,6.0,proactive fallback: exposure 1.45 > 1.0; routed to SH_BRIDGE_PLAZA
proactive,2,16,proactive,1,SH_COREDO,6.0,2.0,vuln 0.72 >= 0.55 and forecast 1.58 >= 0.8; pre-positioned to SH_COREDO
proactive,3,16,proactive,1,SH_BRIDGE_PLAZA,17.0,6.0,proactive fallback: exposure 2.00 > 1.0; routed to SH_BRIDGE_PLAZA
proactive,4,16,proactive,1,SH_COREDO,6.0,2.0,proactive fallback: exposure 2.00 > 1.0; routed to SH_COREDO
proactive,5,16,proactive,1,SH_COREDO,6.0,2.0,vuln 0.77 >= 0.55 and forecast 1.89 >= 0.8; pre-positioned to SH_COREDO
proactive,6,16,proactive,1,SH_COREDO,6.0,2.0,vuln 0.69 >= 0.55 and forecast 1.79 >= 0.8; pre-positioned to SH_COREDO
proactive,7,16,proactive,1,SH_SUBWAY_EXIT,13.0,3.0,proactive fallback: exposure 1.65 > 1.0; routed to SH_SUBWAY_EXIT
proactive,8,16,proactive,1,SH_COREDO,6.0,2.0,vuln 0.63 >= 0.55 and forecast 1.85 >= 0.8; pre-positioned to SH_COREDO
proactive,9,16,proactive,1,SH_COREDO,6.0,2.0,proactive fallback: exposure 1.71 > 1.0; routed to SH_COREDO
proactive,10,16,proactive,1,SH_SUBWAY_EXIT,13.0,3.0,proactive fallback: exposure 1.73 > 1.0; routed to SH_SUBWAY_EXIT
proactive,11,16,proactive,1,SH_BANK_HALL,10.0,7.0,proactive fallback: exposure 1.65 > 1.0; routed to SH_BANK_HALL
proactive,12,16,proactive,1,SH_MITSUKOSHI,2.0,7.0,proactive fallback: exposure 1.56 > 1.0; routed to SH_MITSUKOSHI
proactive,13,16,proactive,1,SH_BRIDGE_PLAZA,17.0,6.0,proactive fallback: exposure 1.72 > 1.0; routed to SH_BRIDGE_PLAZA
proactive,14,16,proactive,1,SH_BRIDGE_PLAZA,17.0,6.0,proactive fallback: exposure 1.49 > 1.0; routed to SH_BRIDGE_PLAZA
proactive,15,16,proactive,1,SH_BRIDGE_PLAZA,17.0,6.0,proactive fallback: exposure 1.64 > 1.0; routed to SH_BRIDGE_PLAZA
proactive,16,16,proactive,1,SH_MITSUKOSHI,2.0,7.0,vuln 0.73 >= 0.55 and forecast 1.63 >= 0.8; pre-positioned to SH_MITSUKOSHI
proactive,17,16,proactive,1,SH_SUBWAY_EXIT,13.0,3.0,vuln 0.69 >= 0.55 and forecast 1.91 >= 0.8; pre-positioned to SH_SUBWAY_EXIT
proactive,18,16,proactive,1,SH_BRIDGE_PLAZA,17.0,6.0,proactive fallback: exposure 1.40 > 1.0; routed to SH_BRIDGE_PLAZA
proactive,19,16,proactive,1,SH_BANK_HALL,10.0,7.0,vuln 0.59 >= 0.55 and forecast 1.77 >= 0.8; pre-positioned to SH_BANK_HALL
proactive,20,16,proactive,1,SH_SUBWAY_EXIT,13.0,3.0,proactive fallback: exposure 1.65 > 1.0; routed to SH_SUBWAY_EXIT
proactive,21,16,proactive,1,SH_SUBWAY_EXIT,13.0,3.0,proactive fallback: exposure 2.00 > 1.0; routed to SH_SUBWAY_EXIT
proactive,22,16,proactive,1,SH_MITSUKOSHI,2.0,7.0,proactive fallback: exposure 1.59 > 1.0; routed to SH_MITSUKOSHI
proactive,23,16,proactive,1,SH_BANK_HALL,10.0,7.0,vuln 0.69 >= 0.55 and forecast 1.36 >= 0.8; pre-positioned to SH_BANK_HALL
proactive,24,16,proactive,1,SH_COREDO,6.0,2.0,proactive fallback: exposure 1.68 > 1.0; routed to SH_COREDO
proactive,25,16,proactive,1,SH_COREDO,6.0,2.0,proactive fallback: exposure 2.00 > 1.0; routed to SH_COREDO
proactive,26,16,proactive,1,SH_MITSUKOSHI,2.0,7.0,proactive fallback: exposure 1.53 > 1.0; routed to SH_MITSUKOSHI
proactive,27,16,proactive,1,SH_COREDO,6.0,2.0,proactive fallback: exposure 2.00 > 1.0; routed to SH_COREDO
proactive,28,16,proactive,1,SH_MITSUKOSHI,2.0,7.0,proactive fallback: exposure 1.45 > 1.0; routed to SH_MITSUKOSHI
proactive,29,16,proactive,1,SH_MITSUKOSHI,2.0,7.0,proactive fallback: exposure 1.52 > 1.0; routed to SH_MITSUKOSHI
proactive,30,16,proactive,1,SH_BANK_HALL,10.0,7.0,proactive fallback: exposure 1.54 > 1.0; routed to SH_BANK_HALL
proactive,31,16,proactive,1,SH_BRIDGE_PLAZA,17.0,6.0,proactive fallback: exposure 1.70 > 1.0; routed to SH_BRIDGE_PLAZA
proactive,32,16,proactive,1,SH_MITSUKOSHI,2.0,7.0,proactive fallback: exposure 1.69 > 1.0; routed to SH_MITSUKOSHI
proactive,33,16,proactive,1,SH_BRIDGE_PLAZA,17.0,6.0,proactive fallback: exposure 1.52 > 1.0; routed to SH_BRIDGE_PLAZA
proactive,34,16,proactive,1,SH_BRIDGE_PLAZA,17.0,6.0,vuln 0.66 >= 0.55 and forecast 1.33 >= 0.8; pre-positioned to SH_BRIDGE_PLAZA
proactive,35,16,proactive,1,SH_BANK_HALL,10.0,7.0,proactive fallback: exposure 1.48 > 1.0; routed to SH_BANK_HALL
proactive,36,16,proactive,1,SH_COREDO,6.0,2.0,proactive fallback: exposure 2.00 > 1.0; routed to SH_COREDO
proactive,37,16,proactive,1,SH_COREDO,6.0,2.0,vuln 0.86 >= 0.55 and forecast 1.60 >= 0.8; pre-positioned to SH_COREDO
proactive,38,16,proactive,1,SH_COREDO,6.0,2.0,proactive fallback: exposure 1.75 > 1.0; routed to SH_COREDO
proactive,39,16,proactive,1,SH_BANK_HALL,10.0,7.0,proactive fallback: exposure 1.44 > 1.0; routed to SH_BANK_HALL
proactive,40,16,proactive,1,SH_COREDO,6.0,2.0,vuln 0.58 >= 0.55 and forecast 1.55 >= 0.8; pre-positioned to SH_COREDO
proactive,41,16,proactive,1,SH_COREDO,6.0,2.0,proactive fallback: exposure 1.67 > 1.0; routed to SH_COREDO
proactive,42,16,proactive,1,SH_BANK_HALL,10.0,7.0,vuln 0.94 >= 0.55 and forecast 1.41 >= 0.8; pre-positioned to SH_BANK_HALL
proactive,43,16,proactive,1,SH_BRIDGE_PLAZA,17.0,6.0,proactive fallback: exposure 1.56 > 1.0; routed to SH_BRIDGE_PLAZA
proactive,44,16,proactive,1,SH_SUBWAY_EXIT,13.0,3.0,proactive fallback: exposure 1.96 > 1.0; routed to SH_SUBWAY_EXIT
proactive,45,16,proactive,1,SH_SUBWAY_EXIT,13.0,3.0,proactive fallback: exposure 2.00 > 1.0; routed to SH_SUBWAY_EXIT
proactive,46,16,proactive,1,SH_BRIDGE_PLAZA,17.0,6.0,proactive fallback: exposure 1.99 > 1.0; routed to SH_BRIDGE_PLAZA
proactive,47,16,proactive,1,SH_BANK_HALL,10.0,7.0,proactive fallback: exposure 2.00 > 1.0; routed to SH_BANK_HALL
proactive,48,16,proactive,1,SH_BANK_HALL,10.0,7.0,proactive fallback: exposure 1.51 > 1.0; routed to SH_BANK_HALL
proactive,49,16,proactive,1,SH_BRIDGE_PLAZA,17.0,6.0,vuln 0.76 >= 0.55 and forecast 1.52 >= 0.8; pre-positioned to SH_BRIDGE_PLAZA
proactive,50,16,proactive,1,SH_BANK_HALL,10.0,7.0,proactive fallback: exposure 1.48 > 1.0; routed to SH_BANK_HALL
proactive,51,16,proactive,1,SH_BANK_HALL,10.0,7.0,proactive fallback: exposure 1.98 > 1.0; routed to SH_BANK_HALL
proactive,52,16,proactive,1,SH_BANK_HALL,10.0,7.0,proactive fallback: exposure 1.53 > 1.0; routed to SH_BANK_HALL
proactive,53,16,proactive,1,SH_BRIDGE_PLAZA,17.0,6.0,proactive fallback: exposure 1.48 > 1.0; routed to SH_BRIDGE_PLAZA
proactive,54,16,proactive,1,SH_BANK_HALL,10.0,7.0,proactive fallback: exposure 1.83 > 1.0; routed to SH_BANK_HALL
proactive,55,16,proactive,1,SH_BANK_HALL,10.0,7.0,proactive fallback: exposure 2.00 > 1.0; routed to SH_BANK_HALL
proactive,56,16,proactive,1,SH_BRIDGE_PLAZA,17.0,6.0,vuln 0.74 >= 0.55 and forecast 1.74 >= 0.8; pre-positioned to SH_BRIDGE_PLAZA
proactive,57,16,proactive,1,SH_BRIDGE_PLAZA,17.0,6.0,proactive fallback: exposure 2.00 > 1.0; routed to SH_BRIDGE_PLAZA
proactive,58,16,proactive,1,SH_BRIDGE_PLAZA,17.0,6.0,proactive fallback: exposure 1.72 > 1.0; routed to SH_BRIDGE_PLAZA
proactive,59,16,proactive,1,SH_BRIDGE_PLAZA,17.0,6.0,proactive fallback: exposure 1.95 > 1.0; routed to SH_BRIDGE_PLAZA
proactive,60,16,proactive,1,SH_BRIDGE_PLAZA,17.0,6.0,proactive fallback: exposure 1.72 > 1.0; routed to SH_BRIDGE_PLAZA
proactive,61,16,proactive,1,SH_BRIDGE_PLAZA,17.0,6.0,proactive fallback: exposure 1.96 > 1.0; routed to SH_BRIDGE_PLAZA
proactive,62,16,proactive,1,SH_BRIDGE_PLAZA,17.0,6.0,vuln 0.78 >= 0.55 and forecast 1.85 >= 0.8; pre-positioned to SH_BRIDGE_PLAZA
proactive,63,16,proactive,1,SH_BRIDGE_PLAZA,17.0,6.0,vuln 0.77 >= 0.55 and forecast 1.53 >= 0.8; pre-positioned to SH_BRIDGE_PLAZA
proactive,64,16,proactive,1,,,,"no action: vuln 0.26, forecast 1.50, exposure 1.73"
proactive,65,16,proactive,1,,,,"no action: vuln 0.18, forecast 1.34, exposure 1.51"
proactive,66,16,proactive,1,,,,"no action: vuln 0.75, forecast 1.26, exposure 1.57"
proactive,67,16,proactive,1,,,,"no action: vuln 0.27, forecast 1.46, exposure 1.75"
proactive,68,16,proactive,1,,,,"no action: vuln 0.26, forecast 1.86, exposure 2.00"
proactive,69,16,proactive,1,,,,"no action: vuln 0.35, forecast 1.80, exposure 1.94"
proactive,70,16,proactive,1,,,,"no action: vuln 0.19, forecast 1.39, exposure 1.47"
proactive,71,16,proactive,1,,,,"no action: vuln 0.23, forecast 1.82, exposure 1.92"
proactive,72,16,proactive,1,,,,"no action: vuln 0.31, forecast 1.53, exposure 1.76"
proactive,73,16,proactive,1,,,,"no action: vuln 0.29, forecast 1.71, exposure 1.75"
proactive,74,16,proactive,1,,,,"no action: vuln 0.75, forecast 1.38, exposure 1.52"
proactive,75,16,proactive,1,,,,"no action: vuln 0.86, forecast 1.77, exposure 2.00"
proactive,76,16,proactive,1,,,,"no action: vuln 0.24, forecast 1.63, exposure 1.75"
proactive,77,16,proactive,1,,,,"no action: vuln 0.57, forecast 1.54, exposure 1.70"
proactive,78,16,proactive,1,,,,"no action: vuln 0.26, forecast 1.83, exposure 2.00"
proactive,79,16,proactive,1,,,,"no action: vuln 0.31, forecast 1.62, exposure 1.69"
proactive,80,16,proactive,1,,,,"no action: vuln 0.24, forecast 1.77, exposure 2.00"
proactive,81,16,proactive,1,,,,"no action: vuln 0.75, forecast 1.53, exposure 1.63"
proactive,82,16,proactive,1,,,,"no action: vuln 0.21, forecast 1.86, exposure 2.00"
proactive,83,16,proactive,1,,,,"no action: vuln 0.24, forecast 1.87, exposure 1.99"
proactive,84,16,proactive,1,,,,"no action: vuln 0.76, forecast 1.24, exposure 1.51"
proactive,85,16,proactive,1,,,,"no action: vuln 0.21, forecast 1.27, exposure 1.49"
proactive,86,16,proactive,1,,,,"no action: vuln 0.26, forecast 1.58, exposure 1.67"
proactive,87,16,proactive,1,,,,"no action: vuln 0.87, forecast 1.30, exposure 1.46"
proactive,88,16,proactive,1,,,,"no action: vuln 0.23, forecast 1.37, exposure 1.40"
proactive,89,16,proactive,1,,,,"no action: vuln 0.22, forecast 1.56, exposure 1.67"
proactive,90,16,proactive,1,,,,"no action: vuln 0.73, forecast 1.36, exposure 1.50"
proactive,91,16,proactive,1,,,,"no action: vuln 0.27, forecast 1.74, exposure 1.96"
proactive,92,16,proactive,1,,,,"no action: vuln 0.20, forecast 1.58, exposure 1.69"
proactive,93,16,proactive,1,,,,"no action: vuln 0.20, forecast 1.57, exposure 1.70"
proactive,94,16,proactive,1,,,,"no action: vuln 0.70, forecast 1.40, exposure 1.50"
proactive,95,16,proactive,1,,,,"no action: vuln 0.25, forecast 1.89, exposure 2.00"
proactive,96,16,proactive,1,,,,"no action: vuln 0.50, forecast 1.30, exposure 1.45"
proactive,97,16,proactive,1,,,,"no action: vuln 0.27, forecast 1.89, exposure 2.00"
proactive,98,16,proactive,1,,,,"no action: vuln 0.22, forecast 1.42, exposure 1.48"
proactive,99,16,proactive,1,,,,"no action: vuln 0.72, forecast 1.38, exposure 1.48"
proactive,100,16,proactive,1,,,,"no action: vuln 0.48, forecast 1.84, exposure 2.00"
proactive,101,16,proactive,1,,,,"no action: vuln 0.81, forecast 1.58, exposure 1.67"
proactive,102,16,proactive,1,,,,"no action: vuln 0.94, forecast 1.42, exposure 1.50"
proactive,103,16,proactive,1,,,,"no action: vuln 0.30, forecast 1.79, exposure 2.00"
proactive,104,16,proactive,1,,,,"no action: vuln 0.81, forecast 1.62, exposure 1.73"
proactive,105,16,proactive,1,,,,"no action: vuln 0.23, forecast 1.36, exposure 1.50"
proactive,106,16,proactive,1,,,,"no action: vuln 0.51, forecast 1.53, exposure 1.71"
proactive,107,16,proactive,1,,,,"no action: vuln 0.56, forecast 1.80, exposure 1.94"
proactive,108,16,proactive,1,,,,"no action: vuln 0.23, forecast 1.89, exposure 1.91"
proactive,109,16,proactive,1,,,,"no action: vuln 0.30, forecast 1.82, exposure 2.00"
proactive,110,16,proactive,1,,,,"no action: vuln 0.27, forecast 1.57, exposure 1.70"
proactive,111,16,proactive,1,,,,"no action: vuln 0.53, forecast 1.56, exposure 1.64"
proactive,112,16,proactive,1,,,,"no action: vuln 0.89, forecast 1.55, exposure 1.73"
proactive,113,16,proactive,1,,,,"no action: vuln 0.52, forecast 1.39, exposure 1.53"
proactive,114,16,proactive,1,,,,"no action: vuln 0.86, forecast 1.30, exposure 1.52"
proactive,115,16,proactive,1,,,,"no action: vuln 0.32, forecast 1.59, exposure 1.71"
proactive,116,16,proactive,1,,,,"no action: vuln 0.58, forecast 1.42, exposure 1.44"
proactive,117,16,proactive,1,,,,"no action: vuln 0.24, forecast 1.53, exposure 1.65"
proactive,118,16,proactive,1,,,,"no action: vuln 0.21, forecast 1.87, exposure 1.99"
proactive,119,16,proactive,1,,,,"no action: vuln 0.90, forecast 1.53, exposure 1.72"
proactive,120,16,proactive,1,,,,"no action: vuln 0.53, forecast 1.56, exposure 1.72"
proactive,121,16,proactive,1,,,,"no action: vuln 0.43, forecast 1.87, exposure 2.00"
proactive,122,16,proactive,1,,,,"no action: vuln 0.32, forecast 1.40, exposure 1.50"
proactive,123,16,proactive,1,,,,"no action: vuln 0.70, forecast 1.39, exposure 1.45"
proactive,124,16,proactive,1,,,,"no action: vuln 0.56, forecast 1.36, exposure 1.50"
proactive,125,16,proactive,1,,,,"no action: vuln 0.85, forecast 1.83, exposure 1.91"
proactive,126,16,proactive,1,,,,"no action: vuln 0.55, forecast 1.44, exposure 1.65"
proactive,127,16,proactive,1,,,,"no action: vuln 0.77, forecast 1.54, exposure 1.73"
proactive,128,16,proactive,1,,,,"no action: vuln 0.74, forecast 1.37, exposure 1.50"
proactive,129,16,proactive,1,,,,"no action: vuln 0.19, forecast 1.31, exposure 1.53"
proactive,130,16,proactive,1,,,,"no action: vuln 0.60, forecast 1.90, exposure 2.00"
proactive,131,16,proactive,1,,,,"no action: vuln 0.67, forecast 1.53, exposure 1.65"
proactive,132,16,proactive,1,,,,"no action: vuln 0.27, forecast 1.84, exposure 1.98"
proactive,133,16,proactive,1,,,,"no action: vuln 0.23, forecast 1.35, exposure 1.58"
proactive,134,16,proactive,1,,,,"no action: vuln 0.21, forecast 1.52, exposure 1.66"
proactive,135,16,proactive,1,,,,"no action: vuln 0.49, forecast 1.24, exposure 1.45"
proactive,136,16,proactive,1,,,,"no action: vuln 0.58, forecast 1.63, exposure 1.75"
proactive,137,16,proactive,1,,,,"no action: vuln 0.18, forecast 1.48, exposure 1.70"
proactive,138,16,proactive,1,,,,"no action: vuln 0.30, forecast 1.56, exposure 1.64"
proactive,139,16,proactive,1,,,,"no action: vuln 0.28, forecast 1.74, exposure 1.96"
proactive,140,16,proactive,1,,,,"no action: vuln 0.30, forecast 1.42, exposure 1.56"
proactive,141,16,proactive,1,,,,"no action: vuln 0.24, forecast 1.53, exposure 1.63"
proactive,142,16,proactive,1,,,,"no action: vuln 0.26, forecast 1.53, exposure 1.65"
proactive,143,16,proactive,1,,,,"no action: vuln 0.20, forecast 1.29, exposure 1.41"
proactive,144,16,proactive,1,,,,"no action: vuln 0.83, forecast 1.83, exposure 2.00"
proactive,145,16,proactive,1,,,,"no action: vuln 0.23, forecast 1.86, exposure 2.00"
proactive,146,16,proactive,1,,,,"no action: vuln 0.23, forecast 1.85, exposure 2.00"
proactive,147,16,proactive,1,,,,"no action: vuln 0.19, forecast 1.82, exposure 2.00"
proactive,148,16,proactive,1,,,,"no action: vuln 0.33, forecast 1.86, exposure 2.00"
proactive,149,16,proactive,1,,,,"no action: vuln 0.59, forecast 1.50, exposure 1.70"
proactive,150,16,proactive,1,,,,"no action: vuln 0.34, forecast 1.83, exposure 2.00"
proactive,151,16,proactive,1,,,,"no action: vuln 0.24, forecast 1.89, exposure 2.00"
proactive,152,16,proactive,1,,,,"no action: vuln 0.31, forecast 1.51, exposure 1.73"
proactive,153,16,proactive,1,,,,"no action: vuln 0.30, forecast 1.33, exposure 1.52"
proactive,154,16,proactive,1,,,,"no action: vuln 0.52, forecast 1.55, exposure 1.60"
proactive,155,16,proactive,1,,,,"no action: vuln 0.27, forecast 1.55, exposure 1.73"
proactive,156,16,proactive,1,,,,"no action: vuln 0.22, forecast 1.34, exposure 1.49"
proactive,157,16,proactive,1,,,,"no action: vuln 0.78, forecast 1.47, exposure 1.65"
proactive,158,16,proactive,1,,,,"no action: vuln 0.22, forecast 1.26, exposure 1.57"
proactive,159,16,proactive,1,,,,"no action: vuln 0.25, forecast 1.87, exposure 1.99"
proactive,160,16,proactive,1,,,,"no action: vuln 0.24, forecast 1.54, exposure 1.72"
proactive,161,16,proactive,1,,,,"no action: vuln 0.27, forecast 1.74, exposure 1.96"
proactive,162,16,proactive,1,,,,"no action: vuln 0.56, forecast 1.83, exposure 2.00"
proactive,163,16,proactive,1,,,,"no action: vuln 0.26, forecast 1.50, exposure 1.73"
proactive,164,16,proactive,1,,,,"no action: vuln 0.22, forecast 1.44, exposure 1.65"
proactive,165,16,proactive,1,,,,"no action: vuln 0.27, forecast 1.57, exposure 1.72"
proactive,166,16,proactive,1,,,,"no action: vuln 0.31, forecast 1.77, exposure 2.00"
proactive,167,16,proactive,1,,,,"no action: vuln 0.56, forecast 1.54, exposure 1.73"
proactive,168,16,proactive,1,,,,"no action: vuln 0.29, forecast 1.53, exposure 1.72"
proactive,169,16,proactive,1,,,,"no action: vuln 0.20, forecast 1.59, exposure 1.70"
proactive,170,16,proactive,1,,,,"no action: vuln 0.26, forecast 1.37, exposure 1.40"
proactive,171,16,proactive,1,,,,"no action: vuln 0.54, forecast 1.93, exposure 2.00"
proactive,172,16,proactive,1,,,,"no action: vuln 0.20, forecast 1.49, exposure 1.70"
proactive,173,16,proactive,1,,,,"no action: vuln 0.74, forecast 1.31, exposure 1.54"
proactive,174,16,proactive,1,,,,"no action: vuln 0.59, forecast 1.71, exposure 1.75"
proactive,175,16,proactive,1,,,,"no action: vuln 0.28, forecast 1.93, exposure 2.00"
proactive,176,16,proactive,1,,,,"no action: vuln 0.20, forecast 1.83, exposure 2.00"
proactive,177,16,proactive,1,,,,"no action: vuln 0.26, forecast 1.53, exposure 1.78"
proactive,178,16,proactive,1,,,,"no action: vuln 0.30, forecast 1.60, exposure 1.70"
proactive,179,16,proactive,1,,,,"no action: vuln 0.38, forecast 1.58, exposure 1.69"
proactive,180,16,proactive,1,,,,"no action: vuln 0.71, forecast 1.39, exposure 1.46"
proactive,181,16,proactive,1,,,,"no action: vuln 0.52, forecast 1.91, exposure 2.00"
proactive,182,16,proactive,1,,,,"no action: vuln 0.22, forecast 1.59, exposure 1.71"
proactive,183,16,proactive,1,,,,"no action: vuln 0.24, forecast 1.53, exposure 1.75"
proactive,184,16,proactive,1,,,,"no action: vuln 0.21, forecast 1.52, exposure 1.72"
proactive,185,16,proactive,1,,,,"no action: vuln 0.90, forecast 1.85, exposure 1.98"
proactive,186,16,proactive,1,,,,"no action: vuln 0.27, forecast 1.85, exposure 1.98"
proactive,187,16,proactive,1,,,,"no action: vuln 0.23, forecast 1.85, exposure 1.95"
proactive,188,16,proactive,1,,,,"no action: vuln 0.26, forecast 1.82, exposure 1.92"
proactive,189,16,proactive,1,,,,"no action: vuln 0.25, forecast 1.34, exposure 1.47"
proactive,190,16,proactive,1,,,,"no action: vuln 0.74, forecast 1.44, exposure 1.43"
proactive,191,16,proactive,1,,,,"no action: vuln 0.24, forecast 1.53, exposure 1.78"
proactive,192,16,proactive,1,,,,"no action: vuln 0.26, forecast 1.56, exposure 1.72"
proactive,193,16,proactive,1,,,,"no action: vuln 0.31, forecast 1.32, exposure 1.59"
proactive,194,16,proactive,1,,,,"no action: vuln 0.74, forecast 1.55, exposure 1.73"
proactive,195,16,proactive,1,,,,"no action: vuln 0.26, forecast 1.37, exposure 1.43"
proactive,196,16,proactive,1,,,,"no action: vuln 0.22, forecast 1.24, exposure 1.45"
proactive,197,16,proactive,1,,,,"no action: vuln 0.56, forecast 1.33, exposure 1.47"
proactive,198,16,proactive,1,,,,"no action: vuln 0.25, forecast 1.77, exposure 2.00"
proactive,199,16,proactive,1,,,,"no action: vuln 0.29, forecast 1.53, exposure 1.65"
proactive,200,16,proactive,1,,,,"no action: vuln 0.26, forecast 1.76, exposure 1.89"
proactive,201,16,proactive,1,,,,"no action: vuln 0.45, forecast 1.89, exposure 2.00"
proactive,202,16,proactive,1,,,,"no action: vuln 0.16, forecast 1.37, exposure 1.56"
proactive,203,16,proactive,1,,,,"no action: vuln 0.56, forecast 1.86, exposure 2.00"
proactive,204,16,proactive,1,,,,"no action: vuln 0.33, forecast 1.33, exposure 1.52"
proactive,205,16,proactive,1,,,,"no action: vuln 0.79, forecast 1.30, exposure 1.45"
proactive,206,16,proactive,1,,,,"no action: vuln 0.59, forecast 1.44, exposure 1.72"
proactive,207,16,proactive,1,,,,"no action: vuln 0.29, forecast 1.59, exposure 1.71"
proactive,208,16,proactive,1,,,,"no action: vuln 0.40, forecast 1.71, exposure 1.75"
proactive,209,16,proactive,1,,,,"no action: vuln 0.27, forecast 1.57, exposure 1.76"
proactive,210,16,proactive,1,,,,"no action: vuln 0.90, forecast 1.46, exposure 1.75"
proactive,211,16,proactive,1,,,,"no action: vuln 0.27, forecast 1.46, exposure 1.78"
proactive,212,16,proactive,1,,,,"no action: vuln 0.25, forecast 1.52, exposure 1.67"
proactive,213,16,proactive,1,,,,"no action: vuln 0.68, forecast 1.92, exposure 2.00"
proactive,214,16,proactive,1,,,,"no action: vuln 0.30, forecast 1.77, exposure 2.00"
proactive,215,16,proactive,1,,,,"no action: vuln 0.22, forecast 1.89, exposure 2.00"
proactive,216,16,proactive,1,,,,"no action: vuln 0.37, forecast 1.63, exposure 1.75"
proactive,217,16,proactive,1,,,,"no action: vuln 0.25, forecast 1.47, exposure 1.65"
proactive,218,16,proactive,1,,,,"no action: vuln 0.28, forecast 1.53, exposure 1.73"
proactive,219,16,proactive,1,,,,"no action: vuln 0.56, forecast 1.58, exposure 1.67"
proactive,220,16,proactive,1,,,,"no action: vuln 0.69, forecast 1.27, exposure 1.49"
proactive,221,16,proactive,1,,,,"no action: vuln 0.88, forecast 1.59, exposure 1.71"
proactive,222,16,proactive,1,,,,"no action: vuln 0.30, forecast 1.34, exposure 1.46"
proactive,223,16,proactive,1,,,,"no action: vuln 0.19, forecast 1.79, exposure 1.96"
proactive,224,16,proactive,1,,,,"no action: vuln 0.23, forecast 1.34, exposure 1.45"
proactive,225,16,proactive,1,,,,"no action: vuln 0.22, forecast 1.30, exposure 1.46"
proactive,226,16,proactive,1,,,,"no action: vuln 0.69, forecast 1.58, exposure 1.69"
proactive,227,16,proactive,1,,,,"no action: vuln 0.76, forecast 1.42, exposure 1.56"
proactive,228,16,proactive,1,,,,"no action: vuln 0.57, forecast 1.80, exposure 1.95"
proactive,229,16,proactive,1,,,,"no action: vuln 0.50, forecast 1.85, exposure 1.95"
proactive,230,16,proactive,1,,,,"no action: vuln 0.24, forecast 1.57, exposure 1.68"
proactive,231,16,proactive,1,,,,"no action: vuln 0.22, forecast 1.43, exposure 1.60"
proactive,232,16,proactive,1,,,,"no action: vuln 0.18, forecast 1.88, exposure 2.00"
proactive,233,16,proactive,1,,,,"no action: vuln 0.29, forecast 1.89, exposure 1.91"
proactive,234,16,proactive,1,,,,"no action: vuln 0.29, forecast 1.43, exposure 1.60"
proactive,235,16,proactive,1,,,,"no action: vuln 0.35, forecast 1.41, exposure 1.50"
proactive,236,16,proactive,1,,,,"no action: vuln 0.28, forecast 1.87, exposure 2.00"
proactive,237,16,proactive,1,,,,"no action: vuln 0.58, forecast 1.79, exposure 2.00"
proactive,238,16,proactive,1,,,,"no action: vuln 0.54, forecast 1.88, exposure 2.00"
proactive,239,16,proactive,1,,,,"no action: vuln 0.60, forecast 1.27, exposure 1.49"
proactive,0,17,proactive,1,SH_SUBWAY_EXIT,13.0,3.0,proactive fallback: exposure 1.87 > 1.0; routed to SH_SUBWAY_EXIT
proactive,1,17,proactive,1,SH_BRIDGE_PLAZA,17.0,6.0,proactive fallback: exposure 1.39 > 1.0; routed to SH_BRIDGE_PLAZA
proactive,2,17,proactive,1,SH_COREDO,6.0,2.0,vuln 0.72 >= 0.55 and forecast 1.33 >= 0.8; pre-positioned to SH_COREDO
proactive,3,17,proactive,1,SH_SUBWAY_EXIT,13.0,3.0,proactive fallback: exposure 1.82 > 1.0; routed to SH_SUBWAY_EXIT
proactive,4,17,proactive,1,SH_COREDO,6.0,2.0,proactive fallback: exposure 1.87 > 1.0; routed to SH_COREDO
proactive,5,17,proactive,1,SH_COREDO,6.0,2.0,vuln 0.77 >= 0.55 and forecast 1.38 >= 0.8; pre-positioned to SH_COREDO
proactive,6,17,proactive,1,SH_COREDO,6.0,2.0,vuln 0.69 >= 0.55 and forecast 1.63 >= 0.8; pre-positioned to SH_COREDO
proactive,7,17,proactive,1,SH_BANK_HALL,10.0,7.0,proactive fallback: exposure 1.75 > 1.0; routed to SH_BANK_HALL
proactive,8,17,proactive,1,SH_COREDO,6.0,2.0,vuln 0.63 >= 0.55 and forecast 1.62 >= 0.8; pre-positioned to SH_COREDO
proactive,9,17,proactive,1,SH_COREDO,6.0,2.0,proactive fallback: exposure 1.85 > 1.0; routed to SH_COREDO
proactive,10,17,proactive,1,SH_BRIDGE_PLAZA,17.0,6.0,proactive fallback: exposure 1.48 > 1.0; routed to SH_BRIDGE_PLAZA
proactive,11,17,proactive,1,SH_BANK_HALL,10.0,7.0,proactive fallback: exposure 1.27 > 1.0; routed to SH_BANK_HALL
proactive,12,17,proactive,1,SH_MITSUKOSHI,2.0,7.0,proactive fallback: exposure 1.33 > 1.0; routed to SH_MITSUKOSHI
proactive,13,17,proactive,1,SH_SUBWAY_EXIT,13.0,3.0,proactive fallback: exposure 1.89 > 1.0; routed to SH_SUBWAY_EXIT
proactive,14,17,proactive,1,SH_BRIDGE_PLAZA,17.0,6.0,proactive fallback: exposure 1.31 > 1.0; routed to SH_BRIDGE_PLAZA
proactive,15,17,proactive,1,SH_SUBWAY_EXIT,13.0,3.0,proactive fallback: exposure 1.51 > 1.0; routed to SH_SUBWAY_EXIT
proactive,16,17,proactive,1,SH_MITSUKOSHI,2.0,7.0,vuln 0.73 >= 0.55 and forecast 1.26 >= 0.8; pre-positioned to SH_MITSUKOSHI
proactive,17,17,proactive,1,SH_BRIDGE_PLAZA,17.0,6.0,vuln 0.69 >= 0.55 and forecast 1.58 >= 0.8; pre-positioned to SH_BRIDGE_PLAZA
proactive,18,17,proactive,1,SH_BRIDGE_PLAZA,17.0,6.0,proactive fallback: exposure 1.39 > 1.0; routed to SH_BRIDGE_PLAZA
proactive,19,17,proactive,1,SH_BANK_HALL,10.0,7.0,vuln 0.59 >= 0.55 and forecast 1.29 >= 0.8; pre-positioned to SH_BANK_HALL
proactive,20,17,proactive,1,SH_SUBWAY_EXIT,13.0,3.0,proactive fallback: exposure 1.54 > 1.0; routed to SH_SUBWAY_EXIT
proactive,21,17,proactive,1,SH_SUBWAY_EXIT,13.0,3.0,proactive fallback: exposure 1.81 > 1.0; routed to SH_SUBWAY_EXIT
proactive,22,17,proactive,1,SH_MITSUKOSHI,2.0,7.0,proactive fallback: exposure 1.39 > 1.0; routed to SH_MITSUKOSHI
proactive,23,17,proactive,1,SH_BRIDGE_PLAZA,17.0,6.0,vuln 0.69 >= 0.55 and forecast 1.07 >= 0.8; pre-positioned to SH_BRIDGE_PLAZA
proactive,24,17,proactive,1,SH_COREDO,6.0,2.0,proactive fallback: exposure 1.53 > 1.0; routed to SH_COREDO
proactive,25,17,proactive,1,SH_MITSUKOSHI,2.0,7.0,proactive fallback: exposure 1.52 > 1.0; routed to SH_MITSUKOSHI
proactive,26,17,proactive,1,SH_MITSUKOSHI,2.0,7.0,proactive fallback: exposure 1.46 > 1.0; routed to SH_MITSUKOSHI
proactive,27,17,proactive,1,SH_SUBWAY_EXIT,13.0,3.0,proactive fallback: exposure 1.88 > 1.0; routed to SH_SUBWAY_EXIT
proactive,28,17,proactive,1,SH_MITSUKOSHI,2.0,7.0,proactive fallback: exposure 1.42 > 1.0; routed to SH_MITSUKOSHI
proactive,29,17,proactive,1,SH_MITSUKOSHI,2.0,7.0,proactive fallback: exposure 1.39 > 1.0; routed to SH_MITSUKOSHI
proactive,30,17,proactive,1,SH_BRIDGE_PLAZA,17.0,6.0,proactive fallback: exposure 1.56 > 1.0; routed to SH_BRIDGE_PLAZA
proactive,31,17,proactive,1,SH_BANK_HALL,10.0,7.0,proactive fallback: exposure 1.35 > 1.0; routed to SH_BANK_HALL
proactive,32,17,proactive,1,SH_MITSUKOSHI,2.0,7.0,proactive fallback: exposure 1.43 > 1.0; routed to SH_MITSUKOSHI
proactive,33,17,proactive,1,SH_BRIDGE_PLAZA,17.0,6.0,proactive fallback: exposure 1.34 > 1.0; routed to SH_BRIDGE_PLAZA
proactive,34,17,proactive,1,SH_BANK_HALL,10.0,7.0,vuln 0.66 >= 0.55 and forecast 1.15 >= 0.8; pre-positioned to SH_BANK_HALL
proactive,35,17,proactive,1,SH_BANK_HALL,10.0,7.0,proactive fallback: exposure 1.25 > 1.0; routed to SH_BANK_HALL
proactive,36,17,proactive,1,SH_COREDO,6.0,2.0,proactive fallback: exposure 1.79 > 1.0; routed to SH_COREDO
proactive,37,17,proactive,1,SH_MITSUKOSHI,2.0,7.0,vuln 0.86 >= 0.55 and forecast 1.37 >= 0.8; pre-positioned to SH_MITSUKOSHI
proactive,38,17,proactive,1,SH_MITSUKOSHI,2.0,7.0,proactive fallback: exposure 1.53 > 1.0; routed to SH_MITSUKOSHI
proactive,39,17,proactive,1,SH_MITSUKOSHI,2.0,7.0,proactive fallback: exposure 1.34 > 1.0; routed to SH_MITSUKOSHI
proactive,40,17,proactive,1,SH_COREDO,6.0,2.0,vuln 0.58 >= 0.55 and forecast 1.25 >= 0.8; pre-positioned to SH_COREDO
proactive,41,17,proactive,1,SH_COREDO,6.0,2.0,proactive fallback: exposure 1.48 > 1.0; routed to SH_COREDO
proactive,42,17,proactive,1,SH_BANK_HALL,10.0,7.0,vuln 0.94 >= 0.55 and forecast 1.13 >= 0.8; pre-positioned to SH_BANK_HALL
proactive,43,17,proactive,1,SH_BRIDGE_PLAZA,17.0,6.0,proactive fallback: exposure 1.52 > 1.0; routed to SH_BRIDGE_PLAZA
proactive,44,17,proactive,1,SH_SUBWAY_EXIT,13.0,3.0,proactive fallback: exposure 1.84 > 1.0; routed to SH_SUBWAY_EXIT
proactive,45,17,proactive,1,SH_COREDO,6.0,2.0,proactive fallback: exposure 1.93 > 1.0; routed to SH_COREDO
proactive,46,17,proactive,1,SH_BRIDGE_PLAZA,17.0,6.0,proactive fallback: exposure 1.85 > 1.0; routed to SH_BRIDGE_PLAZA
proactive,47,17,proactive,1,SH_BANK_HALL,10.0,7.0,proactive fallback: exposure 1.78 > 1.0; routed to SH_BANK_HALL
proactive,48,17,proactive,1,SH_BANK_HALL,10.0,7.0,proactive fallback: exposure 1.24 > 1.0; routed to SH_BANK_HALL
proactive,49,17,proactive,1,SH_SUBWAY_EXIT,13.0,3.0,vuln 0.76 >= 0.55 and forecast 1.28 >= 0.8; pre-positioned to SH_SUBWAY_EXIT
proactive,50,17,proactive,1,SH_BANK_HALL,10.0,7.0,proactive fallback: exposure 1.36 > 1.0; routed to SH_BANK_HALL
proactive,51,17,proactive,1,SH_SUBWAY_EXIT,13.0,3.0,proactive fallback: exposure 1.77 > 1.0; routed to SH_SUBWAY_EXIT
proactive,52,17,proactive,1,SH_BANK_HALL,10.0,7.0,proactive fallback: exposure 1.25 > 1.0; routed to SH_BANK_HALL
proactive,53,17,proactive,1,SH_BRIDGE_PLAZA,17.0,6.0,proactive fallback: exposure 1.34 > 1.0; routed to SH_BRIDGE_PLAZA
proactive,54,17,proactive,1,SH_MITSUKOSHI,2.0,7.0,proactive fallback: exposure 1.57 > 1.0; routed to SH_MITSUKOSHI
proactive,55,17,proactive,1,SH_COREDO,6.0,2.0,proactive fallback: exposure 1.83 > 1.0; routed to SH_COREDO
proactive,56,17,proactive,1,SH_SUBWAY_EXIT,13.0,3.0,vuln 0.74 >= 0.55 and forecast 1.55 >= 0.8; pre-positioned to SH_SUBWAY_EXIT
proactive,57,17,proactive,1,SH_COREDO,6.0,2.0,proactive fallback: exposure 1.85 > 1.0; routed to SH_COREDO
proactive,58,17,proactive,1,SH_MITSUKOSHI,2.0,7.0,proactive fallback: exposure 1.38 > 1.0; routed to SH_MITSUKOSHI
proactive,59,17,proactive,1,SH_SUBWAY_EXIT,13.0,3.0,proactive fallback: exposure 1.86 > 1.0; routed to SH_SUBWAY_EXIT
proactive,60,17,proactive,1,SH_SUBWAY_EXIT,13.0,3.0,proactive fallback: exposure 1.56 > 1.0; routed to SH_SUBWAY_EXIT
proactive,61,17,proactive,1,SH_SUBWAY_EXIT,13.0,3.0,proactive fallback: exposure 1.85 > 1.0; routed to SH_SUBWAY_EXIT
proactive,62,17,proactive,1,SH_COREDO,6.0,2.0,vuln 0.78 >= 0.55 and forecast 1.24 >= 0.8; pre-positioned to SH_COREDO
proactive,63,17,proactive,1,SH_MITSUKOSHI,2.0,7.0,vuln 0.77 >= 0.55 and forecast 1.34 >= 0.8; pre-positioned to SH_MITSUKOSHI
proactive,64,17,proactive,1,SH_SUBWAY_EXIT,13.0,3.0,proactive fallback: exposure 1.51 > 1.0; routed to SH_SUBWAY_EXIT
proactive,65,17,proactive,1,SH_BRIDGE_PLAZA,17.0,6.0,proactive fallback: exposure 1.37 > 1.0; routed to SH_BRIDGE_PLAZA
proactive,66,17,proactive,1,SH_BANK_HALL,10.0,7.0,vuln 0.75 >= 0.55 and forecast 1.14 >= 0.8; pre-positioned to SH_BANK_HALL
proactive,67,17,proactive,1,SH_MITSUKOSHI,2.0,7.0,proactive fallback: exposure 1.56 > 1.0; routed to SH_MITSUKOSHI
proactive,68,17,proactive,1,SH_SUBWAY_EXIT,13.0,3.0,proactive fallback: exposure 1.92 > 1.0; routed to SH_SUBWAY_EXIT
proactive,69,17,proactive,1,SH_SUBWAY_EXIT,13.0,3.0,proactive fallback: exposure 1.82 > 1.0; routed to SH_SUBWAY_EXIT
proactive,70,17,proactive,1,SH_MITSUKOSHI,2.0,7.0,proactive fallback: exposure 1.34 > 1.0; routed to SH_MITSUKOSHI
proactive,71,17,proactive,1,SH_COREDO,6.0,2.0,proactive fallback: exposure 1.83 > 1.0; routed to SH_COREDO
proactive,72,17,proactive,1,SH_MITSUKOSHI,2.0,7.0,proactive fallback: exposure 1.57 > 1.0; routed to SH_MITSUKOSHI
proactive,73,17,proactive,1,SH_BRIDGE_PLAZA,17.0,6.0,proactive fallback: exposure 1.83 > 1.0; routed to SH_BRIDGE_PLAZA
proactive,74,17,proactive,1,SH_MITSUKOSHI,2.0,7.0,vuln 0.75 >= 0.55 and forecast 1.35 >= 0.8; pre-positioned to SH_MITSUKOSHI
proactive,75,17,proactive,1,SH_SUBWAY_EXIT,13.0,3.0,vuln 0.86 >= 0.55 and forecast 1.55 >= 0.8; pre-positioned to SH_SUBWAY_EXIT
proactive,76,17,proactive,1,SH_MITSUKOSHI,2.0,7.0,proactive fallback: exposure 1.56 > 1.0; routed to SH_MITSUKOSHI
proactive,77,17,proactive,1,SH_COREDO,6.0,2.0,vuln 0.57 >= 0.55 and forecast 1.73 >= 0.8; pre-positioned to SH_COREDO
proactive,78,17,proactive,1,SH_BRIDGE_PLAZA,17.0,6.0,proactive fallback: exposure 1.85 > 1.0; routed to SH_BRIDGE_PLAZA
proactive,79,17,proactive,1,SH_MITSUKOSHI,2.0,7.0,proactive fallback: exposure 1.53 > 1.0; routed to SH_MITSUKOSHI
proactive,80,17,proactive,1,SH_COREDO,6.0,2.0,proactive fallback: exposure 1.83 > 1.0; routed to SH_COREDO
proactive,81,17,proactive,1,SH_BRIDGE_PLAZA,17.0,6.0,vuln 0.75 >= 0.55 and forecast 1.13 >= 0.8; pre-positioned to SH_BRIDGE_PLAZA
proactive,82,17,proactive,1,SH_SUBWAY_EXIT,13.0,3.0,proactive fallback: exposure 1.54 > 1.0; routed to SH_SUBWAY_EXIT
proactive,83,17,proactive,1,SH_SUBWAY_EXIT,13.0,3.0,proactive fallback: exposure 1.87 > 1.0; routed to SH_SUBWAY_EXIT
proactive,84,17,proactive,1,SH_MITSUKOSHI,2.0,7.0,vuln 0.76 >= 0.55 and forecast 1.35 >= 0.8; pre-positioned to SH_MITSUKOSHI
proactive,85,17,proactive,1,SH_SUBWAY_EXIT,13.0,3.0,proactive fallback: exposure 1.82 > 1.0; routed to SH_SUBWAY_EXIT
proactive,86,17,proactive,1,SH_COREDO,6.0,2.0,proactive fallback: exposure 1.82 > 1.0; routed to SH_COREDO
proactive,87,17,proactive,1,SH_BANK_HALL,10.0,7.0,vuln 0.87 >= 0.55 and forecast 1.06 >= 0.8; pre-positioned to SH_BANK_HALL
proactive,88,17,proactive,1,SH_BRIDGE_PLAZA,17.0,6.0,proactive fallback: exposure 1.53 > 1.0; routed to SH_BRIDGE_PLAZA
proactive,89,17,proactive,1,SH_SUBWAY_EXIT,13.0,3.0,proactive fallback: exposure 1.80 > 1.0; routed to SH_SUBWAY_EXIT
proactive,90,17,proactive,1,SH_BANK_HALL,10.0,7.0,vuln 0.73 >= 0.55 and forecast 1.14 >= 0.8; pre-positioned to SH_BANK_HALL
proactive,91,17,proactive,1,SH_BRIDGE_PLAZA,17.0,6.0,proactive fallback: exposure 1.83 > 1.0; routed to SH_BRIDGE_PLAZA
proactive,92,17,proactive,1,SH_BRIDGE_PLAZA,17.0,6.0,proactive fallback: exposure 1.49 > 1.0; routed to SH_BRIDGE_PLAZA
proactive,93,17,proactive,1,SH_BANK_HALL,10.0,7.0,proactive fallback: exposure 1.42 > 1.0; routed to SH_BANK_HALL
proactive,94,17,proactive,1,SH_BANK_HALL,10.0,7.0,vuln 0.70 >= 0.55 and forecast 1.15 >= 0.8; pre-positioned to SH_BANK_HALL
proactive,95,17,proactive,1,SH_SUBWAY_EXIT,13.0,3.0,proactive fallback: exposure 1.82 > 1.0; routed to SH_SUBWAY_EXIT
proactive,96,17,proactive,1,SH_COREDO,6.0,2.0,proactive fallback: exposure 1.44 > 1.0; routed to SH_COREDO
proactive,97,17,proactive,1,SH_SUBWAY_EXIT,13.0,3.0,proactive fallback: exposure 1.85 > 1.0; routed to SH_SUBWAY_EXIT
proactive,98,17,proactive,1,SH_BRIDGE_PLAZA,17.0,6.0,proactive fallback: exposure 1.53 > 1.0; routed to SH_BRIDGE_PLAZA
proactive,99,17,proactive,1,SH_COREDO,6.0,2.0,vuln 0.72 >= 0.55 and forecast 1.29 >= 0.8; pre-positioned to SH_COREDO
proactive,100,17,proactive,1,SH_SUBWAY_EXIT,13.0,3.0,proactive fallback: exposure 1.74 > 1.0; routed to SH_SUBWAY_EXIT
proactive,101,17,proactive,1,SH_COREDO,6.0,2.0,vuln 0.81 >= 0.55 and forecast 1.60 >= 0.8; pre-positioned to SH_COREDO
proactive,102,17,proactive,1,SH_BANK_HALL,10.0,7.0,vuln 0.94 >= 0.55 and forecast 1.06 >= 0.8; pre-positioned to SH_BANK_HALL
proactive,103,17,proactive,1,SH_COREDO,6.0,2.0,proactive fallback: exposure 1.56 > 1.0; routed to SH_COREDO
proactive,104,17,proactive,1,SH_COREDO,6.0,2.0,vuln 0.81 >= 0.55 and forecast 1.65 >= 0.8; pre-positioned to SH_COREDO
proactive,105,17,proactive,1,SH_BRIDGE_PLAZA,17.0,6.0,proactive fallback: exposure 1.49 > 1.0; routed to SH_BRIDGE_PLAZA
proactive,106,17,proactive,1,SH_COREDO,6.0,2.0,proactive fallback: exposure 1.80 > 1.0; routed to SH_COREDO
proactive,107,17,proactive,1,SH_COREDO,6.0,2.0,vuln 0.56 >= 0.55 and forecast 1.26 >= 0.8; pre-positioned to SH_COREDO
proactive,108,17,proactive,1,SH_SUBWAY_EXIT,13.0,3.0,proactive fallback: exposure 1.84 > 1.0; routed to SH_SUBWAY_EXIT
proactive,109,17,proactive,1,SH_SUBWAY_EXIT,13.0,3.0,proactive fallback: exposure 1.76 > 1.0; routed to SH_SUBWAY_EXIT
proactive,110,17,proactive,1,SH_BANK_HALL,10.0,7.0,proactive fallback: exposure 1.43 > 1.0; routed to SH_BANK_HALL
proactive,111,17,proactive,1,SH_BRIDGE_PLAZA,17.0,6.0,proactive fallback: exposure 1.57 > 1.0; routed to SH_BRIDGE_PLAZA
proactive,112,17,proactive,1,SH_SUBWAY_EXIT,13.0,3.0,vuln 0.89 >= 0.55 and forecast 1.60 >= 0.8; pre-positioned to SH_SUBWAY_EXIT
proactive,113,17,proactive,1,SH_BANK_HALL,10.0,7.0,proactive fallback: exposure 1.53 > 1.0; routed to SH_BANK_HALL
proactive,114,17,proactive,1,SH_BRIDGE_PLAZA,17.0,6.0,vuln 0.86 >= 0.55 and forecast 1.07 >= 0.8; pre-positioned to SH_BRIDGE_PLAZA
proactive,115,17,proactive,1,SH_BANK_HALL,10.0,7.0,proactive fallback: exposure 1.50 > 1.0; routed to SH_BANK_HALL
proactive,116,17,proactive,1,SH_BRIDGE_PLAZA,17.0,6.0,vuln 0.58 >= 0.55 and forecast 1.10 >= 0.8; pre-positioned to SH_BRIDGE_PLAZA
proactive,117,17,proactive,1,SH_BRIDGE_PLAZA,17.0,6.0,proactive fallback: exposure 1.53 > 1.0; routed to SH_BRIDGE_PLAZA
proactive,118,17,proactive,1,,,,"no action: vuln 0.21, forecast 1.55, exposure 1.87"
proactive,119,17,proactive,1,,,,"no action: vuln 0.90, forecast 1.06, exposure 1.37"
proactive,120,17,proactive,1,,,,"no action: vuln 0.53, forecast 1.62, exposure 1.84"
proactive,121,17,proactive,1,,,,"no action: vuln 0.43, forecast 1.70, exposure 1.83"
proactive,122,17,proactive,1,,,,"no action: vuln 0.32, forecast 1.08, exposure 1.42"
proactive,123,17,proactive,1,,,,"no action: vuln 0.70, forecast 1.18, exposure 1.39"
proactive,124,17,proactive,1,,,,"no action: vuln 0.56, forecast 1.10, exposure 1.31"
proactive,125,17,proactive,1,,,,"no action: vuln 0.85, forecast 1.65, exposure 1.92"
proactive,126,17,proactive,1,,,,"no action: vuln 0.55, forecast 1.36, exposure 1.56"
proactive,127,17,proactive,1,,,,"no action: vuln 0.77, forecast 1.69, exposure 1.92"
proactive,128,17,proactive,1,,,,"no action: vuln 0.74, forecast 1.15, exposure 1.34"
proactive,129,17,proactive,1,,,,"no action: vuln 0.19, forecast 1.07, exposure 1.24"
proactive,130,17,proactive,1,,,,"no action: vuln 0.60, forecast 1.53, exposure 1.86"
proactive,131,17,proactive,1,,,,"no action: vuln 0.67, forecast 1.28, exposure 1.67"
proactive,132,17,proactive,1,,,,"no action: vuln 0.27, forecast 1.34, exposure 1.60"
proactive,133,17,proactive,1,,,,"no action: vuln 0.23, forecast 1.05, exposure 1.29"
proactive,134,17,proactive,1,,,,"no action: vuln 0.21, forecast 1.27, exposure 1.53"
proactive,135,17,proactive,1,,,,"no action: vuln 0.49, forecast 1.32, exposure 1.59"
proactive,136,17,proactive,1,,,,"no action: vuln 0.58, forecast 1.33, exposure 1.53"
proactive,137,17,proactive,1,,,,"no action: vuln 0.18, forecast 1.25, exposure 1.53"
proactive,138,17,proactive,1,,,,"no action: vuln 0.30, forecast 1.34, exposure 1.54"
proactive,139,17,proactive,1,,,,"no action: vuln 0.28, forecast 1.58, exposure 1.80"
proactive,140,17,proactive,1,,,,"no action: vuln 0.30, forecast 0.97, exposure 1.39"
proactive,141,17,proactive,1,,,,"no action: vuln 0.24, forecast 1.36, exposure 1.55"
proactive,142,17,proactive,1,,,,"no action: vuln 0.26, forecast 1.35, exposure 1.54"
proactive,143,17,proactive,1,,,,"no action: vuln 0.20, forecast 1.02, exposure 1.40"
proactive,144,17,proactive,1,,,,"no action: vuln 0.83, forecast 1.56, exposure 1.85"
proactive,145,17,proactive,1,,,,"no action: vuln 0.23, forecast 1.65, exposure 1.84"
proactive,146,17,proactive,1,,,,"no action: vuln 0.23, forecast 1.63, exposure 1.79"
proactive,147,17,proactive,1,,,,"no action: vuln 0.19, forecast 1.61, exposure 1.85"
proactive,148,17,proactive,1,,,,"no action: vuln 0.33, forecast 1.63, exposure 1.82"
proactive,149,17,proactive,1,,,,"no action: vuln 0.59, forecast 1.56, exposure 1.78"
proactive,150,17,proactive,1,,,,"no action: vuln 0.34, forecast 1.55, exposure 1.74"
proactive,151,17,proactive,1,,,,"no action: vuln 0.24, forecast 1.58, exposure 1.80"
proactive,152,17,proactive,1,,,,"no action: vuln 0.31, forecast 1.58, exposure 1.80"
proactive,153,17,proactive,1,,,,"no action: vuln 0.30, forecast 1.15, exposure 1.34"
proactive,154,17,proactive,1,,,,"no action: vuln 0.52, forecast 1.32, exposure 1.71"
proactive,155,17,proactive,1,,,,"no action: vuln 0.27, forecast 1.37, exposure 1.55"
proactive,156,17,proactive,1,,,,"no action: vuln 0.22, forecast 1.32, exposure 1.59"
proactive,157,17,proactive,1,,,,"no action: vuln 0.78, forecast 1.34, exposure 1.60"
proactive,158,17,proactive,1,,,,"no action: vuln 0.22, forecast 1.02, exposure 1.44"
proactive,159,17,proactive,1,,,,"no action: vuln 0.25, forecast 1.56, exposure 1.77"
proactive,160,17,proactive,1,,,,"no action: vuln 0.24, forecast 1.34, exposure 1.53"
proactive,161,17,proactive,1,,,,"no action: vuln 0.27, forecast 1.54, exposure 1.85"
proactive,162,17,proactive,1,,,,"no action: vuln 0.56, forecast 1.58, exposure 1.80"
proactive,163,17,proactive,1,,,,"no action: vuln 0.26, forecast 1.16, exposure 1.57"
proactive,164,17,proactive,1,,,,"no action: vuln 0.22, forecast 1.48, exposure 1.82"
proactive,165,17,proactive,1,,,,"no action: vuln 0.27, forecast 1.29, exposure 1.52"
proactive,166,17,proactive,1,,,,"no action: vuln 0.31, forecast 1.34, exposure 1.53"
proactive,167,17,proactive,1,,,,"no action: vuln 0.56, forecast 1.33, exposure 1.54"
proactive,168,17,proactive,1,,,,"no action: vuln 0.29, forecast 1.06, exposure 1.37"
proactive,169,17,proactive,1,,,,"no action: vuln 0.20, forecast 1.56, exposure 1.78"
proactive,170,17,proactive,1,,,,"no action: vuln 0.26, forecast 1.11, exposure 1.27"
proactive,171,17,proactive,1,,,,"no action: vuln 0.54, forecast 1.61, exposure 1.77"
proactive,172,17,proactive,1,,,,"no action: vuln 0.20, forecast 1.36, exposure 1.55"
proactive,173,17,proactive,1,,,,"no action: vuln 0.74, forecast 1.10, exposure 1.34"
proactive,174,17,proactive,1,,,,"no action: vuln 0.59, forecast 1.36, exposure 1.55"
proactive,175,17,proactive,1,,,,"no action: vuln 0.28, forecast 1.53, exposure 1.93"
proactive,176,17,proactive,1,,,,"no action: vuln 0.20, forecast 1.53, exposure 1.82"
proactive,177,17,proactive,1,,,,"no action: vuln 0.26, forecast 1.32, exposure 1.53"
proactive,178,17,proactive,1,,,,"no action: vuln 0.30, forecast 1.35, exposure 1.57"
proactive,179,17,proactive,1,,,,"no action: vuln 0.38, forecast 1.27, exposure 1.53"
proactive,180,17,proactive,1,,,,"no action: vuln 0.71, forecast 1.02, exposure 1.34"
proactive,181,17,proactive,1,,,,"no action: vuln 0.52, forecast 1.63, exposure 1.82"
proactive,182,17,proactive,1,,,,"no action: vuln 0.22, forecast 1.34, exposure 1.54"
proactive,183,17,proactive,1,,,,"no action: vuln 0.24, forecast 1.26, exposure 1.49"
proactive,184,17,proactive,1,,,,"no action: vuln 0.21, forecast 1.32, exposure 1.71"
proactive,185,17,proactive,1,,,,"no action: vuln 0.90, forecast 1.60, exposure 1.85"
proactive,186,17,proactive,1,,,,"no action: vuln 0.27, forecast 1.58, exposure 1.77"
proactive,187,17,proactive,1,,,,"no action: vuln 0.23, forecast 1.40, exposure 1.65"
proactive,188,17,proactive,1,,,,"no action: vuln 0.26, forecast 1.70, exposure 1.83"
proactive,189,17,proactive,1,,,,"no action: vuln 0.25, forecast 1.02, exposure 1.31"
proactive,190,17,proactive,1,,,,"no action: vuln 0.74, forecast 1.08, exposure 1.38"
proactive,191,17,proactive,1,,,,"no action: vuln 0.24, forecast 1.08, exposure 1.38"
proactive,192,17,proactive,1,,,,"no action: vuln 0.26, forecast 1.17, exposure 1.56"
proactive,193,17,proactive,1,,,,"no action: vuln 0.31, forecast 1.35, exposure 1.43"
proactive,194,17,proactive,1,,,,"no action: vuln 0.74, forecast 1.60, exposure 1.90"
proactive,195,17,proactive,1,,,,"no action: vuln 0.26, forecast 1.37, exposure 1.53"
proactive,196,17,proactive,1,,,,"no action: vuln 0.22, forecast 1.24, exposure 1.52"
proactive,197,17,proactive,1,,,,"no action: vuln 0.56, forecast 1.10, exposure 1.45"
proactive,198,17,proactive,1,,,,"no action: vuln 0.25, forecast 1.24, exposure 1.52"
proactive,199,17,proactive,1,,,,"no action: vuln 0.29, forecast 1.16, exposure 1.57"
proactive,200,17,proactive,1,,,,"no action: vuln 0.26, forecast 1.24, exposure 1.52"
proactive,201,17,proactive,1,,,,"no action: vuln 0.45, forecast 1.58, exposure 1.80"
proactive,202,17,proactive,1,,,,"no action: vuln 0.16, forecast 1.18, exposure 1.39"
proactive,203,17,proactive,1,,,,"no action: vuln 0.56, forecast 1.63, exposure 1.82"
proactive,204,17,proactive,1,,,,"no action: vuln 0.33, forecast 1.15, exposure 1.34"
proactive,205,17,proactive,1,,,,"no action: vuln 0.79, forecast 1.03, exposure 1.39"
proactive,206,17,proactive,1,,,,"no action: vuln 0.59, forecast 1.34, exposure 1.60"
proactive,207,17,proactive,1,,,,"no action: vuln 0.29, forecast 1.63, exposure 1.76"
proactive,208,17,proactive,1,,,,"no action: vuln 0.40, forecast 1.62, exposure 1.84"
proactive,209,17,proactive,1,,,,"no action: vuln 0.27, forecast 1.61, exposure 1.85"
proactive,210,17,proactive,1,,,,"no action: vuln 0.90, forecast 1.17, exposure 1.56"
proactive,211,17,proactive,1,,,,"no action: vuln 0.27, forecast 1.58, exposure 1.76"
proactive,212,17,proactive,1,,,,"no action: vuln 0.25, forecast 1.24, exposure 1.52"
proactive,213,17,proactive,1,,,,"no action: vuln 0.68, forecast 1.28, exposure 1.50"
proactive,214,17,proactive,1,,,,"no action: vuln 0.30, forecast 1.64, exposure 1.79"
proactive,215,17,proactive,1,,,,"no action: vuln 0.22, forecast 1.59, exposure 1.90"
proactive,216,17,proactive,1,,,,"no action: vuln 0.37, forecast 1.37, exposure 1.53"
proactive,217,17,proactive,1,,,,"no action: vuln 0.25, forecast 1.26, exposure 1.53"
proactive,218,17,proactive,1,,,,"no action: vuln 0.28, forecast 1.02, exposure 1.31"
proactive,219,17,proactive,1,,,,"no action: vuln 0.56, forecast 1.60, exposure 1.90"
proactive,220,17,proactive,1,,,,"no action: vuln 0.69, forecast 1.13, exposure 1.36"
proactive,221,17,proactive,1,,,,"no action: vuln 0.88, forecast 1.62, exposure 1.78"
proactive,222,17,proactive,1,,,,"no action: vuln 0.30, forecast 1.10, exposure 1.34"
proactive,223,17,proactive,1,,,,"no action: vuln 0.19, forecast 1.60, exposure 1.83"
proactive,224,17,proactive,1,,,,"no action: vuln 0.23, forecast 1.04, exposure 1.39"
proactive,225,17,proactive,1,,,,"no action: vuln 0.22, forecast 1.07, exposure 1.25"
proactive,226,17,proactive,1,,,,"no action: vuln 0.69, forecast 1.31, exposure 1.57"
proactive,227,17,proactive,1,,,,"no action: vuln 0.76, forecast 1.06, exposure 1.37"
proactive,228,17,proactive,1,,,,"no action: vuln 0.57, forecast 1.36, exposure 1.56"
proactive,229,17,proactive,1,,,,"no action: vuln 0.50, forecast 1.34, exposure 1.60"
proactive,230,17,proactive,1,,,,"no action: vuln 0.24, forecast 1.29, exposure 1.46"
proactive,231,17,proactive,1,,,,"no action: vuln 0.22, forecast 1.34, exposure 1.60"
proactive,232,17,proactive,1,,,,"no action: vuln 0.18, forecast 1.63, exposure 1.82"
proactive,233,17,proactive,1,,,,"no action: vuln 0.29, forecast 1.60, exposure 1.90"
proactive,234,17,proactive,1,,,,"no action: vuln 0.29, forecast 1.29, exposure 1.52"
proactive,235,17,proactive,1,,,,"no action: vuln 0.35, forecast 1.13, exposure 1.36"
proactive,236,17,proactive,1,,,,"no action: vuln 0.28, forecast 1.61, exposure 1.79"
proactive,237,17,proactive,1,,,,"no action: vuln 0.58, forecast 1.61, exposure 1.85"
proactive,238,17,proactive,1,,,,"no action: vuln 0.54, forecast 1.54, exposure 1.85"
proactive,239,17,proactive,1,,,,"no action: vuln 0.60, forecast 1.13, exposure 1.36"
proactive,0,18,proactive,1,SH_SUBWAY_EXIT,13.0,3.0,proactive fallback: exposure 1.60 > 1.0; routed to SH_SUBWAY_EXIT
proactive,1,18,proactive,1,SH_BRIDGE_PLAZA,17.0,6.0,proactive fallback: exposure 1.04 > 1.0; routed to SH_BRIDGE_PLAZA
proactive,2,18,proactive,1,SH_COREDO,6.0,2.0,vuln 0.72 >= 0.55 and forecast 0.99 >= 0.8; pre-positioned to SH_COREDO
proactive,3,18,proactive,1,SH_BRIDGE_PLAZA,17.0,6.0,proactive fallback: exposure 1.56 > 1.0; routed to SH_BRIDGE_PLAZA
proactive,4,18,proactive,1,SH_COREDO,6.0,2.0,proactive fallback: exposure 1.54 > 1.0; routed to SH_COREDO
proactive,5,18,proactive,1,SH_COREDO,6.0,2.0,vuln 0.77 >= 0.55 and forecast 1.24 >= 0.8; pre-positioned to SH_COREDO
proactive,6,18,proactive,1,SH_COREDO,6.0,2.0,vuln 0.69 >= 0.55 and forecast 1.35 >= 0.8; pre-positioned to SH_COREDO
proactive,7,18,proactive,1,SH_SUBWAY_EXIT,13.0,3.0,proactive fallback: exposure 1.56 > 1.0; routed to SH_SUBWAY_EXIT
proactive,8,18,proactive,1,SH_COREDO,6.0,2.0,vuln 0.63 >= 0.55 and forecast 1.27 >= 0.8; pre-positioned to SH_COREDO
proactive,9,18,proactive,1,SH_COREDO,6.0,2.0,proactive fallback: exposure 1.57 > 1.0; routed to SH_COREDO
proactive,10,18,proactive,1,SH_BRIDGE_PLAZA,17.0,6.0,proactive fallback: exposure 1.16 > 1.0; routed to SH_BRIDGE_PLAZA
proactive,11,18,proactive,1,SH_BANK_HALL,10.0,7.0,proactive fallback: exposure 1.57 > 1.0; routed to SH_BANK_HALL
proactive,12,18,proactive,1,SH_BANK_HALL,10.0,7.0,proactive fallback: exposure 1.06 > 1.0; routed to SH_BANK_HALL
proactive,13,18,proactive,1,SH_BRIDGE_PLAZA,17.0,6.0,proactive fallback: exposure 1.27 > 1.0; routed to SH_BRIDGE_PLAZA
proactive,14,18,proactive,1,SH_BRIDGE_PLAZA,17.0,6.0,proactive fallback: exposure 1.15 > 1.0; routed to SH_BRIDGE_PLAZA
proactive,15,18,proactive,1,SH_SUBWAY_EXIT,13.0,3.0,proactive fallback: exposure 1.28 > 1.0; routed to SH_SUBWAY_EXIT
proactive,16,18,proactive,1,SH_MITSUKOSHI,2.0,7.0,vuln 0.73 >= 0.55 and forecast 1.01 >= 0.8; pre-positioned to SH_MITSUKOSHI
proactive,17,18,proactive,1,SH_BRIDGE_PLAZA,17.0,6.0,vuln 0.69 >= 0.55 and forecast 1.38 >= 0.8; pre-positioned to SH_BRIDGE_PLAZA
proactive,18,18,proactive,1,SH_BRIDGE_PLAZA,17.0,6.0,proactive fallback: exposure 1.02 > 1.0; routed to SH_BRIDGE_PLAZA
proactive,19,18,proactive,1,SH_BANK_HALL,10.0,7.0,vuln 0.59 >= 0.55 and forecast 0.94 >= 0.8; pre-positioned to SH_BANK_HALL
proactive,20,18,proactive,1,SH_SUBWAY_EXIT,13.0,3.0,proactive fallback: exposure 1.18 > 1.0; routed to SH_SUBWAY_EXIT
proactive,21,18,proactive,1,SH_SUBWAY_EXIT,13.0,3.0,proactive fallback: exposure 1.69 > 1.0; routed to SH_SUBWAY_EXIT
proactive,22,18,proactive,1,SH_MITSUKOSHI,2.0,7.0,proactive fallback: exposure 1.10 > 1.0; routed to SH_MITSUKOSHI
proactive,23,18,proactive,1,SH_BANK_HALL,10.0,7.0,vuln 0.69 >= 0.55 and forecast 0.96 >= 0.8; pre-positioned to SH_BANK_HALL
proactive,24,18,proactive,1,SH_COREDO,6.0,2.0,proactive fallback: exposure 1.53 > 1.0; routed to SH_COREDO
proactive,25,18,proactive,1,SH_MITSUKOSHI,2.0,7.0,proactive fallback: exposure 1.29 > 1.0; routed to SH_MITSUKOSHI
proactive,26,18,proactive,1,SH_MITSUKOSHI,2.0,7.0,proactive fallback: exposure 1.17 > 1.0; routed to SH_MITSUKOSHI
proactive,27,18,proactive,1,SH_COREDO,6.0,2.0,proactive fallback: exposure 1.56 > 1.0; routed to SH_COREDO
proactive,28,18,proactive,1,SH_MITSUKOSHI,2.0,7.0,proactive fallback: exposure 1.15 > 1.0; routed to SH_MITSUKOSHI
proactive,29,18,proactive,1,SH_MITSUKOSHI,2.0,7.0,proactive fallback: exposure 1.35 > 1.0; routed to SH_MITSUKOSHI
proactive,30,18,proactive,1,SH_SUBWAY_EXIT,13.0,3.0,proactive fallback: exposure 1.32 > 1.0; routed to SH_SUBWAY_EXIT
proactive,31,18,proactive,1,SH_BRIDGE_PLAZA,17.0,6.0,proactive fallback: exposure 1.28 > 1.0; routed to SH_BRIDGE_PLAZA
proactive,32,18,proactive,1,SH_COREDO,6.0,2.0,proactive fallback: exposure 1.25 > 1.0; routed to SH_COREDO
proactive,33,18,proactive,1,SH_BANK_HALL,10.0,7.0,proactive fallback: exposure 1.13 > 1.0; routed to SH_BANK_HALL
proactive,34,18,proactive,1,SH_BRIDGE_PLAZA,17.0,6.0,vuln 0.66 >= 0.55 and forecast 0.84 >= 0.8; pre-positioned to SH_BRIDGE_PLAZA
proactive,35,18,proactive,1,SH_BANK_HALL,10.0,7.0,proactive fallback: exposure 1.57 > 1.0; routed to SH_BANK_HALL
proactive,36,18,proactive,1,SH_COREDO,6.0,2.0,proactive fallback: exposure 1.53 > 1.0; routed to SH_COREDO
proactive,37,18,proactive,1,SH_MITSUKOSHI,2.0,7.0,vuln 0.86 >= 0.55 and forecast 1.05 >= 0.8; pre-positioned to SH_MITSUKOSHI
proactive,38,18,proactive,1,SH_COREDO,6.0,2.0,proactive fallback: exposure 1.36 > 1.0; routed to SH_COREDO
proactive,39,18,proactive,1,SH_BANK_HALL,10.0,7.0,proactive fallback: exposure 1.10 > 1.0; routed to SH_BANK_HALL
proactive,40,18,proactive,1,SH_COREDO,6.0,2.0,vuln 0.58 >= 0.55 and forecast 0.93 >= 0.8; pre-positioned to SH_COREDO
proactive,41,18,proactive,1,SH_COREDO,6.0,2.0,proactive fallback: exposure 1.63 > 1.0; routed to SH_COREDO
proactive,42,18,proactive,1,SH_BRIDGE_PLAZA,17.0,6.0,vuln 0.94 >= 0.55 and forecast 1.00 >= 0.8; pre-positioned to SH_BRIDGE_PLAZA
proactive,43,18,proactive,1,SH_BRIDGE_PLAZA,17.0,6.0,proactive fallback: exposure 1.04 > 1.0; routed to SH_BRIDGE_PLAZA
proactive,44,18,proactive,1,SH_SUBWAY_EXIT,13.0,3.0,proactive fallback: exposure 1.58 > 1.0; routed to SH_SUBWAY_EXIT
proactive,45,18,proactive,1,SH_COREDO,6.0,2.0,proactive fallback: exposure 1.61 > 1.0; routed to SH_COREDO
proactive,46,18,proactive,1,SH_BRIDGE_PLAZA,17.0,6.0,proactive fallback: exposure 1.62 > 1.0; routed to SH_BRIDGE_PLAZA
proactive,47,18,proactive,1,SH_BANK_HALL,10.0,7.0,proactive fallback: exposure 1.32 > 1.0; routed to SH_BANK_HALL
proactive,48,18,proactive,1,SH_BRIDGE_PLAZA,17.0,6.0,proactive fallback: exposure 1.22 > 1.0; routed to SH_BRIDGE_PLAZA
proactive,49,18,proactive,1,SH_BRIDGE_PLAZA,17.0,6.0,vuln 0.76 >= 0.55 and forecast 1.00 >= 0.8; pre-positioned to SH_BRIDGE_PLAZA
proactive,50,18,proactive,1,SH_BANK_HALL,10.0,7.0,proactive fallback: exposure 1.11 > 1.0; routed to SH_BANK_HALL
proactive,51,18,proactive,1,SH_COREDO,6.0,2.0,proactive fallback: exposure 1.66 > 1.0; routed to SH_COREDO
proactive,52,18,proactive,0,,,,"no action: vuln 0.32, forecast 0.88, exposure 0.97"
proactive,53,18,proactive,1,SH_BRIDGE_PLAZA,17.0,6.0,proactive fallback: exposure 1.26 > 1.0; routed to SH_BRIDGE_PLAZA
proactive,54,18,proactive,1,SH_BANK_HALL,10.0,7.0,proactive fallback: exposure 1.23 > 1.0; routed to SH_BANK_HALL
proactive,55,18,proactive,1,SH_BANK_HALL,10.0,7.0,proactive fallback: exposure 1.61 > 1.0; routed to SH_BANK_HALL
proactive,56,18,proactive,1,SH_BANK_HALL,10.0,7.0,vuln 0.74 >= 0.55 and forecast 1.27 >= 0.8; pre-positioned to SH_BANK_HALL
proactive,57,18,proactive,1,SH_BANK_HALL,10.0,7.0,proactive fallback: exposure 1.53 > 1.0; routed to SH_BANK_HALL
proactive,58,18,proactive,1,SH_BANK_HALL,10.0,7.0,proactive fallback: exposure 1.37 > 1.0; routed to SH_BANK_HALL
proactive,59,18,proactive,1,SH_BRIDGE_PLAZA,17.0,6.0,proactive fallback: exposure 1.63 > 1.0; routed to SH_BRIDGE_PLAZA
proactive,60,18,proactive,1,SH_BRIDGE_PLAZA,17.0,6.0,proactive fallback: exposure 1.33 > 1.0; routed to SH_BRIDGE_PLAZA
proactive,61,18,proactive,1,SH_BRIDGE_PLAZA,17.0,6.0,proactive fallback: exposure 1.55 > 1.0; routed to SH_BRIDGE_PLAZA
proactive,62,18,proactive,1,SH_BRIDGE_PLAZA,17.0,6.0,vuln 0.78 >= 0.55 and forecast 1.26 >= 0.8; pre-positioned to SH_BRIDGE_PLAZA
proactive,63,18,proactive,1,SH_BRIDGE_PLAZA,17.0,6.0,vuln 0.77 >= 0.55 and forecast 1.33 >= 0.8; pre-positioned to SH_BRIDGE_PLAZA
proactive,64,18,proactive,1,SH_BRIDGE_PLAZA,17.0,6.0,proactive fallback: exposure 1.28 > 1.0; routed to SH_BRIDGE_PLAZA
proactive,65,18,proactive,1,,,,"no action: vuln 0.18, forecast 0.81, exposure 1.18"
proactive,66,18,proactive,1,,,,"no action: vuln 0.75, forecast 0.79, exposure 1.13"
proactive,67,18,proactive,1,,,,"no action: vuln 0.27, forecast 1.09, exposure 1.26"
proactive,68,18,proactive,1,,,,"no action: vuln 0.26, forecast 1.30, exposure 1.56"
proactive,69,18,proactive,1,,,,"no action: vuln 0.35, forecast 0.94, exposure 1.32"
proactive,70,18,proactive,0,,,,"no action: vuln 0.19, forecast 0.88, exposure 0.97"
proactive,71,18,proactive,1,,,,"no action: vuln 0.23, forecast 1.29, exposure 1.57"
proactive,72,18,proactive,1,,,,"no action: vuln 0.31, forecast 0.81, exposure 1.02"
proactive,73,18,proactive,1,,,,"no action: vuln 0.29, forecast 1.05, exposure 1.35"
proactive,74,18,proactive,1,,,,"no action: vuln 0.75, forecast 0.83, exposure 1.10"
proactive,75,18,proactive,1,,,,"no action: vuln 0.86, forecast 1.30, exposure 1.62"
proactive,76,18,proactive,1,,,,"no action: vuln 0.24, forecast 0.86, exposure 1.06"
proactive,77,18,proactive,1,,,,"no action: vuln 0.57, forecast 1.37, exposure 1.70"
proactive,78,18,proactive,1,,,,"no action: vuln 0.26, forecast 1.35, exposure 1.61"
proactive,79,18,proactive,1,,,,"no action: vuln 0.31, forecast 0.83, exposure 1.08"
proactive,80,18,proactive,1,,,,"no action: vuln 0.24, forecast 1.22, exposure 1.60"
proactive,81,18,proactive,1,,,,"no action: vuln 0.75, forecast 0.84, exposure 1.07"
proactive,82,18,proactive,1,,,,"no action: vuln 0.21, forecast 1.30, exposure 1.62"
proactive,83,18,proactive,1,,,,"no action: vuln 0.24, forecast 1.20, exposure 1.63"
proactive,84,18,proactive,1,,,,"no action: vuln 0.76, forecast 1.00, exposure 1.32"
proactive,85,18,proactive,1,,,,"no action: vuln 0.21, forecast 0.78, exposure 1.11"
proactive,86,18,proactive,1,,,,"no action: vuln 0.26, forecast 0.98, exposure 1.29"
proactive,87,18,proactive,1,,,,"no action: vuln 0.87, forecast 0.79, exposure 1.17"
proactive,88,18,proactive,1,,,,"no action: vuln 0.23, forecast 0.81, exposure 1.18"
proactive,89,18,proactive,1,,,,"no action: vuln 0.22, forecast 1.23, exposure 1.66"
proactive,90,18,proactive,1,,,,"no action: vuln 0.73, forecast 0.81, exposure 1.05"
proactive,91,18,proactive,1,,,,"no action: vuln 0.27, forecast 1.24, exposure 1.53"
proactive,92,18,proactive,1,,,,"no action: vuln 0.20, forecast 1.00, exposure 1.36"
proactive,93,18,proactive,1,,,,"no action: vuln 0.20, forecast 0.76, exposure 1.03"
proactive,94,18,proactive,1,,,,"no action: vuln 0.70, forecast 0.83, exposure 1.15"
proactive,95,18,proactive,1,,,,"no action: vuln 0.25, forecast 1.41, exposure 1.55"
proactive,96,18,proactive,1,,,,"no action: vuln 0.50, forecast 0.83, exposure 1.08"
proactive,97,18,proactive,1,,,,"no action: vuln 0.27, forecast 1.33, exposure 1.58"
proactive,98,18,proactive,1,,,,"no action: vuln 0.22, forecast 0.99, exposure 1.25"
proactive,99,18,proactive,1,,,,"no action: vuln 0.72, forecast 1.03, exposure 1.34"
proactive,100,18,proactive,1,,,,"no action: vuln 0.48, forecast 1.00, exposure 1.27"
proactive,101,18,proactive,1,,,,"no action: vuln 0.81, forecast 1.34, exposure 1.69"
proactive,102,18,proactive,1,,,,"no action: vuln 0.94, forecast 0.80, exposure 1.06"
proactive,103,18,proactive,1,,,,"no action: vuln 0.30, forecast 1.32, exposure 1.61"
proactive,104,18,proactive,1,,,,"no action: vuln 0.81, forecast 0.93, exposure 1.38"
proactive,105,18,proactive,1,,,,"no action: vuln 0.23, forecast 1.06, exposure 1.28"
proactive,106,18,proactive,1,,,,"no action: vuln 0.51, forecast 1.04, exposure 1.35"
proactive,107,18,proactive,1,,,,"no action: vuln 0.56, forecast 0.97, exposure 1.33"
proactive,108,18,proactive,1,,,,"no action: vuln 0.23, forecast 1.35, exposure 1.65"
proactive,109,18,proactive,1,,,,"no action: vuln 0.30, forecast 0.94, exposure 1.34"
proactive,110,18,proactive,1,,,,"no action: vuln 0.27, forecast 1.09, exposure 1.26"
proactive,111,18,proactive,1,,,,"no action: vuln 0.53, forecast 0.80, exposure 1.07"
proactive,112,18,proactive,1,,,,"no action: vuln 0.89, forecast 1.06, exposure 1.33"
proactive,113,18,proactive,0,,,,"no action: vuln 0.52, forecast 0.88, exposure 0.97"
proactive,114,18,proactive,1,,,,"no action: vuln 0.86, forecast 0.85, exposure 1.15"
proactive,115,18,proactive,1,,,,"no action: vuln 0.32, forecast 0.96, exposure 1.22"
proactive,116,18,proactive,1,,,,"no action: vuln 0.58, forecast 0.77, exposure 1.10"
proactive,117,18,proactive,1,,,,"no action: vuln 0.24, forecast 1.16, exposure 1.62"
proactive,118,18,proactive,1,,,,"no action: vuln 0.21, forecast 1.00, exposure 1.27"
proactive,119,18,proactive,1,,,,"no action: vuln 0.90, forecast 0.85, exposure 1.10"
proactive,120,18,proactive,1,,,,"no action: vuln 0.53, forecast 1.04, exposure 1.28"
proactive,121,18,proactive,1,,,,"no action: vuln 0.43, forecast 1.32, exposure 1.65"
proactive,122,18,proactive,1,,,,"no action: vuln 0.32, forecast 0.80, exposure 1.06"
proactive,123,18,proactive,1,,,,"no action: vuln 0.70, forecast 0.81, exposure 1.18"
proactive,124,18,proactive,1,,,,"no action: vuln 0.56, forecast 0.82, exposure 1.10"
proactive,125,18,proactive,1,,,,"no action: vuln 0.85, forecast 1.26, exposure 1.61"
proactive,126,18,proactive,1,,,,"no action: vuln 0.55, forecast 0.91, exposure 1.30"
proactive,127,18,proactive,1,,,,"no action: vuln 0.77, forecast 1.33, exposure 1.56"
proactive,128,18,proactive,1,,,,"no action: vuln 0.74, forecast 0.81, exposure 1.00"
proactive,129,18,proactive,1,,,,"no action: vuln 0.19, forecast 0.80, exposure 1.06"
proactive,130,18,proactive,1,,,,"no action: vuln 0.60, forecast 1.38, exposure 1.62"
proactive,131,18,proactive,1,,,,"no action: vuln 0.67, forecast 1.12, exposure 1.28"
proactive,132,18,proactive,1,,,,"no action: vuln 0.27, forecast 1.35, exposure 1.65"
proactive,133,18,proactive,1,,,,"no action: vuln 0.23, forecast 0.78, exposure 1.11"
proactive,134,18,proactive,1,,,,"no action: vuln 0.21, forecast 1.01, exposure 1.27"
proactive,135,18,proactive,1,,,,"no action: vuln 0.49, forecast 0.79, exposure 1.17"
proactive,136,18,proactive,1,,,,"no action: vuln 0.58, forecast 1.03, exposure 1.34"
proactive,137,18,proactive,1,,,,"no action: vuln 0.18, forecast 0.98, exposure 1.29"
proactive,138,18,proactive,1,,,,"no action: vuln 0.30, forecast 0.98, exposure 1.34"
proactive,139,18,proactive,1,,,,"no action: vuln 0.28, forecast 1.30, exposure 1.62"
proactive,140,18,proactive,1,,,,"no action: vuln 0.30, forecast 0.78, exposure 1.07"
proactive,141,18,proactive,1,,,,"no action: vuln 0.24, forecast 0.77, exposure 1.04"
proactive,142,18,proactive,1,,,,"no action: vuln 0.26, forecast 1.07, exposure 1.36"
proactive,143,18,proactive,1,,,,"no action: vuln 0.20, forecast 0.86, exposure 1.14"
proactive,144,18,proactive,1,,,,"no action: vuln 0.83, forecast 1.33, exposure 1.58"
proactive,145,18,proactive,1,,,,"no action: vuln 0.23, forecast 1.28, exposure 1.63"
proactive,146,18,proactive,1,,,,"no action: vuln 0.23, forecast 1.24, exposure 1.57"
proactive,147,18,proactive,1,,,,"no action: vuln 0.19, forecast 1.28, exposure 1.63"
proactive,148,18,proactive,1,,,,"no action: vuln 0.33, forecast 1.20, exposure 1.61"
proactive,149,18,proactive,1,,,,"no action: vuln 0.59, forecast 1.03, exposure 1.41"
proactive,150,18,proactive,1,,,,"no action: vuln 0.34, forecast 1.20, exposure 1.63"
proactive,151,18,proactive,1,,,,"no action: vuln 0.24, forecast 1.32, exposure 1.59"
proactive,152,18,proactive,1,,,,"no action: vuln 0.31, forecast 1.16, exposure 1.62"
proactive,153,18,proactive,1,,,,"no action: vuln 0.30, forecast 0.77, exposure 1.04"
proactive,154,18,proactive,1,,,,"no action: vuln 0.52, forecast 1.12, exposure 1.28"
proactive,155,18,proactive,1,,,,"no action: vuln 0.27, forecast 1.34, exposure 1.69"
proactive,156,18,proactive,1,,,,"no action: vuln 0.22, forecast 0.79, exposure 1.17"
proactive,157,18,proactive,1,,,,"no action: vuln 0.78, forecast 1.01, exposure 1.24"
proactive,158,18,proactive,1,,,,"no action: vuln 0.22, forecast 0.81, exposure 1.07"
proactive,159,18,proactive,1,,,,"no action: vuln 0.25, forecast 1.20, exposure 1.63"
proactive,160,18,proactive,1,,,,"no action: vuln 0.24, forecast 1.01, exposure 1.24"
proactive,161,18,proactive,1,,,,"no action: vuln 0.27, forecast 1.00, exposure 1.27"
proactive,162,18,proactive,1,,,,"no action: vuln 0.56, forecast 1.37, exposure 1.65"
proactive,163,18,proactive,1,,,,"no action: vuln 0.26, forecast 1.00, exposure 1.18"
proactive,164,18,proactive,1,,,,"no action: vuln 0.22, forecast 1.06, exposure 1.28"
proactive,165,18,proactive,1,,,,"no action: vuln 0.27, forecast 1.01, exposure 1.24"
proactive,166,18,proactive,1,,,,"no action: vuln 0.31, forecast 1.25, exposure 1.53"
proactive,167,18,proactive,1,,,,"no action: vuln 0.56, forecast 1.00, exposure 1.36"
proactive,168,18,proactive,1,,,,"no action: vuln 0.29, forecast 0.72, exposure 1.10"
proactive,169,18,proactive,1,,,,"no action: vuln 0.20, forecast 1.19, exposure 1.60"
proactive,170,18,proactive,1,,,,"no action: vuln 0.26, forecast 0.76, exposure 1.10"
proactive,171,18,proactive,1,,,,"no action: vuln 0.54, forecast 1.35, exposure 1.61"
proactive,172,18,proactive,1,,,,"no action: vuln 0.20, forecast 1.12, exposure 1.28"
proactive,173,18,proactive,1,,,,"no action: vuln 0.74, forecast 0.77, exposure 1.09"
proactive,174,18,proactive,1,,,,"no action: vuln 0.59, forecast 1.26, exposure 1.57"
proactive,175,18,proactive,1,,,,"no action: vuln 0.28, forecast 1.30, exposure 1.64"
proactive,176,18,proactive,1,,,,"no action: vuln 0.20, forecast 1.27, exposure 1.57"
proactive,177,18,proactive,1,,,,"no action: vuln 0.26, forecast 0.93, exposure 1.38"
proactive,178,18,proactive,1,,,,"no action: vuln 0.30, forecast 1.05, exposure 1.35"
proactive,179,18,proactive,1,,,,"no action: vuln 0.38, forecast 0.95, exposure 1.35"
proactive,180,18,proactive,1,,,,"no action: vuln 0.71, forecast 0.85, exposure 1.13"
proactive,181,18,proactive,1,,,,"no action: vuln 0.52, forecast 1.38, exposure 1.62"
proactive,182,18,proactive,1,,,,"no action: vuln 0.22, forecast 0.96, exposure 1.22"
proactive,183,18,proactive,1,,,,"no action: vuln 0.24, forecast 1.00, exposure 1.36"
proactive,184,18,proactive,1,,,,"no action: vuln 0.21, forecast 0.96, exposure 1.16"
proactive,185,18,proactive,1,,,,"no action: vuln 0.90, forecast 1.27, exposure 1.55"
proactive,186,18,proactive,1,,,,"no action: vuln 0.27, forecast 1.34, exposure 1.60"
proactive,187,18,proactive,1,,,,"no action: vuln 0.23, forecast 1.30, exposure 1.64"
proactive,188,18,proactive,1,,,,"no action: vuln 0.26, forecast 1.16, exposure 1.62"
proactive,189,18,proactive,1,,,,"no action: vuln 0.25, forecast 0.83, exposure 1.15"
proactive,190,18,proactive,1,,,,"no action: vuln 0.74, forecast 1.03, exposure 1.34"
proactive,191,18,proactive,1,,,,"no action: vuln 0.24, forecast 0.99, exposure 1.16"
proactive,192,18,proactive,1,,,,"no action: vuln 0.26, forecast 0.98, exposure 1.30"
proactive,193,18,proactive,1,,,,"no action: vuln 0.31, forecast 0.83, exposure 1.08"
proactive,194,18,proactive,1,,,,"no action: vuln 0.74, forecast 0.93, exposure 1.38"
proactive,195,18,proactive,1,,,,"no action: vuln 0.26, forecast 1.29, exposure 1.57"
proactive,196,18,proactive,1,,,,"no action: vuln 0.22, forecast 0.72, exposure 1.10"
proactive,197,18,proactive,1,,,,"no action: vuln 0.56, forecast 0.81, exposure 1.07"
proactive,198,18,proactive,1,,,,"no action: vuln 0.25, forecast 1.38, exposure 1.60"
proactive,199,18,proactive,1,,,,"no action: vuln 0.29, forecast 1.03, exposure 1.41"
proactive,200,18,proactive,1,,,,"no action: vuln 0.26, forecast 1.25, exposure 1.53"
proactive,201,18,proactive,1,,,,"no action: vuln 0.45, forecast 1.20, exposure 1.61"
proactive,202,18,proactive,1,,,,"no action: vuln 0.16, forecast 0.81, exposure 1.18"
proactive,203,18,proactive,1,,,,"no action: vuln 0.56, forecast 1.41, exposure 1.55"
proactive,204,18,proactive,1,,,,"no action: vuln 0.33, forecast 0.85, exposure 1.15"
proactive,205,18,proactive,1,,,,"no action: vuln 0.79, forecast 0.76, exposure 1.09"
proactive,206,18,proactive,1,,,,"no action: vuln 0.59, forecast 0.99, exposure 1.16"
proactive,207,18,proactive,1,,,,"no action: vuln 0.29, forecast 1.23, exposure 1.58"
proactive,208,18,proactive,1,,,,"no action: vuln 0.40, forecast 1.12, exposure 1.28"
proactive,209,18,proactive,1,,,,"no action: vuln 0.27, forecast 1.00, exposure 1.23"
proactive,210,18,proactive,1,,,,"no action: vuln 0.90, forecast 1.01, exposure 1.27"
proactive,211,18,proactive,1,,,,"no action: vuln 0.27, forecast 1.31, exposure 1.58"
proactive,212,18,proactive,1,,,,"no action: vuln 0.25, forecast 1.03, exposure 1.26"
proactive,213,18,proactive,1,,,,"no action: vuln 0.68, forecast 1.28, exposure 1.63"
proactive,214,18,proactive,1,,,,"no action: vuln 0.30, forecast 1.32, exposure 1.61"
proactive,215,18,proactive,1,,,,"no action: vuln 0.22, forecast 1.38, exposure 1.62"
proactive,216,18,proactive,1,,,,"no action: vuln 0.37, forecast 1.01, exposure 1.37"
proactive,217,18,proactive,1,,,,"no action: vuln 0.25, forecast 1.04, exposure 1.35"
proactive,218,18,proactive,1,,,,"no action: vuln 0.28, forecast 0.98, exposure 1.17"
proactive,219,18,proactive,1,,,,"no action: vuln 0.56, forecast 1.38, exposure 1.60"
proactive,220,18,proactive,1,,,,"no action: vuln 0.69, forecast 0.85, exposure 1.04"
proactive,221,18,proactive,1,,,,"no action: vuln 0.88, forecast 0.96, exposure 1.35"
proactive,222,18,proactive,1,,,,"no action: vuln 0.30, forecast 0.86, exposure 1.06"
proactive,223,18,proactive,1,,,,"no action: vuln 0.19, forecast 1.22, exposure 1.60"
proactive,224,18,proactive,1,,,,"no action: vuln 0.23, forecast 0.77, exposure 1.04"
proactive,225,18,proactive,1,,,,"no action: vuln 0.22, forecast 0.77, exposure 1.09"
proactive,226,18,proactive,1,,,,"no action: vuln 0.69, forecast 0.95, exposure 1.35"
proactive,227,18,proactive,1,,,,"no action: vuln 0.76, forecast 0.75, exposure 1.09"
proactive,228,18,proactive,1,,,,"no action: vuln 0.57, forecast 1.27, exposure 1.55"
proactive,229,18,proactive,1,,,,"no action: vuln 0.50, forecast 1.00, exposure 1.33"
proactive,230,18,proactive,1,,,,"no action: vuln 0.24, forecast 1.00, exposure 1.33"
proactive,231,18,proactive,1,,,,"no action: vuln 0.22, forecast 1.04, exposure 1.35"
proactive,232,18,proactive,1,,,,"no action: vuln 0.18, forecast 1.28, exposure 1.63"
proactive,233,18,proactive,1,,,,"no action: vuln 0.29, forecast 1.34, exposure 1.69"
proactive,234,18,proactive,1,,,,"no action: vuln 0.29, forecast 1.03, exposure 1.34"
proactive,235,18,proactive,1,,,,"no action: vuln 0.35, forecast 0.94, exposure 1.32"
proactive,236,18,proactive,1,,,,"no action: vuln 0.28, forecast 1.24, exposure 1.54"
proactive,237,18,proactive,1,,,,"no action: vuln 0.58, forecast 0.90, exposure 1.28"
proactive,238,18,proactive,1,,,,"no action: vuln 0.54, forecast 1.24, exposure 1.54"
proactive,239,18,proactive,1,,,,"no action: vuln 0.60, forecast 0.69, exposure 1.13"
proactive,0,19,proactive,1,SH_COREDO,6.0,2.0,proactive fallback: exposure 1.29 > 1.0; routed to SH_COREDO
proactive,1,19,proactive,0,,,,"no action: vuln 0.54, forecast 0.57, exposure 0.81"
proactive,2,19,proactive,1,SH_COREDO,6.0,2.0,vuln 0.72 >= 0.55 and forecast 0.92 >= 0.8; pre-positioned to SH_COREDO
proactive,3,19,proactive,1,SH_BRIDGE_PLAZA,17.0,6.0,proactive fallback: exposure 1.23 > 1.0; routed to SH_BRIDGE_PLAZA
proactive,4,19,proactive,1,SH_SUBWAY_EXIT,13.0,3.0,proactive fallback: exposure 1.27 > 1.0; routed to SH_SUBWAY_EXIT
proactive,5,19,proactive,1,SH_COREDO,6.0,2.0,vuln 0.77 >= 0.55 and forecast 1.10 >= 0.8; pre-positioned to SH_COREDO
proactive,6,19,proactive,1,SH_COREDO,6.0,2.0,vuln 0.69 >= 0.55 and forecast 1.04 >= 0.8; pre-positioned to SH_COREDO
proactive,7,19,proactive,1,SH_SUBWAY_EXIT,13.0,3.0,proactive fallback: exposure 1.20 > 1.0; routed to SH_SUBWAY_EXIT
proactive,8,19,proactive,1,SH_COREDO,6.0,2.0,vuln 0.63 >= 0.55 and forecast 0.97 >= 0.8; pre-positioned to SH_COREDO
proactive,9,19,proactive,1,SH_COREDO,6.0,2.0,proactive fallback: exposure 1.02 > 1.0; routed to SH_COREDO
proactive,10,19,proactive,1,SH_BRIDGE_PLAZA,17.0,6.0,proactive fallback: exposure 1.03 > 1.0; routed to SH_BRIDGE_PLAZA
proactive,11,19,proactive,0,,,,"no action: vuln 0.29, forecast 0.62, exposure 0.81"
proactive,12,19,proactive,0,,,,"no action: vuln 0.26, forecast 0.62, exposure 0.83"
proactive,13,19,proactive,1,SH_SUBWAY_EXIT,13.0,3.0,proactive fallback: exposure 1.04 > 1.0; routed to SH_SUBWAY_EXIT
proactive,14,19,proactive,0,,,,"no action: vuln 0.23, forecast 0.71, exposure 0.96"
proactive,15,19,proactive,0,,,,"no action: vuln 0.49, forecast 0.71, exposure 0.96"
proactive,16,19,proactive,0,,,,"no action: vuln 0.73, forecast 0.78, exposure 0.99"
proactive,17,19,proactive,1,SH_BRIDGE_PLAZA,17.0,6.0,vuln 0.69 >= 0.55 and forecast 1.12 >= 0.8; pre-positioned to SH_BRIDGE_PLAZA
proactive,18,19,proactive,0,,,,"no action: vuln 0.27, forecast 0.50, exposure 0.79"
proactive,19,19,proactive,1,SH_COREDO,6.0,2.0,vuln 0.59 >= 0.55 and forecast 1.05 >= 0.8; pre-positioned to SH_COREDO
proactive,20,19,proactive,0,,,,"no action: vuln 0.20, forecast 0.68, exposure 0.91"
proactive,21,19,proactive,1,SH_SUBWAY_EXIT,13.0,3.0,proactive fallback: exposure 1.35 > 1.0; routed to SH_SUBWAY_EXIT
proactive,22,19,proactive,0,,,,"no action: vuln 0.26, forecast 0.53, exposure 0.71"
proactive,23,19,proactive,1,SH_SUBWAY_EXIT,13.0,3.0,vuln 0.69 >= 0.55 and forecast 1.09 >= 0.8; pre-positioned to SH_SUBWAY_EXIT
proactive,24,19,proactive,1,SH_COREDO,6.0,2.0,proactive fallback: exposure 1.06 > 1.0; routed to SH_COREDO
proactive,25,19,proactive,1,SH_MITSUKOSHI,2.0,7.0,proactive fallback: exposure 1.09 > 1.0; routed to SH_MITSUKOSHI
proactive,26,19,proactive,0,,,,"no action: vuln 0.30, forecast 0.55, exposure 0.81"
proactive,27,19,proactive,1,SH_COREDO,6.0,2.0,proactive fallback: exposure 1.25 > 1.0; routed to SH_COREDO
proactive,28,19,proactive,0,,,,"no action: vuln 0.26, forecast 0.54, exposure 0.85"
proactive,29,19,proactive,0,,,,"no action: vuln 0.32, forecast 0.50, exposure 0.83"
proactive,30,19,proactive,0,,,,"no action: vuln 0.16, forecast 0.53, exposure 0.82"
proactive,31,19,proactive,0,,,,"no action: vuln 0.55, forecast 0.57, exposure 0.85"
proactive,32,19,proactive,0,,,,"no action: vuln 0.25, forecast 0.65, exposure 0.93"
proactive,33,19,proactive,0,,,,"no action: vuln 0.32, forecast 0.53, exposure 0.75"
proactive,34,19,proactive,0,,,,"no action: vuln 0.66, forecast 0.57, exposure 0.85"
proactive,35,19,proactive,1,SH_BANK_HALL,10.0,7.0,proactive fallback: exposure 1.03 > 1.0; routed to SH_BANK_HALL
proactive,36,19,proactive,1,SH_COREDO,6.0,2.0,proactive fallback: exposure 1.37 > 1.0; routed to SH_COREDO
proactive,37,19,proactive,1,SH_COREDO,6.0,2.0,proactive fallback: exposure 1.06 > 1.0; routed to SH_COREDO
proactive,38,19,proactive,0,,,,"no action: vuln 0.24, forecast 0.57, exposure 0.76"
proactive,39,19,proactive,0,,,,"no action: vuln 0.25, forecast 0.56, exposure 0.83"
proactive,40,19,proactive,1,SH_BANK_HALL,10.0,7.0,vuln 0.58 >= 0.55 and forecast 0.83 >= 0.8; pre-positioned to SH_BANK_HALL
proactive,41,19,proactive,1,SH_COREDO,6.0,2.0,proactive fallback: exposure 1.24 > 1.0; routed to SH_COREDO
proactive,42,19,proactive,0,,,,"no action: vuln 0.94, forecast 0.76, exposure 0.94"
proactive,43,19,proactive,0,,,,"no action: vuln 0.22, forecast 0.71, exposure 0.96"
proactive,44,19,proactive,1,SH_SUBWAY_EXIT,13.0,3.0,proactive fallback: exposure 1.00 > 1.0; routed to SH_SUBWAY_EXIT
proactive,45,19,proactive,1,SH_COREDO,6.0,2.0,proactive fallback: exposure 1.32 > 1.0; routed to SH_COREDO
proactive,46,19,proactive,1,SH_BRIDGE_PLAZA,17.0,6.0,proactive fallback: exposure 1.33 > 1.0; routed to SH_BRIDGE_PLAZA
proactive,47,19,proactive,1,SH_BRIDGE_PLAZA,17.0,6.0,proactive fallback: exposure 1.00 > 1.0; routed to SH_BRIDGE_PLAZA
proactive,48,19,proactive,0,,,,"no action: vuln 0.24, forecast 0.58, exposure 0.85"
proactive,49,19,proactive,1,SH_SUBWAY_EXIT,13.0,3.0,proactive fallback: exposure 1.00 > 1.0; routed to SH_SUBWAY_EXIT
proactive,50,19,proactive,0,,,,"no action: vuln 0.42, forecast 0.58, exposure 0.73"
proactive,51,19,proactive,1,SH_SUBWAY_EXIT,13.0,3.0,proactive fallback: exposure 1.27 > 1.0; routed to SH_SUBWAY_EXIT
proactive,52,19,proactive,0,,,,"no action: vuln 0.32, forecast 0.53, exposure 0.78"
proactive,53,19,proactive,0,,,,"no action: vuln 0.26, forecast 0.60, exposure 0.76"
proactive,54,19,proactive,0,,,,"no action: vuln 0.21, forecast 0.75, exposure 0.98"
proactive,55,19,proactive,1,SH_COREDO,6.0,2.0,proactive fallback: exposure 1.28 > 1.0; routed to SH_COREDO
proactive,56,19,proactive,1,SH_SUBWAY_EXIT,13.0,3.0,vuln 0.74 >= 0.55 and forecast 1.07 >= 0.8; pre-positioned to SH_SUBWAY_EXIT
proactive,57,19,proactive,1,SH_COREDO,6.0,2.0,proactive fallback: exposure 1.34 > 1.0; routed to SH_COREDO
proactive,58,19,proactive,0,,,,"no action: vuln 0.31, forecast 0.73, exposure 0.99"
proactive,59,19,proactive,1,SH_SUBWAY_EXIT,13.0,3.0,proactive fallback: exposure 1.27 > 1.0; routed to SH_SUBWAY_EXIT
proactive,60,19,proactive,0,,,,"no action: vuln 0.52, forecast 0.79, exposure 0.96"
proactive,61,19,proactive,1,SH_SUBWAY_EXIT,13.0,3.0,proactive fallback: exposure 1.41 > 1.0; routed to SH_SUBWAY_EXIT
proactive,62,19,proactive,1,SH_COREDO,6.0,2.0,vuln 0.78 >= 0.55 and forecast 1.09 >= 0.8; pre-positioned to SH_COREDO
proactive,63,19,proactive,1,SH_COREDO,6.0,2.0,vuln 0.77 >= 0.55 and forecast 0.82 >= 0.8; pre-positioned to SH_COREDO
proactive,64,19,proactive,1,SH_BRIDGE_PLAZA,17.0,6.0,proactive fallback: exposure 1.03 > 1.0; routed to SH_BRIDGE_PLAZA
proactive,65,19,proactive,0,,,,"no action: vuln 0.18, forecast 0.53, exposure 0.75"
proactive,66,19,proactive,0,,,,"no action: vuln 0.75, forecast 0.52, exposure 0.77"
proactive,67,19,proactive,1,SH_MITSUKOSHI,2.0,7.0,proactive fallback: exposure 1.01 > 1.0; routed to SH_MITSUKOSHI
proactive,68,19,proactive,1,SH_SUBWAY_EXIT,13.0,3.0,proactive fallback: exposure 1.20 > 1.0; routed to SH_SUBWAY_EXIT
proactive,69,19,proactive,0,,,,"no action: vuln 0.35, forecast 0.76, exposure 0.94"
proactive,70,19,proactive,0,,,,"no action: vuln 0.19, forecast 0.53, exposure 0.77"
proactive,71,19,proactive,0,,,,"no action: vuln 0.23, forecast 0.81, exposure 0.96"
proactive,72,19,proactive,0,,,,"no action: vuln 0.31, forecast 0.51, exposure 0.76"
proactive,73,19,proactive,1,SH_BRIDGE_PLAZA,17.0,6.0,proactive fallback: exposure 1.35 > 1.0; routed to SH_BRIDGE_PLAZA
proactive,74,19,proactive,0,,,,"no action: vuln 0.75, forecast 0.56, exposure 0.83"
proactive,75,19,proactive,1,SH_SUBWAY_EXIT,13.0,3.0,proactive fallback: exposure 1.07 > 1.0; routed to SH_SUBWAY_EXIT
proactive,76,19,proactive,1,SH_MITSUKOSHI,2.0,7.0,proactive fallback: exposure 1.05 > 1.0; routed to SH_MITSUKOSHI
proactive,77,19,proactive,1,SH_COREDO,6.0,2.0,vuln 0.57 >= 0.55 and forecast 1.14 >= 0.8; pre-positioned to SH_COREDO
proactive,78,19,proactive,1,SH_BRIDGE_PLAZA,17.0,6.0,proactive fallback: exposure 1.23 > 1.0; routed to SH_BRIDGE_PLAZA
proactive,79,19,proactive,0,,,,"no action: vuln 0.31, forecast 0.78, exposure 0.99"
proactive,80,19,proactive,1,SH_COREDO,6.0,2.0,proactive fallback: exposure 1.27 > 1.0; routed to SH_COREDO
proactive,81,19,proactive,1,SH_BRIDGE_PLAZA,17.0,6.0,proactive fallback: exposure 1.00 > 1.0; routed to SH_BRIDGE_PLAZA
proactive,82,19,proactive,1,SH_SUBWAY_EXIT,13.0,3.0,proactive fallback: exposure 1.32 > 1.0; routed to SH_SUBWAY_EXIT
proactive,83,19,proactive,1,SH_SUBWAY_EXIT,13.0,3.0,proactive fallback: exposure 1.28 > 1.0; routed to SH_SUBWAY_EXIT
proactive,84,19,proactive,0,,,,"no action: vuln 0.76, forecast 0.55, exposure 0.81"
proactive,85,19,proactive,0,,,,"no action: vuln 0.21, forecast 0.74, exposure 0.96"
proactive,86,19,proactive,1,SH_COREDO,6.0,2.0,proactive fallback: exposure 1.06 > 1.0; routed to SH_COREDO
proactive,87,19,proactive,0,,,,"no action: vuln 0.87, forecast 0.58, exposure 0.78"
proactive,88,19,proactive,0,,,,"no action: vuln 0.23, forecast 0.57, exposure 0.81"
proactive,89,19,proactive,1,SH_SUBWAY_EXIT,13.0,3.0,proactive fallback: exposure 1.28 > 1.0; routed to SH_SUBWAY_EXIT
proactive,90,19,proactive,0,,,,"no action: vuln 0.73, forecast 0.51, exposure 0.76"
proactive,91,19,proactive,1,SH_BRIDGE_PLAZA,17.0,6.0,proactive fallback: exposure 1.00 > 1.0; routed to SH_BRIDGE_PLAZA
proactive,92,19,proactive,1,SH_SUBWAY_EXIT,13.0,3.0,proactive fallback: exposure 1.07 > 1.0; routed to SH_SUBWAY_EXIT
proactive,93,19,proactive,0,,,,"no action: vuln 0.20, forecast 0.56, exposure 0.80"
proactive,94,19,proactive,0,,,,"no action: vuln 0.70, forecast 0.50, exposure 0.83"
proactive,95,19,proactive,1,SH_SUBWAY_EXIT,13.0,3.0,proactive fallback: exposure 1.20 > 1.0; routed to SH_SUBWAY_EXIT
proactive,96,19,proactive,0,,,,"no action: vuln 0.50, forecast 0.87, exposure 0.99"
proactive,97,19,proactive,1,SH_BRIDGE_PLAZA,17.0,6.0,proactive fallback: exposure 1.35 > 1.0; routed to SH_BRIDGE_PLAZA
proactive,98,19,proactive,0,,,,"no action: vuln 0.22, forecast 0.43, exposure 0.79"
proactive,99,19,proactive,0,,,,"no action: vuln 0.72, forecast 0.78, exposure 0.98"
proactive,100,19,proactive,1,SH_SUBWAY_EXIT,13.0,3.0,proactive fallback: exposure 1.00 > 1.0; routed to SH_SUBWAY_EXIT
proactive,101,19,proactive,1,SH_COREDO,6.0,2.0,vuln 0.81 >= 0.55 and forecast 1.10 >= 0.8; pre-positioned to SH_COREDO
proactive,102,19,proactive,0,,,,"no action: vuln 0.94, forecast 0.56, exposure 0.83"
proactive,103,19,proactive,1,SH_COREDO,6.0,2.0,proactive fallback: exposure 1.37 > 1.0; routed to SH_COREDO
proactive,104,19,proactive,0,,,,"no action: vuln 0.81, forecast 0.73, exposure 0.99"
proactive,105,19,proactive,0,,,,"no action: vuln 0.23, forecast 0.67, exposure 0.85"
proactive,106,19,proactive,1,SH_COREDO,6.0,2.0,proactive fallback: exposure 1.06 > 1.0; routed to SH_COREDO
proactive,107,19,proactive,1,SH_COREDO,6.0,2.0,vuln 0.56 >= 0.55 and forecast 1.03 >= 0.8; pre-positioned to SH_COREDO
proactive,108,19,proactive,1,SH_COREDO,6.0,2.0,proactive fallback: exposure 1.25 > 1.0; routed to SH_COREDO
proactive,109,19,proactive,0,,,,"no action: vuln 0.30, forecast 0.68, exposure 0.91"
proactive,110,19,proactive,0,,,,"no action: vuln 0.27, forecast 0.54, exposure 0.85"
proactive,111,19,proactive,1,SH_BRIDGE_PLAZA,17.0,6.0,proactive fallback: exposure 1.06 > 1.0; routed to SH_BRIDGE_PLAZA
proactive,112,19,proactive,1,SH_BANK_HALL,10.0,7.0,vuln 0.89 >= 0.55 and forecast 1.02 >= 0.8; pre-positioned to SH_BANK_HALL
proactive,113,19,proactive,0,,,,"no action: vuln 0.52, forecast 0.52, exposure 0.77"
proactive,114,19,proactive,1,SH_BRIDGE_PLAZA,17.0,6.0,vuln 0.86 >= 0.55 and forecast 0.81 >= 0.8; pre-positioned to SH_BRIDGE_PLAZA
proactive,115,19,proactive,1,SH_SUBWAY_EXIT,13.0,3.0,proactive fallback: exposure 1.03 > 1.0; routed to SH_SUBWAY_EXIT
proactive,116,19,proactive,0,,,,"no action: vuln 0.58, forecast 0.60, exposure 0.86"
proactive,117,19,proactive,0,,,,"no action: vuln 0.24, forecast 0.74, exposure 0.96"
proactive,118,19,proactive,1,SH_SUBWAY_EXIT,13.0,3.0,proactive fallback: exposure 1.26 > 1.0; routed to SH_SUBWAY_EXIT
proactive,119,19,proactive,1,SH_MITSUKOSHI,2.0,7.0,vuln 0.90 >= 0.55 and forecast 0.81 >= 0.8; pre-positioned to SH_MITSUKOSHI
proactive,120,19,proactive,1,SH_BRIDGE_PLAZA,17.0,6.0,proactive fallback: exposure 1.07 > 1.0; routed to SH_BRIDGE_PLAZA
proactive,121,19,proactive,0,,,,"no action: vuln 0.43, forecast 0.74, exposure 0.97"
proactive,122,19,proactive,0,,,,"no action: vuln 0.32, forecast 0.56, exposure 0.83"
proactive,123,19,proactive,0,,,,"no action: vuln 0.70, forecast 0.61, exposure 0.81"
proactive,124,19,proactive,1,SH_BRIDGE_PLAZA,17.0,6.0,vuln 0.56 >= 0.55 and forecast 0.81 >= 0.8; pre-positioned to SH_BRIDGE_PLAZA
proactive,125,19,proactive,1,SH_MITSUKOSHI,2.0,7.0,vuln 0.85 >= 0.55 and forecast 1.03 >= 0.8; pre-positioned to SH_MITSUKOSHI
proactive,126,19,proactive,1,SH_SUBWAY_EXIT,13.0,3.0,proactive fallback: exposure 1.00 > 1.0; routed to SH_SUBWAY_EXIT
proactive,127,19,proactive,1,SH_BRIDGE_PLAZA,17.0,6.0,proactive fallback: exposure 1.05 > 1.0; routed to SH_BRIDGE_PLAZA
proactive,128,19,proactive,0,,,,"no action: vuln 0.74, forecast 0.53, exposure 0.82"
proactive,129,19,proactive,0,,,,"no action: vuln 0.19, forecast 0.50, exposure 0.83"
proactive,130,19,proactive,1,SH_BRIDGE_PLAZA,17.0,6.0,vuln 0.60 >= 0.55 and forecast 1.12 >= 0.8; pre-positioned to SH_BRIDGE_PLAZA
proactive,131,19,proactive,0,,,,"no action: vuln 0.67, forecast 0.65, exposure 0.88"
proactive,132,19,proactive,1,SH_MITSUKOSHI,2.0,7.0,proactive fallback: exposure 1.33 > 1.0; routed to SH_MITSUKOSHI
proactive,133,19,proactive,1,SH_BRIDGE_PLAZA,17.0,6.0,proactive fallback: exposure 1.00 > 1.0; routed to SH_BRIDGE_PLAZA
proactive,134,19,proactive,1,SH_MITSUKOSHI,2.0,7.0,proactive fallback: exposure 1.08 > 1.0; routed to SH_MITSUKOSHI
proactive,135,19,proactive,0,,,,"no action: vuln 0.49, forecast 0.58, exposure 0.85"
proactive,136,19,proactive,0,,,,"no action: vuln 0.58, forecast 0.51, exposure 0.76"
proactive,137,19,proactive,0,,,,"no action: vuln 0.18, forecast 0.78, exposure 0.98"
proactive,138,19,proactive,0,,,,"no action: vuln 0.30, forecast 0.73, exposure 0.98"
proactive,139,19,proactive,1,SH_BRIDGE_PLAZA,17.0,6.0,proactive fallback: exposure 1.33 > 1.0; routed to SH_BRIDGE_PLAZA
proactive,140,19,proactive,0,,,,"no action: vuln 0.30, forecast 0.60, exposure 0.86"
proactive,141,19,proactive,0,,,,"no action: vuln 0.24, forecast 0.67, exposure 0.95"
proactive,142,19,proactive,0,,,,"no action: vuln 0.26, forecast 0.77, exposure 0.98"
proactive,143,19,proactive,0,,,,"no action: vuln 0.20, forecast 0.51, exposure 0.76"
proactive,144,19,proactive,0,,,,"no action: vuln 0.83, forecast 0.77, exposure 0.98"
proactive,145,19,proactive,1,SH_SUBWAY_EXIT,13.0,3.0,proactive fallback: exposure 1.35 > 1.0; routed to SH_SUBWAY_EXIT
proactive,146,19,proactive,1,SH_MITSUKOSHI,2.0,7.0,proactive fallback: exposure 1.32 > 1.0; routed to SH_MITSUKOSHI
proactive,147,19,proactive,1,SH_SUBWAY_EXIT,13.0,3.0,proactive fallback: exposure 1.28 > 1.0; routed to SH_SUBWAY_EXIT
proactive,148,19,proactive,1,SH_SUBWAY_EXIT,13.0,3.0,proactive fallback: exposure 1.07 > 1.0; routed to SH_SUBWAY_EXIT
proactive,149,19,proactive,1,SH_BANK_HALL,10.0,7.0,vuln 0.59 >= 0.55 and forecast 0.96 >= 0.8; pre-positioned to SH_BANK_HALL
proactive,150,19,proactive,1,SH_SUBWAY_EXIT,13.0,3.0,proactive fallback: exposure 1.27 > 1.0; routed to SH_SUBWAY_EXIT
proactive,151,19,proactive,1,SH_BRIDGE_PLAZA,17.0,6.0,proactive fallback: exposure 1.33 > 1.0; routed to SH_BRIDGE_PLAZA
proactive,152,19,proactive,1,SH_SUBWAY_EXIT,13.0,3.0,proactive fallback: exposure 1.11 > 1.0; routed to SH_SUBWAY_EXIT
proactive,153,19,proactive,0,,,,"no action: vuln 0.30, forecast 0.54, exposure 0.77"
proactive,154,19,proactive,0,,,,"no action: vuln 0.52, forecast 0.77, exposure 0.98"
proactive,155,19,proactive,1,SH_BANK_HALL,10.0,7.0,proactive fallback: exposure 1.24 > 1.0; routed to SH_BANK_HALL
proactive,156,19,proactive,0,,,,"no action: vuln 0.22, forecast 0.59, exposure 0.79"
proactive,157,19,proactive,1,SH_MITSUKOSHI,2.0,7.0,proactive fallback: exposure 1.01 > 1.0; routed to SH_MITSUKOSHI
proactive,158,19,proactive,0,,,,"no action: vuln 0.22, forecast 0.49, exposure 0.79"
proactive,159,19,proactive,1,SH_SUBWAY_EXIT,13.0,3.0,proactive fallback: exposure 1.43 > 1.0; routed to SH_SUBWAY_EXIT
proactive,160,19,proactive,1,SH_BRIDGE_PLAZA,17.0,6.0,proactive fallback: exposure 1.30 > 1.0; routed to SH_BRIDGE_PLAZA
proactive,161,19,proactive,1,SH_BRIDGE_PLAZA,17.0,6.0,proactive fallback: exposure 1.03 > 1.0; routed to SH_BRIDGE_PLAZA
proactive,162,19,proactive,1,SH_BANK_HALL,10.0,7.0,vuln 0.56 >= 0.55 and forecast 1.03 >= 0.8; pre-positioned to SH_BANK_HALL
proactive,163,19,proactive,0,,,,"no action: vuln 0.26, forecast 0.68, exposure 0.91"
proactive,164,19,proactive,0,,,,"no action: vuln 0.22, forecast 0.68, exposure 0.91"
proactive,165,19,proactive,1,SH_MITSUKOSHI,2.0,7.0,proactive fallback: exposure 1.05 > 1.0; routed to SH_MITSUKOSHI
proactive,166,19,proactive,1,SH_BANK_HALL,10.0,7.0,proactive fallback: exposure 1.02 > 1.0; routed to SH_BANK_HALL
proactive,167,19,proactive,1,SH_BRIDGE_PLAZA,17.0,6.0,vuln 0.56 >= 0.55 and forecast 0.98 >= 0.8; pre-positioned to SH_BRIDGE_PLAZA
proactive,168,19,proactive,1,SH_BANK_HALL,10.0,7.0,proactive fallback: exposure 1.03 > 1.0; routed to SH_BANK_HALL
proactive,169,19,proactive,1,SH_BANK_HALL,10.0,7.0,proactive fallback: exposure 1.19 > 1.0; routed to SH_BANK_HALL
proactive,170,19,proactive,0,,,,"no action: vuln 0.26, forecast 0.49, exposure 0.72"
proactive,171,19,proactive,1,SH_MITSUKOSHI,2.0,7.0,proactive fallback: exposure 1.37 > 1.0; routed to SH_MITSUKOSHI
proactive,172,19,proactive,1,SH_BRIDGE_PLAZA,17.0,6.0,proactive fallback: exposure 1.06 > 1.0; routed to SH_BRIDGE_PLAZA
proactive,173,19,proactive,0,,,,"no action: vuln 0.74, forecast 0.57, exposure 0.86"
proactive,174,19,proactive,1,SH_BANK_HALL,10.0,7.0,vuln 0.59 >= 0.55 and forecast 1.05 >= 0.8; pre-positioned to SH_BANK_HALL
proactive,175,19,proactive,1,SH_MITSUKOSHI,2.0,7.0,proactive fallback: exposure 1.35 > 1.0; routed to SH_MITSUKOSHI
proactive,176,19,proactive,1,SH_BANK_HALL,10.0,7.0,proactive fallback: exposure 1.25 > 1.0; routed to SH_BANK_HALL
proactive,177,19,proactive,0,,,,"no action: vuln 0.26, forecast 0.51, exposure 0.76"
proactive,178,19,proactive,0,,,,"no action: vuln 0.30, forecast 0.73, exposure 0.99"
proactive,179,19,proactive,0,,,,"no action: vuln 0.38, forecast 0.73, exposure 0.98"
proactive,180,19,proactive,0,,,,"no action: vuln 0.71, forecast 0.54, exposure 0.77"
proactive,181,19,proactive,1,SH_BANK_HALL,10.0,7.0,proactive fallback: exposure 1.30 > 1.0; routed to SH_BANK_HALL
proactive,182,19,proactive,1,SH_BANK_HALL,10.0,7.0,proactive fallback: exposure 1.01 > 1.0; routed to SH_BANK_HALL
proactive,183,19,proactive,0,,,,"no action: vuln 0.24, forecast 0.67, exposure 0.85"
proactive,184,19,proactive,0,,,,"no action: vuln 0.21, forecast 0.57, exposure 0.81"
proactive,185,19,proactive,1,SH_BANK_HALL,10.0,7.0,vuln 0.90 >= 0.55 and forecast 1.07 >= 0.8; pre-positioned to SH_BANK_HALL
proactive,186,19,proactive,1,SH_BANK_HALL,10.0,7.0,proactive fallback: exposure 1.27 > 1.0; routed to SH_BANK_HALL
proactive,187,19,proactive,1,SH_MITSUKOSHI,2.0,7.0,proactive fallback: exposure 1.27 > 1.0; routed to SH_MITSUKOSHI
proactive,188,19,proactive,1,SH_BANK_HALL,10.0,7.0,proactive fallback: exposure 1.16 > 1.0; routed to SH_BANK_HALL
proactive,189,19,proactive,0,,,,"no action: vuln 0.25, forecast 0.54, exposure 0.85"
proactive,190,19,proactive,1,SH_MITSUKOSHI,2.0,7.0,vuln 0.74 >= 0.55 and forecast 0.82 >= 0.8; pre-positioned to SH_MITSUKOSHI
proactive,191,19,proactive,0,,,,"no action: vuln 0.24, forecast 0.62, exposure 0.83"
proactive,192,19,proactive,1,SH_MITSUKOSHI,2.0,7.0,proactive fallback: exposure 1.01 > 1.0; routed to SH_MITSUKOSHI
proactive,193,19,proactive,0,,,,"no action: vuln 0.31, forecast 0.55, exposure 0.81"
proactive,194,19,proactive,1,SH_BANK_HALL,10.0,7.0,vuln 0.74 >= 0.55 and forecast 1.09 >= 0.8; pre-positioned to SH_BANK_HALL
proactive,195,19,proactive,0,,,,"no action: vuln 0.26, forecast 0.49, exposure 0.72"
proactive,196,19,proactive,0,,,,"no action: vuln 0.22, forecast 0.74, exposure 0.96"
proactive,197,19,proactive,0,,,,"no action: vuln 0.56, forecast 0.53, exposure 0.82"
proactive,198,19,proactive,0,,,,"no action: vuln 0.25, forecast 0.82, exposure 0.98"
proactive,199,19,proactive,1,SH_BANK_HALL,10.0,7.0,proactive fallback: exposure 1.35 > 1.0; routed to SH_BANK_HALL
proactive,200,19,proactive,0,,,,"no action: vuln 0.26, forecast 0.81, exposure 0.96"
proactive,201,19,proactive,1,SH_BANK_HALL,10.0,7.0,proactive fallback: exposure 1.23 > 1.0; routed to SH_BANK_HALL
proactive,202,19,proactive,0,,,,"no action: vuln 0.16, forecast 0.67, exposure 0.95"
proactive,203,19,proactive,1,SH_BANK_HALL,10.0,7.0,vuln 0.56 >= 0.55 and forecast 1.14 >= 0.8; pre-positioned to SH_BANK_HALL
proactive,204,19,proactive,0,,,,"no action: vuln 0.33, forecast 0.63, exposure 0.69"
proactive,205,19,proactive,0,,,,"no action: vuln 0.79, forecast 0.53, exposure 0.77"
proactive,206,19,proactive,1,SH_MITSUKOSHI,2.0,7.0,vuln 0.59 >= 0.55 and forecast 0.82 >= 0.8; pre-positioned to SH_MITSUKOSHI
proactive,207,19,proactive,1,SH_MITSUKOSHI,2.0,7.0,proactive fallback: exposure 1.32 > 1.0; routed to SH_MITSUKOSHI
proactive,208,19,proactive,1,SH_MITSUKOSHI,2.0,7.0,proactive fallback: exposure 1.33 > 1.0; routed to SH_MITSUKOSHI
proactive,209,19,proactive,0,,,,"no action: vuln 0.27, forecast 0.77, exposure 0.94"
proactive,210,19,proactive,0,,,,"no action: vuln 0.90, forecast 0.57, exposure 0.76"
proactive,211,19,proactive,1,SH_MITSUKOSHI,2.0,7.0,proactive fallback: exposure 1.29 > 1.0; routed to SH_MITSUKOSHI
proactive,212,19,proactive,0,,,,"no action: vuln 0.25, forecast 0.59, exposure 0.79"
proactive,213,19,proactive,1,SH_MITSUKOSHI,2.0,7.0,vuln 0.68 >= 0.55 and forecast 1.12 >= 0.8; pre-positioned to SH_MITSUKOSHI
proactive,214,19,proactive,1,SH_MITSUKOSHI,2.0,7.0,proactive fallback: exposure 1.28 > 1.0; routed to SH_MITSUKOSHI
proactive,215,19,proactive,1,,,,"no action: vuln 0.22, forecast 1.05, exposure 1.33"
proactive,216,19,proactive,1,,,,"no action: vuln 0.37, forecast 0.75, exposure 1.05"
proactive,217,19,proactive,1,,,,"no action: vuln 0.25, forecast 0.78, exposure 1.06"
proactive,218,19,proactive,1,,,,"no action: vuln 0.28, forecast 0.70, exposure 1.00"
proactive,219,19,proactive,1,,,,"no action: vuln 0.56, forecast 1.06, exposure 1.25"
proactive,220,19,proactive,0,,,,"no action: vuln 0.69, forecast 0.48, exposure 0.81"
proactive,221,19,proactive,0,,,,"no action: vuln 0.88, forecast 0.77, exposure 0.96"
proactive,222,19,proactive,0,,,,"no action: vuln 0.30, forecast 0.62, exposure 0.83"
proactive,223,19,proactive,1,,,,"no action: vuln 0.19, forecast 0.97, exposure 1.30"
proactive,224,19,proactive,0,,,,"no action: vuln 0.23, forecast 0.60, exposure 0.81"
proactive,225,19,proactive,0,,,,"no action: vuln 0.22, forecast 0.53, exposure 0.82"
proactive,226,19,proactive,0,,,,"no action: vuln 0.69, forecast 0.65, exposure 0.88"
proactive,227,19,proactive,0,,,,"no action: vuln 0.76, forecast 0.51, exposure 0.76"
proactive,228,19,proactive,1,,,,"no action: vuln 0.57, forecast 1.08, exposure 1.20"
proactive,229,19,proactive,0,,,,"no action: vuln 0.50, forecast 0.75, exposure 0.98"
proactive,230,19,proactive,1,,,,"no action: vuln 0.24, forecast 0.86, exposure 1.03"
proactive,231,19,proactive,0,,,,"no action: vuln 0.22, forecast 0.51, exposure 0.76"
proactive,232,19,proactive,1,,,,"no action: vuln 0.18, forecast 0.72, exposure 1.04"
proactive,233,19,proactive,1,,,,"no action: vuln 0.29, forecast 1.09, exposure 1.34"
proactive,234,19,proactive,1,,,,"no action: vuln 0.29, forecast 0.78, exposure 1.00"
proactive,235,19,proactive,0,,,,"no action: vuln 0.35, forecast 0.58, exposure 0.73"
proactive,236,19,proactive,1,,,,"no action: vuln 0.28, forecast 1.02, exposure 1.25"
proactive,237,19,proactive,1,,,,"no action: vuln 0.58, forecast 1.08, exposure 1.35"
proactive,238,19,proactive,1,,,,"no action: vuln 0.54, forecast 1.13, exposure 1.20"
proactive,239,19,proactive,1,,,,"no action: vuln 0.60, forecast 0.74, exposure 1.00"
proactive,0,20,proactive,1,SH_COREDO,6.0,2.0,proactive fallback: exposure 1.08 > 1.0; routed to SH_COREDO
proactive,1,20,proactive,0,,,,"no action: vuln 0.54, forecast 0.35, exposure 0.53"
proactive,2,20,proactive,1,SH_COREDO,6.0,2.0,vuln 0.72 >= 0.55 and forecast 0.91 >= 0.8; pre-positioned to SH_COREDO
proactive,3,20,proactive,1,SH_BRIDGE_PLAZA,17.0,6.0,proactive fallback: exposure 1.12 > 1.0; routed to SH_BRIDGE_PLAZA
proactive,4,20,proactive,1,SH_SUBWAY_EXIT,13.0,3.0,proactive fallback: exposure 1.07 > 1.0; routed to SH_SUBWAY_EXIT
proactive,5,20,proactive,1,SH_COREDO,6.0,2.0,vuln 0.77 >= 0.55 and forecast 0.85 >= 0.8; pre-positioned to SH_COREDO
proactive,6,20,proactive,1,SH_COREDO,6.0,2.0,vuln 0.69 >= 0.55 and forecast 0.83 >= 0.8; pre-positioned to SH_COREDO
proactive,7,20,proactive,1,SH_SUBWAY_EXIT,13.0,3.0,proactive fallback: exposure 1.01 > 1.0; routed to SH_SUBWAY_EXIT
proactive,8,20,proactive,0,,,,"no action: vuln 0.63, forecast 0.79, exposure 0.99"
proactive,9,20,proactive,0,,,,"no action: vuln 0.29, forecast 0.51, exposure 0.78"
proactive,10,20,proactive,0,,,,"no action: vuln 0.29, forecast 0.49, exposure 0.79"
proactive,11,20,proactive,1,SH_BANK_HALL,10.0,7.0,proactive fallback: exposure 1.02 > 1.0; routed to SH_BANK_HALL
proactive,12,20,proactive,0,,,,"no action: vuln 0.26, forecast 0.38, exposure 0.51"
proactive,13,20,proactive,0,,,,"no action: vuln 0.23, forecast 0.52, exposure 0.84"
proactive,14,20,proactive,0,,,,"no action: vuln 0.23, forecast 0.41, exposure 0.61"
proactive,15,20,proactive,0,,,,"no action: vuln 0.49, forecast 0.28, exposure 0.60"
proactive,16,20,proactive,0,,,,"no action: vuln 0.73, forecast 0.51, exposure 0.68"
proactive,17,20,proactive,1,SH_SUBWAY_EXIT,13.0,3.0,vuln 0.69 >= 0.55 and forecast 0.91 >= 0.8; pre-positioned to SH_SUBWAY_EXIT
proactive,18,20,proactive,0,,,,"no action: vuln 0.27, forecast 0.29, exposure 0.57"
proactive,19,20,proactive,0,,,,"no action: vuln 0.59, forecast 0.55, exposure 0.82"
proactive,20,20,proactive,0,,,,"no action: vuln 0.20, forecast 0.27, exposure 0.55"
proactive,21,20,proactive,1,SH_SUBWAY_EXIT,13.0,3.0,proactive fallback: exposure 1.07 > 1.0; routed to SH_SUBWAY_EXIT
proactive,22,20,proactive,0,,,,"no action: vuln 0.26, forecast 0.53, exposure 0.74"
proactive,23,20,proactive,0,,,,"no action: vuln 0.69, forecast 0.48, exposure 0.77"
proactive,24,20,proactive,0,,,,"no action: vuln 0.37, forecast 0.55, exposure 0.82"
proactive,25,20,proactive,1,SH_COREDO,6.0,2.0,proactive fallback: exposure 1.04 > 1.0; routed to SH_COREDO
proactive,26,20,proactive,0,,,,"no action: vuln 0.30, forecast 0.36, exposure 0.55"
proactive,27,20,proactive,1,SH_COREDO,6.0,2.0,proactive fallback: exposure 1.02 > 1.0; routed to SH_COREDO
proactive,28,20,proactive,0,,,,"no action: vuln 0.26, forecast 0.36, exposure 0.55"
proactive,29,20,proactive,0,,,,"no action: vuln 0.32, forecast 0.40, exposure 0.55"
proactive,30,20,proactive,0,,,,"no action: vuln 0.16, forecast 0.55, exposure 0.65"
proactive,31,20,proactive,0,,,,"no action: vuln 0.55, forecast 0.57, exposure 0.73"
proactive,32,20,proactive,0,,,,"no action: vuln 0.25, forecast 0.62, exposure 0.65"
proactive,33,20,proactive,0,,,,"no action: vuln 0.32, forecast 0.36, exposure 0.53"
proactive,34,20,proactive,0,,,,"no action: vuln 0.66, forecast 0.28, exposure 0.60"
proactive,35,20,proactive,0,,,,"no action: vuln 0.55, forecast 0.52, exposure 0.83"
proactive,36,20,proactive,1,SH_COREDO,6.0,2.0,proactive fallback: exposure 1.00 > 1.0; routed to SH_COREDO
proactive,37,20,proactive,0,,,,"no action: vuln 0.86, forecast 0.45, exposure 0.74"
proactive,38,20,proactive,0,,,,"no action: vuln 0.24, forecast 0.53, exposure 0.74"
proactive,39,20,proactive,0,,,,"no action: vuln 0.25, forecast 0.30, exposure 0.53"
proactive,40,20,proactive,1,SH_COREDO,6.0,2.0,vuln 0.58 >= 0.55 and forecast 0.80 >= 0.8; pre-positioned to SH_COREDO
proactive,41,20,proactive,0,,,,"no action: vuln 0.26, forecast 0.59, exposure 0.78"
proactive,42,20,proactive,0,,,,"no action: vuln 0.94, forecast 0.34, exposure 0.51"
proactive,43,20,proactive,0,,,,"no action: vuln 0.22, forecast 0.35, exposure 0.53"
proactive,44,20,proactive,1,SH_SUBWAY_EXIT,13.0,3.0,proactive fallback: exposure 1.05 > 1.0; routed to SH_SUBWAY_EXIT
proactive,45,20,proactive,1,SH_COREDO,6.0,2.0,proactive fallback: exposure 1.10 > 1.0; routed to SH_COREDO
proactive,46,20,proactive,1,SH_BRIDGE_PLAZA,17.0,6.0,proactive fallback: exposure 1.05 > 1.0; routed to SH_BRIDGE_PLAZA
proactive,47,20,proactive,1,SH_SUBWAY_EXIT,13.0,3.0,proactive fallback: exposure 1.08 > 1.0; routed to SH_SUBWAY_EXIT
proactive,48,20,proactive,0,,,,"no action: vuln 0.24, forecast 0.32, exposure 0.51"
proactive,49,20,proactive,0,,,,"no action: vuln 0.76, forecast 0.54, exposure 0.81"
proactive,50,20,proactive,0,,,,"no action: vuln 0.42, forecast 0.38, exposure 0.48"
proactive,51,20,proactive,1,SH_COREDO,6.0,2.0,proactive fallback: exposure 1.09 > 1.0; routed to SH_COREDO
proactive,52,20,proactive,0,,,,"no action: vuln 0.32, forecast 0.30, exposure 0.53"
proactive,53,20,proactive,0,,,,"no action: vuln 0.26, forecast 0.42, exposure 0.58"
proactive,54,20,proactive,1,SH_COREDO,6.0,2.0,proactive fallback: exposure 1.10 > 1.0; routed to SH_COREDO
proactive,55,20,proactive,1,SH_COREDO,6.0,2.0,proactive fallback: exposure 1.10 > 1.0; routed to SH_COREDO
proactive,56,20,proactive,1,SH_COREDO,6.0,2.0,vuln 0.74 >= 0.55 and forecast 0.89 >= 0.8; pre-positioned to SH_COREDO
proactive,57,20,proactive,1,SH_COREDO,6.0,2.0,proactive fallback: exposure 1.06 > 1.0; routed to SH_COREDO
proactive,58,20,proactive,0,,,,"no action: vuln 0.31, forecast 0.38, exposure 0.56"
proactive,59,20,proactive,1,SH_SUBWAY_EXIT,13.0,3.0,proactive fallback: exposure 1.05 > 1.0; routed to SH_SUBWAY_EXIT
proactive,60,20,proactive,1,SH_BRIDGE_PLAZA,17.0,6.0,proactive fallback: exposure 1.01 > 1.0; routed to SH_BRIDGE_PLAZA
proactive,61,20,proactive,1,SH_COREDO,6.0,2.0,proactive fallback: exposure 1.10 > 1.0; routed to SH_COREDO
proactive,62,20,proactive,1,SH_MITSUKOSHI,2.0,7.0,vuln 0.78 >= 0.55 and forecast 0.83 >= 0.8; pre-positioned to SH_MITSUKOSHI
proactive,63,20,proactive,0,,,,"no action: vuln 0.77, forecast 0.48, exposure 0.80"
proactive,64,20,proactive,0,,,,"no action: vuln 0.26, forecast 0.56, exposure 0.71"
proactive,65,20,proactive,0,,,,"no action: vuln 0.18, forecast 0.36, exposure 0.67"
proactive,66,20,proactive,0,,,,"no action: vuln 0.75, forecast 0.38, exposure 0.51"
proactive,67,20,proactive,0,,,,"no action: vuln 0.27, forecast 0.58, exposure 0.70"
proactive,68,20,proactive,1,SH_BRIDGE_PLAZA,17.0,6.0,proactive fallback: exposure 1.05 > 1.0; routed to SH_BRIDGE_PLAZA
proactive,69,20,proactive,1,SH_BRIDGE_PLAZA,17.0,6.0,proactive fallback: exposure 1.01 > 1.0; routed to SH_BRIDGE_PLAZA
proactive,70,20,proactive,0,,,,"no action: vuln 0.19, forecast 0.32, exposure 0.60"
proactive,71,20,proactive,0,,,,"no action: vuln 0.23, forecast 0.48, exposure 0.80"
proactive,72,20,proactive,0,,,,"no action: vuln 0.31, forecast 0.52, exposure 0.75"
proactive,73,20,proactive,0,,,,"no action: vuln 0.29, forecast 0.51, exposure 0.70"
proactive,74,20,proactive,0,,,,"no action: vuln 0.75, forecast 0.36, exposure 0.56"
proactive,75,20,proactive,1,SH_BANK_HALL,10.0,7.0,vuln 0.86 >= 0.55 and forecast 0.81 >= 0.8; pre-positioned to SH_BANK_HALL
proactive,76,20,proactive,0,,,,"no action: vuln 0.24, forecast 0.52, exposure 0.75"
proactive,77,20,proactive,0,,,,"no action: vuln 0.57, forecast 0.52, exposure 0.81"
proactive,78,20,proactive,1,SH_BRIDGE_PLAZA,17.0,6.0,proactive fallback: exposure 1.05 > 1.0; routed to SH_BRIDGE_PLAZA
proactive,79,20,proactive,0,,,,"no action: vuln 0.31, forecast 0.59, exposure 0.78"
proactive,80,20,proactive,1,SH_MITSUKOSHI,2.0,7.0,proactive fallback: exposure 1.09 > 1.0; routed to SH_MITSUKOSHI
proactive,81,20,proactive,0,,,,"no action: vuln 0.75, forecast 0.31, exposure 0.57"
proactive,82,20,proactive,1,SH_BRIDGE_PLAZA,17.0,6.0,proactive fallback: exposure 1.05 > 1.0; routed to SH_BRIDGE_PLAZA
proactive,83,20,proactive,1,SH_BRIDGE_PLAZA,17.0,6.0,proactive fallback: exposure 1.05 > 1.0; routed to SH_BRIDGE_PLAZA
proactive,84,20,proactive,0,,,,"no action: vuln 0.76, forecast 0.32, exposure 0.55"
proactive,85,20,proactive,0,,,,"no action: vuln 0.21, forecast 0.52, exposure 0.83"
proactive,86,20,proactive,1,SH_BANK_HALL,10.0,7.0,proactive fallback: exposure 1.10 > 1.0; routed to SH_BANK_HALL
proactive,87,20,proactive,0,,,,"no action: vuln 0.87, forecast 0.32, exposure 0.51"
proactive,88,20,proactive,0,,,,"no action: vuln 0.23, forecast 0.57, exposure 0.67"
proactive,89,20,proactive,1,SH_BANK_HALL,10.0,7.0,proactive fallback: exposure 1.07 > 1.0; routed to SH_BANK_HALL
proactive,90,20,proactive,0,,,,"no action: vuln 0.73, forecast 0.40, exposure 0.46"
proactive,91,20,proactive,1,SH_BRIDGE_PLAZA,17.0,6.0,proactive fallback: exposure 1.07 > 1.0; routed to SH_BRIDGE_PLAZA
proactive,92,20,proactive,0,,,,"no action: vuln 0.20, forecast 0.55, exposure 0.65"
proactive,93,20,proactive,0,,,,"no action: vuln 0.20, forecast 0.47, exposure 0.74"
proactive,94,20,proactive,0,,,,"no action: vuln 0.70, forecast 0.27, exposure 0.48"
proactive,95,20,proactive,0,,,,"no action: vuln 0.25, forecast 0.84, exposure 0.98"
proactive,96,20,proactive,0,,,,"no action: vuln 0.50, forecast 0.51, exposure 0.87"
proactive,97,20,proactive,1,SH_BRIDGE_PLAZA,17.0,6.0,proactive fallback: exposure 1.12 > 1.0; routed to SH_BRIDGE_PLAZA
proactive,98,20,proactive,0,,,,"no action: vuln 0.22, forecast 0.56, exposure 0.71"
proactive,99,20,proactive,0,,,,"no action: vuln 0.72, forecast 0.28, exposure 0.56"
proactive,100,20,proactive,1,SH_BANK_HALL,10.0,7.0,proactive fallback: exposure 1.06 > 1.0; routed to SH_BANK_HALL
proactive,101,20,proactive,1,SH_BANK_HALL,10.0,7.0,vuln 0.81 >= 0.55 and forecast 0.80 >= 0.8; pre-positioned to SH_BANK_HALL
proactive,102,20,proactive,0,,,,"no action: vuln 0.94, forecast 0.39, exposure 0.56"
proactive,103,20,proactive,0,,,,"no action: vuln 0.30, forecast 0.83, exposure 0.97"
proactive,104,20,proactive,0,,,,"no action: vuln 0.81, forecast 0.48, exposure 0.86"
proactive,105,20,proactive,0,,,,"no action: vuln 0.23, forecast 0.31, exposure 0.57"
proactive,106,20,proactive,1,SH_MITSUKOSHI,2.0,7.0,proactive fallback: exposure 1.03 > 1.0; routed to SH_MITSUKOSHI
proactive,107,20,proactive,0,,,,"no action: vuln 0.56, forecast 0.53, exposure 0.77"
proactive,108,20,proactive,1,SH_BANK_HALL,10.0,7.0,proactive fallback: exposure 1.07 > 1.0; routed to SH_BANK_HALL
proactive,109,20,proactive,0,,,,"no action: vuln 0.30, forecast 0.46, exposure 0.74"
proactive,110,20,proactive,0,,,,"no action: vuln 0.27, forecast 0.27, exposure 0.48"
proactive,111,20,proactive,0,,,,"no action: vuln 0.53, forecast 0.40, exposure 0.59"
proactive,112,20,proactive,0,,,,"no action: vuln 0.89, forecast 0.51, exposure 0.87"
proactive,113,20,proactive,0,,,,"no action: vuln 0.52, forecast 0.38, exposure 0.56"
proactive,114,20,proactive,0,,,,"no action: vuln 0.86, forecast 0.28, exposure 0.60"
proactive,115,20,proactive,0,,,,"no action: vuln 0.32, forecast 0.83, exposure 0.99"
proactive,116,20,proactive,0,,,,"no action: vuln 0.58, forecast 0.39, exposure 0.54"
proactive,117,20,proactive,0,,,,"no action: vuln 0.24, forecast 0.33, exposure 0.58"
proactive,118,20,proactive,1,SH_BANK_HALL,10.0,7.0,proactive fallback: exposure 1.10 > 1.0; routed to SH_BANK_HALL
proactive,119,20,proactive,0,,,,"no action: vuln 0.90, forecast 0.48, exposure 0.80"
proactive,120,20,proactive,1,SH_BRIDGE_PLAZA,17.0,6.0,proactive fallback: exposure 1.07 > 1.0; routed to SH_BRIDGE_PLAZA
proactive,121,20,proactive,1,SH_BANK_HALL,10.0,7.0,proactive fallback: exposure 1.09 > 1.0; routed to SH_BANK_HALL
proactive,122,20,proactive,0,,,,"no action: vuln 0.32, forecast 0.36, exposure 0.56"
proactive,123,20,proactive,0,,,,"no action: vuln 0.70, forecast 0.29, exposure 0.57"
proactive,124,20,proactive,0,,,,"no action: vuln 0.56, forecast 0.56, exposure 0.69"
proactive,125,20,proactive,1,SH_MITSUKOSHI,2.0,7.0,vuln 0.85 >= 0.55 and forecast 0.83 >= 0.8; pre-positioned to SH_MITSUKOSHI
proactive,126,20,proactive,0,,,,"no action: vuln 0.55, forecast 0.40, exposure 0.46"
proactive,127,20,proactive,1,SH_BRIDGE_PLAZA,17.0,6.0,vuln 0.77 >= 0.55 and forecast 0.84 >= 0.8; pre-positioned to SH_BRIDGE_PLAZA
proactive,128,20,proactive,0,,,,"no action: vuln 0.74, forecast 0.30, exposure 0.54"
proactive,129,20,proactive,0,,,,"no action: vuln 0.19, forecast 0.46, exposure 0.78"
proactive,130,20,proactive,0,,,,"no action: vuln 0.60, forecast 0.49, exposure 0.79"
proactive,131,20,proactive,1,SH_BRIDGE_PLAZA,17.0,6.0,vuln 0.67 >= 0.55 and forecast 0.85 >= 0.8; pre-positioned to SH_BRIDGE_PLAZA
proactive,132,20,proactive,1,SH_MITSUKOSHI,2.0,7.0,proactive fallback: exposure 1.06 > 1.0; routed to SH_MITSUKOSHI
proactive,133,20,proactive,0,,,,"no action: vuln 0.23, forecast 0.27, exposure 0.55"
proactive,134,20,proactive,1,SH_MITSUKOSHI,2.0,7.0,proactive fallback: exposure 1.03 > 1.0; routed to SH_MITSUKOSHI
proactive,135,20,proactive,0,,,,"no action: vuln 0.49, forecast 0.56, exposure 0.73"
proactive,136,20,proactive,0,,,,"no action: vuln 0.58, forecast 0.46, exposure 0.78"
proactive,137,20,proactive,0,,,,"no action: vuln 0.18, forecast 0.53, exposure 0.80"
proactive,138,20,proactive,0,,,,"no action: vuln 0.30, forecast 0.58, exposure 0.81"
proactive,139,20,proactive,0,,,,"no action: vuln 0.28, forecast 0.52, exposure 0.84"
proactive,140,20,proactive,0,,,,"no action: vuln 0.30, forecast 0.39, exposure 0.54"
proactive,141,20,proactive,0,,,,"no action: vuln 0.24, forecast 0.62, exposure 0.72"
proactive,142,20,proactive,0,,,,"no action: vuln 0.26, forecast 0.62, exposure 0.78"
proactive,143,20,proactive,0,,,,"no action: vuln 0.20, forecast 0.32, exposure 0.51"
proactive,144,20,proactive,0,,,,"no action: vuln 0.83, forecast 0.55, exposure 0.83"
proactive,145,20,proactive,0,,,,"no action: vuln 0.23, forecast 0.49, exposure 0.79"
proactive,146,20,proactive,1,SH_MITSUKOSHI,2.0,7.0,proactive fallback: exposure 1.09 > 1.0; routed to SH_MITSUKOSHI
proactive,147,20,proactive,1,SH_BRIDGE_PLAZA,17.0,6.0,proactive fallback: exposure 1.05 > 1.0; routed to SH_BRIDGE_PLAZA
proactive,148,20,proactive,1,SH_BRIDGE_PLAZA,17.0,6.0,proactive fallback: exposure 1.05 > 1.0; routed to SH_BRIDGE_PLAZA
proactive,149,20,proactive,0,,,,"no action: vuln 0.59, forecast 0.50, exposure 0.74"
proactive,150,20,proactive,1,SH_BANK_HALL,10.0,7.0,proactive fallback: exposure 1.13 > 1.0; routed to SH_BANK_HALL
proactive,151,20,proactive,1,SH_BRIDGE_PLAZA,17.0,6.0,proactive fallback: exposure 1.05 > 1.0; routed to SH_BRIDGE_PLAZA
proactive,152,20,proactive,0,,,,"no action: vuln 0.31, forecast 0.55, exposure 0.72"
proactive,153,20,proactive,0,,,,"no action: vuln 0.30, forecast 0.41, exposure 0.61"
proactive,154,20,proactive,1,SH_BRIDGE_PLAZA,17.0,6.0,proactive fallback: exposure 1.05 > 1.0; routed to SH_BRIDGE_PLAZA
proactive,155,20,proactive,1,SH_BANK_HALL,10.0,7.0,proactive fallback: exposure 1.05 > 1.0; routed to SH_BANK_HALL
proactive,156,20,proactive,0,,,,"no action: vuln 0.22, forecast 0.56, exposure 0.73"
proactive,157,20,proactive,0,,,,"no action: vuln 0.78, forecast 0.51, exposure 0.68"
proactive,158,20,proactive,0,,,,"no action: vuln 0.22, forecast 0.34, exposure 0.52"
proactive,159,20,proactive,1,SH_BANK_HALL,10.0,7.0,proactive fallback: exposure 1.12 > 1.0; routed to SH_BANK_HALL
proactive,160,20,proactive,0,,,,"no action: vuln 0.24, forecast 0.62, exposure 0.78"
proactive,161,20,proactive,1,SH_BANK_HALL,10.0,7.0,proactive fallback: exposure 1.06 > 1.0; routed to SH_BANK_HALL
proactive,162,20,proactive,0,,,,"no action: vuln 0.56, forecast 0.77, exposure 0.92"
proactive,163,20,proactive,0,,,,"no action: vuln 0.26, forecast 0.51, exposure 0.81"
proactive,164,20,proactive,0,,,,"no action: vuln 0.22, forecast 0.55, exposure 0.65"
proactive,165,20,proactive,0,,,,"no action: vuln 0.27, forecast 0.45, exposure 0.74"
proactive,166,20,proactive,0,,,,"no action: vuln 0.31, forecast 0.53, exposure 0.76"
proactive,167,20,proactive,0,,,,"no action: vuln 0.56, forecast 0.55, exposure 0.83"
proactive,168,20,proactive,0,,,,"no action: vuln 0.29, forecast 0.36, exposure 0.49"
proactive,169,20,proactive,0,,,,"no action: vuln 0.20, forecast 0.53, exposure 0.76"
proactive,170,20,proactive,0,,,,"no action: vuln 0.26, forecast 0.38, exposure 0.56"
proactive,171,20,proactive,1,SH_BANK_HALL,10.0,7.0,proactive fallback: exposure 1.04 > 1.0; routed to SH_BANK_HALL
proactive,172,20,proactive,0,,,,"no action: vuln 0.20, forecast 0.52, exposure 0.84"
proactive,173,20,proactive,0,,,,"no action: vuln 0.74, forecast 0.48, exposure 0.86"
proactive,174,20,proactive,0,,,,"no action: vuln 0.59, forecast 0.52, exposure 0.77"
proactive,175,20,proactive,0,,,,"no action: vuln 0.28, forecast 0.44, exposure 0.77"
proactive,176,20,proactive,1,SH_BRIDGE_PLAZA,17.0,6.0,proactive fallback: exposure 1.10 > 1.0; routed to SH_BRIDGE_PLAZA
proactive,177,20,proactive,0,,,,"no action: vuln 0.26, forecast 0.59, exposure 0.77"
proactive,178,20,proactive,0,,,,"no action: vuln 0.30, forecast 0.39, exposure 0.76"
proactive,179,20,proactive,0,,,,"no action: vuln 0.38, forecast 0.90, exposure 0.98"
proactive,180,20,proactive,0,,,,"no action: vuln 0.71, forecast 0.38, exposure 0.50"
proactive,181,20,proactive,1,SH_BRIDGE_PLAZA,17.0,6.0,proactive fallback: exposure 1.05 > 1.0; routed to SH_BRIDGE_PLAZA
proactive,182,20,proactive,1,SH_BRIDGE_PLAZA,17.0,6.0,proactive fallback: exposure 1.06 > 1.0; routed to SH_BRIDGE_PLAZA
proactive,183,20,proactive,0,,,,"no action: vuln 0.24, forecast 0.57, exposure 0.73"
proactive,184,20,proactive,0,,,,"no action: vuln 0.21, forecast 0.56, exposure 0.71"
proactive,185,20,proactive,1,SH_BRIDGE_PLAZA,17.0,6.0,vuln 0.90 >= 0.55 and forecast 0.84 >= 0.8; pre-positioned to SH_BRIDGE_PLAZA
proactive,186,20,proactive,1,,,,"no action: vuln 0.27, forecast 0.89, exposure 1.02"
proactive,187,20,proactive,0,,,,"no action: vuln 0.23, forecast 0.54, exposure 0.81"
proactive,188,20,proactive,1,,,,"no action: vuln 0.26, forecast 0.76, exposure 1.04"
proactive,189,20,proactive,0,,,,"no action: vuln 0.25, forecast 0.32, exposure 0.60"
proactive,190,20,proactive,0,,,,"no action: vuln 0.74, forecast 0.28, exposure 0.56"
proactive,191,20,proactive,0,,,,"no action: vuln 0.24, forecast 0.39, exposure 0.56"
proactive,192,20,proactive,0,,,,"no action: vuln 0.26, forecast 0.27, exposure 0.48"
proactive,193,20,proactive,0,,,,"no action: vuln 0.31, forecast 0.53, exposure 0.74"
proactive,194,20,proactive,0,,,,"no action: vuln 0.74, forecast 0.59, exposure 0.72"
proactive,195,20,proactive,0,,,,"no action: vuln 0.26, forecast 0.53, exposure 0.78"
proactive,196,20,proactive,0,,,,"no action: vuln 0.22, forecast 0.32, exposure 0.51"
proactive,197,20,proactive,0,,,,"no action: vuln 0.56, forecast 0.33, exposure 0.58"
proactive,198,20,proactive,0,,,,"no action: vuln 0.25, forecast 0.85, exposure 0.96"
proactive,199,20,proactive,0,,,,"no action: vuln 0.29, forecast 0.90, exposure 0.98"
proactive,200,20,proactive,1,,,,"no action: vuln 0.26, forecast 0.79, exposure 1.08"
proactive,201,20,proactive,1,,,,"no action: vuln 0.45, forecast 0.78, exposure 1.02"
proactive,202,20,proactive,0,,,,"no action: vuln 0.16, forecast 0.54, exposure 0.81"
proactive,203,20,proactive,1,,,,"no action: vuln 0.56, forecast 0.85, exposure 1.07"
proactive,204,20,proactive,0,,,,"no action: vuln 0.33, forecast 0.36, exposure 0.53"
proactive,205,20,proactive,0,,,,"no action: vuln 0.79, forecast 0.34, exposure 0.57"
proactive,206,20,proactive,0,,,,"no action: vuln 0.59, forecast 0.53, exposure 0.77"
proactive,207,20,proactive,0,,,,"no action: vuln 0.29, forecast 0.58, exposure 0.74"
proactive,208,20,proactive,0,,,,"no action: vuln 0.40, forecast 0.55, exposure 0.83"
proactive,209,20,proactive,1,,,,"no action: vuln 0.27, forecast 0.77, exposure 1.03"
proactive,210,20,proactive,0,,,,"no action: vuln 0.90, forecast 0.62, exposure 0.79"
proactive,211,20,proactive,0,,,,"no action: vuln 0.27, forecast 0.30, exposure 0.58"
proactive,212,20,proactive,0,,,,"no action: vuln 0.25, forecast 0.37, exposure 0.59"
proactive,213,20,proactive,0,,,,"no action: vuln 0.68, forecast 0.51, exposure 0.81"
proactive,214,20,proactive,1,,,,"no action: vuln 0.30, forecast 0.86, exposure 1.03"
proactive,215,20,proactive,1,,,,"no action: vuln 0.22, forecast 0.79, exposure 1.05"
proactive,216,20,proactive,0,,,,"no action: vuln 0.37, forecast 0.52, exposure 0.75"
proactive,217,20,proactive,1,,,,"no action: vuln 0.25, forecast 0.75, exposure 1.08"
proactive,218,20,proactive,0,,,,"no action: vuln 0.28, forecast 0.58, exposure 0.70"
proactive,219,20,proactive,0,,,,"no action: vuln 0.56, forecast 0.48, exposure 0.80"
proactive,220,20,proactive,0,,,,"no action: vuln 0.69, forecast 0.35, exposure 0.62"
proactive,221,20,proactive,1,,,,"no action: vuln 0.88, forecast 0.79, exposure 1.08"
proactive,222,20,proactive,0,,,,"no action: vuln 0.30, forecast 0.39, exposure 0.56"
proactive,223,20,proactive,1,,,,"no action: vuln 0.19, forecast 0.75, exposure 1.08"
proactive,224,20,proactive,0,,,,"no action: vuln 0.23, forecast 0.42, exposure 0.58"
proactive,225,20,proactive,0,,,,"no action: vuln 0.22, forecast 0.33, exposure 0.58"
proactive,226,20,proactive,0,,,,"no action: vuln 0.69, forecast 0.51, exposure 0.70"
proactive,227,20,proactive,0,,,,"no action: vuln 0.76, forecast 0.34, exposure 0.52"
proactive,228,20,proactive,1,,,,"no action: vuln 0.57, forecast 0.92, exposure 1.10"
proactive,229,20,proactive,1,,,,"no action: vuln 0.50, forecast 0.77, exposure 1.03"
proactive,230,20,proactive,0,,,,"no action: vuln 0.24, forecast 0.48, exposure 0.80"
proactive,231,20,proactive,0,,,,"no action: vuln 0.22, forecast 0.58, exposure 0.71"
proactive,232,20,proactive,0,,,,"no action: vuln 0.18, forecast 0.81, exposure 0.93"
proactive,233,20,proactive,1,,,,"no action: vuln 0.29, forecast 0.76, exposure 1.04"
proactive,234,20,proactive,0,,,,"no action: vuln 0.29, forecast 0.53, exposure 0.77"
proactive,235,20,proactive,0,,,,"no action: vuln 0.35, forecast 0.38, exposure 0.63"
proactive,236,20,proactive,1,,,,"no action: vuln 0.28, forecast 0.87, exposure 1.03"
proactive,237,20,proactive,1,,,,"no action: vuln 0.58, forecast 0.77, exposure 1.03"
proactive,238,20,proactive,1,,,,"no action: vuln 0.54, forecast 0.83, exposure 1.09"
proactive,239,20,proactive,1,,,,"no action: vuln 0.60, forecast 0.75, exposure 1.09"
proactive,0,21,proactive,0,,,,"no action: vuln 0.54, forecast 0.71, exposure 0.84"
proactive,1,21,proactive,0,,,,"no action: vuln 0.54, forecast 0.17, exposure 0.29"
proactive,2,21,proactive,0,,,,"no action: vuln 0.72, forecast 0.42, exposure 0.59"
proactive,3,21,proactive,0,,,,"no action: vuln 0.22, forecast 0.73, exposure 0.85"
proactive,4,21,proactive,0,,,,"no action: vuln 0.18, forecast 0.74, exposure 0.84"
proactive,5,21,proactive,0,,,,"no action: vuln 0.77, forecast 0.37, exposure 0.48"
proactive,6,21,proactive,0,,,,"no action: vuln 0.69, forecast 0.71, exposure 0.87"
proactive,7,21,proactive,0,,,,"no action: vuln 0.25, forecast 0.37, exposure 0.50"
proactive,8,21,proactive,0,,,,"no action: vuln 0.63, forecast 0.65, exposure 0.94"
proactive,9,21,proactive,0,,,,"no action: vuln 0.29, forecast 0.49, exposure 0.49"
proactive,10,21,proactive,0,,,,"no action: vuln 0.29, forecast 0.39, exposure 0.46"
proactive,11,21,proactive,0,,,,"no action: vuln 0.29, forecast 0.10, exposure 0.30"
proactive,12,21,proactive,0,,,,"no action: vuln 0.26, forecast 0.15, exposure 0.38"
proactive,13,21,proactive,0,,,,"no action: vuln 0.23, forecast 0.43, exposure 0.52"
proactive,14,21,proactive,0,,,,"no action: vuln 0.23, forecast 0.26, exposure 0.31"
proactive,15,21,proactive,0,,,,"no action: vuln 0.49, forecast 0.30, exposure 0.48"
proactive,16,21,proactive,0,,,,"no action: vuln 0.73, forecast 0.45, exposure 0.53"
proactive,17,21,proactive,0,,,,"no action: vuln 0.69, forecast 0.71, exposure 0.88"
proactive,18,21,proactive,0,,,,"no action: vuln 0.27, forecast 0.26, exposure 0.31"
proactive,19,21,proactive,0,,,,"no action: vuln 0.59, forecast 0.39, exposure 0.59"
proactive,20,21,proactive,0,,,,"no action: vuln 0.20, forecast 0.43, exposure 0.58"
proactive,21,21,proactive,0,,,,"no action: vuln 0.26, forecast 0.63, exposure 0.82"
proactive,22,21,proactive,0,,,,"no action: vuln 0.26, forecast 0.22, exposure 0.32"
proactive,23,21,proactive,0,,,,"no action: vuln 0.69, forecast 0.37, exposure 0.50"
proactive,24,21,proactive,0,,,,"no action: vuln 0.37, forecast 0.29, exposure 0.49"
proactive,25,21,proactive,0,,,,"no action: vuln 0.24, forecast 0.70, exposure 0.80"
proactive,26,21,proactive,0,,,,"no action: vuln 0.30, forecast 0.19, exposure 0.34"
proactive,27,21,proactive,0,,,,"no action: vuln 0.26, forecast 0.74, exposure 0.84"
proactive,28,21,proactive,0,,,,"no action: vuln 0.26, forecast 0.18, exposure 0.28"
proactive,29,21,proactive,0,,,,"no action: vuln 0.32, forecast 0.13, exposure 0.35"
proactive,30,21,proactive,0,,,,"no action: vuln 0.16, forecast 0.18, exposure 0.36"
proactive,31,21,proactive,0,,,,"no action: vuln 0.55, forecast 0.40, exposure 0.55"
proactive,32,21,proactive,0,,,,"no action: vuln 0.25, forecast 0.12, exposure 0.29"
proactive,33,21,proactive,0,,,,"no action: vuln 0.32, forecast 0.07, exposure 0.31"
proactive,34,21,proactive,0,,,,"no action: vuln 0.66, forecast 0.17, exposure 0.27"
proactive,35,21,proactive,0,,,,"no action: vuln 0.55, forecast 0.29, exposure 0.53"
proactive,36,21,proactive,0,,,,"no action: vuln 0.29, forecast 0.70, exposure 0.80"
proactive,37,21,proactive,0,,,,"no action: vuln 0.86, forecast 0.34, exposure 0.58"
proactive,38,21,proactive,0,,,,"no action: vuln 0.24, forecast 0.26, exposure 0.27"
proactive,39,21,proactive,0,,,,"no action: vuln 0.25, forecast 0.31, exposure 0.53"
proactive,40,21,proactive,0,,,,"no action: vuln 0.58, forecast 0.75, exposure 0.85"
proactive,41,21,proactive,0,,,,"no action: vuln 0.26, forecast 0.34, exposure 0.51"
proactive,42,21,proactive,0,,,,"no action: vuln 0.94, forecast 0.11, exposure 0.37"
proactive,43,21,proactive,0,,,,"no action: vuln 0.22, forecast 0.26, exposure 0.31"
proactive,44,21,proactive,0,,,,"no action: vuln 0.54, forecast 0.81, exposure 0.83"
proactive,45,21,proactive,0,,,,"no action: vuln 0.18, forecast 0.66, exposure 0.90"
proactive,46,21,proactive,0,,,,"no action: vuln 0.27, forecast 0.67, exposure 0.78"
proactive,47,21,proactive,0,,,,"no action: vuln 0.30, forecast 0.37, exposure 0.50"
proactive,48,21,proactive,0,,,,"no action: vuln 0.24, forecast 0.25, exposure 0.36"
proactive,49,21,proactive,0,,,,"no action: vuln 0.76, forecast 0.40, exposure 0.62"
proactive,50,21,proactive,0,,,,"no action: vuln 0.42, forecast 0.16, exposure 0.38"
proactive,51,21,proactive,0,,,,"no action: vuln 0.21, forecast 0.64, exposure 0.83"
proactive,52,21,proactive,0,,,,"no action: vuln 0.32, forecast 0.17, exposure 0.30"
proactive,53,21,proactive,0,,,,"no action: vuln 0.26, forecast 0.42, exposure 0.50"
proactive,54,21,proactive,0,,,,"no action: vuln 0.21, forecast 0.44, exposure 0.62"
proactive,55,21,proactive,0,,,,"no action: vuln 0.30, forecast 0.72, exposure 0.83"
proactive,56,21,proactive,0,,,,"no action: vuln 0.74, forecast 0.70, exposure 0.85"
proactive,57,21,proactive,0,,,,"no action: vuln 0.22, forecast 0.64, exposure 0.83"
proactive,58,21,proactive,0,,,,"no action: vuln 0.31, forecast 0.41, exposure 0.47"
proactive,59,21,proactive,0,,,,"no action: vuln 0.22, forecast 0.71, exposure 0.82"
proactive,60,21,proactive,0,,,,"no action: vuln 0.52, forecast 0.68, exposure 0.84"
proactive,61,21,proactive,0,,,,"no action: vuln 0.23, forecast 0.70, exposure 0.85"
proactive,62,21,proactive,0,,,,"no action: vuln 0.78, forecast 0.71, exposure 0.75"
proactive,63,21,proactive,0,,,,"no action: vuln 0.77, forecast 0.47, exposure 0.39"
proactive,64,21,proactive,0,,,,"no action: vuln 0.26, forecast 0.38, exposure 0.48"
proactive,65,21,proactive,0,,,,"no action: vuln 0.18, forecast 0.14, exposure 0.39"
proactive,66,21,proactive,0,,,,"no action: vuln 0.75, forecast 0.22, exposure 0.30"
proactive,67,21,proactive,0,,,,"no action: vuln 0.27, forecast 0.26, exposure 0.27"
proactive,68,21,proactive,0,,,,"no action: vuln 0.26, forecast 0.75, exposure 0.87"
proactive,69,21,proactive,0,,,,"no action: vuln 0.35, forecast 0.30, exposure 0.48"
proactive,70,21,proactive,0,,,,"no action: vuln 0.19, forecast 0.24, exposure 0.36"
proactive,71,21,proactive,0,,,,"no action: vuln 0.23, forecast 0.37, exposure 0.48"
proactive,72,21,proactive,0,,,,"no action: vuln 0.31, forecast 0.13, exposure 0.35"
proactive,73,21,proactive,0,,,,"no action: vuln 0.29, forecast 0.67, exposure 0.81"
proactive,74,21,proactive,0,,,,"no action: vuln 0.75, forecast 0.19, exposure 0.34"
proactive,75,21,proactive,0,,,,"no action: vuln 0.86, forecast 0.79, exposure 0.91"
proactive,76,21,proactive,0,,,,"no action: vuln 0.24, forecast 0.17, exposure 0.39"
proactive,77,21,proactive,0,,,,"no action: vuln 0.57, forecast 0.39, exposure 0.59"
proactive,78,21,proactive,0,,,,"no action: vuln 0.26, forecast 0.28, exposure 0.51"
proactive,79,21,proactive,0,,,,"no action: vuln 0.31, forecast 0.37, exposure 0.53"
proactive,80,21,proactive,0,,,,"no action: vuln 0.24, forecast 0.66, exposure 0.90"
proactive,81,21,proactive,0,,,,"no action: vuln 0.75, forecast 0.36, exposure 0.56"
proactive,82,21,proactive,0,,,,"no action: vuln 0.21, forecast 0.60, exposure 0.75"
proactive,83,21,proactive,0,,,,"no action: vuln 0.24, forecast 0.66, exposure 0.86"
proactive,84,21,proactive,0,,,,"no action: vuln 0.76, forecast 0.19, exposure 0.34"
proactive,85,21,proactive,0,,,,"no action: vuln 0.21, forecast 0.16, exposure 0.38"
proactive,86,21,proactive,0,,,,"no action: vuln 0.26, forecast 0.70, exposure 0.71"
proactive,87,21,proactive,0,,,,"no action: vuln 0.87, forecast 0.22, exposure 0.30"
proactive,88,21,proactive,0,,,,"no action: vuln 0.23, forecast 0.15, exposure 0.38"
proactive,89,21,proactive,0,,,,"no action: vuln 0.22, forecast 0.48, exposure 0.57"
proactive,90,21,proactive,0,,,,"no action: vuln 0.73, forecast 0.31, exposure 0.32"
proactive,91,21,proactive,0,,,,"no action: vuln 0.27, forecast 0.36, exposure 0.47"
proactive,92,21,proactive,0,,,,"no action: vuln 0.20, forecast 0.38, exposure 0.52"
proactive,93,21,proactive,0,,,,"no action: vuln 0.20, forecast 0.20, exposure 0.29"
proactive,94,21,proactive,0,,,,"no action: vuln 0.70, forecast 0.22, exposure 0.32"
proactive,95,21,proactive,0,,,,"no action: vuln 0.25, forecast 0.71, exposure 0.82"
proactive,96,21,proactive,0,,,,"no action: vuln 0.50, forecast 0.20, exposure 0.29"
proactive,97,21,proactive,0,,,,"no action: vuln 0.27, forecast 0.79, exposure 0.91"
proactive,98,21,proactive,0,,,,"no action: vuln 0.22, forecast 0.23, exposure 0.42"
proactive,99,21,proactive,0,,,,"no action: vuln 0.72, forecast 0.20, exposure 0.29"
proactive,100,21,proactive,0,,,,"no action: vuln 0.48, forecast 0.70, exposure 0.89"
proactive,101,21,proactive,0,,,,"no action: vuln 0.81, forecast 0.64, exposure 0.82"
proactive,102,21,proactive,0,,,,"no action: vuln 0.94, forecast 0.13, exposure 0.40"
proactive,103,21,proactive,0,,,,"no action: vuln 0.30, forecast 0.45, exposure 0.53"
proactive,104,21,proactive,0,,,,"no action: vuln 0.81, forecast 0.47, exposure 0.44"
proactive,105,21,proactive,0,,,,"no action: vuln 0.23, forecast 0.26, exposure 0.31"
proactive,106,21,proactive,0,,,,"no action: vuln 0.51, forecast 0.70, exposure 0.86"
proactive,107,21,proactive,0,,,,"no action: vuln 0.56, forecast 0.43, exposure 0.44"
proactive,108,21,proactive,0,,,,"no action: vuln 0.23, forecast 0.66, exposure 0.82"
proactive,109,21,proactive,0,,,,"no action: vuln 0.30, forecast 0.29, exposure 0.58"
proactive,110,21,proactive,0,,,,"no action: vuln 0.27, forecast 0.19, exposure 0.34"
proactive,111,21,proactive,0,,,,"no action: vuln 0.53, forecast 0.21, exposure 0.40"
proactive,112,21,proactive,0,,,,"no action: vuln 0.89, forecast 0.66, exposure 0.86"
proactive,113,21,proactive,0,,,,"no action: vuln 0.52, forecast 0.27, exposure 0.34"
proactive,114,21,proactive,0,,,,"no action: vuln 0.86, forecast 0.43, exposure 0.50"
proactive,115,21,proactive,0,,,,"no action: vuln 0.32, forecast 0.38, exposure 0.48"
proactive,116,21,proactive,0,,,,"no action: vuln 0.58, forecast 0.50, exposure 0.46"
proactive,117,21,proactive,0,,,,"no action: vuln 0.24, forecast 0.61, exposure 0.78"
proactive,118,21,proactive,0,,,,"no action: vuln 0.21, forecast 0.71, exposure 0.84"
proactive,119,21,proactive,0,,,,"no action: vuln 0.90, forecast 0.40, exposure 0.59"
proactive,120,21,proactive,0,,,,"no action: vuln 0.53, forecast 0.34, exposure 0.62"
proactive,121,21,proactive,0,,,,"no action: vuln 0.43, forecast 0.68, exposure 0.79"
proactive,122,21,proactive,0,,,,"no action: vuln 0.32, forecast 0.19, exposure 0.34"
proactive,123,21,proactive,0,,,,"no action: vuln 0.70, forecast 0.11, exposure 0.39"
proactive,124,21,proactive,0,,,,"no action: vuln 0.56, forecast 0.43, exposure 0.50"
proactive,125,21,proactive,0,,,,"no action: vuln 0.85, forecast 0.39, exposure 0.52"
proactive,126,21,proactive,0,,,,"no action: vuln 0.55, forecast 0.17, exposure 0.27"
proactive,127,21,proactive,0,,,,"no action: vuln 0.77, forecast 0.34, exposure 0.62"
proactive,128,21,proactive,0,,,,"no action: vuln 0.74, forecast 0.40, exposure 0.59"
proactive,129,21,proactive,0,,,,"no action: vuln 0.19, forecast 0.29, exposure 0.25"
proactive,130,21,proactive,0,,,,"no action: vuln 0.60, forecast 0.67, exposure 0.78"
proactive,131,21,proactive,0,,,,"no action: vuln 0.67, forecast 0.36, exposure 0.56"
proactive,132,21,proactive,0,,,,"no action: vuln 0.27, forecast 0.52, exposure 0.62"
proactive,133,21,proactive,0,,,,"no action: vuln 0.23, forecast 0.16, exposure 0.38"
proactive,134,21,proactive,0,,,,"no action: vuln 0.21, forecast 0.43, exposure 0.44"
proactive,135,21,proactive,0,,,,"no action: vuln 0.49, forecast 0.65, exposure 0.75"
proactive,136,21,proactive,0,,,,"no action: vuln 0.58, forecast 0.47, exposure 0.39"
proactive,137,21,proactive,0,,,,"no action: vuln 0.18, forecast 0.66, exposure 0.82"
proactive,138,21,proactive,0,,,,"no action: vuln 0.30, forecast 0.43, exposure 0.56"
proactive,139,21,proactive,0,,,,"no action: vuln 0.28, forecast 0.67, exposure 0.79"
proactive,140,21,proactive,0,,,,"no action: vuln 0.30, forecast 0.15, exposure 0.38"
proactive,141,21,proactive,0,,,,"no action: vuln 0.24, forecast 0.38, exposure 0.52"
proactive,142,21,proactive,0,,,,"no action: vuln 0.26, forecast 0.73, exposure 0.90"
proactive,143,21,proactive,0,,,,"no action: vuln 0.20, forecast 0.40, exposure 0.55"
proactive,144,21,proactive,0,,,,"no action: vuln 0.83, forecast 0.28, exposure 0.51"
proactive,145,21,proactive,0,,,,"no action: vuln 0.23, forecast 0.70, exposure 0.85"
proactive,146,21,proactive,0,,,,"no action: vuln 0.23, forecast 0.65, exposure 0.87"
proactive,147,21,proactive,0,,,,"no action: vuln 0.19, forecast 0.60, exposure 0.75"
proactive,148,21,proactive,0,,,,"no action: vuln 0.33, forecast 0.71, exposure 0.82"
proactive,149,21,proactive,0,,,,"no action: vuln 0.59, forecast 0.61, exposure 0.85"
proactive,150,21,proactive,0,,,,"no action: vuln 0.34, forecast 0.74, exposure 0.79"
proactive,151,21,proactive,0,,,,"no action: vuln 0.24, forecast 0.73, exposure 0.90"
proactive,152,21,proactive,0,,,,"no action: vuln 0.31, forecast 0.23, exposure 0.42"
proactive,153,21,proactive,0,,,,"no action: vuln 0.30, forecast 0.14, exposure 0.39"
proactive,154,21,proactive,0,,,,"no action: vuln 0.52, forecast 0.34, exposure 0.62"
proactive,155,21,proactive,0,,,,"no action: vuln 0.27, forecast 0.66, exposure 0.86"
proactive,156,21,proactive,0,,,,"no action: vuln 0.22, forecast 0.29, exposure 0.53"
proactive,157,21,proactive,0,,,,"no action: vuln 0.78, forecast 0.43, exposure 0.44"
proactive,158,21,proactive,0,,,,"no action: vuln 0.22, forecast 0.14, exposure 0.38"
proactive,159,21,proactive,0,,,,"no action: vuln 0.25, forecast 0.64, exposure 0.87"
proactive,160,21,proactive,0,,,,"no action: vuln 0.24, forecast 0.43, exposure 0.56"
proactive,161,21,proactive,0,,,,"no action: vuln 0.27, forecast 0.75, exposure 0.86"
proactive,162,21,proactive,0,,,,"no action: vuln 0.56, forecast 0.66, exposure 0.82"
proactive,163,21,proactive,0,,,,"no action: vuln 0.26, forecast 0.31, exposure 0.49"
proactive,164,21,proactive,0,,,,"no action: vuln 0.22, forecast 0.43, exposure 0.58"
proactive,165,21,proactive,0,,,,"no action: vuln 0.27, forecast 0.38, exposure 0.58"
proactive,166,21,proactive,0,,,,"no action: vuln 0.31, forecast 0.53, exposure 0.77"
proactive,167,21,proactive,0,,,,"no action: vuln 0.56, forecast 0.46, exposure 0.57"
proactive,168,21,proactive,0,,,,"no action: vuln 0.29, forecast 0.10, exposure 0.30"
proactive,169,21,proactive,0,,,,"no action: vuln 0.20, forecast 0.24, exposure 0.36"
proactive,170,21,proactive,0,,,,"no action: vuln 0.26, forecast 0.31, exposure 0.32"
proactive,171,21,proactive,0,,,,"no action: vuln 0.54, forecast 0.30, exposure 0.54"
proactive,172,21,proactive,0,,,,"no action: vuln 0.20, forecast 0.31, exposure 0.57"
proactive,173,21,proactive,0,,,,"no action: vuln 0.74, forecast 0.20, exposure 0.37"
proactive,174,21,proactive,0,,,,"no action: vuln 0.59, forecast 0.28, exposure 0.51"
proactive,175,21,proactive,0,,,,"no action: vuln 0.28, forecast 0.70, exposure 0.80"
proactive,176,21,proactive,0,,,,"no action: vuln 0.20, forecast 0.81, exposure 0.83"
proactive,177,21,proactive,0,,,,"no action: vuln 0.26, forecast 0.41, exposure 0.55"
proactive,178,21,proactive,0,,,,"no action: vuln 0.30, forecast 0.29, exposure 0.49"
proactive,179,21,proactive,0,,,,"no action: vuln 0.38, forecast 0.34, exposure 0.62"
proactive,180,21,proactive,0,,,,"no action: vuln 0.71, forecast 0.21, exposure 0.36"
proactive,181,21,proactive,0,,,,"no action: vuln 0.52, forecast 0.75, exposure 0.87"
proactive,182,21,proactive,0,,,,"no action: vuln 0.22, forecast 0.48, exposure 0.57"
proactive,183,21,proactive,0,,,,"no action: vuln 0.24, forecast 0.31, exposure 0.49"
proactive,184,21,proactive,0,,,,"no action: vuln 0.21, forecast 0.36, exposure 0.56"
proactive,185,21,proactive,0,,,,"no action: vuln 0.90, forecast 0.70, exposure 0.89"
proactive,186,21,proactive,0,,,,"no action: vuln 0.27, forecast 0.70, exposure 0.85"
proactive,187,21,proactive,0,,,,"no action: vuln 0.23, forecast 0.70, exposure 0.86"
proactive,188,21,proactive,0,,,,"no action: vuln 0.26, forecast 0.66, exposure 0.82"
proactive,189,21,proactive,0,,,,"no action: vuln 0.25, forecast 0.22, exposure 0.32"
proactive,190,21,proactive,0,,,,"no action: vuln 0.74, forecast 0.18, exposure 0.28"
proactive,191,21,proactive,0,,,,"no action: vuln 0.24, forecast 0.39, exposure 0.59"
proactive,192,21,proactive,0,,,,"no action: vuln 0.26, forecast 0.39, exposure 0.52"
proactive,193,21,proactive,0,,,,"no action: vuln 0.31, forecast 0.41, exposure 0.53"
proactive,194,21,proactive,0,,,,"no action: vuln 0.74, forecast 0.39, exposure 0.52"
proactive,195,21,proactive,0,,,,"no action: vuln 0.26, forecast 0.34, exposure 0.51"
proactive,196,21,proactive,0,,,,"no action: vuln 0.22, forecast 0.53, exposure 0.77"
proactive,197,21,proactive,0,,,,"no action: vuln 0.56, forecast 0.18, exposure 0.38"
proactive,198,21,proactive,0,,,,"no action: vuln 0.25, forecast 0.43, exposure 0.55"
proactive,199,21,proactive,0,,,,"no action: vuln 0.29, forecast 0.30, exposure 0.48"
proactive,200,21,proactive,0,,,,"no action: vuln 0.26, forecast 0.68, exposure 0.80"
proactive,201,21,proactive,0,,,,"no action: vuln 0.45, forecast 0.72, exposure 0.86"
proactive,202,21,proactive,0,,,,"no action: vuln 0.16, forecast 0.28, exposure 0.40"
proactive,203,21,proactive,0,,,,"no action: vuln 0.56, forecast 0.75, exposure 0.87"
proactive,204,21,proactive,0,,,,"no action: vuln 0.33, forecast 0.24, exposure 0.41"
proactive,205,21,proactive,0,,,,"no action: vuln 0.79, forecast 0.14, exposure 0.38"
proactive,206,21,proactive,0,,,,"no action: vuln 0.59, forecast 0.17, exposure 0.39"
proactive,207,21,proactive,0,,,,"no action: vuln 0.29, forecast 0.17, exposure 0.27"
proactive,208,21,proactive,0,,,,"no action: vuln 0.40, forecast 0.44, exposure 0.55"
proactive,209,21,proactive,0,,,,"no action: vuln 0.27, forecast 0.72, exposure 0.83"
proactive,210,21,proactive,0,,,,"no action: vuln 0.90, forecast 0.38, exposure 0.58"
proactive,211,21,proactive,0,,,,"no action: vuln 0.27, forecast 0.16, exposure 0.35"
proactive,212,21,proactive,0,,,,"no action: vuln 0.25, forecast 0.61, exposure 0.78"
proactive,213,21,proactive,0,,,,"no action: vuln 0.68, forecast 0.32, exposure 0.52"
proactive,214,21,proactive,0,,,,"no action: vuln 0.30, forecast 0.72, exposure 0.77"
proactive,215,21,proactive,0,,,,"no action: vuln 0.22, forecast 0.74, exposure 0.86"
proactive,216,21,proactive,0,,,,"no action: vuln 0.37, forecast 0.34, exposure 0.58"
proactive,217,21,proactive,0,,,,"no action: vuln 0.25, forecast 0.41, exposure 0.60"
proactive,218,21,proactive,0,,,,"no action: vuln 0.28, forecast 0.34, exposure 0.58"
proactive,219,21,proactive,0,,,,"no action: vuln 0.56, forecast 0.32, exposure 0.55"
proactive,220,21,proactive,0,,,,"no action: vuln 0.69, forecast 0.61, exposure 0.85"
proactive,221,21,proactive,0,,,,"no action: vuln 0.88, forecast 0.63, exposure 0.81"
proactive,222,21,proactive,0,,,,"no action: vuln 0.30, forecast 0.17, exposure 0.30"
proactive,223,21,proactive,0,,,,"no action: vuln 0.19, forecast 0.72, exposure 0.91"
proactive,224,21,proactive,0,,,,"no action: vuln 0.23, forecast 0.43, exposure 0.50"
proactive,225,21,proactive,0,,,,"no action: vuln 0.22, forecast 0.22, exposure 0.30"
proactive,226,21,proactive,0,,,,"no action: vuln 0.69, forecast 0.67, exposure 0.79"
proactive,227,21,proactive,0,,,,"no action: vuln 0.76, forecast 0.14, exposure 0.34"
proactive,228,21,proactive,0,,,,"no action: vuln 0.57, forecast 0.70, exposure 0.85"
proactive,229,21,proactive,0,,,,"no action: vuln 0.50, forecast 0.70, exposure 0.86"
proactive,230,21,proactive,0,,,,"no action: vuln 0.24, forecast 0.65, exposure 0.75"
proactive,231,21,proactive,0,,,,"no action: vuln 0.22, forecast 0.26, exposure 0.27"
proactive,232,21,proactive,0,,,,"no action: vuln 0.18, forecast 0.70, exposure 0.85"
proactive,233,21,proactive,0,,,,"no action: vuln 0.29, forecast 0.39, exposure 0.59"
proactive,234,21,proactive,0,,,,"no action: vuln 0.29, forecast 0.50, exposure 0.46"
proactive,235,21,proactive,0,,,,"no action: vuln 0.35, forecast 0.24, exposure 0.41"
proactive,236,21,proactive,0,,,,"no action: vuln 0.28, forecast 0.66, exposure 0.83"
proactive,237,21,proactive,0,,,,"no action: vuln 0.58, forecast 0.72, exposure 0.83"
proactive,238,21,proactive,0,,,,"no action: vuln 0.54, forecast 0.48, exposure 0.57"
proactive,239,21,proactive,0,,,,"no action: vuln 0.60, forecast 0.61, exposure 0.85"
proactive,0,22,proactive,0,,,,"no action: vuln 0.54, forecast 0.16, exposure 0.15"
proactive,1,22,proactive,0,,,,"no action: vuln 0.54, forecast 0.28, exposure 0.43"
proactive,2,22,proactive,0,,,,"no action: vuln 0.72, forecast 0.05, exposure 0.17"
proactive,3,22,proactive,0,,,,"no action: vuln 0.22, forecast 0.31, exposure 0.41"
proactive,4,22,proactive,0,,,,"no action: vuln 0.18, forecast 0.65, exposure 0.68"
proactive,5,22,proactive,0,,,,"no action: vuln 0.77, forecast 0.63, exposure 0.70"
proactive,6,22,proactive,0,,,,"no action: vuln 0.69, forecast 0.51, exposure 0.72"
proactive,7,22,proactive,0,,,,"no action: vuln 0.25, forecast 0.59, exposure 0.69"
proactive,8,22,proactive,0,,,,"no action: vuln 0.63, forecast 0.37, exposure 0.43"
proactive,9,22,proactive,0,,,,"no action: vuln 0.29, forecast 0.63, exposure 0.71"
proactive,10,22,proactive,0,,,,"no action: vuln 0.29, forecast 0.63, exposure 0.70"
proactive,11,22,proactive,0,,,,"no action: vuln 0.29, forecast 0.50, exposure 0.69"
proactive,12,22,proactive,0,,,,"no action: vuln 0.26, forecast 0.57, exposure 0.75"
proactive,13,22,proactive,0,,,,"no action: vuln 0.23, forecast 0.27, exposure 0.43"
proactive,14,22,proactive,0,,,,"no action: vuln 0.23, forecast 0.29, exposure 0.34"
proactive,15,22,proactive,0,,,,"no action: vuln 0.49, forecast 0.59, exposure 0.78"
proactive,16,22,proactive,0,,,,"no action: vuln 0.73, forecast 0.03, exposure 0.24"
proactive,17,22,proactive,0,,,,"no action: vuln 0.69, forecast 0.04, exposure 0.27"
proactive,18,22,proactive,0,,,,"no action: vuln 0.27, forecast 0.49, exposure 0.63"
proactive,19,22,proactive,0,,,,"no action: vuln 0.59, forecast 0.07, exposure 0.31"
proactive,20,22,proactive,0,,,,"no action: vuln 0.20, forecast 0.37, exposure 0.43"
proactive,21,22,proactive,0,,,,"no action: vuln 0.26, forecast 0.63, exposure 0.70"
proactive,22,22,proactive,0,,,,"no action: vuln 0.26, forecast 0.54, exposure 0.78"
proactive,23,22,proactive,0,,,,"no action: vuln 0.69, forecast 0.20, exposure 0.38"
proactive,24,22,proactive,0,,,,"no action: vuln 0.37, forecast 0.54, exposure 0.72"
proactive,25,22,proactive,0,,,,"no action: vuln 0.24, forecast 0.32, exposure 0.52"
proactive,26,22,proactive,0,,,,"no action: vuln 0.30, forecast 0.32, exposure 0.39"
proactive,27,22,proactive,0,,,,"no action: vuln 0.26, forecast 0.50, exposure 0.69"
proactive,28,22,proactive,0,,,,"no action: vuln 0.26, forecast 0.57, exposure 0.78"
proactive,29,22,proactive,0,,,,"no action: vuln 0.32, forecast 0.14, exposure 0.13"
proactive,30,22,proactive,0,,,,"no action: vuln 0.16, forecast 0.32, exposure 0.52"
proactive,31,22,proactive,0,,,,"no action: vuln 0.55, forecast 0.66, exposure 0.71"
proactive,32,22,proactive,0,,,,"no action: vuln 0.25, forecast 0.36, exposure 0.43"
proactive,33,22,proactive,0,,,,"no action: vuln 0.32, forecast 0.56, exposure 0.71"
proactive,34,22,proactive,0,,,,"no action: vuln 0.66, forecast 0.07, exposure 0.20"
proactive,35,22,proactive,0,,,,"no action: vuln 0.55, forecast 0.34, exposure 0.41"
proactive,36,22,proactive,0,,,,"no action: vuln 0.29, forecast 0.13, exposure 0.24"
proactive,37,22,proactive,0,,,,"no action: vuln 0.86, forecast 0.57, exposure 0.78"
proactive,38,22,proactive,0,,,,"no action: vuln 0.24, forecast 0.54, exposure 0.53"
proactive,39,22,proactive,0,,,,"no action: vuln 0.25, forecast 0.24, exposure 0.40"
proactive,40,22,proactive,0,,,,"no action: vuln 0.58, forecast 0.53, exposure 0.63"
proactive,41,22,proactive,0,,,,"no action: vuln 0.26, forecast 0.14, exposure 0.16"
proactive,42,22,proactive,0,,,,"no action: vuln 0.94, forecast 0.59, exposure 0.69"
proactive,43,22,proactive,0,,,,"no action: vuln 0.22, forecast 0.33, exposure 0.34"
proactive,44,22,proactive,0,,,,"no action: vuln 0.54, forecast 0.35, exposure 0.44"
proactive,45,22,proactive,0,,,,"no action: vuln 0.18, forecast 0.62, exposure 0.67"
proactive,46,22,proactive,0,,,,"no action: vuln 0.27, forecast 0.54, exposure 0.78"
proactive,47,22,proactive,0,,,,"no action: vuln 0.30, forecast 0.24, exposure 0.43"
proactive,48,22,proactive,0,,,,"no action: vuln 0.24, forecast 0.04, exposure 0.25"
proactive,49,22,proactive,0,,,,"no action: vuln 0.76, forecast 0.67, exposure 0.63"
proactive,50,22,proactive,0,,,,"no action: vuln 0.42, forecast 0.13, exposure 0.24"
proactive,51,22,proactive,0,,,,"no action: vuln 0.21, forecast 0.63, exposure 0.71"
proactive,52,22,proactive,0,,,,"no action: vuln 0.32, forecast 0.48, exposure 0.72"
proactive,53,22,proactive,0,,,,"no action: vuln 0.26, forecast 0.15, exposure 0.28"
proactive,54,22,proactive,0,,,,"no action: vuln 0.21, forecast 0.53, exposure 0.65"
proactive,55,22,proactive,0,,,,"no action: vuln 0.30, forecast 0.26, exposure 0.36"
proactive,56,22,proactive,0,,,,"no action: vuln 0.74, forecast 0.53, exposure 0.65"
proactive,57,22,proactive,0,,,,"no action: vuln 0.22, forecast 0.13, exposure 0.15"
proactive,58,22,proactive,0,,,,"no action: vuln 0.31, forecast 0.62, exposure 0.70"
proactive,59,22,proactive,0,,,,"no action: vuln 0.22, forecast 0.27, exposure 0.42"
proactive,60,22,proactive,0,,,,"no action: vuln 0.52, forecast 0.51, exposure 0.61"
proactive,61,22,proactive,0,,,,"no action: vuln 0.23, forecast 0.33, exposure 0.39"
proactive,62,22,proactive,0,,,,"no action: vuln 0.78, forecast 0.35, exposure 0.32"
proactive,63,22,proactive,0,,,,"no action: vuln 0.77, forecast 0.12, exposure 0.21"
proactive,64,22,proactive,0,,,,"no action: vuln 0.26, forecast 0.07, exposure 0.29"
proactive,65,22,proactive,0,,,,"no action: vuln 0.18, forecast 0.32, exposure 0.41"
proactive,66,22,proactive,0,,,,"no action: vuln 0.75, forecast 0.62, exposure 0.66"
proactive,67,22,proactive,0,,,,"no action: vuln 0.27, forecast 0.70, exposure 0.67"
proactive,68,22,proactive,0,,,,"no action: vuln 0.26, forecast 0.19, exposure 0.40"
proactive,69,22,proactive,0,,,,"no action: vuln 0.35, forecast 0.19, exposure 0.40"
proactive,70,22,proactive,0,,,,"no action: vuln 0.19, forecast 0.29, exposure 0.40"
proactive,71,22,proactive,0,,,,"no action: vuln 0.23, forecast 0.15, exposure 0.25"
proactive,72,22,proactive,0,,,,"no action: vuln 0.31, forecast 0.58, exposure 0.61"
proactive,73,22,proactive,0,,,,"no action: vuln 0.29, forecast 0.28, exposure 0.43"
proactive,74,22,proactive,0,,,,"no action: vuln 0.75, forecast 0.48, exposure 0.68"
proactive,75,22,proactive,0,,,,"no action: vuln 0.86, forecast 0.05, exposure 0.17"
proactive,76,22,proactive,0,,,,"no action: vuln 0.24, forecast 0.29, exposure 0.40"
proactive,77,22,proactive,0,,,,"no action: vuln 0.57, forecast 0.35, exposure 0.31"
proactive,78,22,proactive,0,,,,"no action: vuln 0.26, forecast 0.11, exposure 0.22"
proactive,79,22,proactive,0,,,,"no action: vuln 0.31, forecast 0.14, exposure 0.22"
proactive,80,22,proactive,0,,,,"no action: vuln 0.24, forecast 0.09, exposure 0.22"
proactive,81,22,proactive,0,,,,"no action: vuln 0.75, forecast 0.56, exposure 0.61"
proactive,82,22,proactive,0,,,,"no action: vuln 0.21, forecast 0.59, exposure 0.75"
proactive,83,22,proactive,0,,,,"no action: vuln 0.24, forecast 0.63, exposure 0.70"
proactive,84,22,proactive,0,,,,"no action: vuln 0.76, forecast 0.57, exposure 0.71"
proactive,85,22,proactive,0,,,,"no action: vuln 0.21, forecast 0.04, exposure 0.24"
proactive,86,22,proactive,0,,,,"no action: vuln 0.26, forecast 0.67, exposure 0.66"
proactive,87,22,proactive,0,,,,"no action: vuln 0.87, forecast 0.61, exposure 0.70"
proactive,88,22,proactive,0,,,,"no action: vuln 0.23, forecast 0.26, exposure 0.43"
proactive,89,22,proactive,0,,,,"no action: vuln 0.22, forecast 0.64, exposure 0.81"
proactive,90,22,proactive,0,,,,"no action: vuln 0.73, forecast 0.08, exposure 0.10"
proactive,91,22,proactive,0,,,,"no action: vuln 0.27, forecast 0.30, exposure 0.25"
proactive,92,22,proactive,0,,,,"no action: vuln 0.20, forecast 0.09, exposure 0.23"
proactive,93,22,proactive,0,,,,"no action: vuln 0.20, forecast 0.12, exposure 0.21"
proactive,94,22,proactive,0,,,,"no action: vuln 0.70, forecast 0.55, exposure 0.79"
proactive,95,22,proactive,0,,,,"no action: vuln 0.25, forecast 0.29, exposure 0.43"
proactive,96,22,proactive,0,,,,"no action: vuln 0.50, forecast 0.65, exposure 0.68"
proactive,97,22,proactive,0,,,,"no action: vuln 0.27, forecast 0.02, exposure 0.14"
proactive,98,22,proactive,0,,,,"no action: vuln 0.22, forecast 0.53, exposure 0.63"
proactive,99,22,proactive,0,,,,"no action: vuln 0.72, forecast 0.15, exposure 0.29"
proactive,100,22,proactive,0,,,,"no action: vuln 0.48, forecast 0.08, exposure 0.18"
proactive,101,22,proactive,0,,,,"no action: vuln 0.81, forecast 0.19, exposure 0.19"
proactive,102,22,proactive,0,,,,"no action: vuln 0.94, forecast 0.12, exposure 0.21"
proactive,103,22,proactive,0,,,,"no action: vuln 0.30, forecast 0.09, exposure 0.23"
proactive,104,22,proactive,0,,,,"no action: vuln 0.81, forecast 0.62, exposure 0.70"
proactive,105,22,proactive,0,,,,"no action: vuln 0.23, forecast 0.57, exposure 0.78"
proactive,106,22,proactive,0,,,,"no action: vuln 0.51, forecast 0.54, exposure 0.53"
proactive,107,22,proactive,0,,,,"no action: vuln 0.56, forecast 0.53, exposure 0.65"
proactive,108,22,proactive,0,,,,"no action: vuln 0.23, forecast 0.15, exposure 0.25"
proactive,109,22,proactive,0,,,,"no action: vuln 0.30, forecast 0.05, exposure 0.22"
proactive,110,22,proactive,0,,,,"no action: vuln 0.27, forecast 0.32, exposure 0.37"
proactive,111,22,proactive,0,,,,"no action: vuln 0.53, forecast 0.32, exposure 0.39"
proactive,112,22,proactive,0,,,,"no action: vuln 0.89, forecast 0.59, exposure 0.78"
proactive,113,22,proactive,0,,,,"no action: vuln 0.52, forecast 0.49, exposure 0.63"
proactive,114,22,proactive,0,,,,"no action: vuln 0.86, forecast 0.09, exposure 0.16"
proactive,115,22,proactive,0,,,,"no action: vuln 0.32, forecast 0.30, exposure 0.40"
proactive,116,22,proactive,0,,,,"no action: vuln 0.58, forecast 0.50, exposure 0.68"
proactive,117,22,proactive,0,,,,"no action: vuln 0.24, forecast 0.59, exposure 0.64"
proactive,118,22,proactive,0,,,,"no action: vuln 0.21, forecast 0.14, exposure 0.11"
proactive,119,22,proactive,0,,,,"no action: vuln 0.90, forecast 0.03, exposure 0.24"
proactive,120,22,proactive,0,,,,"no action: vuln 0.53, forecast 0.35, exposure 0.30"
proactive,121,22,proactive,0,,,,"no action: vuln 0.43, forecast 0.31, exposure 0.37"
proactive,122,22,proactive,0,,,,"no action: vuln 0.32, forecast 0.24, exposure 0.43"
proactive,123,22,proactive,0,,,,"no action: vuln 0.70, forecast 0.58, exposure 0.75"
proactive,124,22,proactive,0,,,,"no action: vuln 0.56, forecast 0.10, exposure 0.17"
proactive,125,22,proactive,0,,,,"no action: vuln 0.85, forecast 0.62, exposure 0.67"
proactive,126,22,proactive,0,,,,"no action: vuln 0.55, forecast 0.35, exposure 0.32"
proactive,127,22,proactive,0,,,,"no action: vuln 0.77, forecast 0.09, exposure 0.18"
proactive,128,22,proactive,0,,,,"no action: vuln 0.74, forecast 0.21, exposure 0.20"
proactive,129,22,proactive,0,,,,"no action: vuln 0.19, forecast 0.53, exposure 0.65"
proactive,130,22,proactive,0,,,,"no action: vuln 0.60, forecast 0.15, exposure 0.25"
proactive,131,22,proactive,0,,,,"no action: vuln 0.67, forecast 0.19, exposure 0.19"
proactive,132,22,proactive,0,,,,"no action: vuln 0.27, forecast 0.31, exposure 0.41"
proactive,133,22,proactive,0,,,,"no action: vuln 0.23, forecast 0.13, exposure 0.26"
proactive,134,22,proactive,0,,,,"no action: vuln 0.21, forecast 0.51, exposure 0.61"
proactive,135,22,proactive,0,,,,"no action: vuln 0.49, forecast 0.48, exposure 0.69"
proactive,136,22,proactive,0,,,,"no action: vuln 0.58, forecast 0.17, exposure 0.17"
proactive,137,22,proactive,0,,,,"no action: vuln 0.18, forecast 0.65, exposure 0.60"
proactive,138,22,proactive,0,,,,"no action: vuln 0.30, forecast 0.34, exposure 0.37"
proactive,139,22,proactive,0,,,,"no action: vuln 0.28, forecast 0.54, exposure 0.78"
proactive,140,22,proactive,0,,,,"no action: vuln 0.30, forecast 0.34, exposure 0.37"
proactive,141,22,proactive,0,,,,"no action: vuln 0.24, forecast 0.51, exposure 0.61"
proactive,142,22,proactive,0,,,,"no action: vuln 0.26, forecast 0.06, exposure 0.21"
proactive,143,22,proactive,0,,,,"no action: vuln 0.20, forecast 0.02, exposure 0.14"
proactive,144,22,proactive,0,,,,"no action: vuln 0.83, forecast 0.37, exposure 0.44"
proactive,145,22,proactive,0,,,,"no action: vuln 0.23, forecast 0.15, exposure 0.29"
proactive,146,22,proactive,0,,,,"no action: vuln 0.23, forecast 0.63, exposure 0.71"
proactive,147,22,proactive,0,,,,"no action: vuln 0.19, forecast 0.29, exposure 0.43"
proactive,148,22,proactive,0,,,,"no action: vuln 0.33, forecast 0.56, exposure 0.64"
proactive,149,22,proactive,0,,,,"no action: vuln 0.59, forecast 0.33, exposure 0.39"
proactive,150,22,proactive,0,,,,"no action: vuln 0.34, forecast 0.12, exposure 0.21"
proactive,151,22,proactive,0,,,,"no action: vuln 0.24, forecast 0.48, exposure 0.69"
proactive,152,22,proactive,0,,,,"no action: vuln 0.31, forecast 0.24, exposure 0.47"
proactive,153,22,proactive,0,,,,"no action: vuln 0.30, forecast 0.04, exposure 0.24"
proactive,154,22,proactive,0,,,,"no action: vuln 0.52, forecast 0.11, exposure 0.22"
proactive,155,22,proactive,0,,,,"no action: vuln 0.27, forecast 0.48, exposure 0.69"
proactive,156,22,proactive,0,,,,"no action: vuln 0.22, forecast 0.27, exposure 0.42"
proactive,157,22,proactive,0,,,,"no action: vuln 0.78, forecast 0.68, exposure 0.70"
proactive,158,22,proactive,0,,,,"no action: vuln 0.22, forecast 0.17, exposure 0.17"
proactive,159,22,proactive,0,,,,"no action: vuln 0.25, forecast 0.34, exposure 0.38"
proactive,160,22,proactive,0,,,,"no action: vuln 0.24, forecast 0.53, exposure 0.66"
proactive,161,22,proactive,0,,,,"no action: vuln 0.27, forecast 0.09, exposure 0.18"
proactive,162,22,proactive,0,,,,"no action: vuln 0.56, forecast 0.59, exposure 0.64"
proactive,163,22,proactive,0,,,,"no action: vuln 0.26, forecast 0.04, exposure 0.25"
proactive,164,22,proactive,0,,,,"no action: vuln 0.22, forecast 0.16, exposure 0.13"
proactive,165,22,proactive,0,,,,"no action: vuln 0.27, forecast 0.59, exposure 0.68"
proactive,166,22,proactive,0,,,,"no action: vuln 0.31, forecast 0.30, exposure 0.40"
proactive,167,22,proactive,0,,,,"no action: vuln 0.56, forecast 0.16, exposure 0.15"
proactive,168,22,proactive,0,,,,"no action: vuln 0.29, forecast 0.62, exposure 0.73"
proactive,169,22,proactive,0,,,,"no action: vuln 0.20, forecast 0.04, exposure 0.27"
proactive,170,22,proactive,0,,,,"no action: vuln 0.26, forecast 0.35, exposure 0.30"
proactive,171,22,proactive,0,,,,"no action: vuln 0.54, forecast 0.54, exposure 0.78"
proactive,172,22,proactive,0,,,,"no action: vuln 0.20, forecast 0.30, exposure 0.25"
proactive,173,22,proactive,0,,,,"no action: vuln 0.74, forecast 0.15, exposure 0.28"
proactive,174,22,proactive,0,,,,"no action: vuln 0.59, forecast 0.09, exposure 0.23"
proactive,175,22,proactive,0,,,,"no action: vuln 0.28, forecast 0.04, exposure 0.24"
proactive,176,22,proactive,0,,,,"no action: vuln 0.20, forecast 0.29, exposure 0.34"
proactive,177,22,proactive,0,,,,"no action: vuln 0.26, forecast 0.16, exposure 0.15"
proactive,178,22,proactive,0,,,,"no action: vuln 0.30, forecast 0.54, exposure 0.70"
proactive,179,22,proactive,0,,,,"no action: vuln 0.38, forecast 0.35, exposure 0.32"
proactive,180,22,proactive,0,,,,"no action: vuln 0.71, forecast 0.09, exposure 0.23"
proactive,181,22,proactive,0,,,,"no action: vuln 0.52, forecast 0.15, exposure 0.29"
proactive,182,22,proactive,0,,,,"no action: vuln 0.22, forecast 0.51, exposure 0.64"
proactive,183,22,proactive,0,,,,"no action: vuln 0.24, forecast 0.13, exposure 0.15"
proactive,184,22,proactive,0,,,,"no action: vuln 0.21, forecast 0.62, exposure 0.67"
proactive,185,22,proactive,0,,,,"no action: vuln 0.90, forecast 0.15, exposure 0.12"
proactive,186,22,proactive,0,,,,"no action: vuln 0.27, forecast 0.33, exposure 0.38"
proactive,187,22,proactive,0,,,,"no action: vuln 0.23, forecast 0.10, exposure 0.17"
proactive,188,22,proactive,0,,,,"no action: vuln 0.26, forecast 0.59, exposure 0.75"
proactive,189,22,proactive,0,,,,"no action: vuln 0.25, forecast 0.04, exposure 0.24"
proactive,190,22,proactive,0,,,,"no action: vuln 0.74, forecast 0.65, exposure 0.68"
proactive,191,22,proactive,0,,,,"no action: vuln 0.24, forecast 0.59, exposure 0.67"
proactive,192,22,proactive,0,,,,"no action: vuln 0.26, forecast 0.49, exposure 0.63"
proactive,193,22,proactive,0,,,,"no action: vuln 0.31, forecast 0.35, exposure 0.31"
proactive,194,22,proactive,0,,,,"no action: vuln 0.74, forecast 0.59, exposure 0.67"
proactive,195,22,proactive,0,,,,"no action: vuln 0.26, forecast 0.59, exposure 0.67"
proactive,196,22,proactive,0,,,,"no action: vuln 0.22, forecast 0.33, exposure 0.34"
proactive,197,22,proactive,0,,,,"no action: vuln 0.56, forecast 0.13, exposure 0.16"
proactive,198,22,proactive,0,,,,"no action: vuln 0.25, forecast 0.24, exposure 0.43"
proactive,199,22,proactive,0,,,,"no action: vuln 0.29, forecast 0.37, exposure 0.44"
proactive,200,22,proactive,0,,,,"no action: vuln 0.26, forecast 0.48, exposure 0.72"
proactive,201,22,proactive,0,,,,"no action: vuln 0.45, forecast 0.56, exposure 0.64"
proactive,202,22,proactive,0,,,,"no action: vuln 0.16, forecast 0.15, exposure 0.28"
proactive,203,22,proactive,0,,,,"no action: vuln 0.56, forecast 0.24, exposure 0.47"
proactive,204,22,proactive,0,,,,"no action: vuln 0.33, forecast 0.32, exposure 0.31"
proactive,205,22,proactive,0,,,,"no action: vuln 0.79, forecast 0.29, exposure 0.34"
proactive,206,22,proactive,0,,,,"no action: vuln 0.59, forecast 0.56, exposure 0.71"
proactive,207,22,proactive,0,,,,"no action: vuln 0.29, forecast 0.13, exposure 0.15"
proactive,208,22,proactive,0,,,,"no action: vuln 0.40, forecast 0.04, exposure 0.27"
proactive,209,22,proactive,0,,,,"no action: vuln 0.27, forecast 0.14, exposure 0.11"
proactive,210,22,proactive,0,,,,"no action: vuln 0.90, forecast 0.27, exposure 0.43"
proactive,211,22,proactive,0,,,,"no action: vuln 0.27, forecast 0.34, exposure 0.37"
proactive,212,22,proactive,0,,,,"no action: vuln 0.25, forecast 0.59, exposure 0.66"
proactive,213,22,proactive,0,,,,"no action: vuln 0.68, forecast 0.54, exposure 0.70"
proactive,214,22,proactive,0,,,,"no action: vuln 0.30, forecast 0.12, exposure 0.21"
proactive,215,22,proactive,0,,,,"no action: vuln 0.22, forecast 0.52, exposure 0.62"
proactive,216,22,proactive,0,,,,"no action: vuln 0.37, forecast 0.34, exposure 0.38"
proactive,217,22,proactive,0,,,,"no action: vuln 0.25, forecast 0.04, exposure 0.25"
proactive,218,22,proactive,0,,,,"no action: vuln 0.28, forecast 0.22, exposure 0.44"
proactive,219,22,proactive,0,,,,"no action: vuln 0.56, forecast 0.63, exposure 0.71"
proactive,220,22,proactive,0,,,,"no action: vuln 0.69, forecast 0.59, exposure 0.74"
proactive,221,22,proactive,0,,,,"no action: vuln 0.88, forecast 0.28, exposure 0.47"
proactive,222,22,proactive,0,,,,"no action: vuln 0.30, forecast 0.07, exposure 0.29"
proactive,223,22,proactive,0,,,,"no action: vuln 0.19, forecast 0.13, exposure 0.16"
proactive,224,22,proactive,0,,,,"no action: vuln 0.23, forecast 0.54, exposure 0.72"
proactive,225,22,proactive,0,,,,"no action: vuln 0.22, forecast 0.33, exposure 0.34"
proactive,226,22,proactive,0,,,,"no action: vuln 0.69, forecast 0.62, exposure 0.70"
proactive,227,22,proactive,0,,,,"no action: vuln 0.76, forecast 0.57, exposure 0.75"
proactive,228,22,proactive,0,,,,"no action: vuln 0.57, forecast 0.53, exposure 0.71"
proactive,229,22,proactive,0,,,,"no action: vuln 0.50, forecast 0.28, exposure 0.39"
proactive,230,22,proactive,0,,,,"no action: vuln 0.24, forecast 0.31, exposure 0.41"
proactive,231,22,proactive,0,,,,"no action: vuln 0.22, forecast 0.08, exposure 0.18"
proactive,232,22,proactive,0,,,,"no action: vuln 0.18, forecast 0.64, exposure 0.65"
proactive,233,22,proactive,0,,,,"no action: vuln 0.29, forecast 0.05, exposure 0.22"
proactive,234,22,proactive,0,,,,"no action: vuln 0.29, forecast 0.13, exposure 0.16"
proactive,235,22,proactive,0,,,,"no action: vuln 0.35, forecast 0.19, exposure 0.40"
proactive,236,22,proactive,0,,,,"no action: vuln 0.28, forecast 0.09, exposure 0.24"
proactive,237,22,proactive,0,,,,"no action: vuln 0.58, forecast 0.32, exposure 0.52"
proactive,238,22,proactive,0,,,,"no action: vuln 0.54, forecast 0.62, exposure 0.66"
proactive,239,22,proactive,0,,,,"no action: vuln 0.60, forecast 0.33, exposure 0.39"
proactive,0,23,proactive,0,,,,"no action: vuln 0.54, forecast 0.16, exposure 0.16"
proactive,1,23,proactive,0,,,,"no action: vuln 0.54, forecast 0.28, exposure 0.28"
proactive,2,23,proactive,0,,,,"no action: vuln 0.72, forecast 0.05, exposure 0.05"
proactive,3,23,proactive,0,,,,"no action: vuln 0.22, forecast 0.31, exposure 0.31"
proactive,4,23,proactive,0,,,,"no action: vuln 0.18, forecast 0.65, exposure 0.65"
proactive,5,23,proactive,0,,,,"no action: vuln 0.77, forecast 0.63, exposure 0.63"
proactive,6,23,proactive,0,,,,"no action: vuln 0.69, forecast 0.51, exposure 0.51"
proactive,7,23,proactive,0,,,,"no action: vuln 0.25, forecast 0.59, exposure 0.59"
proactive,8,23,proactive,0,,,,"no action: vuln 0.63, forecast 0.37, exposure 0.37"
proactive,9,23,proactive,0,,,,"no action: vuln 0.29, forecast 0.63, exposure 0.63"
proactive,10,23,proactive,0,,,,"no action: vuln 0.29, forecast 0.63, exposure 0.63"
proactive,11,23,proactive,0,,,,"no action: vuln 0.29, forecast 0.50, exposure 0.50"
proactive,12,23,proactive,0,,,,"no action: vuln 0.26, forecast 0.57, exposure 0.57"
proactive,13,23,proactive,0,,,,"no action: vuln 0.23, forecast 0.27, exposure 0.27"
proactive,14,23,proactive,0,,,,"no action: vuln 0.23, forecast 0.29, exposure 0.29"
proactive,15,23,proactive,0,,,,"no action: vuln 0.49, forecast 0.59, exposure 0.59"
proactive,16,23,proactive,0,,,,"no action: vuln 0.73, forecast 0.03, exposure 0.03"
proactive,17,23,proactive,0,,,,"no action: vuln 0.69, forecast 0.04, exposure 0.04"
proactive,18,23,proactive,0,,,,"no action: vuln 0.27, forecast 0.49, exposure 0.49"
proactive,19,23,proactive,0,,,,"no action: vuln 0.59, forecast 0.07, exposure 0.07"
proactive,20,23,proactive,0,,,,"no action: vuln 0.20, forecast 0.37, exposure 0.37"
proactive,21,23,proactive,0,,,,"no action: vuln 0.26, forecast 0.63, exposure 0.63"
proactive,22,23,proactive,0,,,,"no action: vuln 0.26, forecast 0.54, exposure 0.54"
proactive,23,23,proactive,0,,,,"no action: vuln 0.69, forecast 0.20, exposure 0.20"
proactive,24,23,proactive,0,,,,"no action: vuln 0.37, forecast 0.54, exposure 0.54"
proactive,25,23,proactive,0,,,,"no action: vuln 0.24, forecast 0.32, exposure 0.32"
proactive,26,23,proactive,0,,,,"no action: vuln 0.30, forecast 0.32, exposure 0.32"
proactive,27,23,proactive,0,,,,"no action: vuln 0.26, forecast 0.50, exposure 0.50"
proactive,28,23,proactive,0,,,,"no action: vuln 0.26, forecast 0.57, exposure 0.57"
proactive,29,23,proactive,0,,,,"no action: vuln 0.32, forecast 0.14, exposure 0.14"
proactive,30,23,proactive,0,,,,"no action: vuln 0.16, forecast 0.32, exposure 0.32"
proactive,31,23,proactive,0,,,,"no action: vuln 0.55, forecast 0.66, exposure 0.66"
proactive,32,23,proactive,0,,,,"no action: vuln 0.25, forecast 0.36, exposure 0.36"
proactive,33,23,proactive,0,,,,"no action: vuln 0.32, forecast 0.56, exposure 0.56"
proactive,34,23,proactive,0,,,,"no action: vuln 0.66, forecast 0.07, exposure 0.07"
proactive,35,23,proactive,0,,,,"no action: vuln 0.55, forecast 0.34, exposure 0.34"
proactive,36,23,proactive,0,,,,"no action: vuln 0.29, forecast 0.13, exposure 0.13"
proactive,37,23,proactive,0,,,,"no action: vuln 0.86, forecast 0.57, exposure 0.57"
proactive,38,23,proactive,0,,,,"no action: vuln 0.24, forecast 0.54, exposure 0.54"
proactive,39,23,proactive,0,,,,"no action: vuln 0.25, forecast 0.24, exposure 0.24"
proactive,40,23,proactive,0,,,,"no action: vuln 0.58, forecast 0.53, exposure 0.53"
proactive,41,23,proactive,0,,,,"no action: vuln 0.26, forecast 0.14, exposure 0.14"
proactive,42,23,proactive,0,,,,"no action: vuln 0.94, forecast 0.59, exposure 0.59"
proactive,43,23,proactive,0,,,,"no action: vuln 0.22, forecast 0.33, exposure 0.33"
proactive,44,23,proactive,0,,,,"no action: vuln 0.54, forecast 0.35, exposure 0.35"
proactive,45,23,proactive,0,,,,"no action: vuln 0.18, forecast 0.62, exposure 0.62"
proactive,46,23,proactive,0,,,,"no action: vuln 0.27, forecast 0.54, exposure 0.54"
proactive,47,23,proactive,0,,,,"no action: vuln 0.30, forecast 0.24, exposure 0.24"
proactive,48,23,proactive,0,,,,"no action: vuln 0.24, forecast 0.04, exposure 0.04"
proactive,49,23,proactive,0,,,,"no action: vuln 0.76, forecast 0.67, exposure 0.67"
proactive,50,23,proactive,0,,,,"no action: vuln 0.42, forecast 0.13, exposure 0.13"
proactive,51,23,proactive,0,,,,"no action: vuln 0.21, forecast 0.63, exposure 0.63"
proactive,52,23,proactive,0,,,,"no action: vuln 0.32, forecast 0.48, exposure 0.48"
proactive,53,23,proactive,0,,,,"no action: vuln 0.26, forecast 0.15, exposure 0.15"
proactive,54,23,proactive,0,,,,"no action: vuln 0.21, forecast 0.53, exposure 0.53"
proactive,55,23,proactive,0,,,,"no action: vuln 0.30, forecast 0.26, exposure 0.26"
proactive,56,23,proactive,0,,,,"no action: vuln 0.74, forecast 0.53, exposure 0.53"
proactive,57,23,proactive,0,,,,"no action: vuln 0.22, forecast 0.13, exposure 0.13"
proactive,58,23,proactive,0,,,,"no action: vuln 0.31, forecast 0.62, exposure 0.62"
proactive,59,23,proactive,0,,,,"no action: vuln 0.22, forecast 0.27, exposure 0.27"
proactive,60,23,proactive,0,,,,"no action: vuln 0.52, forecast 0.51, exposure 0.51"
proactive,61,23,proactive,0,,,,"no action: vuln 0.23, forecast 0.33, exposure 0.33"
proactive,62,23,proactive,0,,,,"no action: vuln 0.78, forecast 0.35, exposure 0.35"
proactive,63,23,proactive,0,,,,"no action: vuln 0.77, forecast 0.12, exposure 0.12"
proactive,64,23,proactive,0,,,,"no action: vuln 0.26, forecast 0.07, exposure 0.07"
proactive,65,23,proactive,0,,,,"no action: vuln 0.18, forecast 0.32, exposure 0.32"
proactive,66,23,proactive,0,,,,"no action: vuln 0.75, forecast 0.62, exposure 0.62"
proactive,67,23,proactive,0,,,,"no action: vuln 0.27, forecast 0.70, exposure 0.70"
proactive,68,23,proactive,0,,,,"no action: vuln 0.26, forecast 0.19, exposure 0.19"
proactive,69,23,proactive,0,,,,"no action: vuln 0.35, forecast 0.19, exposure 0.19"
proactive,70,23,proactive,0,,,,"no action: vuln 0.19, forecast 0.29, exposure 0.29"
proactive,71,23,proactive,0,,,,"no action: vuln 0.23, forecast 0.15, exposure 0.15"
proactive,72,23,proactive,0,,,,"no action: vuln 0.31, forecast 0.58, exposure 0.58"
proactive,73,23,proactive,0,,,,"no action: vuln 0.29, forecast 0.28, exposure 0.28"
proactive,74,23,proactive,0,,,,"no action: vuln 0.75, forecast 0.48, exposure 0.48"
proactive,75,23,proactive,0,,,,"no action: vuln 0.86, forecast 0.05, exposure 0.05"
proactive,76,23,proactive,0,,,,"no action: vuln 0.24, forecast 0.29, exposure 0.29"
proactive,77,23,proactive,0,,,,"no action: vuln 0.57, forecast 0.35, exposure 0.35"
proactive,78,23,proactive,0,,,,"no action: vuln 0.26, forecast 0.11, exposure 0.11"
proactive,79,23,proactive,0,,,,"no action: vuln 0.31, forecast 0.14, exposure 0.14"
proactive,80,23,proactive,0,,,,"no action: vuln 0.24, forecast 0.09, exposure 0.09"
proactive,81,23,proactive,0,,,,"no action: vuln 0.75, forecast 0.56, exposure 0.56"
proactive,82,23,proactive,0,,,,"no action: vuln 0.21, forecast 0.59, exposure 0.59"
proactive,83,23,proactive,0,,,,"no action: vuln 0.24, forecast 0.63, exposure 0.63"
proactive,84,23,proactive,0,,,,"no action: vuln 0.76, forecast 0.57, exposure 0.57"
proactive,85,23,proactive,0,,,,"no action: vuln 0.21, forecast 0.04, exposure 0.04"
proactive,86,23,proactive,0,,,,"no action: vuln 0.26, forecast 0.67, exposure 0.67"
proactive,87,23,proactive,0,,,,"no action: vuln 0.87, forecast 0.61, exposure 0.61"
proactive,88,23,proactive,0,,,,"no action: vuln 0.23, forecast 0.26, exposure 0.26"
proactive,89,23,proactive,0,,,,"no action: vuln 0.22, forecast 0.64, exposure 0.64"
proactive,90,23,proactive,0,,,,"no action: vuln 0.73, forecast 0.08, exposure 0.08"
proactive,91,23,proactive,0,,,,"no action: vuln 0.27, forecast 0.30, exposure 0.30"
proactive,92,23,proactive,0,,,,"no action: vuln 0.20, forecast 0.09, exposure 0.09"
proactive,93,23,proactive,0,,,,"no action: vuln 0.20, forecast 0.12, exposure 0.12"
proactive,94,23,proactive,0,,,,"no action: vuln 0.70, forecast 0.55, exposure 0.55"
proactive,95,23,proactive,0,,,,"no action: vuln 0.25, forecast 0.29, exposure 0.29"
proactive,96,23,proactive,0,,,,"no action: vuln 0.50, forecast 0.65, exposure 0.65"
proactive,97,23,proactive,0,,,,"no action: vuln 0.27, forecast 0.02, exposure 0.02"
proactive,98,23,proactive,0,,,,"no action: vuln 0.22, forecast 0.53, exposure 0.53"
proactive,99,23,proactive,0,,,,"no action: vuln 0.72, forecast 0.15, exposure 0.15"
proactive,100,23,proactive,0,,,,"no action: vuln 0.48, forecast 0.08, exposure 0.08"
proactive,101,23,proactive,0,,,,"no action: vuln 0.81, forecast 0.19, exposure 0.19"
proactive,102,23,proactive,0,,,,"no action: vuln 0.94, forecast 0.12, exposure 0.12"
proactive,103,23,proactive,0,,,,"no action: vuln 0.30, forecast 0.09, exposure 0.09"
proactive,104,23,proactive,0,,,,"no action: vuln 0.81, forecast 0.62, exposure 0.62"
proactive,105,23,proactive,0,,,,"no action: vuln 0.23, forecast 0.57, exposure 0.57"
proactive,106,23,proactive,0,,,,"no action: vuln 0.51, forecast 0.54, exposure 0.54"
proactive,107,23,proactive,0,,,,"no action: vuln 0.56, forecast 0.53, exposure 0.53"
proactive,108,23,proactive,0,,,,"no action: vuln 0.23, forecast 0.15, exposure 0.15"
proactive,109,23,proactive,0,,,,"no action: vuln 0.30, forecast 0.05, exposure 0.05"
proactive,110,23,proactive,0,,,,"no action: vuln 0.27, forecast 0.32, exposure 0.32"
proactive,111,23,proactive,0,,,,"no action: vuln 0.53, forecast 0.32, exposure 0.32"
proactive,112,23,proactive,0,,,,"no action: vuln 0.89, forecast 0.59, exposure 0.59"
proactive,113,23,proactive,0,,,,"no action: vuln 0.52, forecast 0.49, exposure 0.49"
proactive,114,23,proactive,0,,,,"no action: vuln 0.86, forecast 0.09, exposure 0.09"
proactive,115,23,proactive,0,,,,"no action: vuln 0.32, forecast 0.30, exposure 0.30"
proactive,116,23,proactive,0,,,,"no action: vuln 0.58, forecast 0.50, exposure 0.50"
proactive,117,23,proactive,0,,,,"no action: vuln 0.24, forecast 0.59, exposure 0.59"
proactive,118,23,proactive,0,,,,"no action: vuln 0.21, forecast 0.14, exposure 0.14"
proactive,119,23,proactive,0,,,,"no action: vuln 0.90, forecast 0.03, exposure 0.03"
proactive,120,23,proactive,0,,,,"no action: vuln 0.53, forecast 0.35, exposure 0.35"
proactive,121,23,proactive,0,,,,"no action: vuln 0.43, forecast 0.31, exposure 0.31"
proactive,122,23,proactive,0,,,,"no action: vuln 0.32, forecast 0.24, exposure 0.24"
proactive,123,23,proactive,0,,,,"no action: vuln 0.70, forecast 0.58, exposure 0.58"
proactive,124,23,proactive,0,,,,"no action: vuln 0.56, forecast 0.10, exposure 0.10"
proactive,125,23,proactive,0,,,,"no action: vuln 0.85, forecast 0.62, exposure 0.62"
proactive,126,23,proactive,0,,,,"no action: vuln 0.55, forecast 0.35, exposure 0.35"
proactive,127,23,proactive,0,,,,"no action: vuln 0.77, forecast 0.09, exposure 0.09"
proactive,128,23,proactive,0,,,,"no action: vuln 0.74, forecast 0.21, exposure 0.21"
proactive,129,23,proactive,0,,,,"no action: vuln 0.19, forecast 0.53, exposure 0.53"
proactive,130,23,proactive,0,,,,"no action: vuln 0.60, forecast 0.15, exposure 0.15"
proactive,131,23,proactive,0,,,,"no action: vuln 0.67, forecast 0.19, exposure 0.19"
proactive,132,23,proactive,0,,,,"no action: vuln 0.27, forecast 0.31, exposure 0.31"
proactive,133,23,proactive,0,,,,"no action: vuln 0.23, forecast 0.13, exposure 0.13"
proactive,134,23,proactive,0,,,,"no action: vuln 0.21, forecast 0.51, exposure 0.51"
proactive,135,23,proactive,0,,,,"no action: vuln 0.49, forecast 0.48, exposure 0.48"
proactive,136,23,proactive,0,,,,"no action: vuln 0.58, forecast 0.17, exposure 0.17"
proactive,137,23,proactive,0,,,,"no action: vuln 0.18, forecast 0.65, exposure 0.65"
proactive,138,23,proactive,0,,,,"no action: vuln 0.30, forecast 0.34, exposure 0.34"
proactive,139,23,proactive,0,,,,"no action: vuln 0.28, forecast 0.54, exposure 0.54"
proactive,140,23,proactive,0,,,,"no action: vuln 0.30, forecast 0.34, exposure 0.34"
proactive,141,23,proactive,0,,,,"no action: vuln 0.24, forecast 0.51, exposure 0.51"
proactive,142,23,proactive,0,,,,"no action: vuln 0.26, forecast 0.06, exposure 0.06"
proactive,143,23,proactive,0,,,,"no action: vuln 0.20, forecast 0.02, exposure 0.02"
proactive,144,23,proactive,0,,,,"no action: vuln 0.83, forecast 0.37, exposure 0.37"
proactive,145,23,proactive,0,,,,"no action: vuln 0.23, forecast 0.15, exposure 0.15"
proactive,146,23,proactive,0,,,,"no action: vuln 0.23, forecast 0.63, exposure 0.63"
proactive,147,23,proactive,0,,,,"no action: vuln 0.19, forecast 0.29, exposure 0.29"
proactive,148,23,proactive,0,,,,"no action: vuln 0.33, forecast 0.56, exposure 0.56"
proactive,149,23,proactive,0,,,,"no action: vuln 0.59, forecast 0.33, exposure 0.33"
proactive,150,23,proactive,0,,,,"no action: vuln 0.34, forecast 0.12, exposure 0.12"
proactive,151,23,proactive,0,,,,"no action: vuln 0.24, forecast 0.48, exposure 0.48"
proactive,152,23,proactive,0,,,,"no action: vuln 0.31, forecast 0.24, exposure 0.24"
proactive,153,23,proactive,0,,,,"no action: vuln 0.30, forecast 0.04, exposure 0.04"
proactive,154,23,proactive,0,,,,"no action: vuln 0.52, forecast 0.11, exposure 0.11"
proactive,155,23,proactive,0,,,,"no action: vuln 0.27, forecast 0.48, exposure 0.48"
proactive,156,23,proactive,0,,,,"no action: vuln 0.22, forecast 0.27, exposure 0.27"
proactive,157,23,proactive,0,,,,"no action: vuln 0.78, forecast 0.68, exposure 0.68"
proactive,158,23,proactive,0,,,,"no action: vuln 0.22, forecast 0.17, exposure 0.17"
proactive,159,23,proactive,0,,,,"no action: vuln 0.25, forecast 0.34, exposure 0.34"
proactive,160,23,proactive,0,,,,"no action: vuln 0.24, forecast 0.53, exposure 0.53"
proactive,161,23,proactive,0,,,,"no action: vuln 0.27, forecast 0.09, exposure 0.09"
proactive,162,23,proactive,0,,,,"no action: vuln 0.56, forecast 0.59, exposure 0.59"
proactive,163,23,proactive,0,,,,"no action: vuln 0.26, forecast 0.04, exposure 0.04"
proactive,164,23,proactive,0,,,,"no action: vuln 0.22, forecast 0.16, exposure 0.16"
proactive,165,23,proactive,0,,,,"no action: vuln 0.27, forecast 0.59, exposure 0.59"
proactive,166,23,proactive,0,,,,"no action: vuln 0.31, forecast 0.30, exposure 0.30"
proactive,167,23,proactive,0,,,,"no action: vuln 0.56, forecast 0.16, exposure 0.16"
proactive,168,23,proactive,0,,,,"no action: vuln 0.29, forecast 0.62, exposure 0.62"
proactive,169,23,proactive,0,,,,"no action: vuln 0.20, forecast 0.04, exposure 0.04"
proactive,170,23,proactive,0,,,,"no action: vuln 0.26, forecast 0.35, exposure 0.35"
proactive,171,23,proactive,0,,,,"no action: vuln 0.54, forecast 0.54, exposure 0.54"
proactive,172,23,proactive,0,,,,"no action: vuln 0.20, forecast 0.30, exposure 0.30"
proactive,173,23,proactive,0,,,,"no action: vuln 0.74, forecast 0.15, exposure 0.15"
proactive,174,23,proactive,0,,,,"no action: vuln 0.59, forecast 0.09, exposure 0.09"
proactive,175,23,proactive,0,,,,"no action: vuln 0.28, forecast 0.04, exposure 0.04"
proactive,176,23,proactive,0,,,,"no action: vuln 0.20, forecast 0.29, exposure 0.29"
proactive,177,23,proactive,0,,,,"no action: vuln 0.26, forecast 0.16, exposure 0.16"
proactive,178,23,proactive,0,,,,"no action: vuln 0.30, forecast 0.54, exposure 0.54"
proactive,179,23,proactive,0,,,,"no action: vuln 0.38, forecast 0.35, exposure 0.35"
proactive,180,23,proactive,0,,,,"no action: vuln 0.71, forecast 0.09, exposure 0.09"
proactive,181,23,proactive,0,,,,"no action: vuln 0.52, forecast 0.15, exposure 0.15"
proactive,182,23,proactive,0,,,,"no action: vuln 0.22, forecast 0.51, exposure 0.51"
proactive,183,23,proactive,0,,,,"no action: vuln 0.24, forecast 0.13, exposure 0.13"
proactive,184,23,proactive,0,,,,"no action: vuln 0.21, forecast 0.62, exposure 0.62"
proactive,185,23,proactive,0,,,,"no action: vuln 0.90, forecast 0.15, exposure 0.15"
proactive,186,23,proactive,0,,,,"no action: vuln 0.27, forecast 0.33, exposure 0.33"
proactive,187,23,proactive,0,,,,"no action: vuln 0.23, forecast 0.10, exposure 0.10"
proactive,188,23,proactive,0,,,,"no action: vuln 0.26, forecast 0.59, exposure 0.59"
proactive,189,23,proactive,0,,,,"no action: vuln 0.25, forecast 0.04, exposure 0.04"
proactive,190,23,proactive,0,,,,"no action: vuln 0.74, forecast 0.65, exposure 0.65"
proactive,191,23,proactive,0,,,,"no action: vuln 0.24, forecast 0.59, exposure 0.59"
proactive,192,23,proactive,0,,,,"no action: vuln 0.26, forecast 0.49, exposure 0.49"
proactive,193,23,proactive,0,,,,"no action: vuln 0.31, forecast 0.35, exposure 0.35"
proactive,194,23,proactive,0,,,,"no action: vuln 0.74, forecast 0.59, exposure 0.59"
proactive,195,23,proactive,0,,,,"no action: vuln 0.26, forecast 0.59, exposure 0.59"
proactive,196,23,proactive,0,,,,"no action: vuln 0.22, forecast 0.33, exposure 0.33"
proactive,197,23,proactive,0,,,,"no action: vuln 0.56, forecast 0.13, exposure 0.13"
proactive,198,23,proactive,0,,,,"no action: vuln 0.25, forecast 0.24, exposure 0.24"
proactive,199,23,proactive,0,,,,"no action: vuln 0.29, forecast 0.37, exposure 0.37"
proactive,200,23,proactive,0,,,,"no action: vuln 0.26, forecast 0.48, exposure 0.48"
proactive,201,23,proactive,0,,,,"no action: vuln 0.45, forecast 0.56, exposure 0.56"
proactive,202,23,proactive,0,,,,"no action: vuln 0.16, forecast 0.15, exposure 0.15"
proactive,203,23,proactive,0,,,,"no action: vuln 0.56, forecast 0.24, exposure 0.24"
proactive,204,23,proactive,0,,,,"no action: vuln 0.33, forecast 0.32, exposure 0.32"
proactive,205,23,proactive,0,,,,"no action: vuln 0.79, forecast 0.29, exposure 0.29"
proactive,206,23,proactive,0,,,,"no action: vuln 0.59, forecast 0.56, exposure 0.56"
proactive,207,23,proactive,0,,,,"no action: vuln 0.29, forecast 0.13, exposure 0.13"
proactive,208,23,proactive,0,,,,"no action: vuln 0.40, forecast 0.04, exposure 0.04"
proactive,209,23,proactive,0,,,,"no action: vuln 0.27, forecast 0.14, exposure 0.14"
proactive,210,23,proactive,0,,,,"no action: vuln 0.90, forecast 0.27, exposure 0.27"
proactive,211,23,proactive,0,,,,"no action: vuln 0.27, forecast 0.34, exposure 0.34"
proactive,212,23,proactive,0,,,,"no action: vuln 0.25, forecast 0.59, exposure 0.59"
proactive,213,23,proactive,0,,,,"no action: vuln 0.68, forecast 0.54, exposure 0.54"
proactive,214,23,proactive,0,,,,"no action: vuln 0.30, forecast 0.12, exposure 0.12"
proactive,215,23,proactive,0,,,,"no action: vuln 0.22, forecast 0.52, exposure 0.52"
proactive,216,23,proactive,0,,,,"no action: vuln 0.37, forecast 0.34, exposure 0.34"
proactive,217,23,proactive,0,,,,"no action: vuln 0.25, forecast 0.04, exposure 0.04"
proactive,218,23,proactive,0,,,,"no action: vuln 0.28, forecast 0.22, exposure 0.22"
proactive,219,23,proactive,0,,,,"no action: vuln 0.56, forecast 0.63, exposure 0.63"
proactive,220,23,proactive,0,,,,"no action: vuln 0.69, forecast 0.59, exposure 0.59"
proactive,221,23,proactive,0,,,,"no action: vuln 0.88, forecast 0.28, exposure 0.28"
proactive,222,23,proactive,0,,,,"no action: vuln 0.30, forecast 0.07, exposure 0.07"
proactive,223,23,proactive,0,,,,"no action: vuln 0.19, forecast 0.13, exposure 0.13"
proactive,224,23,proactive,0,,,,"no action: vuln 0.23, forecast 0.54, exposure 0.54"
proactive,225,23,proactive,0,,,,"no action: vuln 0.22, forecast 0.33, exposure 0.33"
proactive,226,23,proactive,0,,,,"no action: vuln 0.69, forecast 0.62, exposure 0.62"
proactive,227,23,proactive,0,,,,"no action: vuln 0.76, forecast 0.57, exposure 0.57"
proactive,228,23,proactive,0,,,,"no action: vuln 0.57, forecast 0.53, exposure 0.53"
proactive,229,23,proactive,0,,,,"no action: vuln 0.50, forecast 0.28, exposure 0.28"
proactive,230,23,proactive,0,,,,"no action: vuln 0.24, forecast 0.31, exposure 0.31"
proactive,231,23,proactive,0,,,,"no action: vuln 0.22, forecast 0.08, exposure 0.08"
proactive,232,23,proactive,0,,,,"no action: vuln 0.18, forecast 0.64, exposure 0.64"
proactive,233,23,proactive,0,,,,"no action: vuln 0.29, forecast 0.05, exposure 0.05"
proactive,234,23,proactive,0,,,,"no action: vuln 0.29, forecast 0.13, exposure 0.13"
proactive,235,23,proactive,0,,,,"no action: vuln 0.35, forecast 0.19, exposure 0.19"
proactive,236,23,proactive,0,,,,"no action: vuln 0.28, forecast 0.09, exposure 0.09"
proactive,237,23,proactive,0,,,,"no action: vuln 0.58, forecast 0.32, exposure 0.32"
proactive,238,23,proactive,0,,,,"no action: vuln 0.54, forecast 0.62, exposure 0.62"
proactive,239,23,proactive,0,,,,"no action: vuln 0.60, forecast 0.33, exposure 0.33"
