scenario,agent_id,hour,rule,wanted_shelter,chosen_shelter,target_cell_x,target_cell_y,reason
baseline,0,0,baseline,0,,,,no policy intervention
baseline,1,0,baseline,0,,,,no policy intervention
baseline,2,0,baseline,0,,,,no policy intervention
baseline,3,0,baseline,0,,,,no policy intervention
baseline,4,0,baseline,0,,,,no policy intervention
baseline,5,0,baseline,0,,,,no policy intervention
baseline,6,0,baseline,0,,,,no policy intervention
baseline,7,0,baseline,0,,,,no policy intervention
baseline,8,0,baseline,0,,,,no policy intervention
baseline,9,0,baseline,0,,,,no policy intervention
baseline,10,0,baseline,0,,,,no policy intervention
baseline,11,0,baseline,0,,,,no policy intervention
baseline,12,0,baseline,0,,,,no policy intervention
baseline,13,0,baseline,0,,,,no policy intervention
baseline,14,0,baseline,0,,,,no policy intervention
baseline,15,0,baseline,0,,,,no policy intervention
baseline,16,0,baseline,0,,,,no policy intervention
baseline,17,0,baseline,0,,,,no policy intervention
baseline,18,0,baseline,0,,,,no policy intervention
baseline,19,0,baseline,0,,,,no policy intervention
baseline,20,0,baseline,0,,,,no policy intervention
baseline,21,0,baseline,0,,,,no policy intervention
baseline,22,0,baseline,0,,,,no policy intervention
baseline,23,0,baseline,0,,,,no policy intervention
baseline,24,0,baseline,0,,,,no policy intervention
baseline,25,0,baseline,0,,,,no policy intervention
baseline,26,0,baseline,0,,,,no policy intervention
baseline,27,0,baseline,0,,,,no policy intervention
baseline,28,0,baseline,0,,,,no policy intervention
baseline,29,0,baseline,0,,,,no policy intervention
baseline,30,0,baseline,0,,,,no policy intervention
baseline,31,0,baseline,0,,,,no policy intervention
baseline,32,0,baseline,0,,,,no policy intervention
baseline,33,0,baseline,0,,,,no policy intervention
baseline,34,0,baseline,0,,,,no policy intervention
baseline,35,0,baseline,0,,,,no policy intervention
baseline,36,0,baseline,0,,,,no policy intervention
baseline,37,0,baseline,0,,,,no policy intervention
baseline,38,0,baseline,0,,,,no policy intervention
baseline,39,0,baseline,0,,,,no policy intervention
baseline,40,0,baseline,0,,,,no policy intervention
baseline,41,0,baseline,0,,,,no policy intervention
baseline,42,0,baseline,0,,,,no policy intervention
baseline,43,0,baseline,0,,,,no policy intervention
baseline,44,0,baseline,0,,,,no policy intervention
baseline,45,0,baseline,0,,,,no policy intervention
baseline,46,0,baseline,0,,,,no policy intervention
baseline,47,0,baseline,0,,,,no policy intervention
baseline,48,0,baseline,0,,,,no policy intervention
baseline,49,0,baseline,0,,,,no policy intervention
baseline,50,0,baseline,0,,,,no policy intervention
baseline,51,0,baseline,0,,,,no policy intervention
baseline,52,0,baseline,0,,,,no policy intervention
baseline,53,0,baseline,0,,,,no policy intervention
baseline,54,0,baseline,0,,,,no policy intervention
baseline,55,0,baseline,0,,,,no policy intervention
baseline,56,0,baseline,0,,,,no policy intervention
baseline,57,0,baseline,0,,,,no policy intervention
baseline,58,0,baseline,0,,,,no policy intervention
baseline,59,0,baseline,0,,,,no policy intervention
baseline,60,0,baseline,0,,,,no policy intervention
baseline,61,0,baseline,0,,,,no policy intervention
baseline,62,0,baseline,0,,,,no policy intervention
baseline,63,0,baseline,0,,,,no policy intervention
baseline,64,0,baseline,0,,,,no policy intervention
baseline,65,0,baseline,0,,,,no policy intervention
baseline,66,0,baseline,0,,,,no policy intervention
baseline,67,0,baseline,0,,,,no policy intervention
baseline,68,0,baseline,0,,,,no policy intervention
baseline,69,0,baseline,0,,,,no policy intervention
baseline,70,0,baseline,0,,,,no policy intervention
baseline,71,0,baseline,0,,,,no policy intervention
baseline,72,0,baseline,0,,,,no policy intervention
baseline,73,0,baseline,0,,,,no policy intervention
baseline,74,0,baseline,0,,,,no policy intervention
baseline,75,0,baseline,0,,,,no policy intervention
baseline,76,0,baseline,0,,,,no policy intervention
baseline,77,0,baseline,0,,,,no policy intervention
baseline,78,0,baseline,0,,,,no policy intervention
baseline,79,0,baseline,0,,,,no policy intervention
baseline,80,0,baseline,0,,,,no policy intervention
baseline,81,0,baseline,0,,,,no policy intervention
baseline,82,0,baseline,0,,,,no policy intervention
baseline,83,0,baseline,0,,,,no policy intervention
baseline,84,0,baseline,0,,,,no policy intervention
baseline,85,0,baseline,0,,,,no policy intervention
baseline,86,0,baseline,0,,,,no policy intervention
baseline,87,0,baseline,0,,,,no policy intervention
baseline,88,0,baseline,0,,,,no policy intervention
baseline,89,0,baseline,0,,,,no policy intervention
baseline,90,0,baseline,0,,,,no policy intervention
baseline,91,0,baseline,0,,,,no policy intervention
baseline,92,0,baseline,0,,,,no policy intervention
baseline,93,0,baseline,0,,,,no policy intervention
baseline,94,0,baseline,0,,,,no policy intervention
baseline,95,0,baseline,0,,,,no policy intervention
baseline,96,0,baseline,0,,,,no policy intervention
baseline,97,0,baseline,0,,,,no policy intervention
baseline,98,0,baseline,0,,,,no policy intervention
baseline,99,0,baseline,0,,,,no policy intervention
baseline,100,0,baseline,0,,,,no policy intervention
baseline,101,0,baseline,0,,,,no policy intervention
baseline,102,0,baseline,0,,,,no policy intervention
baseline,103,0,baseline,0,,,,no policy intervention
baseline,104,0,baseline,0,,,,no policy intervention
baseline,105,0,baseline,0,,,,no policy intervention
baseline,106,0,baseline,0,,,,no policy intervention
baseline,107,0,baseline,0,,,,no policy intervention
baseline,108,0,baseline,0,,,,no policy intervention
baseline,109,0,baseline,0,,,,no policy intervention
baseline,110,0,baseline,0,,,,no policy intervention
baseline,111,0,baseline,0,,,,no policy intervention
baseline,112,0,baseline,0,,,,no policy intervention
baseline,113,0,baseline,0,,,,no policy intervention
baseline,114,0,baseline,0,,,,no policy intervention
baseline,115,0,baseline,0,,,,no policy intervention
baseline,116,0,baseline,0,,,,no policy intervention
baseline,117,0,baseline,0,,,,no policy intervention
baseline,118,0,baseline,0,,,,no policy intervention
baseline,119,0,baseline,0,,,,no policy intervention
baseline,120,0,baseline,0,,,,no policy intervention
baseline,121,0,baseline,0,,,,no policy intervention
baseline,122,0,baseline,0,,,,no policy intervention
baseline,123,0,baseline,0,,,,no policy intervention
baseline,124,0,baseline,0,,,,no policy intervention
baseline,125,0,baseline,0,,,,no policy intervention
baseline,126,0,baseline,0,,,,no policy intervention
baseline,127,0,baseline,0,,,,no policy intervention
baseline,128,0,baseline,0,,,,no policy intervention
baseline,129,0,baseline,0,,,,no policy intervention
baseline,130,0,baseline,0,,,,no policy intervention
baseline,131,0,baseline,0,,,,no policy intervention
baseline,132,0,baseline,0,,,,no policy intervention
baseline,133,0,baseline,0,,,,no policy intervention
baseline,134,0,baseline,0,,,,no policy intervention
baseline,135,0,baseline,0,,,,no policy intervention
baseline,136,0,baseline,0,,,,no policy intervention
baseline,137,0,baseline,0,,,,no policy intervention
baseline,138,0,baseline,0,,,,no policy intervention
baseline,139,0,baseline,0,,,,no policy intervention
baseline,140,0,baseline,0,,,,no policy intervention
baseline,141,0,baseline,0,,,,no policy intervention
baseline,142,0,baseline,0,,,,no policy intervention
baseline,143,0,baseline,0,,,,no policy intervention
baseline,144,0,baseline,0,,,,no policy intervention
baseline,145,0,baseline,0,,,,no policy intervention
baseline,146,0,baseline,0,,,,no policy intervention
baseline,147,0,baseline,0,,,,no policy intervention
baseline,148,0,baseline,0,,,,no policy intervention
baseline,149,0,baseline,0,,,,no policy intervention
baseline,150,0,baseline,0,,,,no policy intervention
baseline,151,0,baseline,0,,,,no policy intervention
baseline,152,0,baseline,0,,,,no policy intervention
baseline,153,0,baseline,0,,,,no policy intervention
baseline,154,0,baseline,0,,,,no policy intervention
baseline,155,0,baseline,0,,,,no policy intervention
baseline,156,0,baseline,0,,,,no policy intervention
baseline,157,0,baseline,0,,,,no policy intervention
baseline,158,0,baseline,0,,,,no policy intervention
baseline,159,0,baseline,0,,,,no policy intervention
baseline,160,0,baseline,0,,,,no policy intervention
baseline,161,0,baseline,0,,,,no policy intervention
baseline,162,0,baseline,0,,,,no policy intervention
baseline,163,0,baseline,0,,,,no policy intervention
baseline,164,0,baseline,0,,,,no policy intervention
baseline,165,0,baseline,0,,,,no policy intervention
baseline,166,0,baseline,0,,,,no policy intervention
baseline,167,0,baseline,0,,,,no policy intervention
baseline,168,0,baseline,0,,,,no policy intervention
baseline,169,0,baseline,0,,,,no policy intervention
baseline,170,0,baseline,0,,,,no policy intervention
baseline,171,0,baseline,0,,,,no policy intervention
baseline,172,0,baseline,0,,,,no policy intervention
baseline,173,0,baseline,0,,,,no policy intervention
baseline,174,0,baseline,0,,,,no policy intervention
baseline,175,0,baseline,0,,,,no policy intervention
baseline,176,0,baseline,0,,,,no policy intervention
baseline,177,0,baseline,0,,,,no policy intervention
baseline,178,0,baseline,0,,,,no policy intervention
baseline,179,0,baseline,0,,,,no policy intervention
baseline,180,0,baseline,0,,,,no policy intervention
baseline,181,0,baseline,0,,,,no policy intervention
baseline,182,0,baseline,0,,,,no policy intervention
baseline,183,0,baseline,0,,,,no policy intervention
baseline,184,0,baseline,0,,,,no policy intervention
baseline,185,0,baseline,0,,,,no policy intervention
baseline,186,0,baseline,0,,,,no policy intervention
baseline,187,0,baseline,0,,,,no policy intervention
baseline,188,0,baseline,0,,,,no policy intervention
baseline,189,0,baseline,0,,,,no policy intervention
baseline,190,0,baseline,0,,,,no policy intervention
baseline,191,0,baseline,0,,,,no policy intervention
baseline,192,0,baseline,0,,,,no policy intervention
baseline,193,0,baseline,0,,,,no policy intervention
baseline,194,0,baseline,0,,,,no policy intervention
baseline,195,0,baseline,0,,,,no policy intervention
baseline,196,0,baseline,0,,,,no policy intervention
baseline,197,0,baseline,0,,,,no policy intervention
baseline,198,0,baseline,0,,,,no policy intervention
baseline,199,0,baseline,0,,,,no policy intervention
baseline,200,0,baseline,0,,,,no policy intervention
baseline,201,0,baseline,0,,,,no policy intervention
baseline,202,0,baseline,0,,,,no policy intervention
baseline,203,0,baseline,0,,,,no policy intervention
baseline,204,0,baseline,0,,,,no policy intervention
baseline,205,0,baseline,0,,,,no policy intervention
baseline,206,0,baseline,0,,,,no policy intervention
baseline,207,0,baseline,0,,,,no policy intervention
baseline,208,0,baseline,0,,,,no policy intervention
baseline,209,0,baseline,0,,,,no policy intervention
baseline,210,0,baseline,0,,,,no policy intervention
baseline,211,0,baseline,0,,,,no policy intervention
baseline,212,0,baseline,0,,,,no policy intervention
baseline,213,0,baseline,0,,,,no policy intervention
baseline,214,0,baseline,0,,,,no policy intervention
baseline,215,0,baseline,0,,,,no policy intervention
baseline,216,0,baseline,0,,,,no policy intervention
baseline,217,0,baseline,0,,,,no policy intervention
baseline,218,0,baseline,0,,,,no policy intervention
baseline,219,0,baseline,0,,,,no policy intervention
baseline,220,0,baseline,0,,,,no policy intervention
baseline,221,0,baseline,0,,,,no policy intervention
baseline,222,0,baseline,0,,,,no policy intervention
baseline,223,0,baseline,0,,,,no policy intervention
baseline,224,0,baseline,0,,,,no policy intervention
baseline,225,0,baseline,0,,,,no policy intervention
baseline,226,0,baseline,0,,,,no policy intervention
baseline,227,0,baseline,0,,,,no policy intervention
baseline,228,0,baseline,0,,,,no policy intervention
baseline,229,0,baseline,0,,,,no policy intervention
baseline,230,0,baseline,0,,,,no policy intervention
baseline,231,0,baseline,0,,,,no policy intervention
baseline,232,0,baseline,0,,,,no policy intervention
baseline,233,0,baseline,0,,,,no policy intervention
baseline,234,0,baseline,0,,,,no policy intervention
baseline,235,0,baseline,0,,,,no policy intervention
baseline,236,0,baseline,0,,,,no policy intervention
baseline,237,0,baseline,0,,,,no policy intervention
baseline,238,0,baseline,0,,,,no policy intervention
baseline,239,0,baseline,0,,,,no policy intervention
baseline,0,1,baseline,0,,,,no policy intervention
baseline,1,1,baseline,0,,,,no policy intervention
baseline,2,1,baseline,0,,,,no policy intervention
baseline,3,1,baseline,0,,,,no policy intervention
baseline,4,1,baseline,0,,,,no policy intervention
baseline,5,1,baseline,0,,,,no policy intervention
baseline,6,1,baseline,0,,,,no policy intervention
baseline,7,1,baseline,0,,,,no policy intervention
baseline,8,1,baseline,0,,,,no policy intervention
baseline,9,1,baseline,0,,,,no policy intervention
baseline,10,1,baseline,0,,,,no policy intervention
baseline,11,1,baseline,0,,,,no policy intervention
baseline,12,1,baseline,0,,,,no policy intervention
baseline,13,1,baseline,0,,,,no policy intervention
baseline,14,1,baseline,0,,,,no policy intervention
baseline,15,1,baseline,0,,,,no policy intervention
baseline,16,1,baseline,0,,,,no policy intervention
baseline,17,1,baseline,0,,,,no policy intervention
baseline,18,1,baseline,0,,,,no policy intervention
baseline,19,1,baseline,0,,,,no policy intervention
baseline,20,1,baseline,0,,,,no policy intervention
baseline,21,1,baseline,0,,,,no policy intervention
baseline,22,1,baseline,0,,,,no policy intervention
baseline,23,1,baseline,0,,,,no policy intervention
baseline,24,1,baseline,0,,,,no policy intervention
baseline,25,1,baseline,0,,,,no policy intervention
baseline,26,1,baseline,0,,,,no policy intervention
baseline,27,1,baseline,0,,,,no policy intervention
baseline,28,1,baseline,0,,,,no policy intervention
baseline,29,1,baseline,0,,,,no policy intervention
baseline,30,1,baseline,0,,,,no policy intervention
baseline,31,1,baseline,0,,,,no policy intervention
baseline,32,1,baseline,0,,,,no policy intervention
baseline,33,1,baseline,0,,,,no policy intervention
baseline,34,1,baseline,0,,,,no policy intervention
baseline,35,1,baseline,0,,,,no policy intervention
baseline,36,1,baseline,0,,,,no policy intervention
baseline,37,1,baseline,0,,,,no policy intervention
baseline,38,1,baseline,0,,,,no policy intervention
baseline,39,1,baseline,0,,,,no policy intervention
baseline,40,1,baseline,0,,,,no policy intervention
baseline,41,1,baseline,0,,,,no policy intervention
baseline,42,1,baseline,0,,,,no policy intervention
baseline,43,1,baseline,0,,,,no policy intervention
baseline,44,1,baseline,0,,,,no policy intervention
baseline,45,1,baseline,0,,,,no policy intervention
baseline,46,1,baseline,0,,,,no policy intervention
baseline,47,1,baseline,0,,,,no policy intervention
baseline,48,1,baseline,0,,,,no policy intervention
baseline,49,1,baseline,0,,,,no policy intervention
baseline,50,1,baseline,0,,,,no policy intervention
baseline,51,1,baseline,0,,,,no policy intervention
baseline,52,1,baseline,0,,,,no policy intervention
baseline,53,1,baseline,0,,,,no policy intervention
baseline,54,1,baseline,0,,,,no policy intervention
baseline,55,1,baseline,0,,,,no policy intervention
baseline,56,1,baseline,0,,,,no policy intervention
baseline,57,1,baseline,0,,,,no policy intervention
baseline,58,1,baseline,0,,,,no policy intervention
baseline,59,1,baseline,0,,,,no policy intervention
baseline,60,1,baseline,0,,,,no policy intervention
baseline,61,1,baseline,0,,,,no policy intervention
baseline,62,1,baseline,0,,,,no policy intervention
baseline,63,1,baseline,0,,,,no policy intervention
baseline,64,1,baseline,0,,,,no policy intervention
baseline,65,1,baseline,0,,,,no policy intervention
baseline,66,1,baseline,0,,,,no policy intervention
baseline,67,1,baseline,0,,,,no policy intervention
baseline,68,1,baseline,0,,,,no policy intervention
baseline,69,1,baseline,0,,,,no policy intervention
baseline,70,1,baseline,0,,,,no policy intervention
baseline,71,1,baseline,0,,,,no policy intervention
baseline,72,1,baseline,0,,,,no policy intervention
baseline,73,1,baseline,0,,,,no policy intervention
baseline,74,1,baseline,0,,,,no policy intervention
baseline,75,1,baseline,0,,,,no policy intervention
baseline,76,1,baseline,0,,,,no policy intervention
baseline,77,1,baseline,0,,,,no policy intervention
baseline,78,1,baseline,0,,,,no policy intervention
baseline,79,1,baseline,0,,,,no policy intervention
baseline,80,1,baseline,0,,,,no policy intervention
baseline,81,1,baseline,0,,,,no policy intervention
baseline,82,1,baseline,0,,,,no policy intervention
baseline,83,1,baseline,0,,,,no policy intervention
baseline,84,1,baseline,0,,,,no policy intervention
baseline,85,1,baseline,0,,,,no policy intervention
baseline,86,1,baseline,0,,,,no policy intervention
baseline,87,1,baseline,0,,,,no policy intervention
baseline,88,1,baseline,0,,,,no policy intervention
baseline,89,1,baseline,0,,,,no policy intervention
baseline,90,1,baseline,0,,,,no policy intervention
baseline,91,1,baseline,0,,,,no policy intervention
baseline,92,1,baseline,0,,,,no policy intervention
baseline,93,1,baseline,0,,,,no policy intervention
baseline,94,1,baseline,0,,,,no policy intervention
baseline,95,1,baseline,0,,,,no policy intervention
baseline,96,1,baseline,0,,,,no policy intervention
baseline,97,1,baseline,0,,,,no policy intervention
baseline,98,1,baseline,0,,,,no policy intervention
baseline,99,1,baseline,0,,,,no policy intervention
baseline,100,1,baseline,0,,,,no policy intervention
baseline,101,1,baseline,0,,,,no policy intervention
baseline,102,1,baseline,0,,,,no policy intervention
baseline,103,1,baseline,0,,,,no policy intervention
baseline,104,1,baseline,0,,,,no policy intervention
baseline,105,1,baseline,0,,,,no policy intervention
baseline,106,1,baseline,0,,,,no policy intervention
baseline,107,1,baseline,0,,,,no policy intervention
baseline,108,1,baseline,0,,,,no policy intervention
baseline,109,1,baseline,0,,,,no policy intervention
baseline,110,1,baseline,0,,,,no policy intervention
baseline,111,1,baseline,0,,,,no policy intervention
baseline,112,1,baseline,0,,,,no policy intervention
baseline,113,1,baseline,0,,,,no policy intervention
baseline,114,1,baseline,0,,,,no policy intervention
baseline,115,1,baseline,0,,,,no policy intervention
baseline,116,1,baseline,0,,,,no policy intervention
baseline,117,1,baseline,0,,,,no policy intervention
baseline,118,1,baseline,0,,,,no policy intervention
baseline,119,1,baseline,0,,,,no policy intervention
baseline,120,1,baseline,0,,,,no policy intervention
baseline,121,1,baseline,0,,,,no policy intervention
baseline,122,1,baseline,0,,,,no policy intervention
baseline,123,1,baseline,0,,,,no policy intervention
baseline,124,1,baseline,0,,,,no policy intervention
baseline,125,1,baseline,0,,,,no policy intervention
baseline,126,1,baseline,0,,,,no policy intervention
baseline,127,1,baseline,0,,,,no policy intervention
baseline,128,1,baseline,0,,,,no policy intervention
baseline,129,1,baseline,0,,,,no policy intervention
baseline,130,1,baseline,0,,,,no policy intervention
baseline,131,1,baseline,0,,,,no policy intervention
baseline,132,1,baseline,0,,,,no policy intervention
baseline,133,1,baseline,0,,,,no policy intervention
baseline,134,1,baseline,0,,,,no policy intervention
baseline,135,1,baseline,0,,,,no policy intervention
baseline,136,1,baseline,0,,,,no policy intervention
baseline,137,1,baseline,0,,,,no policy intervention
baseline,138,1,baseline,0,,,,no policy intervention
baseline,139,1,baseline,0,,,,no policy intervention
baseline,140,1,baseline,0,,,,no policy intervention
baseline,141,1,baseline,0,,,,no policy intervention
baseline,142,1,baseline,0,,,,no policy intervention
baseline,143,1,baseline,0,,,,no policy intervention
baseline,144,1,baseline,0,,,,no policy intervention
baseline,145,1,baseline,0,,,,no policy intervention
baseline,146,1,baseline,0,,,,no policy intervention
baseline,147,1,baseline,0,,,,no policy intervention
baseline,148,1,baseline,0,,,,no policy intervention
baseline,149,1,baseline,0,,,,no policy intervention
baseline,150,1,baseline,0,,,,no policy intervention
baseline,151,1,baseline,0,,,,no policy intervention
baseline,152,1,baseline,0,,,,no policy intervention
baseline,153,1,baseline,0,,,,no policy intervention
baseline,154,1,baseline,0,,,,no policy intervention
baseline,155,1,baseline,0,,,,no policy intervention
baseline,156,1,baseline,0,,,,no policy intervention
baseline,157,1,baseline,0,,,,no policy intervention
baseline,158,1,baseline,0,,,,no policy intervention
baseline,159,1,baseline,0,,,,no policy intervention
baseline,160,1,baseline,0,,,,no policy intervention
baseline,161,1,baseline,0,,,,no policy intervention
baseline,162,1,baseline,0,,,,no policy intervention
baseline,163,1,baseline,0,,,,no policy intervention
baseline,164,1,baseline,0,,,,no policy intervention
baseline,165,1,baseline,0,,,,no policy intervention
baseline,166,1,baseline,0,,,,no policy intervention
baseline,167,1,baseline,0,,,,no policy intervention
baseline,168,1,baseline,0,,,,no policy intervention
baseline,169,1,baseline,0,,,,no policy intervention
baseline,170,1,baseline,0,,,,no policy intervention
baseline,171,1,baseline,0,,,,no policy intervention
baseline,172,1,baseline,0,,,,no policy intervention
baseline,173,1,baseline,0,,,,no policy intervention
baseline,174,1,baseline,0,,,,no policy intervention
baseline,175,1,baseline,0,,,,no policy intervention
baseline,176,1,baseline,0,,,,no policy intervention
baseline,177,1,baseline,0,,,,no policy intervention
baseline,178,1,baseline,0,,,,no policy intervention
baseline,179,1,baseline,0,,,,no policy intervention
baseline,180,1,baseline,0,,,,no policy intervention
baseline,181,1,baseline,0,,,,no policy intervention
baseline,182,1,baseline,0,,,,no policy intervention
baseline,183,1,baseline,0,,,,no policy intervention
baseline,184,1,baseline,0,,,,no policy intervention
baseline,185,1,baseline,0,,,,no policy intervention
baseline,186,1,baseline,0,,,,no policy intervention
baseline,187,1,baseline,0,,,,no policy intervention
baseline,188,1,baseline,0,,,,no policy intervention
baseline,189,1,baseline,0,,,,no policy intervention
baseline,190,1,baseline,0,,,,no policy intervention
baseline,191,1,baseline,0,,,,no policy intervention
baseline,192,1,baseline,0,,,,no policy intervention
baseline,193,1,baseline,0,,,,no policy intervention
baseline,194,1,baseline,0,,,,no policy intervention
baseline,195,1,baseline,0,,,,no policy intervention
baseline,196,1,baseline,0,,,,no policy intervention
baseline,197,1,baseline,0,,,,no policy intervention
baseline,198,1,baseline,0,,,,no policy intervention
baseline,199,1,baseline,0,,,,no policy intervention
baseline,200,1,baseline,0,,,,no policy intervention
baseline,201,1,baseline,0,,,,no policy intervention
baseline,202,1,baseline,0,,,,no policy intervention
baseline,203,1,baseline,0,,,,no policy intervention
baseline,204,1,baseline,0,,,,no policy intervention
baseline,205,1,baseline,0,,,,no policy intervention
baseline,206,1,baseline,0,,,,no policy intervention
baseline,207,1,baseline,0,,,,no policy intervention
baseline,208,1,baseline,0,,,,no policy intervention
baseline,209,1,baseline,0,,,,no policy intervention
baseline,210,1,baseline,0,,,,no policy intervention
baseline,211,1,baseline,0,,,,no policy intervention
baseline,212,1,baseline,0,,,,no policy intervention
baseline,213,1,baseline,0,,,,no policy intervention
baseline,214,1,baseline,0,,,,no policy intervention
baseline,215,1,baseline,0,,,,no policy intervention
baseline,216,1,baseline,0,,,,no policy intervention
baseline,217,1,baseline,0,,,,no policy intervention
baseline,218,1,baseline,0,,,,no policy intervention
baseline,219,1,baseline,0,,,,no policy intervention
baseline,220,1,baseline,0,,,,no policy intervention
baseline,221,1,baseline,0,,,,no policy intervention
baseline,222,1,baseline,0,,,,no policy intervention
baseline,223,1,baseline,0,,,,no policy intervention
baseline,224,1,baseline,0,,,,no policy intervention
baseline,225,1,baseline,0,,,,no policy intervention
baseline,226,1,baseline,0,,,,no policy intervention
baseline,227,1,baseline,0,,,,no policy intervention
baseline,228,1,baseline,0,,,,no policy intervention
baseline,229,1,baseline,0,,,,no policy intervention
baseline,230,1,baseline,0,,,,no policy intervention
baseline,231,1,baseline,0,,,,no policy intervention
baseline,232,1,baseline,0,,,,no policy intervention
baseline,233,1,baseline,0,,,,no policy intervention
baseline,234,1,baseline,0,,,,no policy intervention
baseline,235,1,baseline,0,,,,no policy intervention
baseline,236,1,baseline,0,,,,no policy intervention
baseline,237,1,baseline,0,,,,no policy intervention
baseline,238,1,baseline,0,,,,no policy intervention
baseline,239,1,baseline,0,,,,no policy intervention
baseline,0,2,baseline,0,,,,no policy intervention
baseline,1,2,baseline,0,,,,no policy intervention
baseline,2,2,baseline,0,,,,no policy intervention
baseline,3,2,baseline,0,,,,no policy intervention
baseline,4,2,baseline,0,,,,no policy intervention
baseline,5,2,baseline,0,,,,no policy intervention
baseline,6,2,baseline,0,,,,no policy intervention
baseline,7,2,baseline,0,,,,no policy intervention
baseline,8,2,baseline,0,,,,no policy intervention
baseline,9,2,baseline,0,,,,no policy intervention
baseline,10,2,baseline,0,,,,no policy intervention
baseline,11,2,baseline,0,,,,no policy intervention
baseline,12,2,baseline,0,,,,no policy intervention
baseline,13,2,baseline,0,,,,no policy intervention
baseline,14,2,baseline,0,,,,no policy intervention
baseline,15,2,baseline,0,,,,no policy intervention
baseline,16,2,baseline,0,,,,no policy intervention
baseline,17,2,baseline,0,,,,no policy intervention
baseline,18,2,baseline,0,,,,no policy intervention
baseline,19,2,baseline,0,,,,no policy intervention
baseline,20,2,baseline,0,,,,no policy intervention
baseline,21,2,baseline,0,,,,no policy intervention
baseline,22,2,baseline,0,,,,no policy intervention
baseline,23,2,baseline,0,,,,no policy intervention
baseline,24,2,baseline,0,,,,no policy intervention
baseline,25,2,baseline,0,,,,no policy intervention
baseline,26,2,baseline,0,,,,no policy intervention
baseline,27,2,baseline,0,,,,no policy intervention
baseline,28,2,baseline,0,,,,no policy intervention
baseline,29,2,baseline,0,,,,no policy intervention
baseline,30,2,baseline,0,,,,no policy intervention
baseline,31,2,baseline,0,,,,no policy intervention
baseline,32,2,baseline,0,,,,no policy intervention
baseline,33,2,baseline,0,,,,no policy intervention
baseline,34,2,baseline,0,,,,no policy intervention
baseline,35,2,baseline,0,,,,no policy intervention
baseline,36,2,baseline,0,,,,no policy intervention
baseline,37,2,baseline,0,,,,no policy intervention
baseline,38,2,baseline,0,,,,no policy intervention
baseline,39,2,baseline,0,,,,no policy intervention
baseline,40,2,baseline,0,,,,no policy intervention
baseline,41,2,baseline,0,,,,no policy intervention
baseline,42,2,baseline,0,,,,no policy intervention
baseline,43,2,baseline,0,,,,no policy intervention
baseline,44,2,baseline,0,,,,no policy intervention
baseline,45,2,baseline,0,,,,no policy intervention
baseline,46,2,baseline,0,,,,no policy intervention
baseline,47,2,baseline,0,,,,no policy intervention
baseline,48,2,baseline,0,,,,no policy intervention
baseline,49,2,baseline,0,,,,no policy intervention
baseline,50,2,baseline,0,,,,no policy intervention
baseline,51,2,baseline,0,,,,no policy intervention
baseline,52,2,baseline,0,,,,no policy intervention
baseline,53,2,baseline,0,,,,no policy intervention
baseline,54,2,baseline,0,,,,no policy intervention
baseline,55,2,baseline,0,,,,no policy intervention
baseline,56,2,baseline,0,,,,no policy intervention
baseline,57,2,baseline,0,,,,no policy intervention
baseline,58,2,baseline,0,,,,no policy intervention
baseline,59,2,baseline,0,,,,no policy intervention
baseline,60,2,baseline,0,,,,no policy intervention
baseline,61,2,baseline,0,,,,no policy intervention
baseline,62,2,baseline,0,,,,no policy intervention
baseline,63,2,baseline,0,,,,no policy intervention
baseline,64,2,baseline,0,,,,no policy intervention
baseline,65,2,baseline,0,,,,no policy intervention
baseline,66,2,baseline,0,,,,no policy intervention
baseline,67,2,baseline,0,,,,no policy intervention
baseline,68,2,baseline,0,,,,no policy intervention
baseline,69,2,baseline,0,,,,no policy intervention
baseline,70,2,baseline,0,,,,no policy intervention
baseline,71,2,baseline,0,,,,no policy intervention
baseline,72,2,baseline,0,,,,no policy intervention
baseline,73,2,baseline,0,,,,no policy intervention
baseline,74,2,baseline,0,,,,no policy intervention
baseline,75,2,baseline,0,,,,no policy intervention
baseline,76,2,baseline,0,,,,no policy intervention
baseline,77,2,baseline,0,,,,no policy intervention
baseline,78,2,baseline,0,,,,no policy intervention
baseline,79,2,baseline,0,,,,no policy intervention
baseline,80,2,baseline,0,,,,no policy intervention
baseline,81,2,baseline,0,,,,no policy intervention
baseline,82,2,baseline,0,,,,no policy intervention
baseline,83,2,baseline,0,,,,no policy intervention
baseline,84,2,baseline,0,,,,no policy intervention
baseline,85,2,baseline,0,,,,no policy intervention
baseline,86,2,baseline,0,,,,no policy intervention
baseline,87,2,baseline,0,,,,no policy intervention
baseline,88,2,baseline,0,,,,no policy intervention
baseline,89,2,baseline,0,,,,no policy intervention
baseline,90,2,baseline,0,,,,no policy intervention
baseline,91,2,baseline,0,,,,no policy intervention
baseline,92,2,baseline,0,,,,no policy intervention
baseline,93,2,baseline,0,,,,no policy intervention
baseline,94,2,baseline,0,,,,no policy intervention
baseline,95,2,baseline,0,,,,no policy intervention
baseline,96,2,baseline,0,,,,no policy intervention
baseline,97,2,baseline,0,,,,no policy intervention
baseline,98,2,baseline,0,,,,no policy intervention
baseline,99,2,baseline,0,,,,no policy intervention
baseline,100,2,baseline,0,,,,no policy intervention
baseline,101,2,baseline,0,,,,no policy intervention
baseline,102,2,baseline,0,,,,no policy intervention
baseline,103,2,baseline,0,,,,no policy intervention
baseline,104,2,baseline,0,,,,no policy intervention
baseline,105,2,baseline,0,,,,no policy intervention
baseline,106,2,baseline,0,,,,no policy intervention
baseline,107,2,baseline,0,,,,no policy intervention
baseline,108,2,baseline,0,,,,no policy intervention
baseline,109,2,baseline,0,,,,no policy intervention
baseline,110,2,baseline,0,,,,no policy intervention
baseline,111,2,baseline,0,,,,no policy intervention
baseline,112,2,baseline,0,,,,no policy intervention
baseline,113,2,baseline,0,,,,no policy intervention
baseline,114,2,baseline,0,,,,no policy intervention
baseline,115,2,baseline,0,,,,no policy intervention
baseline,116,2,baseline,0,,,,no policy intervention
baseline,117,2,baseline,0,,,,no policy intervention
baseline,118,2,baseline,0,,,,no policy intervention
baseline,119,2,baseline,0,,,,no policy intervention
baseline,120,2,baseline,0,,,,no policy intervention
baseline,121,2,baseline,0,,,,no policy intervention
baseline,122,2,baseline,0,,,,no policy intervention
baseline,123,2,baseline,0,,,,no policy intervention
baseline,124,2,baseline,0,,,,no policy intervention
baseline,125,2,baseline,0,,,,no policy intervention
baseline,126,2,baseline,0,,,,no policy intervention
baseline,127,2,baseline,0,,,,no policy intervention
baseline,128,2,baseline,0,,,,no policy intervention
baseline,129,2,baseline,0,,,,no policy intervention
baseline,130,2,baseline,0,,,,no policy intervention
baseline,131,2,baseline,0,,,,no policy intervention
baseline,132,2,baseline,0,,,,no policy intervention
baseline,133,2,baseline,0,,,,no policy intervention
baseline,134,2,baseline,0,,,,no policy intervention
baseline,135,2,baseline,0,,,,no policy intervention
baseline,136,2,baseline,0,,,,no policy intervention
baseline,137,2,baseline,0,,,,no policy intervention
baseline,138,2,baseline,0,,,,no policy intervention
baseline,139,2,baseline,0,,,,no policy intervention
baseline,140,2,baseline,0,,,,no policy intervention
baseline,141,2,baseline,0,,,,no policy intervention
baseline,142,2,baseline,0,,,,no policy intervention
baseline,143,2,baseline,0,,,,no policy intervention
baseline,144,2,baseline,0,,,,no policy intervention
baseline,145,2,baseline,0,,,,no policy intervention
baseline,146,2,baseline,0,,,,no policy intervention
baseline,147,2,baseline,0,,,,no policy intervention
baseline,148,2,baseline,0,,,,no policy intervention
baseline,149,2,baseline,0,,,,no policy intervention
baseline,150,2,baseline,0,,,,no policy intervention
baseline,151,2,baseline,0,,,,no policy intervention
baseline,152,2,baseline,0,,,,no policy intervention
baseline,153,2,baseline,0,,,,no policy intervention
baseline,154,2,baseline,0,,,,no policy intervention
baseline,155,2,baseline,0,,,,no policy intervention
baseline,156,2,baseline,0,,,,no policy intervention
baseline,157,2,baseline,0,,,,no policy intervention
baseline,158,2,baseline,0,,,,no policy intervention
baseline,159,2,baseline,0,,,,no policy intervention
baseline,160,2,baseline,0,,,,no policy intervention
baseline,161,2,baseline,0,,,,no policy intervention
baseline,162,2,baseline,0,,,,no policy intervention
baseline,163,2,baseline,0,,,,no policy intervention
baseline,164,2,baseline,0,,,,no policy intervention
baseline,165,2,baseline,0,,,,no policy intervention
baseline,166,2,baseline,0,,,,no policy intervention
baseline,167,2,baseline,0,,,,no policy intervention
baseline,168,2,baseline,0,,,,no policy intervention
baseline,169,2,baseline,0,,,,no policy intervention
baseline,170,2,baseline,0,,,,no policy intervention
baseline,171,2,baseline,0,,,,no policy intervention
baseline,172,2,baseline,0,,,,no policy intervention
baseline,173,2,baseline,0,,,,no policy intervention
baseline,174,2,baseline,0,,,,no policy intervention
baseline,175,2,baseline,0,,,,no policy intervention
baseline,176,2,baseline,0,,,,no policy intervention
baseline,177,2,baseline,0,,,,no policy intervention
baseline,178,2,baseline,0,,,,no policy intervention
baseline,179,2,baseline,0,,,,no policy intervention
baseline,180,2,baseline,0,,,,no policy intervention
baseline,181,2,baseline,0,,,,no policy intervention
baseline,182,2,baseline,0,,,,no policy intervention
baseline,183,2,baseline,0,,,,no policy intervention
baseline,184,2,baseline,0,,,,no policy intervention
baseline,185,2,baseline,0,,,,no policy intervention
baseline,186,2,baseline,0,,,,no policy intervention
baseline,187,2,baseline,0,,,,no policy intervention
baseline,188,2,baseline,0,,,,no policy intervention
baseline,189,2,baseline,0,,,,no policy intervention
baseline,190,2,baseline,0,,,,no policy intervention
baseline,191,2,baseline,0,,,,no policy intervention
baseline,192,2,baseline,0,,,,no policy intervention
baseline,193,2,baseline,0,,,,no policy intervention
baseline,194,2,baseline,0,,,,no policy intervention
baseline,195,2,baseline,0,,,,no policy intervention
baseline,196,2,baseline,0,,,,no policy intervention
baseline,197,2,baseline,0,,,,no policy intervention
baseline,198,2,baseline,0,,,,no policy intervention
baseline,199,2,baseline,0,,,,no policy intervention
baseline,200,2,baseline,0,,,,no policy intervention
baseline,201,2,baseline,0,,,,no policy intervention
baseline,202,2,baseline,0,,,,no policy intervention
baseline,203,2,baseline,0,,,,no policy intervention
baseline,204,2,baseline,0,,,,no policy intervention
baseline,205,2,baseline,0,,,,no policy intervention
baseline,206,2,baseline,0,,,,no policy intervention
baseline,207,2,baseline,0,,,,no policy intervention
baseline,208,2,baseline,0,,,,no policy intervention
baseline,209,2,baseline,0,,,,no policy intervention
baseline,210,2,baseline,0,,,,no policy intervention
baseline,211,2,baseline,0,,,,no policy intervention
baseline,212,2,baseline,0,,,,no policy intervention
baseline,213,2,baseline,0,,,,no policy intervention
baseline,214,2,baseline,0,,,,no policy intervention
baseline,215,2,baseline,0,,,,no policy intervention
baseline,216,2,baseline,0,,,,no policy intervention
baseline,217,2,baseline,0,,,,no policy intervention
baseline,218,2,baseline,0,,,,no policy intervention
baseline,219,2,baseline,0,,,,no policy intervention
baseline,220,2,baseline,0,,,,no policy intervention
baseline,221,2,baseline,0,,,,no policy intervention
baseline,222,2,baseline,0,,,,no policy intervention
baseline,223,2,baseline,0,,,,no policy intervention
baseline,224,2,baseline,0,,,,no policy intervention
baseline,225,2,baseline,0,,,,no policy intervention
baseline,226,2,baseline,0,,,,no policy intervention
baseline,227,2,baseline,0,,,,no policy intervention
baseline,228,2,baseline,0,,,,no policy intervention
baseline,229,2,baseline,0,,,,no policy intervention
baseline,230,2,baseline,0,,,,no policy intervention
baseline,231,2,baseline,0,,,,no policy intervention
baseline,232,2,baseline,0,,,,no policy intervention
baseline,233,2,baseline,0,,,,no policy intervention
baseline,234,2,baseline,0,,,,no policy intervention
baseline,235,2,baseline,0,,,,no policy intervention
baseline,236,2,baseline,0,,,,no policy intervention
baseline,237,2,baseline,0,,,,no policy intervention
baseline,238,2,baseline,0,,,,no policy intervention
baseline,239,2,baseline,0,,,,no policy intervention
baseline,0,3,baseline,0,,,,no policy intervention
baseline,1,3,baseline,0,,,,no policy intervention
baseline,2,3,baseline,0,,,,no policy intervention
baseline,3,3,baseline,0,,,,no policy intervention
baseline,4,3,baseline,0,,,,no policy intervention
baseline,5,3,baseline,0,,,,no policy intervention
baseline,6,3,baseline,0,,,,no policy intervention
baseline,7,3,baseline,0,,,,no policy intervention
baseline,8,3,baseline,0,,,,no policy intervention
baseline,9,3,baseline,0,,,,no policy intervention
baseline,10,3,baseline,0,,,,no policy intervention
baseline,11,3,baseline,0,,,,no policy intervention
baseline,12,3,baseline,0,,,,no policy intervention
baseline,13,3,baseline,0,,,,no policy intervention
baseline,14,3,baseline,0,,,,no policy intervention
baseline,15,3,baseline,0,,,,no policy intervention
baseline,16,3,baseline,0,,,,no policy intervention
baseline,17,3,baseline,0,,,,no policy intervention
baseline,18,3,baseline,0,,,,no policy intervention
baseline,19,3,baseline,0,,,,no policy intervention
baseline,20,3,baseline,0,,,,no policy intervention
baseline,21,3,baseline,0,,,,no policy intervention
baseline,22,3,baseline,0,,,,no policy intervention
baseline,23,3,baseline,0,,,,no policy intervention
baseline,24,3,baseline,0,,,,no policy intervention
baseline,25,3,baseline,0,,,,no policy intervention
baseline,26,3,baseline,0,,,,no policy intervention
baseline,27,3,baseline,0,,,,no policy intervention
baseline,28,3,baseline,0,,,,no policy intervention
baseline,29,3,baseline,0,,,,no policy intervention
baseline,30,3,baseline,0,,,,no policy intervention
baseline,31,3,baseline,0,,,,no policy intervention
baseline,32,3,baseline,0,,,,no policy intervention
baseline,33,3,baseline,0,,,,no policy intervention
baseline,34,3,baseline,0,,,,no policy intervention
baseline,35,3,baseline,0,,,,no policy intervention
baseline,36,3,baseline,0,,,,no policy intervention
baseline,37,3,baseline,0,,,,no policy intervention
baseline,38,3,baseline,0,,,,no policy intervention
baseline,39,3,baseline,0,,,,no policy intervention
baseline,40,3,baseline,0,,,,no policy intervention
baseline,41,3,baseline,0,,,,no policy intervention
baseline,42,3,baseline,0,,,,no policy intervention
baseline,43,3,baseline,0,,,,no policy intervention
baseline,44,3,baseline,0,,,,no policy intervention
baseline,45,3,baseline,0,,,,no policy intervention
baseline,46,3,baseline,0,,,,no policy intervention
baseline,47,3,baseline,0,,,,no policy intervention
baseline,48,3,baseline,0,,,,no policy intervention
baseline,49,3,baseline,0,,,,no policy intervention
baseline,50,3,baseline,0,,,,no policy intervention
baseline,51,3,baseline,0,,,,no policy intervention
baseline,52,3,baseline,0,,,,no policy intervention
baseline,53,3,baseline,0,,,,no policy intervention
baseline,54,3,baseline,0,,,,no policy intervention
baseline,55,3,baseline,0,,,,no policy intervention
baseline,56,3,baseline,0,,,,no policy intervention
baseline,57,3,baseline,0,,,,no policy intervention
baseline,58,3,baseline,0,,,,no policy intervention
baseline,59,3,baseline,0,,,,no policy intervention
baseline,60,3,baseline,0,,,,no policy intervention
baseline,61,3,baseline,0,,,,no policy intervention
baseline,62,3,baseline,0,,,,no policy intervention
baseline,63,3,baseline,0,,,,no policy intervention
baseline,64,3,baseline,0,,,,no policy intervention
baseline,65,3,baseline,0,,,,no policy intervention
baseline,66,3,baseline,0,,,,no policy intervention
baseline,67,3,baseline,0,,,,no policy intervention
baseline,68,3,baseline,0,,,,no policy intervention
baseline,69,3,baseline,0,,,,no policy intervention
baseline,70,3,baseline,0,,,,no policy intervention
baseline,71,3,baseline,0,,,,no policy intervention
baseline,72,3,baseline,0,,,,no policy intervention
baseline,73,3,baseline,0,,,,no policy intervention
baseline,74,3,baseline,0,,,,no policy intervention
baseline,75,3,baseline,0,,,,no policy intervention
baseline,76,3,baseline,0,,,,no policy intervention
baseline,77,3,baseline,0,,,,no policy intervention
baseline,78,3,baseline,0,,,,no policy intervention
baseline,79,3,baseline,0,,,,no policy intervention
baseline,80,3,baseline,0,,,,no policy intervention
baseline,81,3,baseline,0,,,,no policy intervention
baseline,82,3,baseline,0,,,,no policy intervention
baseline,83,3,baseline,0,,,,no policy intervention
baseline,84,3,baseline,0,,,,no policy intervention
baseline,85,3,baseline,0,,,,no policy intervention
baseline,86,3,baseline,0,,,,no policy intervention
baseline,87,3,baseline,0,,,,no policy intervention
baseline,88,3,baseline,0,,,,no policy intervention
baseline,89,3,baseline,0,,,,no policy intervention
baseline,90,3,baseline,0,,,,no policy intervention
baseline,91,3,baseline,0,,,,no policy intervention
baseline,92,3,baseline,0,,,,no policy intervention
baseline,93,3,baseline,0,,,,no policy intervention
baseline,94,3,baseline,0,,,,no policy intervention
baseline,95,3,baseline,0,,,,no policy intervention
baseline,96,3,baseline,0,,,,no policy intervention
baseline,97,3,baseline,0,,,,no policy intervention
baseline,98,3,baseline,0,,,,no policy intervention
baseline,99,3,baseline,0,,,,no policy intervention
baseline,100,3,baseline,0,,,,no policy intervention
baseline,101,3,baseline,0,,,,no policy intervention
baseline,102,3,baseline,0,,,,no policy intervention
baseline,103,3,baseline,0,,,,no policy intervention
baseline,104,3,baseline,0,,,,no policy intervention
baseline,105,3,baseline,0,,,,no policy intervention
baseline,106,3,baseline,0,,,,no policy intervention
baseline,107,3,baseline,0,,,,no policy intervention
baseline,108,3,baseline,0,,,,no policy intervention
baseline,109,3,baseline,0,,,,no policy intervention
baseline,110,3,baseline,0,,,,no policy intervention
baseline,111,3,baseline,0,,,,no policy intervention
baseline,112,3,baseline,0,,,,no policy intervention
baseline,113,3,baseline,0,,,,no policy intervention
baseline,114,3,baseline,0,,,,no policy intervention
baseline,115,3,baseline,0,,,,no policy intervention
baseline,116,3,baseline,0,,,,no policy intervention
baseline,117,3,baseline,0,,,,no policy intervention
baseline,118,3,baseline,0,,,,no policy intervention
baseline,119,3,baseline,0,,,,no policy intervention
baseline,120,3,baseline,0,,,,no policy intervention
baseline,121,3,baseline,0,,,,no policy intervention
baseline,122,3,baseline,0,,,,no policy intervention
baseline,123,3,baseline,0,,,,no policy intervention
baseline,124,3,baseline,0,,,,no policy intervention
baseline,125,3,baseline,0,,,,no policy intervention
baseline,126,3,baseline,0,,,,no policy intervention
baseline,127,3,baseline,0,,,,no policy intervention
baseline,128,3,baseline,0,,,,no policy intervention
baseline,129,3,baseline,0,,,,no policy intervention
baseline,130,3,baseline,0,,,,no policy intervention
baseline,131,3,baseline,0,,,,no policy intervention
baseline,132,3,baseline,0,,,,no policy intervention
baseline,133,3,baseline,0,,,,no policy intervention
baseline,134,3,baseline,0,,,,no policy intervention
baseline,135,3,baseline,0,,,,no policy intervention
baseline,136,3,baseline,0,,,,no policy intervention
baseline,137,3,baseline,0,,,,no policy intervention
baseline,138,3,baseline,0,,,,no policy intervention
baseline,139,3,baseline,0,,,,no policy intervention
baseline,140,3,baseline,0,,,,no policy intervention
baseline,141,3,baseline,0,,,,no policy intervention
baseline,142,3,baseline,0,,,,no policy intervention
baseline,143,3,baseline,0,,,,no policy intervention
baseline,144,3,baseline,0,,,,no policy intervention
baseline,145,3,baseline,0,,,,no policy intervention
baseline,146,3,baseline,0,,,,no policy intervention
baseline,147,3,baseline,0,,,,no policy intervention
baseline,148,3,baseline,0,,,,no policy intervention
baseline,149,3,baseline,0,,,,no policy intervention
baseline,150,3,baseline,0,,,,no policy intervention
baseline,151,3,baseline,0,,,,no policy intervention
baseline,152,3,baseline,0,,,,no policy intervention
baseline,153,3,baseline,0,,,,no policy intervention
baseline,154,3,baseline,0,,,,no policy intervention
baseline,155,3,baseline,0,,,,no policy intervention
baseline,156,3,baseline,0,,,,no policy intervention
baseline,157,3,baseline,0,,,,no policy intervention
baseline,158,3,baseline,0,,,,no policy intervention
baseline,159,3,baseline,0,,,,no policy intervention
baseline,160,3,baseline,0,,,,no policy intervention
baseline,161,3,baseline,0,,,,no policy intervention
baseline,162,3,baseline,0,,,,no policy intervention
baseline,163,3,baseline,0,,,,no policy intervention
baseline,164,3,baseline,0,,,,no policy intervention
baseline,165,3,baseline,0,,,,no policy intervention
baseline,166,3,baseline,0,,,,no policy intervention
baseline,167,3,baseline,0,,,,no policy intervention
baseline,168,3,baseline,0,,,,no policy intervention
baseline,169,3,baseline,0,,,,no policy intervention
baseline,170,3,baseline,0,,,,no policy intervention
baseline,171,3,baseline,0,,,,no policy intervention
baseline,172,3,baseline,0,,,,no policy intervention
baseline,173,3,baseline,0,,,,no policy intervention
baseline,174,3,baseline,0,,,,no policy intervention
baseline,175,3,baseline,0,,,,no policy intervention
baseline,176,3,baseline,0,,,,no policy intervention
baseline,177,3,baseline,0,,,,no policy intervention
baseline,178,3,baseline,0,,,,no policy intervention
baseline,179,3,baseline,0,,,,no policy intervention
baseline,180,3,baseline,0,,,,no policy intervention
baseline,181,3,baseline,0,,,,no policy intervention
baseline,182,3,baseline,0,,,,no policy intervention
baseline,183,3,baseline,0,,,,no policy intervention
baseline,184,3,baseline,0,,,,no policy intervention
baseline,185,3,baseline,0,,,,no policy intervention
baseline,186,3,baseline,0,,,,no policy intervention
baseline,187,3,baseline,0,,,,no policy intervention
baseline,188,3,baseline,0,,,,no policy intervention
baseline,189,3,baseline,0,,,,no policy intervention
baseline,190,3,baseline,0,,,,no policy intervention
baseline,191,3,baseline,0,,,,no policy intervention
baseline,192,3,baseline,0,,,,no policy intervention
baseline,193,3,baseline,0,,,,no policy intervention
baseline,194,3,baseline,0,,,,no policy intervention
baseline,195,3,baseline,0,,,,no policy intervention
baseline,196,3,baseline,0,,,,no policy intervention
baseline,197,3,baseline,0,,,,no policy intervention
baseline,198,3,baseline,0,,,,no policy intervention
baseline,199,3,baseline,0,,,,no policy intervention
baseline,200,3,baseline,0,,,,no policy intervention
baseline,201,3,baseline,0,,,,no policy intervention
baseline,202,3,baseline,0,,,,no policy intervention
baseline,203,3,baseline,0,,,,no policy intervention
baseline,204,3,baseline,0,,,,no policy intervention
baseline,205,3,baseline,0,,,,no policy intervention
baseline,206,3,baseline,0,,,,no policy intervention
baseline,207,3,baseline,0,,,,no policy intervention
baseline,208,3,baseline,0,,,,no policy intervention
baseline,209,3,baseline,0,,,,no policy intervention
baseline,210,3,baseline,0,,,,no policy intervention
baseline,211,3,baseline,0,,,,no policy intervention
baseline,212,3,baseline,0,,,,no policy intervention
baseline,213,3,baseline,0,,,,no policy intervention
baseline,214,3,baseline,0,,,,no policy intervention
baseline,215,3,baseline,0,,,,no policy intervention
baseline,216,3,baseline,0,,,,no policy intervention
baseline,217,3,baseline,0,,,,no policy intervention
baseline,218,3,baseline,0,,,,no policy intervention
baseline,219,3,baseline,0,,,,no policy intervention
baseline,220,3,baseline,0,,,,no policy intervention
baseline,221,3,baseline,0,,,,no policy intervention
baseline,222,3,baseline,0,,,,no policy intervention
baseline,223,3,baseline,0,,,,no policy intervention
baseline,224,3,baseline,0,,,,no policy intervention
baseline,225,3,baseline,0,,,,no policy intervention
baseline,226,3,baseline,0,,,,no policy intervention
baseline,227,3,baseline,0,,,,no policy intervention
baseline,228,3,baseline,0,,,,no policy intervention
baseline,229,3,baseline,0,,,,no policy intervention
baseline,230,3,baseline,0,,,,no policy intervention
baseline,231,3,baseline,0,,,,no policy intervention
baseline,232,3,baseline,0,,,,no policy intervention
baseline,233,3,baseline,0,,,,no policy intervention
baseline,234,3,baseline,0,,,,no policy intervention
baseline,235,3,baseline,0,,,,no policy intervention
baseline,236,3,baseline,0,,,,no policy intervention
baseline,237,3,baseline,0,,,,no policy intervention
baseline,238,3,baseline,0,,,,no policy intervention
baseline,239,3,baseline,0,,,,no policy intervention
baseline,0,4,baseline,0,,,,no policy intervention
baseline,1,4,baseline,0,,,,no policy intervention
baseline,2,4,baseline,0,,,,no policy intervention
baseline,3,4,baseline,0,,,,no policy intervention
baseline,4,4,baseline,0,,,,no policy intervention
baseline,5,4,baseline,0,,,,no policy intervention
baseline,6,4,baseline,0,,,,no policy intervention
baseline,7,4,baseline,0,,,,no policy intervention
baseline,8,4,baseline,0,,,,no policy intervention
baseline,9,4,baseline,0,,,,no policy intervention
baseline,10,4,baseline,0,,,,no policy intervention
baseline,11,4,baseline,0,,,,no policy intervention
baseline,12,4,baseline,0,,,,no policy intervention
baseline,13,4,baseline,0,,,,no policy intervention
baseline,14,4,baseline,0,,,,no policy intervention
baseline,15,4,baseline,0,,,,no policy intervention
baseline,16,4,baseline,0,,,,no policy intervention
baseline,17,4,baseline,0,,,,no policy intervention
baseline,18,4,baseline,0,,,,no policy intervention
baseline,19,4,baseline,0,,,,no policy intervention
baseline,20,4,baseline,0,,,,no policy intervention
baseline,21,4,baseline,0,,,,no policy intervention
baseline,22,4,baseline,0,,,,no policy intervention
baseline,23,4,baseline,0,,,,no policy intervention
baseline,24,4,baseline,0,,,,no policy intervention
baseline,25,4,baseline,0,,,,no policy intervention
baseline,26,4,baseline,0,,,,no policy intervention
baseline,27,4,baseline,0,,,,no policy intervention
baseline,28,4,baseline,0,,,,no policy intervention
baseline,29,4,baseline,0,,,,no policy intervention
baseline,30,4,baseline,0,,,,no policy intervention
baseline,31,4,baseline,0,,,,no policy intervention
baseline,32,4,baseline,0,,,,no policy intervention
baseline,33,4,baseline,0,,,,no policy intervention
baseline,34,4,baseline,0,,,,no policy intervention
baseline,35,4,baseline,0,,,,no policy intervention
baseline,36,4,baseline,0,,,,no policy intervention
baseline,37,4,baseline,0,,,,no policy intervention
baseline,38,4,baseline,0,,,,no policy intervention
baseline,39,4,baseline,0,,,,no policy intervention
baseline,40,4,baseline,0,,,,no policy intervention
baseline,41,4,baseline,0,,,,no policy intervention
baseline,42,4,baseline,0,,,,no policy intervention
baseline,43,4,baseline,0,,,,no policy intervention
baseline,44,4,baseline,0,,,,no policy intervention
baseline,45,4,baseline,0,,,,no policy intervention
baseline,46,4,baseline,0,,,,no policy intervention
baseline,47,4,baseline,0,,,,no policy intervention
baseline,48,4,baseline,0,,,,no policy intervention
baseline,49,4,baseline,0,,,,no policy intervention
baseline,50,4,baseline,0,,,,no policy intervention
baseline,51,4,baseline,0,,,,no policy intervention
baseline,52,4,baseline,0,,,,no policy intervention
baseline,53,4,baseline,0,,,,no policy intervention
baseline,54,4,baseline,0,,,,no policy intervention
baseline,55,4,baseline,0,,,,no policy intervention
baseline,56,4,baseline,0,,,,no policy intervention
baseline,57,4,baseline,0,,,,no policy intervention
baseline,58,4,baseline,0,,,,no policy intervention
baseline,59,4,baseline,0,,,,no policy intervention
baseline,60,4,baseline,0,,,,no policy intervention
baseline,61,4,baseline,0,,,,no policy intervention
baseline,62,4,baseline,0,,,,no policy intervention
baseline,63,4,baseline,0,,,,no policy intervention
baseline,64,4,baseline,0,,,,no policy intervention
baseline,65,4,baseline,0,,,,no policy intervention
baseline,66,4,baseline,0,,,,no policy intervention
baseline,67,4,baseline,0,,,,no policy intervention
baseline,68,4,baseline,0,,,,no policy intervention
baseline,69,4,baseline,0,,,,no policy intervention
baseline,70,4,baseline,0,,,,no policy intervention
baseline,71,4,baseline,0,,,,no policy intervention
baseline,72,4,baseline,0,,,,no policy intervention
baseline,73,4,baseline,0,,,,no policy intervention
baseline,74,4,baseline,0,,,,no policy intervention
baseline,75,4,baseline,0,,,,no policy intervention
baseline,76,4,baseline,0,,,,no policy intervention
baseline,77,4,baseline,0,,,,no policy intervention
baseline,78,4,baseline,0,,,,no policy intervention
baseline,79,4,baseline,0,,,,no policy intervention
baseline,80,4,baseline,0,,,,no policy intervention
baseline,81,4,baseline,0,,,,no policy intervention
baseline,82,4,baseline,0,,,,no policy intervention
baseline,83,4,baseline,0,,,,no policy intervention
baseline,84,4,baseline,0,,,,no policy intervention
baseline,85,4,baseline,0,,,,no policy intervention
baseline,86,4,baseline,0,,,,no policy intervention
baseline,87,4,baseline,0,,,,no policy intervention
baseline,88,4,baseline,0,,,,no policy intervention
baseline,89,4,baseline,0,,,,no policy intervention
baseline,90,4,baseline,0,,,,no policy intervention
baseline,91,4,baseline,0,,,,no policy intervention
baseline,92,4,baseline,0,,,,no policy intervention
baseline,93,4,baseline,0,,,,no policy intervention
baseline,94,4,baseline,0,,,,no policy intervention
baseline,95,4,baseline,0,,,,no policy intervention
baseline,96,4,baseline,0,,,,no policy intervention
baseline,97,4,baseline,0,,,,no policy intervention
baseline,98,4,baseline,0,,,,no policy intervention
baseline,99,4,baseline,0,,,,no policy intervention
baseline,100,4,baseline,0,,,,no policy intervention
baseline,101,4,baseline,0,,,,no policy intervention
baseline,102,4,baseline,0,,,,no policy intervention
baseline,103,4,baseline,0,,,,no policy intervention
baseline,104,4,baseline,0,,,,no policy intervention
baseline,105,4,baseline,0,,,,no policy intervention
baseline,106,4,baseline,0,,,,no policy intervention
baseline,107,4,baseline,0,,,,no policy intervention
baseline,108,4,baseline,0,,,,no policy intervention
baseline,109,4,baseline,0,,,,no policy intervention
baseline,110,4,baseline,0,,,,no policy intervention
baseline,111,4,baseline,0,,,,no policy intervention
baseline,112,4,baseline,0,,,,no policy intervention
baseline,113,4,baseline,0,,,,no policy intervention
baseline,114,4,baseline,0,,,,no policy intervention
baseline,115,4,baseline,0,,,,no policy intervention
baseline,116,4,baseline,0,,,,no policy intervention
baseline,117,4,baseline,0,,,,no policy intervention
baseline,118,4,baseline,0,,,,no policy intervention
baseline,119,4,baseline,0,,,,no policy intervention
baseline,120,4,baseline,0,,,,no policy intervention
baseline,121,4,baseline,0,,,,no policy intervention
baseline,122,4,baseline,0,,,,no policy intervention
baseline,123,4,baseline,0,,,,no policy intervention
baseline,124,4,baseline,0,,,,no policy intervention
baseline,125,4,baseline,0,,,,no policy intervention
baseline,126,4,baseline,0,,,,no policy intervention
baseline,127,4,baseline,0,,,,no policy intervention
baseline,128,4,baseline,0,,,,no policy intervention
baseline,129,4,baseline,0,,,,no policy intervention
baseline,130,4,baseline,0,,,,no policy intervention
baseline,131,4,baseline,0,,,,no policy intervention
baseline,132,4,baseline,0,,,,no policy intervention
baseline,133,4,baseline,0,,,,no policy intervention
baseline,134,4,baseline,0,,,,no policy intervention
baseline,135,4,baseline,0,,,,no policy intervention
baseline,136,4,baseline,0,,,,no policy intervention
baseline,137,4,baseline,0,,,,no policy intervention
baseline,138,4,baseline,0,,,,no policy intervention
baseline,139,4,baseline,0,,,,no policy intervention
baseline,140,4,baseline,0,,,,no policy intervention
baseline,141,4,baseline,0,,,,no policy intervention
baseline,142,4,baseline,0,,,,no policy intervention
baseline,143,4,baseline,0,,,,no policy intervention
baseline,144,4,baseline,0,,,,no policy intervention
baseline,145,4,baseline,0,,,,no policy intervention
baseline,146,4,baseline,0,,,,no policy intervention
baseline,147,4,baseline,0,,,,no policy intervention
baseline,148,4,baseline,0,,,,no policy intervention
baseline,149,4,baseline,0,,,,no policy intervention
baseline,150,4,baseline,0,,,,no policy intervention
baseline,151,4,baseline,0,,,,no policy intervention
baseline,152,4,baseline,0,,,,no policy intervention
baseline,153,4,baseline,0,,,,no policy intervention
baseline,154,4,baseline,0,,,,no policy intervention
baseline,155,4,baseline,0,,,,no policy intervention
baseline,156,4,baseline,0,,,,no policy intervention
baseline,157,4,baseline,0,,,,no policy intervention
baseline,158,4,baseline,0,,,,no policy intervention
baseline,159,4,baseline,0,,,,no policy intervention
baseline,160,4,baseline,0,,,,no policy intervention
baseline,161,4,baseline,0,,,,no policy intervention
baseline,162,4,baseline,0,,,,no policy intervention
baseline,163,4,baseline,0,,,,no policy intervention
baseline,164,4,baseline,0,,,,no policy intervention
baseline,165,4,baseline,0,,,,no policy intervention
baseline,166,4,baseline,0,,,,no policy intervention
baseline,167,4,baseline,0,,,,no policy intervention
baseline,168,4,baseline,0,,,,no policy intervention
baseline,169,4,baseline,0,,,,no policy intervention
baseline,170,4,baseline,0,,,,no policy intervention
baseline,171,4,baseline,0,,,,no policy intervention
baseline,172,4,baseline,0,,,,no policy intervention
baseline,173,4,baseline,0,,,,no policy intervention
baseline,174,4,baseline,0,,,,no policy intervention
baseline,175,4,baseline,0,,,,no policy intervention
baseline,176,4,baseline,0,,,,no policy intervention
baseline,177,4,baseline,0,,,,no policy intervention
baseline,178,4,baseline,0,,,,no policy intervention
baseline,179,4,baseline,0,,,,no policy intervention
baseline,180,4,baseline,0,,,,no policy intervention
baseline,181,4,baseline,0,,,,no policy intervention
baseline,182,4,baseline,0,,,,no policy intervention
baseline,183,4,baseline,0,,,,no policy intervention
baseline,184,4,baseline,0,,,,no policy intervention
baseline,185,4,baseline,0,,,,no policy intervention
baseline,186,4,baseline,0,,,,no policy intervention
baseline,187,4,baseline,0,,,,no policy intervention
baseline,188,4,baseline,0,,,,no policy intervention
baseline,189,4,baseline,0,,,,no policy intervention
baseline,190,4,baseline,0,,,,no policy intervention
baseline,191,4,baseline,0,,,,no policy intervention
baseline,192,4,baseline,0,,,,no policy intervention
baseline,193,4,baseline,0,,,,no policy intervention
baseline,194,4,baseline,0,,,,no policy intervention
baseline,195,4,baseline,0,,,,no policy intervention
baseline,196,4,baseline,0,,,,no policy intervention
baseline,197,4,baseline,0,,,,no policy intervention
baseline,198,4,baseline,0,,,,no policy intervention
baseline,199,4,baseline,0,,,,no policy intervention
baseline,200,4,baseline,0,,,,no policy intervention
baseline,201,4,baseline,0,,,,no policy intervention
baseline,202,4,baseline,0,,,,no policy intervention
baseline,203,4,baseline,0,,,,no policy intervention
baseline,204,4,baseline,0,,,,no policy intervention
baseline,205,4,baseline,0,,,,no policy intervention
baseline,206,4,baseline,0,,,,no policy intervention
baseline,207,4,baseline,0,,,,no policy intervention
baseline,208,4,baseline,0,,,,no policy intervention
baseline,209,4,baseline,0,,,,no policy intervention
baseline,210,4,baseline,0,,,,no policy intervention
baseline,211,4,baseline,0,,,,no policy intervention
baseline,212,4,baseline,0,,,,no policy intervention
baseline,213,4,baseline,0,,,,no policy intervention
baseline,214,4,baseline,0,,,,no policy intervention
baseline,215,4,baseline,0,,,,no policy intervention
baseline,216,4,baseline,0,,,,no policy intervention
baseline,217,4,baseline,0,,,,no policy intervention
baseline,218,4,baseline,0,,,,no policy intervention
baseline,219,4,baseline,0,,,,no policy intervention
baseline,220,4,baseline,0,,,,no policy intervention
baseline,221,4,baseline,0,,,,no policy intervention
baseline,222,4,baseline,0,,,,no policy intervention
baseline,223,4,baseline,0,,,,no policy intervention
baseline,224,4,baseline,0,,,,no policy intervention
baseline,225,4,baseline,0,,,,no policy intervention
baseline,226,4,baseline,0,,,,no policy intervention
baseline,227,4,baseline,0,,,,no policy intervention
baseline,228,4,baseline,0,,,,no policy intervention
baseline,229,4,baseline,0,,,,no policy intervention
baseline,230,4,baseline,0,,,,no policy intervention
baseline,231,4,baseline,0,,,,no policy intervention
baseline,232,4,baseline,0,,,,no policy intervention
baseline,233,4,baseline,0,,,,no policy intervention
baseline,234,4,baseline,0,,,,no policy intervention
baseline,235,4,baseline,0,,,,no policy intervention
baseline,236,4,baseline,0,,,,no policy intervention
baseline,237,4,baseline,0,,,,no policy intervention
baseline,238,4,baseline,0,,,,no policy intervention
baseline,239,4,baseline,0,,,,no policy intervention
baseline,0,5,baseline,0,,,,no policy intervention
baseline,1,5,baseline,0,,,,no policy intervention
baseline,2,5,baseline,0,,,,no policy intervention
baseline,3,5,baseline,0,,,,no policy intervention
baseline,4,5,baseline,0,,,,no policy intervention
baseline,5,5,baseline,0,,,,no policy intervention
baseline,6,5,baseline,0,,,,no policy intervention
baseline,7,5,baseline,0,,,,no policy intervention
baseline,8,5,baseline,0,,,,no policy intervention
baseline,9,5,baseline,0,,,,no policy intervention
baseline,10,5,baseline,0,,,,no policy intervention
baseline,11,5,baseline,0,,,,no policy intervention
baseline,12,5,baseline,0,,,,no policy intervention
baseline,13,5,baseline,0,,,,no policy intervention
baseline,14,5,baseline,0,,,,no policy intervention
baseline,15,5,baseline,0,,,,no policy intervention
baseline,16,5,baseline,0,,,,no policy intervention
baseline,17,5,baseline,0,,,,no policy intervention
baseline,18,5,baseline,0,,,,no policy intervention
baseline,19,5,baseline,0,,,,no policy intervention
baseline,20,5,baseline,0,,,,no policy intervention
baseline,21,5,baseline,0,,,,no policy intervention
baseline,22,5,baseline,0,,,,no policy intervention
baseline,23,5,baseline,0,,,,no policy intervention
baseline,24,5,baseline,0,,,,no policy intervention
baseline,25,5,baseline,0,,,,no policy intervention
baseline,26,5,baseline,0,,,,no policy intervention
baseline,27,5,baseline,0,,,,no policy intervention
baseline,28,5,baseline,0,,,,no policy intervention
baseline,29,5,baseline,0,,,,no policy intervention
baseline,30,5,baseline,0,,,,no policy intervention
baseline,31,5,baseline,0,,,,no policy intervention
baseline,32,5,baseline,0,,,,no policy intervention
baseline,33,5,baseline,0,,,,no policy intervention
baseline,34,5,baseline,0,,,,no policy intervention
baseline,35,5,baseline,0,,,,no policy intervention
baseline,36,5,baseline,0,,,,no policy intervention
baseline,37,5,baseline,0,,,,no policy intervention
baseline,38,5,baseline,0,,,,no policy intervention
baseline,39,5,baseline,0,,,,no policy intervention
baseline,40,5,baseline,0,,,,no policy intervention
baseline,41,5,baseline,0,,,,no policy intervention
baseline,42,5,baseline,0,,,,no policy intervention
baseline,43,5,baseline,0,,,,no policy intervention
baseline,44,5,baseline,0,,,,no policy intervention
baseline,45,5,baseline,0,,,,no policy intervention
baseline,46,5,baseline,0,,,,no policy intervention
baseline,47,5,baseline,0,,,,no policy intervention
baseline,48,5,baseline,0,,,,no policy intervention
baseline,49,5,baseline,0,,,,no policy intervention
baseline,50,5,baseline,0,,,,no policy intervention
baseline,51,5,baseline,0,,,,no policy intervention
baseline,52,5,baseline,0,,,,no policy intervention
baseline,53,5,baseline,0,,,,no policy intervention
baseline,54,5,baseline,0,,,,no policy intervention
baseline,55,5,baseline,0,,,,no policy intervention
baseline,56,5,baseline,0,,,,no policy intervention
baseline,57,5,baseline,0,,,,no policy intervention
baseline,58,5,baseline,0,,,,no policy intervention
baseline,59,5,baseline,0,,,,no policy intervention
baseline,60,5,baseline,0,,,,no policy intervention
baseline,61,5,baseline,0,,,,no policy intervention
baseline,62,5,baseline,0,,,,no policy intervention
baseline,63,5,baseline,0,,,,no policy intervention
baseline,64,5,baseline,0,,,,no policy intervention
baseline,65,5,baseline,0,,,,no policy intervention
baseline,66,5,baseline,0,,,,no policy intervention
baseline,67,5,baseline,0,,,,no policy intervention
baseline,68,5,baseline,0,,,,no policy intervention
baseline,69,5,baseline,0,,,,no policy intervention
baseline,70,5,baseline,0,,,,no policy intervention
baseline,71,5,baseline,0,,,,no policy intervention
baseline,72,5,baseline,0,,,,no policy intervention
baseline,73,5,baseline,0,,,,no policy intervention
baseline,74,5,baseline,0,,,,no policy intervention
baseline,75,5,baseline,0,,,,no policy intervention
baseline,76,5,baseline,0,,,,no policy intervention
baseline,77,5,baseline,0,,,,no policy intervention
baseline,78,5,baseline,0,,,,no policy intervention
baseline,79,5,baseline,0,,,,no policy intervention
baseline,80,5,baseline,0,,,,no policy intervention
baseline,81,5,baseline,0,,,,no policy intervention
baseline,82,5,baseline,0,,,,no policy intervention
baseline,83,5,baseline,0,,,,no policy intervention
baseline,84,5,baseline,0,,,,no policy intervention
baseline,85,5,baseline,0,,,,no policy intervention
baseline,86,5,baseline,0,,,,no policy intervention
baseline,87,5,baseline,0,,,,no policy intervention
baseline,88,5,baseline,0,,,,no policy intervention
baseline,89,5,baseline,0,,,,no policy intervention
baseline,90,5,baseline,0,,,,no policy intervention
baseline,91,5,baseline,0,,,,no policy intervention
baseline,92,5,baseline,0,,,,no policy intervention
baseline,93,5,baseline,0,,,,no policy intervention
baseline,94,5,baseline,0,,,,no policy intervention
baseline,95,5,baseline,0,,,,no policy intervention
baseline,96,5,baseline,0,,,,no policy intervention
baseline,97,5,baseline,0,,,,no policy intervention
baseline,98,5,baseline,0,,,,no policy intervention
baseline,99,5,baseline,0,,,,no policy intervention
baseline,100,5,baseline,0,,,,no policy intervention
baseline,101,5,baseline,0,,,,no policy intervention
baseline,102,5,baseline,0,,,,no policy intervention
baseline,103,5,baseline,0,,,,no policy intervention
baseline,104,5,baseline,0,,,,no policy intervention
baseline,105,5,baseline,0,,,,no policy intervention
baseline,106,5,baseline,0,,,,no policy intervention
baseline,107,5,baseline,0,,,,no policy intervention
baseline,108,5,baseline,0,,,,no policy intervention
baseline,109,5,baseline,0,,,,no policy intervention
baseline,110,5,baseline,0,,,,no policy intervention
baseline,111,5,baseline,0,,,,no policy intervention
baseline,112,5,baseline,0,,,,no policy intervention
baseline,113,5,baseline,0,,,,no policy intervention
baseline,114,5,baseline,0,,,,no policy intervention
baseline,115,5,baseline,0,,,,no policy intervention
baseline,116,5,baseline,0,,,,no policy intervention
baseline,117,5,baseline,0,,,,no policy intervention
baseline,118,5,baseline,0,,,,no policy intervention
baseline,119,5,baseline,0,,,,no policy intervention
baseline,120,5,baseline,0,,,,no policy intervention
baseline,121,5,baseline,0,,,,no policy intervention
baseline,122,5,baseline,0,,,,no policy intervention
baseline,123,5,baseline,0,,,,no policy intervention
baseline,124,5,baseline,0,,,,no policy intervention
baseline,125,5,baseline,0,,,,no policy intervention
baseline,126,5,baseline,0,,,,no policy intervention
baseline,127,5,baseline,0,,,,no policy intervention
baseline,128,5,baseline,0,,,,no policy intervention
baseline,129,5,baseline,0,,,,no policy intervention
baseline,130,5,baseline,0,,,,no policy intervention
baseline,131,5,baseline,0,,,,no policy intervention
baseline,132,5,baseline,0,,,,no policy intervention
baseline,133,5,baseline,0,,,,no policy intervention
baseline,134,5,baseline,0,,,,no policy intervention
baseline,135,5,baseline,0,,,,no policy intervention
baseline,136,5,baseline,0,,,,no policy intervention
baseline,137,5,baseline,0,,,,no policy intervention
baseline,138,5,baseline,0,,,,no policy intervention
baseline,139,5,baseline,0,,,,no policy intervention
baseline,140,5,baseline,0,,,,no policy intervention
baseline,141,5,baseline,0,,,,no policy intervention
baseline,142,5,baseline,0,,,,no policy intervention
baseline,143,5,baseline,0,,,,no policy intervention
baseline,144,5,baseline,0,,,,no policy intervention
baseline,145,5,baseline,0,,,,no policy intervention
baseline,146,5,baseline,0,,,,no policy intervention
baseline,147,5,baseline,0,,,,no policy intervention
baseline,148,5,baseline,0,,,,no policy intervention
baseline,149,5,baseline,0,,,,no policy intervention
baseline,150,5,baseline,0,,,,no policy intervention
baseline,151,5,baseline,0,,,,no policy intervention
baseline,152,5,baseline,0,,,,no policy intervention
baseline,153,5,baseline,0,,,,no policy intervention
baseline,154,5,baseline,0,,,,no policy intervention
baseline,155,5,baseline,0,,,,no policy intervention
baseline,156,5,baseline,0,,,,no policy intervention
baseline,157,5,baseline,0,,,,no policy intervention
baseline,158,5,baseline,0,,,,no policy intervention
baseline,159,5,baseline,0,,,,no policy intervention
baseline,160,5,baseline,0,,,,no policy intervention
baseline,161,5,baseline,0,,,,no policy intervention
baseline,162,5,baseline,0,,,,no policy intervention
baseline,163,5,baseline,0,,,,no policy intervention
baseline,164,5,baseline,0,,,,no policy intervention
baseline,165,5,baseline,0,,,,no policy intervention
baseline,166,5,baseline,0,,,,no policy intervention
baseline,167,5,baseline,0,,,,no policy intervention
baseline,168,5,baseline,0,,,,no policy intervention
baseline,169,5,baseline,0,,,,no policy intervention
baseline,170,5,baseline,0,,,,no policy intervention
baseline,171,5,baseline,0,,,,no policy intervention
baseline,172,5,baseline,0,,,,no policy intervention
baseline,173,5,baseline,0,,,,no policy intervention
baseline,174,5,baseline,0,,,,no policy intervention
baseline,175,5,baseline,0,,,,no policy intervention
baseline,176,5,baseline,0,,,,no policy intervention
baseline,177,5,baseline,0,,,,no policy intervention
baseline,178,5,baseline,0,,,,no policy intervention
baseline,179,5,baseline,0,,,,no policy intervention
baseline,180,5,baseline,0,,,,no policy intervention
baseline,181,5,baseline,0,,,,no policy intervention
baseline,182,5,baseline,0,,,,no policy intervention
baseline,183,5,baseline,0,,,,no policy intervention
baseline,184,5,baseline,0,,,,no policy intervention
baseline,185,5,baseline,0,,,,no policy intervention
baseline,186,5,baseline,0,,,,no policy intervention
baseline,187,5,baseline,0,,,,no policy intervention
baseline,188,5,baseline,0,,,,no policy intervention
baseline,189,5,baseline,0,,,,no policy intervention
baseline,190,5,baseline,0,,,,no policy intervention
baseline,191,5,baseline,0,,,,no policy intervention
baseline,192,5,baseline,0,,,,no policy intervention
baseline,193,5,baseline,0,,,,no policy intervention
baseline,194,5,baseline,0,,,,no policy intervention
baseline,195,5,baseline,0,,,,no policy intervention
baseline,196,5,baseline,0,,,,no policy intervention
baseline,197,5,baseline,0,,,,no policy intervention
baseline,198,5,baseline,0,,,,no policy intervention
baseline,199,5,baseline,0,,,,no policy intervention
baseline,200,5,baseline,0,,,,no policy intervention
baseline,201,5,baseline,0,,,,no policy intervention
baseline,202,5,baseline,0,,,,no policy intervention
baseline,203,5,baseline,0,,,,no policy intervention
baseline,204,5,baseline,0,,,,no policy intervention
baseline,205,5,baseline,0,,,,no policy intervention
baseline,206,5,baseline,0,,,,no policy intervention
baseline,207,5,baseline,0,,,,no policy intervention
baseline,208,5,baseline,0,,,,no policy intervention
baseline,209,5,baseline,0,,,,no policy intervention
baseline,210,5,baseline,0,,,,no policy intervention
baseline,211,5,baseline,0,,,,no policy intervention
baseline,212,5,baseline,0,,,,no policy intervention
baseline,213,5,baseline,0,,,,no policy intervention
baseline,214,5,baseline,0,,,,no policy intervention
baseline,215,5,baseline,0,,,,no policy intervention
baseline,216,5,baseline,0,,,,no policy intervention
baseline,217,5,baseline,0,,,,no policy intervention
baseline,218,5,baseline,0,,,,no policy intervention
baseline,219,5,baseline,0,,,,no policy intervention
baseline,220,5,baseline,0,,,,no policy intervention
baseline,221,5,baseline,0,,,,no policy intervention
baseline,222,5,baseline,0,,,,no policy intervention
baseline,223,5,baseline,0,,,,no policy intervention
baseline,224,5,baseline,0,,,,no policy intervention
baseline,225,5,baseline,0,,,,no policy intervention
baseline,226,5,baseline,0,,,,no policy intervention
baseline,227,5,baseline,0,,,,no policy intervention
baseline,228,5,baseline,0,,,,no policy intervention
baseline,229,5,baseline,0,,,,no policy intervention
baseline,230,5,baseline,0,,,,no policy intervention
baseline,231,5,baseline,0,,,,no policy intervention
baseline,232,5,baseline,0,,,,no policy intervention
baseline,233,5,baseline,0,,,,no policy intervention
baseline,234,5,baseline,0,,,,no policy intervention
baseline,235,5,baseline,0,,,,no policy intervention
baseline,236,5,baseline,0,,,,no policy intervention
baseline,237,5,baseline,0,,,,no policy intervention
baseline,238,5,baseline,0,,,,no policy intervention
baseline,239,5,baseline,0,,,,no policy intervention
baseline,0,6,baseline,0,,,,no policy intervention
baseline,1,6,baseline,0,,,,no policy intervention
baseline,2,6,baseline,0,,,,no policy intervention
baseline,3,6,baseline,0,,,,no policy intervention
baseline,4,6,baseline,0,,,,no policy intervention
baseline,5,6,baseline,0,,,,no policy intervention
baseline,6,6,baseline,0,,,,no policy intervention
baseline,7,6,baseline,0,,,,no policy intervention
baseline,8,6,baseline,0,,,,no policy intervention
baseline,9,6,baseline,0,,,,no policy intervention
baseline,10,6,baseline,0,,,,no policy intervention
baseline,11,6,baseline,0,,,,no policy intervention
baseline,12,6,baseline,0,,,,no policy intervention
baseline,13,6,baseline,0,,,,no policy intervention
baseline,14,6,baseline,0,,,,no policy intervention
baseline,15,6,baseline,0,,,,no policy intervention
baseline,16,6,baseline,0,,,,no policy intervention
baseline,17,6,baseline,0,,,,no policy intervention
baseline,18,6,baseline,0,,,,no policy intervention
baseline,19,6,baseline,0,,,,no policy intervention
baseline,20,6,baseline,0,,,,no policy intervention
baseline,21,6,baseline,0,,,,no policy intervention
baseline,22,6,baseline,0,,,,no policy intervention
baseline,23,6,baseline,0,,,,no policy intervention
baseline,24,6,baseline,0,,,,no policy intervention
baseline,25,6,baseline,0,,,,no policy intervention
baseline,26,6,baseline,0,,,,no policy intervention
baseline,27,6,baseline,0,,,,no policy intervention
baseline,28,6,baseline,0,,,,no policy intervention
baseline,29,6,baseline,0,,,,no policy intervention
baseline,30,6,baseline,0,,,,no policy intervention
baseline,31,6,baseline,0,,,,no policy intervention
baseline,32,6,baseline,0,,,,no policy intervention
baseline,33,6,baseline,0,,,,no policy intervention
baseline,34,6,baseline,0,,,,no policy intervention
baseline,35,6,baseline,0,,,,no policy intervention
baseline,36,6,baseline,0,,,,no policy intervention
baseline,37,6,baseline,0,,,,no policy intervention
baseline,38,6,baseline,0,,,,no policy intervention
baseline,39,6,baseline,0,,,,no policy intervention
baseline,40,6,baseline,0,,,,no policy intervention
baseline,41,6,baseline,0,,,,no policy intervention
baseline,42,6,baseline,0,,,,no policy intervention
baseline,43,6,baseline,0,,,,no policy intervention
baseline,44,6,baseline,0,,,,no policy intervention
baseline,45,6,baseline,0,,,,no policy intervention
baseline,46,6,baseline,0,,,,no policy intervention
baseline,47,6,baseline,0,,,,no policy intervention
baseline,48,6,baseline,0,,,,no policy intervention
baseline,49,6,baseline,0,,,,no policy intervention
baseline,50,6,baseline,0,,,,no policy intervention
baseline,51,6,baseline,0,,,,no policy intervention
baseline,52,6,baseline,0,,,,no policy intervention
baseline,53,6,baseline,0,,,,no policy intervention
baseline,54,6,baseline,0,,,,no policy intervention
baseline,55,6,baseline,0,,,,no policy intervention
baseline,56,6,baseline,0,,,,no policy intervention
baseline,57,6,baseline,0,,,,no policy intervention
baseline,58,6,baseline,0,,,,no policy intervention
baseline,59,6,baseline,0,,,,no policy intervention
baseline,60,6,baseline,0,,,,no policy intervention
baseline,61,6,baseline,0,,,,no policy intervention
baseline,62,6,baseline,0,,,,no policy intervention
baseline,63,6,baseline,0,,,,no policy intervention
baseline,64,6,baseline,0,,,,no policy intervention
baseline,65,6,baseline,0,,,,no policy intervention
baseline,66,6,baseline,0,,,,no policy intervention
baseline,67,6,baseline,0,,,,no policy intervention
baseline,68,6,baseline,0,,,,no policy intervention
baseline,69,6,baseline,0,,,,no policy intervention
baseline,70,6,baseline,0,,,,no policy intervention
baseline,71,6,baseline,0,,,,no policy intervention
baseline,72,6,baseline,0,,,,no policy intervention
baseline,73,6,baseline,0,,,,no policy intervention
baseline,74,6,baseline,0,,,,no policy intervention
baseline,75,6,baseline,0,,,,no policy intervention
baseline,76,6,baseline,0,,,,no policy intervention
baseline,77,6,baseline,0,,,,no policy intervention
baseline,78,6,baseline,0,,,,no policy intervention
baseline,79,6,baseline,0,,,,no policy intervention
baseline,80,6,baseline,0,,,,no policy intervention
baseline,81,6,baseline,0,,,,no policy intervention
baseline,82,6,baseline,0,,,,no policy intervention
baseline,83,6,baseline,0,,,,no policy intervention
baseline,84,6,baseline,0,,,,no policy intervention
baseline,85,6,baseline,0,,,,no policy intervention
baseline,86,6,baseline,0,,,,no policy intervention
baseline,87,6,baseline,0,,,,no policy intervention
baseline,88,6,baseline,0,,,,no policy intervention
baseline,89,6,baseline,0,,,,no policy intervention
baseline,90,6,baseline,0,,,,no policy intervention
baseline,91,6,baseline,0,,,,no policy intervention
baseline,92,6,baseline,0,,,,no policy intervention
baseline,93,6,baseline,0,,,,no policy intervention
baseline,94,6,baseline,0,,,,no policy intervention
baseline,95,6,baseline,0,,,,no policy intervention
baseline,96,6,baseline,0,,,,no policy intervention
baseline,97,6,baseline,0,,,,no policy intervention
baseline,98,6,baseline,0,,,,no policy intervention
baseline,99,6,baseline,0,,,,no policy intervention
baseline,100,6,baseline,0,,,,no policy intervention
baseline,101,6,baseline,0,,,,no policy intervention
baseline,102,6,baseline,0,,,,no policy intervention
baseline,103,6,baseline,0,,,,no policy intervention
baseline,104,6,baseline,0,,,,no policy intervention
baseline,105,6,baseline,0,,,,no policy intervention
baseline,106,6,baseline,0,,,,no policy intervention
baseline,107,6,baseline,0,,,,no policy intervention
baseline,108,6,baseline,0,,,,no policy intervention
baseline,109,6,baseline,0,,,,no policy intervention
baseline,110,6,baseline,0,,,,no policy intervention
baseline,111,6,baseline,0,,,,no policy intervention
baseline,112,6,baseline,0,,,,no policy intervention
baseline,113,6,baseline,0,,,,no policy intervention
baseline,114,6,baseline,0,,,,no policy intervention
baseline,115,6,baseline,0,,,,no policy intervention
baseline,116,6,baseline,0,,,,no policy intervention
baseline,117,6,baseline,0,,,,no policy intervention
baseline,118,6,baseline,0,,,,no policy intervention
baseline,119,6,baseline,0,,,,no policy intervention
baseline,120,6,baseline,0,,,,no policy intervention
baseline,121,6,baseline,0,,,,no policy intervention
baseline,122,6,baseline,0,,,,no policy intervention
baseline,123,6,baseline,0,,,,no policy intervention
baseline,124,6,baseline,0,,,,no policy intervention
baseline,125,6,baseline,0,,,,no policy intervention
baseline,126,6,baseline,0,,,,no policy intervention
baseline,127,6,baseline,0,,,,no policy intervention
baseline,128,6,baseline,0,,,,no policy intervention
baseline,129,6,baseline,0,,,,no policy intervention
baseline,130,6,baseline,0,,,,no policy intervention
baseline,131,6,baseline,0,,,,no policy intervention
baseline,132,6,baseline,0,,,,no policy intervention
baseline,133,6,baseline,0,,,,no policy intervention
baseline,134,6,baseline,0,,,,no policy intervention
baseline,135,6,baseline,0,,,,no policy intervention
baseline,136,6,baseline,0,,,,no policy intervention
baseline,137,6,baseline,0,,,,no policy intervention
baseline,138,6,baseline,0,,,,no policy intervention
baseline,139,6,baseline,0,,,,no policy intervention
baseline,140,6,baseline,0,,,,no policy intervention
baseline,141,6,baseline,0,,,,no policy intervention
baseline,142,6,baseline,0,,,,no policy intervention
baseline,143,6,baseline,0,,,,no policy intervention
baseline,144,6,baseline,0,,,,no policy intervention
baseline,145,6,baseline,0,,,,no policy intervention
baseline,146,6,baseline,0,,,,no policy intervention
baseline,147,6,baseline,0,,,,no policy intervention
baseline,148,6,baseline,0,,,,no policy intervention
baseline,149,6,baseline,0,,,,no policy intervention
baseline,150,6,baseline,0,,,,no policy intervention
baseline,151,6,baseline,0,,,,no policy intervention
baseline,152,6,baseline,0,,,,no policy intervention
baseline,153,6,baseline,0,,,,no policy intervention
baseline,154,6,baseline,0,,,,no policy intervention
baseline,155,6,baseline,0,,,,no policy intervention
baseline,156,6,baseline,0,,,,no policy intervention
baseline,157,6,baseline,0,,,,no policy intervention
baseline,158,6,baseline,0,,,,no policy intervention
baseline,159,6,baseline,0,,,,no policy intervention
baseline,160,6,baseline,0,,,,no policy intervention
baseline,161,6,baseline,0,,,,no policy intervention
baseline,162,6,baseline,0,,,,no policy intervention
baseline,163,6,baseline,0,,,,no policy intervention
baseline,164,6,baseline,0,,,,no policy intervention
baseline,165,6,baseline,0,,,,no policy intervention
baseline,166,6,baseline,0,,,,no policy intervention
baseline,167,6,baseline,0,,,,no policy intervention
baseline,168,6,baseline,0,,,,no policy intervention
baseline,169,6,baseline,0,,,,no policy intervention
baseline,170,6,baseline,0,,,,no policy intervention
baseline,171,6,baseline,0,,,,no policy intervention
baseline,172,6,baseline,0,,,,no policy intervention
baseline,173,6,baseline,0,,,,no policy intervention
baseline,174,6,baseline,0,,,,no policy intervention
baseline,175,6,baseline,0,,,,no policy intervention
baseline,176,6,baseline,0,,,,no policy intervention
baseline,177,6,baseline,0,,,,no policy intervention
baseline,178,6,baseline,0,,,,no policy intervention
baseline,179,6,baseline,0,,,,no policy intervention
baseline,180,6,baseline,0,,,,no policy intervention
baseline,181,6,baseline,0,,,,no policy intervention
baseline,182,6,baseline,0,,,,no policy intervention
baseline,183,6,baseline,0,,,,no policy intervention
baseline,184,6,baseline,0,,,,no policy intervention
baseline,185,6,baseline,0,,,,no policy intervention
baseline,186,6,baseline,0,,,,no policy intervention
baseline,187,6,baseline,0,,,,no policy intervention
baseline,188,6,baseline,0,,,,no policy intervention
baseline,189,6,baseline,0,,,,no policy intervention
baseline,190,6,baseline,0,,,,no policy intervention
baseline,191,6,baseline,0,,,,no policy intervention
baseline,192,6,baseline,0,,,,no policy intervention
baseline,193,6,baseline,0,,,,no policy intervention
baseline,194,6,baseline,0,,,,no policy intervention
baseline,195,6,baseline,0,,,,no policy intervention
baseline,196,6,baseline,0,,,,no policy intervention
baseline,197,6,baseline,0,,,,no policy intervention
baseline,198,6,baseline,0,,,,no policy intervention
baseline,199,6,baseline,0,,,,no policy intervention
baseline,200,6,baseline,0,,,,no policy intervention
baseline,201,6,baseline,0,,,,no policy intervention
baseline,202,6,baseline,0,,,,no policy intervention
baseline,203,6,baseline,0,,,,no policy intervention
baseline,204,6,baseline,0,,,,no policy intervention
baseline,205,6,baseline,0,,,,no policy intervention
baseline,206,6,baseline,0,,,,no policy intervention
baseline,207,6,baseline,0,,,,no policy intervention
baseline,208,6,baseline,0,,,,no policy intervention
baseline,209,6,baseline,0,,,,no policy intervention
baseline,210,6,baseline,0,,,,no policy intervention
baseline,211,6,baseline,0,,,,no policy intervention
baseline,212,6,baseline,0,,,,no policy intervention
baseline,213,6,baseline,0,,,,no policy intervention
baseline,214,6,baseline,0,,,,no policy intervention
baseline,215,6,baseline,0,,,,no policy intervention
baseline,216,6,baseline,0,,,,no policy intervention
baseline,217,6,baseline,0,,,,no policy intervention
baseline,218,6,baseline,0,,,,no policy intervention
baseline,219,6,baseline,0,,,,no policy intervention
baseline,220,6,baseline,0,,,,no policy intervention
baseline,221,6,baseline,0,,,,no policy intervention
baseline,222,6,baseline,0,,,,no policy intervention
baseline,223,6,baseline,0,,,,no policy intervention
baseline,224,6,baseline,0,,,,no policy intervention
baseline,225,6,baseline,0,,,,no policy intervention
baseline,226,6,baseline,0,,,,no policy intervention
baseline,227,6,baseline,0,,,,no policy intervention
baseline,228,6,baseline,0,,,,no policy intervention
baseline,229,6,baseline,0,,,,no policy intervention
baseline,230,6,baseline,0,,,,no policy intervention
baseline,231,6,baseline,0,,,,no policy intervention
baseline,232,6,baseline,0,,,,no policy intervention
baseline,233,6,baseline,0,,,,no policy intervention
baseline,234,6,baseline,0,,,,no policy intervention
baseline,235,6,baseline,0,,,,no policy intervention
baseline,236,6,baseline,0,,,,no policy intervention
baseline,237,6,baseline,0,,,,no policy intervention
baseline,238,6,baseline,0,,,,no policy intervention
baseline,239,6,baseline,0,,,,no policy intervention
baseline,0,7,baseline,0,,,,no policy intervention
baseline,1,7,baseline,0,,,,no policy intervention
baseline,2,7,baseline,1,,,,no policy intervention
baseline,3,7,baseline,0,,,,no policy intervention
baseline,4,7,baseline,0,,,,no policy intervention
baseline,5,7,baseline,0,,,,no policy intervention
baseline,6,7,baseline,1,,,,no policy intervention
baseline,7,7,baseline,0,,,,no policy intervention
baseline,8,7,baseline,1,,,,no policy intervention
baseline,9,7,baseline,0,,,,no policy intervention
baseline,10,7,baseline,0,,,,no policy intervention
baseline,11,7,baseline,0,,,,no policy intervention
baseline,12,7,baseline,0,,,,no policy intervention
baseline,13,7,baseline,0,,,,no policy intervention
baseline,14,7,baseline,0,,,,no policy intervention
baseline,15,7,baseline,0,,,,no policy intervention
baseline,16,7,baseline,0,,,,no policy intervention
baseline,17,7,baseline,1,,,,no policy intervention
baseline,18,7,baseline,0,,,,no policy intervention
baseline,19,7,baseline,0,,,,no policy intervention
baseline,20,7,baseline,0,,,,no policy intervention
baseline,21,7,baseline,0,,,,no policy intervention
baseline,22,7,baseline,0,,,,no policy intervention
baseline,23,7,baseline,0,,,,no policy intervention
baseline,24,7,baseline,0,,,,no policy intervention
baseline,25,7,baseline,0,,,,no policy intervention
baseline,26,7,baseline,0,,,,no policy intervention
baseline,27,7,baseline,0,,,,no policy intervention
baseline,28,7,baseline,0,,,,no policy intervention
baseline,29,7,baseline,0,,,,no policy intervention
baseline,30,7,baseline,0,,,,no policy intervention
baseline,31,7,baseline,0,,,,no policy intervention
baseline,32,7,baseline,0,,,,no policy intervention
baseline,33,7,baseline,0,,,,no policy intervention
baseline,34,7,baseline,0,,,,no policy intervention
baseline,35,7,baseline,0,,,,no policy intervention
baseline,36,7,baseline,0,,,,no policy intervention
baseline,37,7,baseline,1,,,,no policy intervention
baseline,38,7,baseline,0,,,,no policy intervention
baseline,39,7,baseline,0,,,,no policy intervention
baseline,40,7,baseline,0,,,,no policy intervention
baseline,41,7,baseline,0,,,,no policy intervention
baseline,42,7,baseline,0,,,,no policy intervention
baseline,43,7,baseline,0,,,,no policy intervention
baseline,44,7,baseline,0,,,,no policy intervention
baseline,45,7,baseline,0,,,,no policy intervention
baseline,46,7,baseline,0,,,,no policy intervention
baseline,47,7,baseline,0,,,,no policy intervention
baseline,48,7,baseline,0,,,,no policy intervention
baseline,49,7,baseline,0,,,,no policy intervention
baseline,50,7,baseline,0,,,,no policy intervention
baseline,51,7,baseline,0,,,,no policy intervention
baseline,52,7,baseline,0,,,,no policy intervention
baseline,53,7,baseline,0,,,,no policy intervention
baseline,54,7,baseline,0,,,,no policy intervention
baseline,55,7,baseline,0,,,,no policy intervention
baseline,56,7,baseline,0,,,,no policy intervention
baseline,57,7,baseline,0,,,,no policy intervention
baseline,58,7,baseline,0,,,,no policy intervention
baseline,59,7,baseline,0,,,,no policy intervention
baseline,60,7,baseline,0,,,,no policy intervention
baseline,61,7,baseline,0,,,,no policy intervention
baseline,62,7,baseline,1,,,,no policy intervention
baseline,63,7,baseline,1,,,,no policy intervention
baseline,64,7,baseline,0,,,,no policy intervention
baseline,65,7,baseline,0,,,,no policy intervention
baseline,66,7,baseline,0,,,,no policy intervention
baseline,67,7,baseline,0,,,,no policy intervention
baseline,68,7,baseline,0,,,,no policy intervention
baseline,69,7,baseline,0,,,,no policy intervention
baseline,70,7,baseline,0,,,,no policy intervention
baseline,71,7,baseline,0,,,,no policy intervention
baseline,72,7,baseline,0,,,,no policy intervention
baseline,73,7,baseline,0,,,,no policy intervention
baseline,74,7,baseline,0,,,,no policy intervention
baseline,75,7,baseline,1,,,,no policy intervention
baseline,76,7,baseline,0,,,,no policy intervention
baseline,77,7,baseline,1,,,,no policy intervention
baseline,78,7,baseline,0,,,,no policy intervention
baseline,79,7,baseline,0,,,,no policy intervention
baseline,80,7,baseline,0,,,,no policy intervention
baseline,81,7,baseline,0,,,,no policy intervention
baseline,82,7,baseline,0,,,,no policy intervention
baseline,83,7,baseline,0,,,,no policy intervention
baseline,84,7,baseline,0,,,,no policy intervention
baseline,85,7,baseline,0,,,,no policy intervention
baseline,86,7,baseline,0,,,,no policy intervention
baseline,87,7,baseline,0,,,,no policy intervention
baseline,88,7,baseline,0,,,,no policy intervention
baseline,89,7,baseline,0,,,,no policy intervention
baseline,90,7,baseline,0,,,,no policy intervention
baseline,91,7,baseline,0,,,,no policy intervention
baseline,92,7,baseline,0,,,,no policy intervention
baseline,93,7,baseline,0,,,,no policy intervention
baseline,94,7,baseline,0,,,,no policy intervention
baseline,95,7,baseline,0,,,,no policy intervention
baseline,96,7,baseline,0,,,,no policy intervention
baseline,97,7,baseline,0,,,,no policy intervention
baseline,98,7,baseline,0,,,,no policy intervention
baseline,99,7,baseline,0,,,,no policy intervention
baseline,100,7,baseline,0,,,,no policy intervention
baseline,101,7,baseline,0,,,,no policy intervention
baseline,102,7,baseline,0,,,,no policy intervention
baseline,103,7,baseline,0,,,,no policy intervention
baseline,104,7,baseline,0,,,,no policy intervention
baseline,105,7,baseline,0,,,,no policy intervention
baseline,106,7,baseline,0,,,,no policy intervention
baseline,107,7,baseline,0,,,,no policy intervention
baseline,108,7,baseline,0,,,,no policy intervention
baseline,109,7,baseline,0,,,,no policy intervention
baseline,110,7,baseline,0,,,,no policy intervention
baseline,111,7,baseline,0,,,,no policy intervention
baseline,112,7,baseline,0,,,,no policy intervention
baseline,113,7,baseline,0,,,,no policy intervention
baseline,114,7,baseline,0,,,,no policy intervention
baseline,115,7,baseline,0,,,,no policy intervention
baseline,116,7,baseline,0,,,,no policy intervention
baseline,117,7,baseline,0,,,,no policy intervention
baseline,118,7,baseline,0,,,,no policy intervention
baseline,119,7,baseline,0,,,,no policy intervention
baseline,120,7,baseline,0,,,,no policy intervention
baseline,121,7,baseline,0,,,,no policy intervention
baseline,122,7,baseline,0,,,,no policy intervention
baseline,123,7,baseline,0,,,,no policy intervention
baseline,124,7,baseline,0,,,,no policy intervention
baseline,125,7,baseline,1,,,,no policy intervention
baseline,126,7,baseline,0,,,,no policy intervention
baseline,127,7,baseline,0,,,,no policy intervention
baseline,128,7,baseline,0,,,,no policy intervention
baseline,129,7,baseline,0,,,,no policy intervention
baseline,130,7,baseline,0,,,,no policy intervention
baseline,131,7,baseline,1,,,,no policy intervention
baseline,132,7,baseline,0,,,,no policy intervention
baseline,133,7,baseline,0,,,,no policy intervention
baseline,134,7,baseline,0,,,,no policy intervention
baseline,135,7,baseline,0,,,,no policy intervention
baseline,136,7,baseline,0,,,,no policy intervention
baseline,137,7,baseline,0,,,,no policy intervention
baseline,138,7,baseline,0,,,,no policy intervention
baseline,139,7,baseline,0,,,,no policy intervention
baseline,140,7,baseline,0,,,,no policy intervention
baseline,141,7,baseline,0,,,,no policy intervention
baseline,142,7,baseline,0,,,,no policy intervention
baseline,143,7,baseline,0,,,,no policy intervention
baseline,144,7,baseline,0,,,,no policy intervention
baseline,145,7,baseline,0,,,,no policy intervention
baseline,146,7,baseline,0,,,,no policy intervention
baseline,147,7,baseline,0,,,,no policy intervention
baseline,148,7,baseline,0,,,,no policy intervention
baseline,149,7,baseline,0,,,,no policy intervention
baseline,150,7,baseline,0,,,,no policy intervention
baseline,151,7,baseline,0,,,,no policy intervention
baseline,152,7,baseline,0,,,,no policy intervention
baseline,153,7,baseline,0,,,,no policy intervention
baseline,154,7,baseline,0,,,,no policy intervention
baseline,155,7,baseline,0,,,,no policy intervention
baseline,156,7,baseline,0,,,,no policy intervention
baseline,157,7,baseline,1,,,,no policy intervention
baseline,158,7,baseline,0,,,,no policy intervention
baseline,159,7,baseline,0,,,,no policy intervention
baseline,160,7,baseline,0,,,,no policy intervention
baseline,161,7,baseline,0,,,,no policy intervention
baseline,162,7,baseline,0,,,,no policy intervention
baseline,163,7,baseline,0,,,,no policy intervention
baseline,164,7,baseline,0,,,,no policy intervention
baseline,165,7,baseline,0,,,,no policy intervention
baseline,166,7,baseline,0,,,,no policy intervention
baseline,167,7,baseline,0,,,,no policy intervention
baseline,168,7,baseline,0,,,,no policy intervention
baseline,169,7,baseline,0,,,,no policy intervention
baseline,170,7,baseline,0,,,,no policy intervention
baseline,171,7,baseline,0,,,,no policy intervention
baseline,172,7,baseline,0,,,,no policy intervention
baseline,173,7,baseline,0,,,,no policy intervention
baseline,174,7,baseline,0,,,,no policy intervention
baseline,175,7,baseline,0,,,,no policy intervention
baseline,176,7,baseline,0,,,,no policy intervention
baseline,177,7,baseline,0,,,,no policy intervention
baseline,178,7,baseline,0,,,,no policy intervention
baseline,179,7,baseline,0,,,,no policy intervention
baseline,180,7,baseline,0,,,,no policy intervention
baseline,181,7,baseline,0,,,,no policy intervention
baseline,182,7,baseline,0,,,,no policy intervention
baseline,183,7,baseline,0,,,,no policy intervention
baseline,184,7,baseline,0,,,,no policy intervention
baseline,185,7,baseline,0,,,,no policy intervention
baseline,186,7,baseline,0,,,,no policy intervention
baseline,187,7,baseline,0,,,,no policy intervention
baseline,188,7,baseline,0,,,,no policy intervention
baseline,189,7,baseline,0,,,,no policy intervention
baseline,190,7,baseline,0,,,,no policy intervention
baseline,191,7,baseline,0,,,,no policy intervention
baseline,192,7,baseline,0,,,,no policy intervention
baseline,193,7,baseline,0,,,,no policy intervention
baseline,194,7,baseline,0,,,,no policy intervention
baseline,195,7,baseline,0,,,,no policy intervention
baseline,196,7,baseline,0,,,,no policy intervention
baseline,197,7,baseline,0,,,,no policy intervention
baseline,198,7,baseline,0,,,,no policy intervention
baseline,199,7,baseline,0,,,,no policy intervention
baseline,200,7,baseline,0,,,,no policy intervention
baseline,201,7,baseline,0,,,,no policy intervention
baseline,202,7,baseline,0,,,,no policy intervention
baseline,203,7,baseline,1,,,,no policy intervention
baseline,204,7,baseline,0,,,,no policy intervention
baseline,205,7,baseline,0,,,,no policy intervention
baseline,206,7,baseline,0,,,,no policy intervention
baseline,207,7,baseline,0,,,,no policy intervention
baseline,208,7,baseline,0,,,,no policy intervention
baseline,209,7,baseline,0,,,,no policy intervention
baseline,210,7,baseline,0,,,,no policy intervention
baseline,211,7,baseline,0,,,,no policy intervention
baseline,212,7,baseline,0,,,,no policy intervention
baseline,213,7,baseline,1,,,,no policy intervention
baseline,214,7,baseline,0,,,,no policy intervention
baseline,215,7,baseline,0,,,,no policy intervention
baseline,216,7,baseline,0,,,,no policy intervention
baseline,217,7,baseline,0,,,,no policy intervention
baseline,218,7,baseline,0,,,,no policy intervention
baseline,219,7,baseline,1,,,,no policy intervention
baseline,220,7,baseline,0,,,,no policy intervention
baseline,221,7,baseline,0,,,,no policy intervention
baseline,222,7,baseline,0,,,,no policy intervention
baseline,223,7,baseline,0,,,,no policy intervention
baseline,224,7,baseline,0,,,,no policy intervention
baseline,225,7,baseline,0,,,,no policy intervention
baseline,226,7,baseline,0,,,,no policy intervention
baseline,227,7,baseline,0,,,,no policy intervention
baseline,228,7,baseline,1,,,,no policy intervention
baseline,229,7,baseline,0,,,,no policy intervention
baseline,230,7,baseline,0,,,,no policy intervention
baseline,231,7,baseline,0,,,,no policy intervention
baseline,232,7,baseline,0,,,,no policy intervention
baseline,233,7,baseline,0,,,,no policy intervention
baseline,234,7,baseline,0,,,,no policy intervention
baseline,235,7,baseline,0,,,,no policy intervention
baseline,236,7,baseline,0,,,,no policy intervention
baseline,237,7,baseline,1,,,,no policy intervention
baseline,238,7,baseline,0,,,,no policy intervention
baseline,239,7,baseline,0,,,,no policy intervention
baseline,0,8,baseline,0,,,,no policy intervention
baseline,1,8,baseline,0,,,,no policy intervention
baseline,2,8,baseline,1,,,,no policy intervention
baseline,3,8,baseline,0,,,,no policy intervention
baseline,4,8,baseline,0,,,,no policy intervention
baseline,5,8,baseline,1,,,,no policy intervention
baseline,6,8,baseline,1,,,,no policy intervention
baseline,7,8,baseline,0,,,,no policy intervention
baseline,8,8,baseline,1,,,,no policy intervention
baseline,9,8,baseline,0,,,,no policy intervention
baseline,10,8,baseline,0,,,,no policy intervention
baseline,11,8,baseline,0,,,,no policy intervention
baseline,12,8,baseline,0,,,,no policy intervention
baseline,13,8,baseline,0,,,,no policy intervention
baseline,14,8,baseline,0,,,,no policy intervention
baseline,15,8,baseline,0,,,,no policy intervention
baseline,16,8,baseline,1,,,,no policy intervention
baseline,17,8,baseline,1,,,,no policy intervention
baseline,18,8,baseline,0,,,,no policy intervention
baseline,19,8,baseline,1,,,,no policy intervention
baseline,20,8,baseline,0,,,,no policy intervention
baseline,21,8,baseline,0,,,,no policy intervention
baseline,22,8,baseline,0,,,,no policy intervention
baseline,23,8,baseline,0,,,,no policy intervention
baseline,24,8,baseline,0,,,,no policy intervention
baseline,25,8,baseline,0,,,,no policy intervention
baseline,26,8,baseline,0,,,,no policy intervention
baseline,27,8,baseline,0,,,,no policy intervention
baseline,28,8,baseline,0,,,,no policy intervention
baseline,29,8,baseline,0,,,,no policy intervention
baseline,30,8,baseline,0,,,,no policy intervention
baseline,31,8,baseline,0,,,,no policy intervention
baseline,32,8,baseline,0,,,,no policy intervention
baseline,33,8,baseline,0,,,,no policy intervention
baseline,34,8,baseline,0,,,,no policy intervention
baseline,35,8,baseline,0,,,,no policy intervention
baseline,36,8,baseline,0,,,,no policy intervention
baseline,37,8,baseline,1,,,,no policy intervention
baseline,38,8,baseline,0,,,,no policy intervention
baseline,39,8,baseline,0,,,,no policy intervention
baseline,40,8,baseline,1,,,,no policy intervention
baseline,41,8,baseline,0,,,,no policy intervention
baseline,42,8,baseline,0,,,,no policy intervention
baseline,43,8,baseline,0,,,,no policy intervention
baseline,44,8,baseline,0,,,,no policy intervention
baseline,45,8,baseline,0,,,,no policy intervention
baseline,46,8,baseline,0,,,,no policy intervention
baseline,47,8,baseline,0,,,,no policy intervention
baseline,48,8,baseline,0,,,,no policy intervention
baseline,49,8,baseline,1,,,,no policy intervention
baseline,50,8,baseline,0,,,,no policy intervention
baseline,51,8,baseline,0,,,,no policy intervention
baseline,52,8,baseline,0,,,,no policy intervention
baseline,53,8,baseline,0,,,,no policy intervention
baseline,54,8,baseline,0,,,,no policy intervention
baseline,55,8,baseline,0,,,,no policy intervention
baseline,56,8,baseline,1,,,,no policy intervention
baseline,57,8,baseline,0,,,,no policy intervention
baseline,58,8,baseline,0,,,,no policy intervention
baseline,59,8,baseline,0,,,,no policy intervention
baseline,60,8,baseline,0,,,,no policy intervention
baseline,61,8,baseline,0,,,,no policy intervention
baseline,62,8,baseline,1,,,,no policy intervention
baseline,63,8,baseline,1,,,,no policy intervention
baseline,64,8,baseline,0,,,,no policy intervention
baseline,65,8,baseline,0,,,,no policy intervention
baseline,66,8,baseline,0,,,,no policy intervention
baseline,67,8,baseline,0,,,,no policy intervention
baseline,68,8,baseline,0,,,,no policy intervention
baseline,69,8,baseline,0,,,,no policy intervention
baseline,70,8,baseline,0,,,,no policy intervention
baseline,71,8,baseline,0,,,,no policy intervention
baseline,72,8,baseline,0,,,,no policy intervention
baseline,73,8,baseline,0,,,,no policy intervention
baseline,74,8,baseline,1,,,,no policy intervention
baseline,75,8,baseline,0,,,,no policy intervention
baseline,76,8,baseline,0,,,,no policy intervention
baseline,77,8,baseline,0,,,,no policy intervention
baseline,78,8,baseline,0,,,,no policy intervention
baseline,79,8,baseline,0,,,,no policy intervention
baseline,80,8,baseline,0,,,,no policy intervention
baseline,81,8,baseline,0,,,,no policy intervention
baseline,82,8,baseline,0,,,,no policy intervention
baseline,83,8,baseline,0,,,,no policy intervention
baseline,84,8,baseline,0,,,,no policy intervention
baseline,85,8,baseline,0,,,,no policy intervention
baseline,86,8,baseline,0,,,,no policy intervention
baseline,87,8,baseline,0,,,,no policy intervention
baseline,88,8,baseline,0,,,,no policy intervention
baseline,89,8,baseline,0,,,,no policy intervention
baseline,90,8,baseline,0,,,,no policy intervention
baseline,91,8,baseline,0,,,,no policy intervention
baseline,92,8,baseline,0,,,,no policy intervention
baseline,93,8,baseline,0,,,,no policy intervention
baseline,94,8,baseline,0,,,,no policy intervention
baseline,95,8,baseline,0,,,,no policy intervention
baseline,96,8,baseline,0,,,,no policy intervention
baseline,97,8,baseline,0,,,,no policy intervention
baseline,98,8,baseline,0,,,,no policy intervention
baseline,99,8,baseline,1,,,,no policy intervention
baseline,100,8,baseline,0,,,,no policy intervention
baseline,101,8,baseline,1,,,,no policy intervention
baseline,102,8,baseline,0,,,,no policy intervention
baseline,103,8,baseline,0,,,,no policy intervention
baseline,104,8,baseline,1,,,,no policy intervention
baseline,105,8,baseline,0,,,,no policy intervention
baseline,106,8,baseline,0,,,,no policy intervention
baseline,107,8,baseline,1,,,,no policy intervention
baseline,108,8,baseline,0,,,,no policy intervention
baseline,109,8,baseline,0,,,,no policy intervention
baseline,110,8,baseline,0,,,,no policy intervention
baseline,111,8,baseline,0,,,,no policy intervention
baseline,112,8,baseline,1,,,,no policy intervention
baseline,113,8,baseline,0,,,,no policy intervention
baseline,114,8,baseline,0,,,,no policy intervention
baseline,115,8,baseline,0,,,,no policy intervention
baseline,116,8,baseline,0,,,,no policy intervention
baseline,117,8,baseline,0,,,,no policy intervention
baseline,118,8,baseline,0,,,,no policy intervention
baseline,119,8,baseline,1,,,,no policy intervention
baseline,120,8,baseline,0,,,,no policy intervention
baseline,121,8,baseline,0,,,,no policy intervention
baseline,122,8,baseline,0,,,,no policy intervention
baseline,123,8,baseline,0,,,,no policy intervention
baseline,124,8,baseline,0,,,,no policy intervention
baseline,125,8,baseline,0,,,,no policy intervention
baseline,126,8,baseline,1,,,,no policy intervention
baseline,127,8,baseline,0,,,,no policy intervention
baseline,128,8,baseline,0,,,,no policy intervention
baseline,129,8,baseline,0,,,,no policy intervention
baseline,130,8,baseline,1,,,,no policy intervention
baseline,131,8,baseline,0,,,,no policy intervention
baseline,132,8,baseline,0,,,,no policy intervention
baseline,133,8,baseline,0,,,,no policy intervention
baseline,134,8,baseline,0,,,,no policy intervention
baseline,135,8,baseline,0,,,,no policy intervention
baseline,136,8,baseline,1,,,,no policy intervention
baseline,137,8,baseline,0,,,,no policy intervention
baseline,138,8,baseline,0,,,,no policy intervention
baseline,139,8,baseline,0,,,,no policy intervention
baseline,140,8,baseline,0,,,,no policy intervention
baseline,141,8,baseline,0,,,,no policy intervention
baseline,142,8,baseline,0,,,,no policy intervention
baseline,143,8,baseline,0,,,,no policy intervention
baseline,144,8,baseline,1,,,,no policy intervention
baseline,145,8,baseline,0,,,,no policy intervention
baseline,146,8,baseline,0,,,,no policy intervention
baseline,147,8,baseline,0,,,,no policy intervention
baseline,148,8,baseline,0,,,,no policy intervention
baseline,149,8,baseline,0,,,,no policy intervention
baseline,150,8,baseline,0,,,,no policy intervention
baseline,151,8,baseline,0,,,,no policy intervention
baseline,152,8,baseline,0,,,,no policy intervention
baseline,153,8,baseline,0,,,,no policy intervention
baseline,154,8,baseline,0,,,,no policy intervention
baseline,155,8,baseline,0,,,,no policy intervention
baseline,156,8,baseline,0,,,,no policy intervention
baseline,157,8,baseline,1,,,,no policy intervention
baseline,158,8,baseline,0,,,,no policy intervention
baseline,159,8,baseline,0,,,,no policy intervention
baseline,160,8,baseline,0,,,,no policy intervention
baseline,161,8,baseline,0,,,,no policy intervention
baseline,162,8,baseline,1,,,,no policy intervention
baseline,163,8,baseline,0,,,,no policy intervention
baseline,164,8,baseline,0,,,,no policy intervention
baseline,165,8,baseline,0,,,,no policy intervention
baseline,166,8,baseline,0,,,,no policy intervention
baseline,167,8,baseline,1,,,,no policy intervention
baseline,168,8,baseline,0,,,,no policy intervention
baseline,169,8,baseline,0,,,,no policy intervention
baseline,170,8,baseline,0,,,,no policy intervention
baseline,171,8,baseline,0,,,,no policy intervention
baseline,172,8,baseline,0,,,,no policy intervention
baseline,173,8,baseline,0,,,,no policy intervention
baseline,174,8,baseline,0,,,,no policy intervention
baseline,175,8,baseline,0,,,,no policy intervention
baseline,176,8,baseline,0,,,,no policy intervention
baseline,177,8,baseline,0,,,,no policy intervention
baseline,178,8,baseline,0,,,,no policy intervention
baseline,179,8,baseline,0,,,,no policy intervention
baseline,180,8,baseline,0,,,,no policy intervention
baseline,181,8,baseline,0,,,,no policy intervention
baseline,182,8,baseline,0,,,,no policy intervention
baseline,183,8,baseline,0,,,,no policy intervention
baseline,184,8,baseline,0,,,,no policy intervention
baseline,185,8,baseline,1,,,,no policy intervention
baseline,186,8,baseline,0,,,,no policy intervention
baseline,187,8,baseline,0,,,,no policy intervention
baseline,188,8,baseline,0,,,,no policy intervention
baseline,189,8,baseline,0,,,,no policy intervention
baseline,190,8,baseline,0,,,,no policy intervention
baseline,191,8,baseline,0,,,,no policy intervention
baseline,192,8,baseline,0,,,,no policy intervention
baseline,193,8,baseline,0,,,,no policy intervention
baseline,194,8,baseline,1,,,,no policy intervention
baseline,195,8,baseline,0,,,,no policy intervention
baseline,196,8,baseline,0,,,,no policy intervention
baseline,197,8,baseline,0,,,,no policy intervention
baseline,198,8,baseline,0,,,,no policy intervention
baseline,199,8,baseline,0,,,,no policy intervention
baseline,200,8,baseline,0,,,,no policy intervention
baseline,201,8,baseline,0,,,,no policy intervention
baseline,202,8,baseline,0,,,,no policy intervention
baseline,203,8,baseline,0,,,,no policy intervention
baseline,204,8,baseline,0,,,,no policy intervention
baseline,205,8,baseline,0,,,,no policy intervention
baseline,206,8,baseline,0,,,,no policy intervention
baseline,207,8,baseline,0,,,,no policy intervention
baseline,208,8,baseline,0,,,,no policy intervention
baseline,209,8,baseline,0,,,,no policy intervention
baseline,210,8,baseline,1,,,,no policy intervention
baseline,211,8,baseline,0,,,,no policy intervention
baseline,212,8,baseline,0,,,,no policy intervention
baseline,213,8,baseline,0,,,,no policy intervention
baseline,214,8,baseline,0,,,,no policy intervention
baseline,215,8,baseline,0,,,,no policy intervention
baseline,216,8,baseline,0,,,,no policy intervention
baseline,217,8,baseline,0,,,,no policy intervention
baseline,218,8,baseline,0,,,,no policy intervention
baseline,219,8,baseline,1,,,,no policy intervention
baseline,220,8,baseline,0,,,,no policy intervention
baseline,221,8,baseline,1,,,,no policy intervention
baseline,222,8,baseline,0,,,,no policy intervention
baseline,223,8,baseline,0,,,,no policy intervention
baseline,224,8,baseline,0,,,,no policy intervention
baseline,225,8,baseline,0,,,,no policy intervention
baseline,226,8,baseline,1,,,,no policy intervention
baseline,227,8,baseline,0,,,,no policy intervention
baseline,228,8,baseline,1,,,,no policy intervention
baseline,229,8,baseline,0,,,,no policy intervention
baseline,230,8,baseline,0,,,,no policy intervention
baseline,231,8,baseline,0,,,,no policy intervention
baseline,232,8,baseline,0,,,,no policy intervention
baseline,233,8,baseline,0,,,,no policy intervention
baseline,234,8,baseline,0,,,,no policy intervention
baseline,235,8,baseline,0,,,,no policy intervention
baseline,236,8,baseline,0,,,,no policy intervention
baseline,237,8,baseline,1,,,,no policy intervention
baseline,238,8,baseline,0,,,,no policy intervention
baseline,239,8,baseline,0,,,,no policy intervention
baseline,0,9,baseline,1,,,,no policy intervention
baseline,1,9,baseline,0,,,,no policy intervention
baseline,2,9,baseline,1,,,,no policy intervention
baseline,3,9,baseline,1,,,,no policy intervention
baseline,4,9,baseline,1,,,,no policy intervention
baseline,5,9,baseline,1,,,,no policy intervention
baseline,6,9,baseline,1,,,,no policy intervention
baseline,7,9,baseline,0,,,,no policy intervention
baseline,8,9,baseline,1,,,,no policy intervention
baseline,9,9,baseline,0,,,,no policy intervention
baseline,10,9,baseline,0,,,,no policy intervention
baseline,11,9,baseline,0,,,,no policy intervention
baseline,12,9,baseline,0,,,,no policy intervention
baseline,13,9,baseline,0,,,,no policy intervention
baseline,14,9,baseline,0,,,,no policy intervention
baseline,15,9,baseline,0,,,,no policy intervention
baseline,16,9,baseline,1,,,,no policy intervention
baseline,17,9,baseline,1,,,,no policy intervention
baseline,18,9,baseline,0,,,,no policy intervention
baseline,19,9,baseline,1,,,,no policy intervention
baseline,20,9,baseline,0,,,,no policy intervention
baseline,21,9,baseline,1,,,,no policy intervention
baseline,22,9,baseline,0,,,,no policy intervention
baseline,23,9,baseline,1,,,,no policy intervention
baseline,24,9,baseline,0,,,,no policy intervention
baseline,25,9,baseline,1,,,,no policy intervention
baseline,26,9,baseline,0,,,,no policy intervention
baseline,27,9,baseline,1,,,,no policy intervention
baseline,28,9,baseline,0,,,,no policy intervention
baseline,29,9,baseline,0,,,,no policy intervention
baseline,30,9,baseline,0,,,,no policy intervention
baseline,31,9,baseline,0,,,,no policy intervention
baseline,32,9,baseline,0,,,,no policy intervention
baseline,33,9,baseline,0,,,,no policy intervention
baseline,34,9,baseline,0,,,,no policy intervention
baseline,35,9,baseline,0,,,,no policy intervention
baseline,36,9,baseline,1,,,,no policy intervention
baseline,37,9,baseline,1,,,,no policy intervention
baseline,38,9,baseline,0,,,,no policy intervention
baseline,39,9,baseline,0,,,,no policy intervention
baseline,40,9,baseline,1,,,,no policy intervention
baseline,41,9,baseline,0,,,,no policy intervention
baseline,42,9,baseline,1,,,,no policy intervention
baseline,43,9,baseline,0,,,,no policy intervention
baseline,44,9,baseline,1,,,,no policy intervention
baseline,45,9,baseline,1,,,,no policy intervention
baseline,46,9,baseline,1,,,,no policy intervention
baseline,47,9,baseline,0,,,,no policy intervention
baseline,48,9,baseline,0,,,,no policy intervention
baseline,49,9,baseline,1,,,,no policy intervention
baseline,50,9,baseline,0,,,,no policy intervention
baseline,51,9,baseline,1,,,,no policy intervention
baseline,52,9,baseline,0,,,,no policy intervention
baseline,53,9,baseline,0,,,,no policy intervention
baseline,54,9,baseline,0,,,,no policy intervention
baseline,55,9,baseline,1,,,,no policy intervention
baseline,56,9,baseline,1,,,,no policy intervention
baseline,57,9,baseline,1,,,,no policy intervention
baseline,58,9,baseline,0,,,,no policy intervention
baseline,59,9,baseline,1,,,,no policy intervention
baseline,60,9,baseline,0,,,,no policy intervention
baseline,61,9,baseline,1,,,,no policy intervention
baseline,62,9,baseline,1,,,,no policy intervention
baseline,63,9,baseline,1,,,,no policy intervention
baseline,64,9,baseline,0,,,,no policy intervention
baseline,65,9,baseline,0,,,,no policy intervention
baseline,66,9,baseline,1,,,,no policy intervention
baseline,67,9,baseline,0,,,,no policy intervention
baseline,68,9,baseline,1,,,,no policy intervention
baseline,69,9,baseline,1,,,,no policy intervention
baseline,70,9,baseline,0,,,,no policy intervention
baseline,71,9,baseline,1,,,,no policy intervention
baseline,72,9,baseline,0,,,,no policy intervention
baseline,73,9,baseline,0,,,,no policy intervention
baseline,74,9,baseline,0,,,,no policy intervention
baseline,75,9,baseline,1,,,,no policy intervention
baseline,76,9,baseline,0,,,,no policy intervention
baseline,77,9,baseline,1,,,,no policy intervention
baseline,78,9,baseline,1,,,,no policy intervention
baseline,79,9,baseline,0,,,,no policy intervention
baseline,80,9,baseline,1,,,,no policy intervention
baseline,81,9,baseline,1,,,,no policy intervention
baseline,82,9,baseline,1,,,,no policy intervention
baseline,83,9,baseline,1,,,,no policy intervention
baseline,84,9,baseline,1,,,,no policy intervention
baseline,85,9,baseline,0,,,,no policy intervention
baseline,86,9,baseline,0,,,,no policy intervention
baseline,87,9,baseline,1,,,,no policy intervention
baseline,88,9,baseline,0,,,,no policy intervention
baseline,89,9,baseline,0,,,,no policy intervention
baseline,90,9,baseline,1,,,,no policy intervention
baseline,91,9,baseline,1,,,,no policy intervention
baseline,92,9,baseline,0,,,,no policy intervention
baseline,93,9,baseline,0,,,,no policy intervention
baseline,94,9,baseline,1,,,,no policy intervention
baseline,95,9,baseline,1,,,,no policy intervention
baseline,96,9,baseline,0,,,,no policy intervention
baseline,97,9,baseline,1,,,,no policy intervention
baseline,98,9,baseline,0,,,,no policy intervention
baseline,99,9,baseline,0,,,,no policy intervention
baseline,100,9,baseline,1,,,,no policy intervention
baseline,101,9,baseline,1,,,,no policy intervention
baseline,102,9,baseline,0,,,,no policy intervention
baseline,103,9,baseline,1,,,,no policy intervention
baseline,104,9,baseline,1,,,,no policy intervention
baseline,105,9,baseline,0,,,,no policy intervention
baseline,106,9,baseline,0,,,,no policy intervention
baseline,107,9,baseline,1,,,,no policy intervention
baseline,108,9,baseline,1,,,,no policy intervention
baseline,109,9,baseline,0,,,,no policy intervention
baseline,110,9,baseline,0,,,,no policy intervention
baseline,111,9,baseline,0,,,,no policy intervention
baseline,112,9,baseline,1,,,,no policy intervention
baseline,113,9,baseline,0,,,,no policy intervention
baseline,114,9,baseline,1,,,,no policy intervention
baseline,115,9,baseline,0,,,,no policy intervention
baseline,116,9,baseline,1,,,,no policy intervention
baseline,117,9,baseline,0,,,,no policy intervention
baseline,118,9,baseline,1,,,,no policy intervention
baseline,119,9,baseline,1,,,,no policy intervention
baseline,120,9,baseline,0,,,,no policy intervention
baseline,121,9,baseline,1,,,,no policy intervention
baseline,122,9,baseline,0,,,,no policy intervention
baseline,123,9,baseline,0,,,,no policy intervention
baseline,124,9,baseline,1,,,,no policy intervention
baseline,125,9,baseline,1,,,,no policy intervention
baseline,126,9,baseline,1,,,,no policy intervention
baseline,127,9,baseline,1,,,,no policy intervention
baseline,128,9,baseline,0,,,,no policy intervention
baseline,129,9,baseline,0,,,,no policy intervention
baseline,130,9,baseline,1,,,,no policy intervention
baseline,131,9,baseline,1,,,,no policy intervention
baseline,132,9,baseline,1,,,,no policy intervention
baseline,133,9,baseline,0,,,,no policy intervention
baseline,134,9,baseline,0,,,,no policy intervention
baseline,135,9,baseline,0,,,,no policy intervention
baseline,136,9,baseline,1,,,,no policy intervention
baseline,137,9,baseline,0,,,,no policy intervention
baseline,138,9,baseline,0,,,,no policy intervention
baseline,139,9,baseline,1,,,,no policy intervention
baseline,140,9,baseline,0,,,,no policy intervention
baseline,141,9,baseline,0,,,,no policy intervention
baseline,142,9,baseline,0,,,,no policy intervention
baseline,143,9,baseline,0,,,,no policy intervention
baseline,144,9,baseline,1,,,,no policy intervention
baseline,145,9,baseline,1,,,,no policy intervention
baseline,146,9,baseline,1,,,,no policy intervention
baseline,147,9,baseline,1,,,,no policy intervention
baseline,148,9,baseline,1,,,,no policy intervention
baseline,149,9,baseline,1,,,,no policy intervention
baseline,150,9,baseline,1,,,,no policy intervention
baseline,151,9,baseline,1,,,,no policy intervention
baseline,152,9,baseline,0,,,,no policy intervention
baseline,153,9,baseline,0,,,,no policy intervention
baseline,154,9,baseline,0,,,,no policy intervention
baseline,155,9,baseline,0,,,,no policy intervention
baseline,156,9,baseline,0,,,,no policy intervention
baseline,157,9,baseline,1,,,,no policy intervention
baseline,158,9,baseline,0,,,,no policy intervention
baseline,159,9,baseline,1,,,,no policy intervention
baseline,160,9,baseline,0,,,,no policy intervention
baseline,161,9,baseline,1,,,,no policy intervention
baseline,162,9,baseline,1,,,,no policy intervention
baseline,163,9,baseline,0,,,,no policy intervention
baseline,164,9,baseline,0,,,,no policy intervention
baseline,165,9,baseline,0,,,,no policy intervention
baseline,166,9,baseline,1,,,,no policy intervention
baseline,167,9,baseline,1,,,,no policy intervention
baseline,168,9,baseline,0,,,,no policy intervention
baseline,169,9,baseline,0,,,,no policy intervention
baseline,170,9,baseline,0,,,,no policy intervention
baseline,171,9,baseline,1,,,,no policy intervention
baseline,172,9,baseline,0,,,,no policy intervention
baseline,173,9,baseline,1,,,,no policy intervention
baseline,174,9,baseline,1,,,,no policy intervention
baseline,175,9,baseline,1,,,,no policy intervention
baseline,176,9,baseline,1,,,,no policy intervention
baseline,177,9,baseline,0,,,,no policy intervention
baseline,178,9,baseline,0,,,,no policy intervention
baseline,179,9,baseline,0,,,,no policy intervention
baseline,180,9,baseline,1,,,,no policy intervention
baseline,181,9,baseline,1,,,,no policy intervention
baseline,182,9,baseline,0,,,,no policy intervention
baseline,183,9,baseline,0,,,,no policy intervention
baseline,184,9,baseline,0,,,,no policy intervention
baseline,185,9,baseline,1,,,,no policy intervention
baseline,186,9,baseline,1,,,,no policy intervention
baseline,187,9,baseline,1,,,,no policy intervention
baseline,188,9,baseline,1,,,,no policy intervention
baseline,189,9,baseline,0,,,,no policy intervention
baseline,190,9,baseline,1,,,,no policy intervention
baseline,191,9,baseline,0,,,,no policy intervention
baseline,192,9,baseline,0,,,,no policy intervention
baseline,193,9,baseline,0,,,,no policy intervention
baseline,194,9,baseline,1,,,,no policy intervention
baseline,195,9,baseline,0,,,,no policy intervention
baseline,196,9,baseline,0,,,,no policy intervention
baseline,197,9,baseline,0,,,,no policy intervention
baseline,198,9,baseline,1,,,,no policy intervention
baseline,199,9,baseline,0,,,,no policy intervention
baseline,200,9,baseline,0,,,,no policy intervention
baseline,201,9,baseline,1,,,,no policy intervention
baseline,202,9,baseline,0,,,,no policy intervention
baseline,203,9,baseline,1,,,,no policy intervention
baseline,204,9,baseline,0,,,,no policy intervention
baseline,205,9,baseline,1,,,,no policy intervention
baseline,206,9,baseline,1,,,,no policy intervention
baseline,207,9,baseline,0,,,,no policy intervention
baseline,208,9,baseline,0,,,,no policy intervention
baseline,209,9,baseline,0,,,,no policy intervention
baseline,210,9,baseline,1,,,,no policy intervention
baseline,211,9,baseline,0,,,,no policy intervention
baseline,212,9,baseline,0,,,,no policy intervention
baseline,213,9,baseline,1,,,,no policy intervention
baseline,214,9,baseline,1,,,,no policy intervention
baseline,215,9,baseline,1,,,,no policy intervention
baseline,216,9,baseline,0,,,,no policy intervention
baseline,217,9,baseline,0,,,,no policy intervention
baseline,218,9,baseline,0,,,,no policy intervention
baseline,219,9,baseline,1,,,,no policy intervention
baseline,220,9,baseline,1,,,,no policy intervention
baseline,221,9,baseline,1,,,,no policy intervention
baseline,222,9,baseline,0,,,,no policy intervention
baseline,223,9,baseline,1,,,,no policy intervention
baseline,224,9,baseline,0,,,,no policy intervention
baseline,225,9,baseline,0,,,,no policy intervention
baseline,226,9,baseline,1,,,,no policy intervention
baseline,227,9,baseline,0,,,,no policy intervention
baseline,228,9,baseline,1,,,,no policy intervention
baseline,229,9,baseline,1,,,,no policy intervention
baseline,230,9,baseline,0,,,,no policy intervention
baseline,231,9,baseline,0,,,,no policy intervention
baseline,232,9,baseline,1,,,,no policy intervention
baseline,233,9,baseline,1,,,,no policy intervention
baseline,234,9,baseline,0,,,,no policy intervention
baseline,235,9,baseline,0,,,,no policy intervention
baseline,236,9,baseline,1,,,,no policy intervention
baseline,237,9,baseline,1,,,,no policy intervention
baseline,238,9,baseline,1,,,,no policy intervention
baseline,239,9,baseline,1,,,,no policy intervention
baseline,0,10,baseline,1,,,,no policy intervention
baseline,1,10,baseline,0,,,,no policy intervention
baseline,2,10,baseline,1,,,,no policy intervention
baseline,3,10,baseline,1,,,,no policy intervention
baseline,4,10,baseline,1,,,,no policy intervention
baseline,5,10,baseline,1,,,,no policy intervention
baseline,6,10,baseline,1,,,,no policy intervention
baseline,7,10,baseline,1,,,,no policy intervention
baseline,8,10,baseline,1,,,,no policy intervention
baseline,9,10,baseline,1,,,,no policy intervention
baseline,10,10,baseline,1,,,,no policy intervention
baseline,11,10,baseline,1,,,,no policy intervention
baseline,12,10,baseline,0,,,,no policy intervention
baseline,13,10,baseline,1,,,,no policy intervention
baseline,14,10,baseline,0,,,,no policy intervention
baseline,15,10,baseline,1,,,,no policy intervention
baseline,16,10,baseline,1,,,,no policy intervention
baseline,17,10,baseline,1,,,,no policy intervention
baseline,18,10,baseline,0,,,,no policy intervention
baseline,19,10,baseline,1,,,,no policy intervention
baseline,20,10,baseline,1,,,,no policy intervention
baseline,21,10,baseline,1,,,,no policy intervention
baseline,22,10,baseline,0,,,,no policy intervention
baseline,23,10,baseline,1,,,,no policy intervention
baseline,24,10,baseline,1,,,,no policy intervention
baseline,25,10,baseline,1,,,,no policy intervention
baseline,26,10,baseline,0,,,,no policy intervention
baseline,27,10,baseline,1,,,,no policy intervention
baseline,28,10,baseline,0,,,,no policy intervention
baseline,29,10,baseline,0,,,,no policy intervention
baseline,30,10,baseline,0,,,,no policy intervention
baseline,31,10,baseline,1,,,,no policy intervention
baseline,32,10,baseline,1,,,,no policy intervention
baseline,33,10,baseline,0,,,,no policy intervention
baseline,34,10,baseline,1,,,,no policy intervention
baseline,35,10,baseline,0,,,,no policy intervention
baseline,36,10,baseline,1,,,,no policy intervention
baseline,37,10,baseline,1,,,,no policy intervention
baseline,38,10,baseline,1,,,,no policy intervention
baseline,39,10,baseline,0,,,,no policy intervention
baseline,40,10,baseline,1,,,,no policy intervention
baseline,41,10,baseline,0,,,,no policy intervention
baseline,42,10,baseline,1,,,,no policy intervention
baseline,43,10,baseline,0,,,,no policy intervention
baseline,44,10,baseline,1,,,,no policy intervention
baseline,45,10,baseline,1,,,,no policy intervention
baseline,46,10,baseline,1,,,,no policy intervention
baseline,47,10,baseline,1,,,,no policy intervention
baseline,48,10,baseline,0,,,,no policy intervention
baseline,49,10,baseline,1,,,,no policy intervention
baseline,50,10,baseline,0,,,,no policy intervention
baseline,51,10,baseline,1,,,,no policy intervention
baseline,52,10,baseline,0,,,,no policy intervention
baseline,53,10,baseline,0,,,,no policy intervention
baseline,54,10,baseline,1,,,,no policy intervention
baseline,55,10,baseline,1,,,,no policy intervention
baseline,56,10,baseline,1,,,,no policy intervention
baseline,57,10,baseline,1,,,,no policy intervention
baseline,58,10,baseline,1,,,,no policy intervention
baseline,59,10,baseline,1,,,,no policy intervention
baseline,60,10,baseline,1,,,,no policy intervention
baseline,61,10,baseline,1,,,,no policy intervention
baseline,62,10,baseline,1,,,,no policy intervention
baseline,63,10,baseline,1,,,,no policy intervention
baseline,64,10,baseline,1,,,,no policy intervention
baseline,65,10,baseline,0,,,,no policy intervention
baseline,66,10,baseline,1,,,,no policy intervention
baseline,67,10,baseline,1,,,,no policy intervention
baseline,68,10,baseline,1,,,,no policy intervention
baseline,69,10,baseline,1,,,,no policy intervention
baseline,70,10,baseline,0,,,,no policy intervention
baseline,71,10,baseline,1,,,,no policy intervention
baseline,72,10,baseline,0,,,,no policy intervention
baseline,73,10,baseline,1,,,,no policy intervention
baseline,74,10,baseline,1,,,,no policy intervention
baseline,75,10,baseline,1,,,,no policy intervention
baseline,76,10,baseline,1,,,,no policy intervention
baseline,77,10,baseline,1,,,,no policy intervention
baseline,78,10,baseline,1,,,,no policy intervention
baseline,79,10,baseline,1,,,,no policy intervention
baseline,80,10,baseline,1,,,,no policy intervention
baseline,81,10,baseline,1,,,,no policy intervention
baseline,82,10,baseline,1,,,,no policy intervention
baseline,83,10,baseline,1,,,,no policy intervention
baseline,84,10,baseline,1,,,,no policy intervention
baseline,85,10,baseline,0,,,,no policy intervention
baseline,86,10,baseline,0,,,,no policy intervention
baseline,87,10,baseline,1,,,,no policy intervention
baseline,88,10,baseline,0,,,,no policy intervention
baseline,89,10,baseline,1,,,,no policy intervention
baseline,90,10,baseline,1,,,,no policy intervention
baseline,91,10,baseline,1,,,,no policy intervention
baseline,92,10,baseline,0,,,,no policy intervention
baseline,93,10,baseline,1,,,,no policy intervention
baseline,94,10,baseline,1,,,,no policy intervention
baseline,95,10,baseline,1,,,,no policy intervention
baseline,96,10,baseline,0,,,,no policy intervention
baseline,97,10,baseline,1,,,,no policy intervention
baseline,98,10,baseline,0,,,,no policy intervention
baseline,99,10,baseline,1,,,,no policy intervention
baseline,100,10,baseline,1,,,,no policy intervention
baseline,101,10,baseline,1,,,,no policy intervention
baseline,102,10,baseline,1,,,,no policy intervention
baseline,103,10,baseline,1,,,,no policy intervention
baseline,104,10,baseline,1,,,,no policy intervention
baseline,105,10,baseline,0,,,,no policy intervention
baseline,106,10,baseline,1,,,,no policy intervention
baseline,107,10,baseline,1,,,,no policy intervention
baseline,108,10,baseline,1,,,,no policy intervention
baseline,109,10,baseline,1,,,,no policy intervention
baseline,110,10,baseline,1,,,,no policy intervention
baseline,111,10,baseline,1,,,,no policy intervention
baseline,112,10,baseline,1,,,,no policy intervention
baseline,113,10,baseline,0,,,,no policy intervention
baseline,114,10,baseline,1,,,,no policy intervention
baseline,115,10,baseline,1,,,,no policy intervention
baseline,116,10,baseline,1,,,,no policy intervention
baseline,117,10,baseline,1,,,,no policy intervention
baseline,118,10,baseline,1,,,,no policy intervention
baseline,119,10,baseline,1,,,,no policy intervention
baseline,120,10,baseline,1,,,,no policy intervention
baseline,121,10,baseline,1,,,,no policy intervention
baseline,122,10,baseline,0,,,,no policy intervention
baseline,123,10,baseline,1,,,,no policy intervention
baseline,124,10,baseline,1,,,,no policy intervention
baseline,125,10,baseline,1,,,,no policy intervention
baseline,126,10,baseline,1,,,,no policy intervention
baseline,127,10,baseline,1,,,,no policy intervention
baseline,128,10,baseline,1,,,,no policy intervention
baseline,129,10,baseline,0,,,,no policy intervention
baseline,130,10,baseline,1,,,,no policy intervention
baseline,131,10,baseline,1,,,,no policy intervention
baseline,132,10,baseline,1,,,,no policy intervention
baseline,133,10,baseline,0,,,,no policy intervention
baseline,134,10,baseline,1,,,,no policy intervention
baseline,135,10,baseline,0,,,,no policy intervention
baseline,136,10,baseline,1,,,,no policy intervention
baseline,137,10,baseline,1,,,,no policy intervention
baseline,138,10,baseline,1,,,,no policy intervention
baseline,139,10,baseline,1,,,,no policy intervention
baseline,140,10,baseline,0,,,,no policy intervention
baseline,141,10,baseline,1,,,,no policy intervention
baseline,142,10,baseline,0,,,,no policy intervention
baseline,143,10,baseline,0,,,,no policy intervention
baseline,144,10,baseline,1,,,,no policy intervention
baseline,145,10,baseline,1,,,,no policy intervention
baseline,146,10,baseline,1,,,,no policy intervention
baseline,147,10,baseline,1,,,,no policy intervention
baseline,148,10,baseline,1,,,,no policy intervention
baseline,149,10,baseline,1,,,,no policy intervention
baseline,150,10,baseline,1,,,,no policy intervention
baseline,151,10,baseline,1,,,,no policy intervention
baseline,152,10,baseline,1,,,,no policy intervention
baseline,153,10,baseline,0,,,,no policy intervention
baseline,154,10,baseline,1,,,,no policy intervention
baseline,155,10,baseline,0,,,,no policy intervention
baseline,156,10,baseline,0,,,,no policy intervention
baseline,157,10,baseline,1,,,,no policy intervention
baseline,158,10,baseline,0,,,,no policy intervention
baseline,159,10,baseline,1,,,,no policy intervention
baseline,160,10,baseline,1,,,,no policy intervention
baseline,161,10,baseline,1,,,,no policy intervention
baseline,162,10,baseline,1,,,,no policy intervention
baseline,163,10,baseline,1,,,,no policy intervention
baseline,164,10,baseline,1,,,,no policy intervention
baseline,165,10,baseline,0,,,,no policy intervention
baseline,166,10,baseline,1,,,,no policy intervention
baseline,167,10,baseline,1,,,,no policy intervention
baseline,168,10,baseline,1,,,,no policy intervention
baseline,169,10,baseline,1,,,,no policy intervention
baseline,170,10,baseline,0,,,,no policy intervention
baseline,171,10,baseline,1,,,,no policy intervention
baseline,172,10,baseline,0,,,,no policy intervention
baseline,173,10,baseline,1,,,,no policy intervention
baseline,174,10,baseline,1,,,,no policy intervention
baseline,175,10,baseline,1,,,,no policy intervention
baseline,176,10,baseline,1,,,,no policy intervention
baseline,177,10,baseline,1,,,,no policy intervention
baseline,178,10,baseline,1,,,,no policy intervention
baseline,179,10,baseline,0,,,,no policy intervention
baseline,180,10,baseline,1,,,,no policy intervention
baseline,181,10,baseline,1,,,,no policy intervention
baseline,182,10,baseline,1,,,,no policy intervention
baseline,183,10,baseline,0,,,,no policy intervention
baseline,184,10,baseline,1,,,,no policy intervention
baseline,185,10,baseline,1,,,,no policy intervention
baseline,186,10,baseline,1,,,,no policy intervention
baseline,187,10,baseline,1,,,,no policy intervention
baseline,188,10,baseline,1,,,,no policy intervention
baseline,189,10,baseline,0,,,,no policy intervention
baseline,190,10,baseline,1,,,,no policy intervention
baseline,191,10,baseline,1,,,,no policy intervention
baseline,192,10,baseline,1,,,,no policy intervention
baseline,193,10,baseline,0,,,,no policy intervention
baseline,194,10,baseline,1,,,,no policy intervention
baseline,195,10,baseline,0,,,,no policy intervention
baseline,196,10,baseline,0,,,,no policy intervention
baseline,197,10,baseline,1,,,,no policy intervention
baseline,198,10,baseline,1,,,,no policy intervention
baseline,199,10,baseline,0,,,,no policy intervention
baseline,200,10,baseline,1,,,,no policy intervention
baseline,201,10,baseline,1,,,,no policy intervention
baseline,202,10,baseline,0,,,,no policy intervention
baseline,203,10,baseline,1,,,,no policy intervention
baseline,204,10,baseline,0,,,,no policy intervention
baseline,205,10,baseline,1,,,,no policy intervention
baseline,206,10,baseline,1,,,,no policy intervention
baseline,207,10,baseline,1,,,,no policy intervention
baseline,208,10,baseline,1,,,,no policy intervention
baseline,209,10,baseline,1,,,,no policy intervention
baseline,210,10,baseline,1,,,,no policy intervention
baseline,211,10,baseline,0,,,,no policy intervention
baseline,212,10,baseline,1,,,,no policy intervention
baseline,213,10,baseline,1,,,,no policy intervention
baseline,214,10,baseline,1,,,,no policy intervention
baseline,215,10,baseline,1,,,,no policy intervention
baseline,216,10,baseline,1,,,,no policy intervention
baseline,217,10,baseline,0,,,,no policy intervention
baseline,218,10,baseline,1,,,,no policy intervention
baseline,219,10,baseline,1,,,,no policy intervention
baseline,220,10,baseline,1,,,,no policy intervention
baseline,221,10,baseline,1,,,,no policy intervention
baseline,222,10,baseline,0,,,,no policy intervention
baseline,223,10,baseline,1,,,,no policy intervention
baseline,224,10,baseline,0,,,,no policy intervention
baseline,225,10,baseline,0,,,,no policy intervention
baseline,226,10,baseline,1,,,,no policy intervention
baseline,227,10,baseline,1,,,,no policy intervention
baseline,228,10,baseline,1,,,,no policy intervention
baseline,229,10,baseline,1,,,,no policy intervention
baseline,230,10,baseline,1,,,,no policy intervention
baseline,231,10,baseline,1,,,,no policy intervention
baseline,232,10,baseline,1,,,,no policy intervention
baseline,233,10,baseline,1,,,,no policy intervention
baseline,234,10,baseline,1,,,,no policy intervention
baseline,235,10,baseline,0,,,,no policy intervention
baseline,236,10,baseline,1,,,,no policy intervention
baseline,237,10,baseline,1,,,,no policy intervention
baseline,238,10,baseline,1,,,,no policy intervention
baseline,239,10,baseline,1,,,,no policy intervention
baseline,0,11,baseline,1,,,,no policy intervention
baseline,1,11,baseline,1,,,,no policy intervention
baseline,2,11,baseline,1,,,,no policy intervention
baseline,3,11,baseline,1,,,,no policy intervention
baseline,4,11,baseline,1,,,,no policy intervention
baseline,5,11,baseline,1,,,,no policy intervention
baseline,6,11,baseline,1,,,,no policy intervention
baseline,7,11,baseline,1,,,,no policy intervention
baseline,8,11,baseline,1,,,,no policy intervention
baseline,9,11,baseline,1,,,,no policy intervention
baseline,10,11,baseline,1,,,,no policy intervention
baseline,11,11,baseline,1,,,,no policy intervention
baseline,12,11,baseline,1,,,,no policy intervention
baseline,13,11,baseline,1,,,,no policy intervention
baseline,14,11,baseline,1,,,,no policy intervention
baseline,15,11,baseline,1,,,,no policy intervention
baseline,16,11,baseline,1,,,,no policy intervention
baseline,17,11,baseline,1,,,,no policy intervention
baseline,18,11,baseline,1,,,,no policy intervention
baseline,19,11,baseline,1,,,,no policy intervention
baseline,20,11,baseline,1,,,,no policy intervention
baseline,21,11,baseline,1,,,,no policy intervention
baseline,22,11,baseline,1,,,,no policy intervention
baseline,23,11,baseline,1,,,,no policy intervention
baseline,24,11,baseline,1,,,,no policy intervention
baseline,25,11,baseline,1,,,,no policy intervention
baseline,26,11,baseline,1,,,,no policy intervention
baseline,27,11,baseline,1,,,,no policy intervention
baseline,28,11,baseline,1,,,,no policy intervention
baseline,29,11,baseline,0,,,,no policy intervention
baseline,30,11,baseline,1,,,,no policy intervention
baseline,31,11,baseline,1,,,,no policy intervention
baseline,32,11,baseline,1,,,,no policy intervention
baseline,33,11,baseline,1,,,,no policy intervention
baseline,34,11,baseline,1,,,,no policy intervention
baseline,35,11,baseline,1,,,,no policy intervention
baseline,36,11,baseline,1,,,,no policy intervention
baseline,37,11,baseline,1,,,,no policy intervention
baseline,38,11,baseline,1,,,,no policy intervention
baseline,39,11,baseline,1,,,,no policy intervention
baseline,40,11,baseline,1,,,,no policy intervention
baseline,41,11,baseline,1,,,,no policy intervention
baseline,42,11,baseline,1,,,,no policy intervention
baseline,43,11,baseline,1,,,,no policy intervention
baseline,44,11,baseline,1,,,,no policy intervention
baseline,45,11,baseline,1,,,,no policy intervention
baseline,46,11,baseline,1,,,,no policy intervention
baseline,47,11,baseline,1,,,,no policy intervention
baseline,48,11,baseline,1,,,,no policy intervention
baseline,49,11,baseline,1,,,,no policy intervention
baseline,50,11,baseline,1,,,,no policy intervention
baseline,51,11,baseline,1,,,,no policy intervention
baseline,52,11,baseline,1,,,,no policy intervention
baseline,53,11,baseline,1,,,,no policy intervention
baseline,54,11,baseline,1,,,,no policy intervention
baseline,55,11,baseline,1,,,,no policy intervention
baseline,56,11,baseline,1,,,,no policy intervention
baseline,57,11,baseline,1,,,,no policy intervention
baseline,58,11,baseline,1,,,,no policy intervention
baseline,59,11,baseline,1,,,,no policy intervention
baseline,60,11,baseline,1,,,,no policy intervention
baseline,61,11,baseline,1,,,,no policy intervention
baseline,62,11,baseline,1,,,,no policy intervention
baseline,63,11,baseline,1,,,,no policy intervention
baseline,64,11,baseline,1,,,,no policy intervention
baseline,65,11,baseline,1,,,,no policy intervention
baseline,66,11,baseline,1,,,,no policy intervention
baseline,67,11,baseline,1,,,,no policy intervention
baseline,68,11,baseline,1,,,,no policy intervention
baseline,69,11,baseline,1,,,,no policy intervention
baseline,70,11,baseline,1,,,,no policy intervention
baseline,71,11,baseline,1,,,,no policy intervention
baseline,72,11,baseline,1,,,,no policy intervention
baseline,73,11,baseline,1,,,,no policy intervention
baseline,74,11,baseline,1,,,,no policy intervention
baseline,75,11,baseline,1,,,,no policy intervention
baseline,76,11,baseline,1,,,,no policy intervention
baseline,77,11,baseline,1,,,,no policy intervention
baseline,78,11,baseline,1,,,,no policy intervention
baseline,79,11,baseline,1,,,,no policy intervention
baseline,80,11,baseline,1,,,,no policy intervention
baseline,81,11,baseline,1,,,,no policy intervention
baseline,82,11,baseline,1,,,,no policy intervention
baseline,83,11,baseline,1,,,,no policy intervention
baseline,84,11,baseline,1,,,,no policy intervention
baseline,85,11,baseline,1,,,,no policy intervention
baseline,86,11,baseline,1,,,,no policy intervention
baseline,87,11,baseline,1,,,,no policy intervention
baseline,88,11,baseline,1,,,,no policy intervention
baseline,89,11,baseline,1,,,,no policy intervention
baseline,90,11,baseline,1,,,,no policy intervention
baseline,91,11,baseline,1,,,,no policy intervention
baseline,92,11,baseline,1,,,,no policy intervention
baseline,93,11,baseline,1,,,,no policy intervention
baseline,94,11,baseline,1,,,,no policy intervention
baseline,95,11,baseline,1,,,,no policy intervention
baseline,96,11,baseline,1,,,,no policy intervention
baseline,97,11,baseline,1,,,,no policy intervention
baseline,98,11,baseline,1,,,,no policy intervention
baseline,99,11,baseline,1,,,,no policy intervention
baseline,100,11,baseline,1,,,,no policy intervention
baseline,101,11,baseline,1,,,,no policy intervention
baseline,102,11,baseline,1,,,,no policy intervention
baseline,103,11,baseline,1,,,,no policy intervention
baseline,104,11,baseline,1,,,,no policy intervention
baseline,105,11,baseline,1,,,,no policy intervention
baseline,106,11,baseline,1,,,,no policy intervention
baseline,107,11,baseline,1,,,,no policy intervention
baseline,108,11,baseline,1,,,,no policy intervention
baseline,109,11,baseline,1,,,,no policy intervention
baseline,110,11,baseline,1,,,,no policy intervention
baseline,111,11,baseline,1,,,,no policy intervention
baseline,112,11,baseline,1,,,,no policy intervention
baseline,113,11,baseline,1,,,,no policy intervention
baseline,114,11,baseline,1,,,,no policy intervention
baseline,115,11,baseline,1,,,,no policy intervention
baseline,116,11,baseline,1,,,,no policy intervention
baseline,117,11,baseline,1,,,,no policy intervention
baseline,118,11,baseline,1,,,,no policy intervention
baseline,119,11,baseline,1,,,,no policy intervention
baseline,120,11,baseline,1,,,,no policy intervention
baseline,121,11,baseline,1,,,,no policy intervention
baseline,122,11,baseline,1,,,,no policy intervention
baseline,123,11,baseline,1,,,,no policy intervention
baseline,124,11,baseline,1,,,,no policy intervention
baseline,125,11,baseline,1,,,,no policy intervention
baseline,126,11,baseline,1,,,,no policy intervention
baseline,127,11,baseline,1,,,,no policy intervention
baseline,128,11,baseline,1,,,,no policy intervention
baseline,129,11,baseline,1,,,,no policy intervention
baseline,130,11,baseline,1,,,,no policy intervention
baseline,131,11,baseline,1,,,,no policy intervention
baseline,132,11,baseline,1,,,,no policy intervention
baseline,133,11,baseline,1,,,,no policy intervention
baseline,134,11,baseline,1,,,,no policy intervention
baseline,135,11,baseline,1,,,,no policy intervention
baseline,136,11,baseline,1,,,,no policy intervention
baseline,137,11,baseline,1,,,,no policy intervention
baseline,138,11,baseline,1,,,,no policy intervention
baseline,139,11,baseline,1,,,,no policy intervention
baseline,140,11,baseline,1,,,,no policy intervention
baseline,141,11,baseline,1,,,,no policy intervention
baseline,142,11,baseline,1,,,,no policy intervention
baseline,143,11,baseline,1,,,,no policy intervention
baseline,144,11,baseline,1,,,,no policy intervention
baseline,145,11,baseline,1,,,,no policy intervention
baseline,146,11,baseline,1,,,,no policy intervention
baseline,147,11,baseline,1,,,,no policy intervention
baseline,148,11,baseline,1,,,,no policy intervention
baseline,149,11,baseline,1,,,,no policy intervention
baseline,150,11,baseline,1,,,,no policy intervention
baseline,151,11,baseline,1,,,,no policy intervention
baseline,152,11,baseline,1,,,,no policy intervention
baseline,153,11,baseline,1,,,,no policy intervention
baseline,154,11,baseline,1,,,,no policy intervention
baseline,155,11,baseline,1,,,,no policy intervention
baseline,156,11,baseline,1,,,,no policy intervention
baseline,157,11,baseline,1,,,,no policy intervention
baseline,158,11,baseline,1,,,,no policy intervention
baseline,159,11,baseline,1,,,,no policy intervention
baseline,160,11,baseline,1,,,,no policy intervention
baseline,161,11,baseline,1,,,,no policy intervention
baseline,162,11,baseline,1,,,,no policy intervention
baseline,163,11,baseline,1,,,,no policy intervention
baseline,164,11,baseline,1,,,,no policy intervention
baseline,165,11,baseline,1,,,,no policy intervention
baseline,166,11,baseline,1,,,,no policy intervention
baseline,167,11,baseline,1,,,,no policy intervention
baseline,168,11,baseline,1,,,,no policy intervention
baseline,169,11,baseline,1,,,,no policy intervention
baseline,170,11,baseline,1,,,,no policy intervention
baseline,171,11,baseline,1,,,,no policy intervention
baseline,172,11,baseline,1,,,,no policy intervention
baseline,173,11,baseline,1,,,,no policy intervention
baseline,174,11,baseline,1,,,,no policy intervention
baseline,175,11,baseline,1,,,,no policy intervention
baseline,176,11,baseline,1,,,,no policy intervention
baseline,177,11,baseline,1,,,,no policy intervention
baseline,178,11,baseline,1,,,,no policy intervention
baseline,179,11,baseline,1,,,,no policy intervention
baseline,180,11,baseline,1,,,,no policy intervention
baseline,181,11,baseline,1,,,,no policy intervention
baseline,182,11,baseline,1,,,,no policy intervention
baseline,183,11,baseline,1,,,,no policy intervention
baseline,184,11,baseline,1,,,,no policy intervention
baseline,185,11,baseline,1,,,,no policy intervention
baseline,186,11,baseline,1,,,,no policy intervention
baseline,187,11,baseline,1,,,,no policy intervention
baseline,188,11,baseline,1,,,,no policy intervention
baseline,189,11,baseline,0,,,,no policy intervention
baseline,190,11,baseline,1,,,,no policy intervention
baseline,191,11,baseline,1,,,,no policy intervention
baseline,192,11,baseline,1,,,,no policy intervention
baseline,193,11,baseline,1,,,,no policy intervention
baseline,194,11,baseline,1,,,,no policy intervention
baseline,195,11,baseline,1,,,,no policy intervention
baseline,196,11,baseline,1,,,,no policy intervention
baseline,197,11,baseline,1,,,,no policy intervention
baseline,198,11,baseline,1,,,,no policy intervention
baseline,199,11,baseline,1,,,,no policy intervention
baseline,200,11,baseline,1,,,,no policy intervention
baseline,201,11,baseline,1,,,,no policy intervention
baseline,202,11,baseline,1,,,,no policy intervention
baseline,203,11,baseline,1,,,,no policy intervention
baseline,204,11,baseline,1,,,,no policy intervention
baseline,205,11,baseline,1,,,,no policy intervention
baseline,206,11,baseline,1,,,,no policy intervention
baseline,207,11,baseline,1,,,,no policy intervention
baseline,208,11,baseline,1,,,,no policy intervention
baseline,209,11,baseline,1,,,,no policy intervention
baseline,210,11,baseline,1,,,,no policy intervention
baseline,211,11,baseline,1,,,,no policy intervention
baseline,212,11,baseline,1,,,,no policy intervention
baseline,213,11,baseline,1,,,,no policy intervention
baseline,214,11,baseline,1,,,,no policy intervention
baseline,215,11,baseline,1,,,,no policy intervention
baseline,216,11,baseline,1,,,,no policy intervention
baseline,217,11,baseline,1,,,,no policy intervention
baseline,218,11,baseline,1,,,,no policy intervention
baseline,219,11,baseline,1,,,,no policy intervention
baseline,220,11,baseline,1,,,,no policy intervention
baseline,221,11,baseline,1,,,,no policy intervention
baseline,222,11,baseline,1,,,,no policy intervention
baseline,223,11,baseline,1,,,,no policy intervention
baseline,224,11,baseline,1,,,,no policy intervention
baseline,225,11,baseline,1,,,,no policy intervention
baseline,226,11,baseline,1,,,,no policy intervention
baseline,227,11,baseline,1,,,,no policy intervention
baseline,228,11,baseline,1,,,,no policy intervention
baseline,229,11,baseline,1,,,,no policy intervention
baseline,230,11,baseline,1,,,,no policy intervention
baseline,231,11,baseline,1,,,,no policy intervention
baseline,232,11,baseline,1,,,,no policy intervention
baseline,233,11,baseline,1,,,,no policy intervention
baseline,234,11,baseline,1,,,,no policy intervention
baseline,235,11,baseline,1,,,,no policy intervention
baseline,236,11,baseline,1,,,,no policy intervention
baseline,237,11,baseline,1,,,,no policy intervention
baseline,238,11,baseline,1,,,,no policy intervention
baseline,239,11,baseline,1,,,,no policy intervention
baseline,0,12,baseline,1,,,,no policy intervention
baseline,1,12,baseline,1,,,,no policy intervention
baseline,2,12,baseline,1,,,,no policy intervention
baseline,3,12,baseline,1,,,,no policy intervention
baseline,4,12,baseline,1,,,,no policy intervention
baseline,5,12,baseline,1,,,,no policy intervention
baseline,6,12,baseline,1,,,,no policy intervention
baseline,7,12,baseline,1,,,,no policy intervention
baseline,8,12,baseline,1,,,,no policy intervention
baseline,9,12,baseline,1,,,,no policy intervention
baseline,10,12,baseline,1,,,,no policy intervention
baseline,11,12,baseline,1,,,,no policy intervention
baseline,12,12,baseline,1,,,,no policy intervention
baseline,13,12,baseline,1,,,,no policy intervention
baseline,14,12,baseline,1,,,,no policy intervention
baseline,15,12,baseline,1,,,,no policy intervention
baseline,16,12,baseline,1,,,,no policy intervention
baseline,17,12,baseline,1,,,,no policy intervention
baseline,18,12,baseline,1,,,,no policy intervention
baseline,19,12,baseline,1,,,,no policy intervention
baseline,20,12,baseline,1,,,,no policy intervention
baseline,21,12,baseline,1,,,,no policy intervention
baseline,22,12,baseline,1,,,,no policy intervention
baseline,23,12,baseline,1,,,,no policy intervention
baseline,24,12,baseline,1,,,,no policy intervention
baseline,25,12,baseline,1,,,,no policy intervention
baseline,26,12,baseline,1,,,,no policy intervention
baseline,27,12,baseline,1,,,,no policy intervention
baseline,28,12,baseline,1,,,,no policy intervention
baseline,29,12,baseline,1,,,,no policy intervention
baseline,30,12,baseline,1,,,,no policy intervention
baseline,31,12,baseline,1,,,,no policy intervention
baseline,32,12,baseline,1,,,,no policy intervention
baseline,33,12,baseline,1,,,,no policy intervention
baseline,34,12,baseline,1,,,,no policy intervention
baseline,35,12,baseline,1,,,,no policy intervention
baseline,36,12,baseline,1,,,,no policy intervention
baseline,37,12,baseline,1,,,,no policy intervention
baseline,38,12,baseline,1,,,,no policy intervention
baseline,39,12,baseline,1,,,,no policy intervention
baseline,40,12,baseline,1,,,,no policy intervention
baseline,41,12,baseline,1,,,,no policy intervention
baseline,42,12,baseline,1,,,,no policy intervention
baseline,43,12,baseline,1,,,,no policy intervention
baseline,44,12,baseline,1,,,,no policy intervention
baseline,45,12,baseline,1,,,,no policy intervention
baseline,46,12,baseline,1,,,,no policy intervention
baseline,47,12,baseline,1,,,,no policy intervention
baseline,48,12,baseline,1,,,,no policy intervention
baseline,49,12,baseline,1,,,,no policy intervention
baseline,50,12,baseline,1,,,,no policy intervention
baseline,51,12,baseline,1,,,,no policy intervention
baseline,52,12,baseline,1,,,,no policy intervention
baseline,53,12,baseline,1,,,,no policy intervention
baseline,54,12,baseline,1,,,,no policy intervention
baseline,55,12,baseline,1,,,,no policy intervention
baseline,56,12,baseline,1,,,,no policy intervention
baseline,57,12,baseline,1,,,,no policy intervention
baseline,58,12,baseline,1,,,,no policy intervention
baseline,59,12,baseline,1,,,,no policy intervention
baseline,60,12,baseline,1,,,,no policy intervention
baseline,61,12,baseline,1,,,,no policy intervention
baseline,62,12,baseline,1,,,,no policy intervention
baseline,63,12,baseline,1,,,,no policy intervention
baseline,64,12,baseline,1,,,,no policy intervention
baseline,65,12,baseline,1,,,,no policy intervention
baseline,66,12,baseline,1,,,,no policy intervention
baseline,67,12,baseline,1,,,,no policy intervention
baseline,68,12,baseline,1,,,,no policy intervention
baseline,69,12,baseline,1,,,,no policy intervention
baseline,70,12,baseline,1,,,,no policy intervention
baseline,71,12,baseline,1,,,,no policy intervention
baseline,72,12,baseline,1,,,,no policy intervention
baseline,73,12,baseline,1,,,,no policy intervention
baseline,74,12,baseline,1,,,,no policy intervention
baseline,75,12,baseline,1,,,,no policy intervention
baseline,76,12,baseline,1,,,,no policy intervention
baseline,77,12,baseline,1,,,,no policy intervention
baseline,78,12,baseline,1,,,,no policy intervention
baseline,79,12,baseline,1,,,,no policy intervention
baseline,80,12,baseline,1,,,,no policy intervention
baseline,81,12,baseline,1,,,,no policy intervention
baseline,82,12,baseline,1,,,,no policy intervention
baseline,83,12,baseline,1,,,,no policy intervention
baseline,84,12,baseline,1,,,,no policy intervention
baseline,85,12,baseline,1,,,,no policy intervention
baseline,86,12,baseline,1,,,,no policy intervention
baseline,87,12,baseline,1,,,,no policy intervention
baseline,88,12,baseline,1,,,,no policy intervention
baseline,89,12,baseline,1,,,,no policy intervention
baseline,90,12,baseline,1,,,,no policy intervention
baseline,91,12,baseline,1,,,,no policy intervention
baseline,92,12,baseline,1,,,,no policy intervention
baseline,93,12,baseline,1,,,,no policy intervention
baseline,94,12,baseline,1,,,,no policy intervention
baseline,95,12,baseline,1,,,,no policy intervention
baseline,96,12,baseline,1,,,,no policy intervention
baseline,97,12,baseline,1,,,,no policy intervention
baseline,98,12,baseline,1,,,,no policy intervention
baseline,99,12,baseline,1,,,,no policy intervention
baseline,100,12,baseline,1,,,,no policy intervention
baseline,101,12,baseline,1,,,,no policy intervention
baseline,102,12,baseline,1,,,,no policy intervention
baseline,103,12,baseline,1,,,,no policy intervention
baseline,104,12,baseline,1,,,,no policy intervention
baseline,105,12,baseline,1,,,,no policy intervention
baseline,106,12,baseline,1,,,,no policy intervention
baseline,107,12,baseline,1,,,,no policy intervention
baseline,108,12,baseline,1,,,,no policy intervention
baseline,109,12,baseline,1,,,,no policy intervention
baseline,110,12,baseline,1,,,,no policy intervention
baseline,111,12,baseline,1,,,,no policy intervention
baseline,112,12,baseline,1,,,,no policy intervention
baseline,113,12,baseline,1,,,,no policy intervention
baseline,114,12,baseline,1,,,,no policy intervention
baseline,115,12,baseline,1,,,,no policy intervention
baseline,116,12,baseline,1,,,,no policy intervention
baseline,117,12,baseline,1,,,,no policy intervention
baseline,118,12,baseline,1,,,,no policy intervention
baseline,119,12,baseline,1,,,,no policy intervention
baseline,120,12,baseline,1,,,,no policy intervention
baseline,121,12,baseline,1,,,,no policy intervention
baseline,122,12,baseline,1,,,,no policy intervention
baseline,123,12,baseline,1,,,,no policy intervention
baseline,124,12,baseline,1,,,,no policy intervention
baseline,125,12,baseline,1,,,,no policy intervention
baseline,126,12,baseline,1,,,,no policy intervention
baseline,127,12,baseline,1,,,,no policy intervention
baseline,128,12,baseline,1,,,,no policy intervention
baseline,129,12,baseline,1,,,,no policy intervention
baseline,130,12,baseline,1,,,,no policy intervention
baseline,131,12,baseline,1,,,,no policy intervention
baseline,132,12,baseline,1,,,,no policy intervention
baseline,133,12,baseline,1,,,,no policy intervention
baseline,134,12,baseline,1,,,,no policy intervention
baseline,135,12,baseline,1,,,,no policy intervention
baseline,136,12,baseline,1,,,,no policy intervention
baseline,137,12,baseline,1,,,,no policy intervention
baseline,138,12,baseline,1,,,,no policy intervention
baseline,139,12,baseline,1,,,,no policy intervention
baseline,140,12,baseline,1,,,,no policy intervention
baseline,141,12,baseline,1,,,,no policy intervention
baseline,142,12,baseline,1,,,,no policy intervention
baseline,143,12,baseline,1,,,,no policy intervention
baseline,144,12,baseline,1,,,,no policy intervention
baseline,145,12,baseline,1,,,,no policy intervention
baseline,146,12,baseline,1,,,,no policy intervention
baseline,147,12,baseline,1,,,,no policy intervention
baseline,148,12,baseline,1,,,,no policy intervention
baseline,149,12,baseline,1,,,,no policy intervention
baseline,150,12,baseline,1,,,,no policy intervention
baseline,151,12,baseline,1,,,,no policy intervention
baseline,152,12,baseline,1,,,,no policy intervention
baseline,153,12,baseline,1,,,,no policy intervention
baseline,154,12,baseline,1,,,,no policy intervention
baseline,155,12,baseline,1,,,,no policy intervention
baseline,156,12,baseline,1,,,,no policy intervention
baseline,157,12,baseline,1,,,,no policy intervention
baseline,158,12,baseline,1,,,,no policy intervention
baseline,159,12,baseline,1,,,,no policy intervention
baseline,160,12,baseline,1,,,,no policy intervention
baseline,161,12,baseline,1,,,,no policy intervention
baseline,162,12,baseline,1,,,,no policy intervention
baseline,163,12,baseline,1,,,,no policy intervention
baseline,164,12,baseline,1,,,,no policy intervention
baseline,165,12,baseline,1,,,,no policy intervention
baseline,166,12,baseline,1,,,,no policy intervention
baseline,167,12,baseline,1,,,,no policy intervention
baseline,168,12,baseline,1,,,,no policy intervention
baseline,169,12,baseline,1,,,,no policy intervention
baseline,170,12,baseline,1,,,,no policy intervention
baseline,171,12,baseline,1,,,,no policy intervention
baseline,172,12,baseline,1,,,,no policy intervention
baseline,173,12,baseline,1,,,,no policy intervention
baseline,174,12,baseline,1,,,,no policy intervention
baseline,175,12,baseline,1,,,,no policy intervention
baseline,176,12,baseline,1,,,,no policy intervention
baseline,177,12,baseline,1,,,,no policy intervention
baseline,178,12,baseline,1,,,,no policy intervention
baseline,179,12,baseline,1,,,,no policy intervention
baseline,180,12,baseline,1,,,,no policy intervention
baseline,181,12,baseline,1,,,,no policy intervention
baseline,182,12,baseline,1,,,,no policy intervention
baseline,183,12,baseline,1,,,,no policy intervention
baseline,184,12,baseline,1,,,,no policy intervention
baseline,185,12,baseline,1,,,,no policy intervention
baseline,186,12,baseline,1,,,,no policy intervention
baseline,187,12,baseline,1,,,,no policy intervention
baseline,188,12,baseline,1,,,,no policy intervention
baseline,189,12,baseline,1,,,,no policy intervention
baseline,190,12,baseline,1,,,,no policy intervention
baseline,191,12,baseline,1,,,,no policy intervention
baseline,192,12,baseline,1,,,,no policy intervention
baseline,193,12,baseline,1,,,,no policy intervention
baseline,194,12,baseline,1,,,,no policy intervention
baseline,195,12,baseline,1,,,,no policy intervention
baseline,196,12,baseline,1,,,,no policy intervention
baseline,197,12,baseline,1,,,,no policy intervention
baseline,198,12,baseline,1,,,,no policy intervention
baseline,199,12,baseline,1,,,,no policy intervention
baseline,200,12,baseline,1,,,,no policy intervention
baseline,201,12,baseline,1,,,,no policy intervention
baseline,202,12,baseline,1,,,,no policy intervention
baseline,203,12,baseline,1,,,,no policy intervention
baseline,204,12,baseline,1,,,,no policy intervention
baseline,205,12,baseline,1,,,,no policy intervention
baseline,206,12,baseline,1,,,,no policy intervention
baseline,207,12,baseline,1,,,,no policy intervention
baseline,208,12,baseline,1,,,,no policy intervention
baseline,209,12,baseline,1,,,,no policy intervention
baseline,210,12,baseline,1,,,,no policy intervention
baseline,211,12,baseline,1,,,,no policy intervention
baseline,212,12,baseline,1,,,,no policy intervention
baseline,213,12,baseline,1,,,,no policy intervention
baseline,214,12,baseline,1,,,,no policy intervention
baseline,215,12,baseline,1,,,,no policy intervention
baseline,216,12,baseline,1,,,,no policy intervention
baseline,217,12,baseline,1,,,,no policy intervention
baseline,218,12,baseline,1,,,,no policy intervention
baseline,219,12,baseline,1,,,,no policy intervention
baseline,220,12,baseline,1,,,,no policy intervention
baseline,221,12,baseline,1,,,,no policy intervention
baseline,222,12,baseline,1,,,,no policy intervention
baseline,223,12,baseline,1,,,,no policy intervention
baseline,224,12,baseline,1,,,,no policy intervention
baseline,225,12,baseline,1,,,,no policy intervention
baseline,226,12,baseline,1,,,,no policy intervention
baseline,227,12,baseline,1,,,,no policy intervention
baseline,228,12,baseline,1,,,,no policy intervention
baseline,229,12,baseline,1,,,,no policy intervention
baseline,230,12,baseline,1,,,,no policy intervention
baseline,231,12,baseline,1,,,,no policy intervention
baseline,232,12,baseline,1,,,,no policy intervention
baseline,233,12,baseline,1,,,,no policy intervention
baseline,234,12,baseline,1,,,,no policy intervention
baseline,235,12,baseline,1,,,,no policy intervention
baseline,236,12,baseline,1,,,,no policy intervention
baseline,237,12,baseline,1,,,,no policy intervention
baseline,238,12,baseline,1,,,,no policy intervention
baseline,239,12,baseline,1,,,,no policy intervention
baseline,0,13,baseline,1,,,,no policy intervention
baseline,1,13,baseline,1,,,,no policy intervention
baseline,2,13,baseline,1,,,,no policy intervention
baseline,3,13,baseline,1,,,,no policy intervention
baseline,4,13,baseline,1,,,,no policy intervention
baseline,5,13,baseline,1,,,,no policy intervention
baseline,6,13,baseline,1,,,,no policy intervention
baseline,7,13,baseline,1,,,,no policy intervention
baseline,8,13,baseline,1,,,,no policy intervention
baseline,9,13,baseline,1,,,,no policy intervention
baseline,10,13,baseline,1,,,,no policy intervention
baseline,11,13,baseline,1,,,,no policy intervention
baseline,12,13,baseline,1,,,,no policy intervention
baseline,13,13,baseline,1,,,,no policy intervention
baseline,14,13,baseline,1,,,,no policy intervention
baseline,15,13,baseline,1,,,,no policy intervention
baseline,16,13,baseline,1,,,,no policy intervention
baseline,17,13,baseline,1,,,,no policy intervention
baseline,18,13,baseline,1,,,,no policy intervention
baseline,19,13,baseline,1,,,,no policy intervention
baseline,20,13,baseline,1,,,,no policy intervention
baseline,21,13,baseline,1,,,,no policy intervention
baseline,22,13,baseline,1,,,,no policy intervention
baseline,23,13,baseline,1,,,,no policy intervention
baseline,24,13,baseline,1,,,,no policy intervention
baseline,25,13,baseline,1,,,,no policy intervention
baseline,26,13,baseline,1,,,,no policy intervention
baseline,27,13,baseline,1,,,,no policy intervention
baseline,28,13,baseline,1,,,,no policy intervention
baseline,29,13,baseline,1,,,,no policy intervention
baseline,30,13,baseline,1,,,,no policy intervention
baseline,31,13,baseline,1,,,,no policy intervention
baseline,32,13,baseline,1,,,,no policy intervention
baseline,33,13,baseline,1,,,,no policy intervention
baseline,34,13,baseline,1,,,,no policy intervention
baseline,35,13,baseline,1,,,,no policy intervention
baseline,36,13,baseline,1,,,,no policy intervention
baseline,37,13,baseline,1,,,,no policy intervention
baseline,38,13,baseline,1,,,,no policy intervention
baseline,39,13,baseline,1,,,,no policy intervention
baseline,40,13,baseline,1,,,,no policy intervention
baseline,41,13,baseline,1,,,,no policy intervention
baseline,42,13,baseline,1,,,,no policy intervention
baseline,43,13,baseline,1,,,,no policy intervention
baseline,44,13,baseline,1,,,,no policy intervention
baseline,45,13,baseline,1,,,,no policy intervention
baseline,46,13,baseline,1,,,,no policy intervention
baseline,47,13,baseline,1,,,,no policy intervention
baseline,48,13,baseline,1,,,,no policy intervention
baseline,49,13,baseline,1,,,,no policy intervention
baseline,50,13,baseline,1,,,,no policy intervention
baseline,51,13,baseline,1,,,,no policy intervention
baseline,52,13,baseline,1,,,,no policy intervention
baseline,53,13,baseline,1,,,,no policy intervention
baseline,54,13,baseline,1,,,,no policy intervention
baseline,55,13,baseline,1,,,,no policy intervention
baseline,56,13,baseline,1,,,,no policy intervention
baseline,57,13,baseline,1,,,,no policy intervention
baseline,58,13,baseline,1,,,,no policy intervention
baseline,59,13,baseline,1,,,,no policy intervention
baseline,60,13,baseline,1,,,,no policy intervention
baseline,61,13,baseline,1,,,,no policy intervention
baseline,62,13,baseline,1,,,,no policy intervention
baseline,63,13,baseline,1,,,,no policy intervention
baseline,64,13,baseline,1,,,,no policy intervention
baseline,65,13,baseline,1,,,,no policy intervention
baseline,66,13,baseline,1,,,,no policy intervention
baseline,67,13,baseline,1,,,,no policy intervention
baseline,68,13,baseline,1,,,,no policy intervention
baseline,69,13,baseline,1,,,,no policy intervention
baseline,70,13,baseline,1,,,,no policy intervention
baseline,71,13,baseline,1,,,,no policy intervention
baseline,72,13,baseline,1,,,,no policy intervention
baseline,73,13,baseline,1,,,,no policy intervention
baseline,74,13,baseline,1,,,,no policy intervention
baseline,75,13,baseline,1,,,,no policy intervention
baseline,76,13,baseline,1,,,,no policy intervention
baseline,77,13,baseline,1,,,,no policy intervention
baseline,78,13,baseline,1,,,,no policy intervention
baseline,79,13,baseline,1,,,,no policy intervention
baseline,80,13,baseline,1,,,,no policy intervention
baseline,81,13,baseline,1,,,,no policy intervention
baseline,82,13,baseline,1,,,,no policy intervention
baseline,83,13,baseline,1,,,,no policy intervention
baseline,84,13,baseline,1,,,,no policy intervention
baseline,85,13,baseline,1,,,,no policy intervention
baseline,86,13,baseline,1,,,,no policy intervention
baseline,87,13,baseline,1,,,,no policy intervention
baseline,88,13,baseline,1,,,,no policy intervention
baseline,89,13,baseline,1,,,,no policy intervention
baseline,90,13,baseline,1,,,,no policy intervention
baseline,91,13,baseline,1,,,,no policy intervention
baseline,92,13,baseline,1,,,,no policy intervention
baseline,93,13,baseline,1,,,,no policy intervention
baseline,94,13,baseline,1,,,,no policy intervention
baseline,95,13,baseline,1,,,,no policy intervention
baseline,96,13,baseline,1,,,,no policy intervention
baseline,97,13,baseline,1,,,,no policy intervention
baseline,98,13,baseline,1,,,,no policy intervention
baseline,99,13,baseline,1,,,,no policy intervention
baseline,100,13,baseline,1,,,,no policy intervention
baseline,101,13,baseline,1,,,,no policy intervention
baseline,102,13,baseline,1,,,,no policy intervention
baseline,103,13,baseline,1,,,,no policy intervention
baseline,104,13,baseline,1,,,,no policy intervention
baseline,105,13,baseline,1,,,,no policy intervention
baseline,106,13,baseline,1,,,,no policy intervention
baseline,107,13,baseline,1,,,,no policy intervention
baseline,108,13,baseline,1,,,,no policy intervention
baseline,109,13,baseline,1,,,,no policy intervention
baseline,110,13,baseline,1,,,,no policy intervention
baseline,111,13,baseline,1,,,,no policy intervention
baseline,112,13,baseline,1,,,,no policy intervention
baseline,113,13,baseline,1,,,,no policy intervention
baseline,114,13,baseline,1,,,,no policy intervention
baseline,115,13,baseline,1,,,,no policy intervention
baseline,116,13,baseline,1,,,,no policy intervention
baseline,117,13,baseline,1,,,,no policy intervention
baseline,118,13,baseline,1,,,,no policy intervention
baseline,119,13,baseline,1,,,,no policy intervention
baseline,120,13,baseline,1,,,,no policy intervention
baseline,121,13,baseline,1,,,,no policy intervention
baseline,122,13,baseline,1,,,,no policy intervention
baseline,123,13,baseline,1,,,,no policy intervention
baseline,124,13,baseline,1,,,,no policy intervention
baseline,125,13,baseline,1,,,,no policy intervention
baseline,126,13,baseline,1,,,,no policy intervention
baseline,127,13,baseline,1,,,,no policy intervention
baseline,128,13,baseline,1,,,,no policy intervention
baseline,129,13,baseline,1,,,,no policy intervention
baseline,130,13,baseline,1,,,,no policy intervention
baseline,131,13,baseline,1,,,,no policy intervention
baseline,132,13,baseline,1,,,,no policy intervention
baseline,133,13,baseline,1,,,,no policy intervention
baseline,134,13,baseline,1,,,,no policy intervention
baseline,135,13,baseline,1,,,,no policy intervention
baseline,136,13,baseline,1,,,,no policy intervention
baseline,137,13,baseline,1,,,,no policy intervention
baseline,138,13,baseline,1,,,,no policy intervention
baseline,139,13,baseline,1,,,,no policy intervention
baseline,140,13,baseline,1,,,,no policy intervention
baseline,141,13,baseline,1,,,,no policy intervention
baseline,142,13,baseline,1,,,,no policy intervention
baseline,143,13,baseline,1,,,,no policy intervention
baseline,144,13,baseline,1,,,,no policy intervention
baseline,145,13,baseline,1,,,,no policy intervention
baseline,146,13,baseline,1,,,,no policy intervention
baseline,147,13,baseline,1,,,,no policy intervention
baseline,148,13,baseline,1,,,,no policy intervention
baseline,149,13,baseline,1,,,,no policy intervention
baseline,150,13,baseline,1,,,,no policy intervention
baseline,151,13,baseline,1,,,,no policy intervention
baseline,152,13,baseline,1,,,,no policy intervention
baseline,153,13,baseline,1,,,,no policy intervention
baseline,154,13,baseline,1,,,,no policy intervention
baseline,155,13,baseline,1,,,,no policy intervention
baseline,156,13,baseline,1,,,,no policy intervention
baseline,157,13,baseline,1,,,,no policy intervention
baseline,158,13,baseline,1,,,,no policy intervention
baseline,159,13,baseline,1,,,,no policy intervention
baseline,160,13,baseline,1,,,,no policy intervention
baseline,161,13,baseline,1,,,,no policy intervention
baseline,162,13,baseline,1,,,,no policy intervention
baseline,163,13,baseline,1,,,,no policy intervention
baseline,164,13,baseline,1,,,,no policy intervention
baseline,165,13,baseline,1,,,,no policy intervention
baseline,166,13,baseline,1,,,,no policy intervention
baseline,167,13,baseline,1,,,,no policy intervention
baseline,168,13,baseline,1,,,,no policy intervention
baseline,169,13,baseline,1,,,,no policy intervention
baseline,170,13,baseline,1,,,,no policy intervention
baseline,171,13,baseline,1,,,,no policy intervention
baseline,172,13,baseline,1,,,,no policy intervention
baseline,173,13,baseline,1,,,,no policy intervention
baseline,174,13,baseline,1,,,,no policy intervention
baseline,175,13,baseline,1,,,,no policy intervention
baseline,176,13,baseline,1,,,,no policy intervention
baseline,177,13,baseline,1,,,,no policy intervention
baseline,178,13,baseline,1,,,,no policy intervention
baseline,179,13,baseline,1,,,,no policy intervention
baseline,180,13,baseline,1,,,,no policy intervention
baseline,181,13,baseline,1,,,,no policy intervention
baseline,182,13,baseline,1,,,,no policy intervention
baseline,183,13,baseline,1,,,,no policy intervention
baseline,184,13,baseline,1,,,,no policy intervention
baseline,185,13,baseline,1,,,,no policy intervention
baseline,186,13,baseline,1,,,,no policy intervention
baseline,187,13,baseline,1,,,,no policy intervention
baseline,188,13,baseline,1,,,,no policy intervention
baseline,189,13,baseline,1,,,,no policy intervention
baseline,190,13,baseline,1,,,,no policy intervention
baseline,191,13,baseline,1,,,,no policy intervention
baseline,192,13,baseline,1,,,,no policy intervention
baseline,193,13,baseline,1,,,,no policy intervention
baseline,194,13,baseline,1,,,,no policy intervention
baseline,195,13,baseline,1,,,,no policy intervention
baseline,196,13,baseline,1,,,,no policy intervention
baseline,197,13,baseline,1,,,,no policy intervention
baseline,198,13,baseline,1,,,,no policy intervention
baseline,199,13,baseline,1,,,,no policy intervention
baseline,200,13,baseline,1,,,,no policy intervention
baseline,201,13,baseline,1,,,,no policy intervention
baseline,202,13,baseline,1,,,,no policy intervention
baseline,203,13,baseline,1,,,,no policy intervention
baseline,204,13,baseline,1,,,,no policy intervention
baseline,205,13,baseline,1,,,,no policy intervention
baseline,206,13,baseline,1,,,,no policy intervention
baseline,207,13,baseline,1,,,,no policy intervention
baseline,208,13,baseline,1,,,,no policy intervention
baseline,209,13,baseline,1,,,,no policy intervention
baseline,210,13,baseline,1,,,,no policy intervention
baseline,211,13,baseline,1,,,,no policy intervention
baseline,212,13,baseline,1,,,,no policy intervention
baseline,213,13,baseline,1,,,,no policy intervention
baseline,214,13,baseline,1,,,,no policy intervention
baseline,215,13,baseline,1,,,,no policy intervention
baseline,216,13,baseline,1,,,,no policy intervention
baseline,217,13,baseline,1,,,,no policy intervention
baseline,218,13,baseline,1,,,,no policy intervention
baseline,219,13,baseline,1,,,,no policy intervention
baseline,220,13,baseline,1,,,,no policy intervention
baseline,221,13,baseline,1,,,,no policy intervention
baseline,222,13,baseline,1,,,,no policy intervention
baseline,223,13,baseline,1,,,,no policy intervention
baseline,224,13,baseline,1,,,,no policy intervention
baseline,225,13,baseline,1,,,,no policy intervention
baseline,226,13,baseline,1,,,,no policy intervention
baseline,227,13,baseline,1,,,,no policy intervention
baseline,228,13,baseline,1,,,,no policy intervention
baseline,229,13,baseline,1,,,,no policy intervention
baseline,230,13,baseline,1,,,,no policy intervention
baseline,231,13,baseline,1,,,,no policy intervention
baseline,232,13,baseline,1,,,,no policy intervention
baseline,233,13,baseline,1,,,,no policy intervention
baseline,234,13,baseline,1,,,,no policy intervention
baseline,235,13,baseline,1,,,,no policy intervention
baseline,236,13,baseline,1,,,,no policy intervention
baseline,237,13,baseline,1,,,,no policy intervention
baseline,238,13,baseline,1,,,,no policy intervention
baseline,239,13,baseline,1,,,,no policy intervention
baseline,0,14,baseline,1,,,,no policy intervention
baseline,1,14,baseline,1,,,,no policy intervention
baseline,2,14,baseline,1,,,,no policy intervention
baseline,3,14,baseline,1,,,,no policy intervention
baseline,4,14,baseline,1,,,,no policy intervention
baseline,5,14,baseline,1,,,,no policy intervention
baseline,6,14,baseline,1,,,,no policy intervention
baseline,7,14,baseline,1,,,,no policy intervention
baseline,8,14,baseline,1,,,,no policy intervention
baseline,9,14,baseline,1,,,,no policy intervention
baseline,10,14,baseline,1,,,,no policy intervention
baseline,11,14,baseline,1,,,,no policy intervention
baseline,12,14,baseline,1,,,,no policy intervention
baseline,13,14,baseline,1,,,,no policy intervention
baseline,14,14,baseline,1,,,,no policy intervention
baseline,15,14,baseline,1,,,,no policy intervention
baseline,16,14,baseline,1,,,,no policy intervention
baseline,17,14,baseline,1,,,,no policy intervention
baseline,18,14,baseline,1,,,,no policy intervention
baseline,19,14,baseline,1,,,,no policy intervention
baseline,20,14,baseline,1,,,,no policy intervention
baseline,21,14,baseline,1,,,,no policy intervention
baseline,22,14,baseline,1,,,,no policy intervention
baseline,23,14,baseline,1,,,,no policy intervention
baseline,24,14,baseline,1,,,,no policy intervention
baseline,25,14,baseline,1,,,,no policy intervention
baseline,26,14,baseline,1,,,,no policy intervention
baseline,27,14,baseline,1,,,,no policy intervention
baseline,28,14,baseline,1,,,,no policy intervention
baseline,29,14,baseline,1,,,,no policy intervention
baseline,30,14,baseline,1,,,,no policy intervention
baseline,31,14,baseline,1,,,,no policy intervention
baseline,32,14,baseline,1,,,,no policy intervention
baseline,33,14,baseline,1,,,,no policy intervention
baseline,34,14,baseline,1,,,,no policy intervention
baseline,35,14,baseline,1,,,,no policy intervention
baseline,36,14,baseline,1,,,,no policy intervention
baseline,37,14,baseline,1,,,,no policy intervention
baseline,38,14,baseline,1,,,,no policy intervention
baseline,39,14,baseline,1,,,,no policy intervention
baseline,40,14,baseline,1,,,,no policy intervention
baseline,41,14,baseline,1,,,,no policy intervention
baseline,42,14,baseline,1,,,,no policy intervention
baseline,43,14,baseline,1,,,,no policy intervention
baseline,44,14,baseline,1,,,,no policy intervention
baseline,45,14,baseline,1,,,,no policy intervention
baseline,46,14,baseline,1,,,,no policy intervention
baseline,47,14,baseline,1,,,,no policy intervention
baseline,48,14,baseline,1,,,,no policy intervention
baseline,49,14,baseline,1,,,,no policy intervention
baseline,50,14,baseline,1,,,,no policy intervention
baseline,51,14,baseline,1,,,,no policy intervention
baseline,52,14,baseline,1,,,,no policy intervention
baseline,53,14,baseline,1,,,,no policy intervention
baseline,54,14,baseline,1,,,,no policy intervention
baseline,55,14,baseline,1,,,,no policy intervention
baseline,56,14,baseline,1,,,,no policy intervention
baseline,57,14,baseline,1,,,,no policy intervention
baseline,58,14,baseline,1,,,,no policy intervention
baseline,59,14,baseline,1,,,,no policy intervention
baseline,60,14,baseline,1,,,,no policy intervention
baseline,61,14,baseline,1,,,,no policy intervention
baseline,62,14,baseline,1,,,,no policy intervention
baseline,63,14,baseline,1,,,,no policy intervention
baseline,64,14,baseline,1,,,,no policy intervention
baseline,65,14,baseline,1,,,,no policy intervention
baseline,66,14,baseline,1,,,,no policy intervention
baseline,67,14,baseline,1,,,,no policy intervention
baseline,68,14,baseline,1,,,,no policy intervention
baseline,69,14,baseline,1,,,,no policy intervention
baseline,70,14,baseline,1,,,,no policy intervention
baseline,71,14,baseline,1,,,,no policy intervention
baseline,72,14,baseline,1,,,,no policy intervention
baseline,73,14,baseline,1,,,,no policy intervention
baseline,74,14,baseline,1,,,,no policy intervention
baseline,75,14,baseline,1,,,,no policy intervention
baseline,76,14,baseline,1,,,,no policy intervention
baseline,77,14,baseline,1,,,,no policy intervention
baseline,78,14,baseline,1,,,,no policy intervention
baseline,79,14,baseline,1,,,,no policy intervention
baseline,80,14,baseline,1,,,,no policy intervention
baseline,81,14,baseline,1,,,,no policy intervention
baseline,82,14,baseline,1,,,,no policy intervention
baseline,83,14,baseline,1,,,,no policy intervention
baseline,84,14,baseline,1,,,,no policy intervention
baseline,85,14,baseline,1,,,,no policy intervention
baseline,86,14,baseline,1,,,,no policy intervention
baseline,87,14,baseline,1,,,,no policy intervention
baseline,88,14,baseline,1,,,,no policy intervention
baseline,89,14,baseline,1,,,,no policy intervention
baseline,90,14,baseline,1,,,,no policy intervention
baseline,91,14,baseline,1,,,,no policy intervention
baseline,92,14,baseline,1,,,,no policy intervention
baseline,93,14,baseline,1,,,,no policy intervention
baseline,94,14,baseline,1,,,,no policy intervention
baseline,95,14,baseline,1,,,,no policy intervention
baseline,96,14,baseline,1,,,,no policy intervention
baseline,97,14,baseline,1,,,,no policy intervention
baseline,98,14,baseline,1,,,,no policy intervention
baseline,99,14,baseline,1,,,,no policy intervention
baseline,100,14,baseline,1,,,,no policy intervention
baseline,101,14,baseline,1,,,,no policy intervention
baseline,102,14,baseline,1,,,,no policy intervention
baseline,103,14,baseline,1,,,,no policy intervention
baseline,104,14,baseline,1,,,,no policy intervention
baseline,105,14,baseline,1,,,,no policy intervention
baseline,106,14,baseline,1,,,,no policy intervention
baseline,107,14,baseline,1,,,,no policy intervention
baseline,108,14,baseline,1,,,,no policy intervention
baseline,109,14,baseline,1,,,,no policy intervention
baseline,110,14,baseline,1,,,,no policy intervention
baseline,111,14,baseline,1,,,,no policy intervention
baseline,112,14,baseline,1,,,,no policy intervention
baseline,113,14,baseline,1,,,,no policy intervention
baseline,114,14,baseline,1,,,,no policy intervention
baseline,115,14,baseline,1,,,,no policy intervention
baseline,116,14,baseline,1,,,,no policy intervention
baseline,117,14,baseline,1,,,,no policy intervention
baseline,118,14,baseline,1,,,,no policy intervention
baseline,119,14,baseline,1,,,,no policy intervention
baseline,120,14,baseline,1,,,,no policy intervention
baseline,121,14,baseline,1,,,,no policy intervention
baseline,122,14,baseline,1,,,,no policy intervention
baseline,123,14,baseline,1,,,,no policy intervention
baseline,124,14,baseline,1,,,,no policy intervention
baseline,125,14,baseline,1,,,,no policy intervention
baseline,126,14,baseline,1,,,,no policy intervention
baseline,127,14,baseline,1,,,,no policy intervention
baseline,128,14,baseline,1,,,,no policy intervention
baseline,129,14,baseline,1,,,,no policy intervention
baseline,130,14,baseline,1,,,,no policy intervention
baseline,131,14,baseline,1,,,,no policy intervention
baseline,132,14,baseline,1,,,,no policy intervention
baseline,133,14,baseline,1,,,,no policy intervention
baseline,134,14,baseline,1,,,,no policy intervention
baseline,135,14,baseline,1,,,,no policy intervention
baseline,136,14,baseline,1,,,,no policy intervention
baseline,137,14,baseline,1,,,,no policy intervention
baseline,138,14,baseline,1,,,,no policy intervention
baseline,139,14,baseline,1,,,,no policy intervention
baseline,140,14,baseline,1,,,,no policy intervention
baseline,141,14,baseline,1,,,,no policy intervention
baseline,142,14,baseline,1,,,,no policy intervention
baseline,143,14,baseline,1,,,,no policy intervention
baseline,144,14,baseline,1,,,,no policy intervention
baseline,145,14,baseline,1,,,,no policy intervention
baseline,146,14,baseline,1,,,,no policy intervention
baseline,147,14,baseline,1,,,,no policy intervention
baseline,148,14,baseline,1,,,,no policy intervention
baseline,149,14,baseline,1,,,,no policy intervention
baseline,150,14,baseline,1,,,,no policy intervention
baseline,151,14,baseline,1,,,,no policy intervention
baseline,152,14,baseline,1,,,,no policy intervention
baseline,153,14,baseline,1,,,,no policy intervention
baseline,154,14,baseline,1,,,,no policy intervention
baseline,155,14,baseline,1,,,,no policy intervention
baseline,156,14,baseline,1,,,,no policy intervention
baseline,157,14,baseline,1,,,,no policy intervention
baseline,158,14,baseline,1,,,,no policy intervention
baseline,159,14,baseline,1,,,,no policy intervention
baseline,160,14,baseline,1,,,,no policy intervention
baseline,161,14,baseline,1,,,,no policy intervention
baseline,162,14,baseline,1,,,,no policy intervention
baseline,163,14,baseline,1,,,,no policy intervention
baseline,164,14,baseline,1,,,,no policy intervention
baseline,165,14,baseline,1,,,,no policy intervention
baseline,166,14,baseline,1,,,,no policy intervention
baseline,167,14,baseline,1,,,,no policy intervention
baseline,168,14,baseline,1,,,,no policy intervention
baseline,169,14,baseline,1,,,,no policy intervention
baseline,170,14,baseline,1,,,,no policy intervention
baseline,171,14,baseline,1,,,,no policy intervention
baseline,172,14,baseline,1,,,,no policy intervention
baseline,173,14,baseline,1,,,,no policy intervention
baseline,174,14,baseline,1,,,,no policy intervention
baseline,175,14,baseline,1,,,,no policy intervention
baseline,176,14,baseline,1,,,,no policy intervention
baseline,177,14,baseline,1,,,,no policy intervention
baseline,178,14,baseline,1,,,,no policy intervention
baseline,179,14,baseline,1,,,,no policy intervention
baseline,180,14,baseline,1,,,,no policy intervention
baseline,181,14,baseline,1,,,,no policy intervention
baseline,182,14,baseline,1,,,,no policy intervention
baseline,183,14,baseline,1,,,,no policy intervention
baseline,184,14,baseline,1,,,,no policy intervention
baseline,185,14,baseline,1,,,,no policy intervention
baseline,186,14,baseline,1,,,,no policy intervention
baseline,187,14,baseline,1,,,,no policy intervention
baseline,188,14,baseline,1,,,,no policy intervention
baseline,189,14,baseline,1,,,,no policy intervention
baseline,190,14,baseline,1,,,,no policy intervention
baseline,191,14,baseline,1,,,,no policy intervention
baseline,192,14,baseline,1,,,,no policy intervention
baseline,193,14,baseline,1,,,,no policy intervention
baseline,194,14,baseline,1,,,,no policy intervention
baseline,195,14,baseline,1,,,,no policy intervention
baseline,196,14,baseline,1,,,,no policy intervention
baseline,197,14,baseline,1,,,,no policy intervention
baseline,198,14,baseline,1,,,,no policy intervention
baseline,199,14,baseline,1,,,,no policy intervention
baseline,200,14,baseline,1,,,,no policy intervention
baseline,201,14,baseline,1,,,,no policy intervention
baseline,202,14,baseline,1,,,,no policy intervention
baseline,203,14,baseline,1,,,,no policy intervention
baseline,204,14,baseline,1,,,,no policy intervention
baseline,205,14,baseline,1,,,,no policy intervention
baseline,206,14,baseline,1,,,,no policy intervention
baseline,207,14,baseline,1,,,,no policy intervention
baseline,208,14,baseline,1,,,,no policy intervention
baseline,209,14,baseline,1,,,,no policy intervention
baseline,210,14,baseline,1,,,,no policy intervention
baseline,211,14,baseline,1,,,,no policy intervention
baseline,212,14,baseline,1,,,,no policy intervention
baseline,213,14,baseline,1,,,,no policy intervention
baseline,214,14,baseline,1,,,,no policy intervention
baseline,215,14,baseline,1,,,,no policy intervention
baseline,216,14,baseline,1,,,,no policy intervention
baseline,217,14,baseline,1,,,,no policy intervention
baseline,218,14,baseline,1,,,,no policy intervention
baseline,219,14,baseline,1,,,,no policy intervention
baseline,220,14,baseline,1,,,,no policy intervention
baseline,221,14,baseline,1,,,,no policy intervention
baseline,222,14,baseline,1,,,,no policy intervention
baseline,223,14,baseline,1,,,,no policy intervention
baseline,224,14,baseline,1,,,,no policy intervention
baseline,225,14,baseline,1,,,,no policy intervention
baseline,226,14,baseline,1,,,,no policy intervention
baseline,227,14,baseline,1,,,,no policy intervention
baseline,228,14,baseline,1,,,,no policy intervention
baseline,229,14,baseline,1,,,,no policy intervention
baseline,230,14,baseline,1,,,,no policy intervention
baseline,231,14,baseline,1,,,,no policy intervention
baseline,232,14,baseline,1,,,,no policy intervention
baseline,233,14,baseline,1,,,,no policy intervention
baseline,234,14,baseline,1,,,,no policy intervention
baseline,235,14,baseline,1,,,,no policy intervention
baseline,236,14,baseline,1,,,,no policy intervention
baseline,237,14,baseline,1,,,,no policy intervention
baseline,238,14,baseline,1,,,,no policy intervention
baseline,239,14,baseline,1,,,,no policy intervention
baseline,0,15,baseline,1,,,,no policy intervention
baseline,1,15,baseline,1,,,,no policy intervention
baseline,2,15,baseline,1,,,,no policy intervention
baseline,3,15,baseline,1,,,,no policy intervention
baseline,4,15,baseline,1,,,,no policy intervention
baseline,5,15,baseline,1,,,,no policy intervention
baseline,6,15,baseline,1,,,,no policy intervention
baseline,7,15,baseline,1,,,,no policy intervention
baseline,8,15,baseline,1,,,,no policy intervention
baseline,9,15,baseline,1,,,,no policy intervention
baseline,10,15,baseline,1,,,,no policy intervention
baseline,11,15,baseline,1,,,,no policy intervention
baseline,12,15,baseline,1,,,,no policy intervention
baseline,13,15,baseline,1,,,,no policy intervention
baseline,14,15,baseline,1,,,,no policy intervention
baseline,15,15,baseline,1,,,,no policy intervention
baseline,16,15,baseline,1,,,,no policy intervention
baseline,17,15,baseline,1,,,,no policy intervention
baseline,18,15,baseline,1,,,,no policy intervention
baseline,19,15,baseline,1,,,,no policy intervention
baseline,20,15,baseline,1,,,,no policy intervention
baseline,21,15,baseline,1,,,,no policy intervention
baseline,22,15,baseline,1,,,,no policy intervention
baseline,23,15,baseline,1,,,,no policy intervention
baseline,24,15,baseline,1,,,,no policy intervention
baseline,25,15,baseline,1,,,,no policy intervention
baseline,26,15,baseline,1,,,,no policy intervention
baseline,27,15,baseline,1,,,,no policy intervention
baseline,28,15,baseline,1,,,,no policy intervention
baseline,29,15,baseline,1,,,,no policy intervention
baseline,30,15,baseline,1,,,,no policy intervention
baseline,31,15,baseline,1,,,,no policy intervention
baseline,32,15,baseline,1,,,,no policy intervention
baseline,33,15,baseline,1,,,,no policy intervention
baseline,34,15,baseline,1,,,,no policy intervention
baseline,35,15,baseline,1,,,,no policy intervention
baseline,36,15,baseline,1,,,,no policy intervention
baseline,37,15,baseline,1,,,,no policy intervention
baseline,38,15,baseline,1,,,,no policy intervention
baseline,39,15,baseline,1,,,,no policy intervention
baseline,40,15,baseline,1,,,,no policy intervention
baseline,41,15,baseline,1,,,,no policy intervention
baseline,42,15,baseline,1,,,,no policy intervention
baseline,43,15,baseline,1,,,,no policy intervention
baseline,44,15,baseline,1,,,,no policy intervention
baseline,45,15,baseline,1,,,,no policy intervention
baseline,46,15,baseline,1,,,,no policy intervention
baseline,47,15,baseline,1,,,,no policy intervention
baseline,48,15,baseline,1,,,,no policy intervention
baseline,49,15,baseline,1,,,,no policy intervention
baseline,50,15,baseline,1,,,,no policy intervention
baseline,51,15,baseline,1,,,,no policy intervention
baseline,52,15,baseline,1,,,,no policy intervention
baseline,53,15,baseline,1,,,,no policy intervention
baseline,54,15,baseline,1,,,,no policy intervention
baseline,55,15,baseline,1,,,,no policy intervention
baseline,56,15,baseline,1,,,,no policy intervention
baseline,57,15,baseline,1,,,,no policy intervention
baseline,58,15,baseline,1,,,,no policy intervention
baseline,59,15,baseline,1,,,,no policy intervention
baseline,60,15,baseline,1,,,,no policy intervention
baseline,61,15,baseline,1,,,,no policy intervention
baseline,62,15,baseline,1,,,,no policy intervention
baseline,63,15,baseline,1,,,,no policy intervention
baseline,64,15,baseline,1,,,,no policy intervention
baseline,65,15,baseline,1,,,,no policy intervention
baseline,66,15,baseline,1,,,,no policy intervention
baseline,67,15,baseline,1,,,,no policy intervention
baseline,68,15,baseline,1,,,,no policy intervention
baseline,69,15,baseline,1,,,,no policy intervention
baseline,70,15,baseline,1,,,,no policy intervention
baseline,71,15,baseline,1,,,,no policy intervention
baseline,72,15,baseline,1,,,,no policy intervention
baseline,73,15,baseline,1,,,,no policy intervention
baseline,74,15,baseline,1,,,,no policy intervention
baseline,75,15,baseline,1,,,,no policy intervention
baseline,76,15,baseline,1,,,,no policy intervention
baseline,77,15,baseline,1,,,,no policy intervention
baseline,78,15,baseline,1,,,,no policy intervention
baseline,79,15,baseline,1,,,,no policy intervention
baseline,80,15,baseline,1,,,,no policy intervention
baseline,81,15,baseline,1,,,,no policy intervention
baseline,82,15,baseline,1,,,,no policy intervention
baseline,83,15,baseline,1,,,,no policy intervention
baseline,84,15,baseline,1,,,,no policy intervention
baseline,85,15,baseline,1,,,,no policy intervention
baseline,86,15,baseline,1,,,,no policy intervention
baseline,87,15,baseline,1,,,,no policy intervention
baseline,88,15,baseline,1,,,,no policy intervention
baseline,89,15,baseline,1,,,,no policy intervention
baseline,90,15,baseline,1,,,,no policy intervention
baseline,91,15,baseline,1,,,,no policy intervention
baseline,92,15,baseline,1,,,,no policy intervention
baseline,93,15,baseline,1,,,,no policy intervention
baseline,94,15,baseline,1,,,,no policy intervention
baseline,95,15,baseline,1,,,,no policy intervention
baseline,96,15,baseline,1,,,,no policy intervention
baseline,97,15,baseline,1,,,,no policy intervention
baseline,98,15,baseline,1,,,,no policy intervention
baseline,99,15,baseline,1,,,,no policy intervention
baseline,100,15,baseline,1,,,,no policy intervention
baseline,101,15,baseline,1,,,,no policy intervention
baseline,102,15,baseline,1,,,,no policy intervention
baseline,103,15,baseline,1,,,,no policy intervention
baseline,104,15,baseline,1,,,,no policy intervention
baseline,105,15,baseline,1,,,,no policy intervention
baseline,106,15,baseline,1,,,,no policy intervention
baseline,107,15,baseline,1,,,,no policy intervention
baseline,108,15,baseline,1,,,,no policy intervention
baseline,109,15,baseline,1,,,,no policy intervention
baseline,110,15,baseline,1,,,,no policy intervention
baseline,111,15,baseline,1,,,,no policy intervention
baseline,112,15,baseline,1,,,,no policy intervention
baseline,113,15,baseline,1,,,,no policy intervention
baseline,114,15,baseline,1,,,,no policy intervention
baseline,115,15,baseline,1,,,,no policy intervention
baseline,116,15,baseline,1,,,,no policy intervention
baseline,117,15,baseline,1,,,,no policy intervention
baseline,118,15,baseline,1,,,,no policy intervention
baseline,119,15,baseline,1,,,,no policy intervention
baseline,120,15,baseline,1,,,,no policy intervention
baseline,121,15,baseline,1,,,,no policy intervention
baseline,122,15,baseline,1,,,,no policy intervention
baseline,123,15,baseline,1,,,,no policy intervention
baseline,124,15,baseline,1,,,,no policy intervention
baseline,125,15,baseline,1,,,,no policy intervention
baseline,126,15,baseline,1,,,,no policy intervention
baseline,127,15,baseline,1,,,,no policy intervention
baseline,128,15,baseline,1,,,,no policy intervention
baseline,129,15,baseline,1,,,,no policy intervention
baseline,130,15,baseline,1,,,,no policy intervention
baseline,131,15,baseline,1,,,,no policy intervention
baseline,132,15,baseline,1,,,,no policy intervention
baseline,133,15,baseline,1,,,,no policy intervention
baseline,134,15,baseline,1,,,,no policy intervention
baseline,135,15,baseline,1,,,,no policy intervention
baseline,136,15,baseline,1,,,,no policy intervention
baseline,137,15,baseline,1,,,,no policy intervention
baseline,138,15,baseline,1,,,,no policy intervention
baseline,139,15,baseline,1,,,,no policy intervention
baseline,140,15,baseline,1,,,,no policy intervention
baseline,141,15,baseline,1,,,,no policy intervention
baseline,142,15,baseline,1,,,,no policy intervention
baseline,143,15,baseline,1,,,,no policy intervention
baseline,144,15,baseline,1,,,,no policy intervention
baseline,145,15,baseline,1,,,,no policy intervention
baseline,146,15,baseline,1,,,,no policy intervention
baseline,147,15,baseline,1,,,,no policy intervention
baseline,148,15,baseline,1,,,,no policy intervention
baseline,149,15,baseline,1,,,,no policy intervention
baseline,150,15,baseline,1,,,,no policy intervention
baseline,151,15,baseline,1,,,,no policy intervention
baseline,152,15,baseline,1,,,,no policy intervention
baseline,153,15,baseline,1,,,,no policy intervention
baseline,154,15,baseline,1,,,,no policy intervention
baseline,155,15,baseline,1,,,,no policy intervention
baseline,156,15,baseline,1,,,,no policy intervention
baseline,157,15,baseline,1,,,,no policy intervention
baseline,158,15,baseline,1,,,,no policy intervention
baseline,159,15,baseline,1,,,,no policy intervention
baseline,160,15,baseline,1,,,,no policy intervention
baseline,161,15,baseline,1,,,,no policy intervention
baseline,162,15,baseline,1,,,,no policy intervention
baseline,163,15,baseline,1,,,,no policy intervention
baseline,164,15,baseline,1,,,,no policy intervention
baseline,165,15,baseline,1,,,,no policy intervention
baseline,166,15,baseline,1,,,,no policy intervention
baseline,167,15,baseline,1,,,,no policy intervention
baseline,168,15,baseline,1,,,,no policy intervention
baseline,169,15,baseline,1,,,,no policy intervention
baseline,170,15,baseline,1,,,,no policy intervention
baseline,171,15,baseline,1,,,,no policy intervention
baseline,172,15,baseline,1,,,,no policy intervention
baseline,173,15,baseline,1,,,,no policy intervention
baseline,174,15,baseline,1,,,,no policy intervention
baseline,175,15,baseline,1,,,,no policy intervention
baseline,176,15,baseline,1,,,,no policy intervention
baseline,177,15,baseline,1,,,,no policy intervention
baseline,178,15,baseline,1,,,,no policy intervention
baseline,179,15,baseline,1,,,,no policy intervention
baseline,180,15,baseline,1,,,,no policy intervention
baseline,181,15,baseline,1,,,,no policy intervention
baseline,182,15,baseline,1,,,,no policy intervention
baseline,183,15,baseline,1,,,,no policy intervention
baseline,184,15,baseline,1,,,,no policy intervention
baseline,185,15,baseline,1,,,,no policy intervention
baseline,186,15,baseline,1,,,,no policy intervention
baseline,187,15,baseline,1,,,,no policy intervention
baseline,188,15,baseline,1,,,,no policy intervention
baseline,189,15,baseline,1,,,,no policy intervention
baseline,190,15,baseline,1,,,,no policy intervention
baseline,191,15,baseline,1,,,,no policy intervention
baseline,192,15,baseline,1,,,,no policy intervention
baseline,193,15,baseline,1,,,,no policy intervention
baseline,194,15,baseline,1,,,,no policy intervention
baseline,195,15,baseline,1,,,,no policy intervention
baseline,196,15,baseline,1,,,,no policy intervention
baseline,197,15,baseline,1,,,,no policy intervention
baseline,198,15,baseline,1,,,,no policy intervention
baseline,199,15,baseline,1,,,,no policy intervention
baseline,200,15,baseline,1,,,,no policy intervention
baseline,201,15,baseline,1,,,,no policy intervention
baseline,202,15,baseline,1,,,,no policy intervention
baseline,203,15,baseline,1,,,,no policy intervention
baseline,204,15,baseline,1,,,,no policy intervention
baseline,205,15,baseline,1,,,,no policy intervention
baseline,206,15,baseline,1,,,,no policy intervention
baseline,207,15,baseline,1,,,,no policy intervention
baseline,208,15,baseline,1,,,,no policy intervention
baseline,209,15,baseline,1,,,,no policy intervention
baseline,210,15,baseline,1,,,,no policy intervention
baseline,211,15,baseline,1,,,,no policy intervention
baseline,212,15,baseline,1,,,,no policy intervention
baseline,213,15,baseline,1,,,,no policy intervention
baseline,214,15,baseline,1,,,,no policy intervention
baseline,215,15,baseline,1,,,,no policy intervention
baseline,216,15,baseline,1,,,,no policy intervention
baseline,217,15,baseline,1,,,,no policy intervention
baseline,218,15,baseline,1,,,,no policy intervention
baseline,219,15,baseline,1,,,,no policy intervention
baseline,220,15,baseline,1,,,,no policy intervention
baseline,221,15,baseline,1,,,,no policy intervention
baseline,222,15,baseline,1,,,,no policy intervention
baseline,223,15,baseline,1,,,,no policy intervention
baseline,224,15,baseline,1,,,,no policy intervention
baseline,225,15,baseline,1,,,,no policy intervention
baseline,226,15,baseline,1,,,,no policy intervention
baseline,227,15,baseline,1,,,,no policy intervention
baseline,228,15,baseline,1,,,,no policy intervention
baseline,229,15,baseline,1,,,,no policy intervention
baseline,230,15,baseline,1,,,,no policy intervention
baseline,231,15,baseline,1,,,,no policy intervention
baseline,232,15,baseline,1,,,,no policy intervention
baseline,233,15,baseline,1,,,,no policy intervention
baseline,234,15,baseline,1,,,,no policy intervention
baseline,235,15,baseline,1,,,,no policy intervention
baseline,236,15,baseline,1,,,,no policy intervention
baseline,237,15,baseline,1,,,,no policy intervention
baseline,238,15,baseline,1,,,,no policy intervention
baseline,239,15,baseline,1,,,,no policy intervention
baseline,0,16,baseline,1,,,,no policy intervention
baseline,1,16,baseline,1,,,,no policy intervention
baseline,2,16,baseline,1,,,,no policy intervention
baseline,3,16,baseline,1,,,,no policy intervention
baseline,4,16,baseline,1,,,,no policy intervention
baseline,5,16,baseline,1,,,,no policy intervention
baseline,6,16,baseline,1,,,,no policy intervention
baseline,7,16,baseline,1,,,,no policy intervention
baseline,8,16,baseline,1,,,,no policy intervention
baseline,9,16,baseline,1,,,,no policy intervention
baseline,10,16,baseline,1,,,,no policy intervention
baseline,11,16,baseline,1,,,,no policy intervention
baseline,12,16,baseline,1,,,,no policy intervention
baseline,13,16,baseline,1,,,,no policy intervention
baseline,14,16,baseline,1,,,,no policy intervention
baseline,15,16,baseline,1,,,,no policy intervention
baseline,16,16,baseline,1,,,,no policy intervention
baseline,17,16,baseline,1,,,,no policy intervention
baseline,18,16,baseline,1,,,,no policy intervention
baseline,19,16,baseline,1,,,,no policy intervention
baseline,20,16,baseline,1,,,,no policy intervention
baseline,21,16,baseline,1,,,,no policy intervention
baseline,22,16,baseline,1,,,,no policy intervention
baseline,23,16,baseline,1,,,,no policy intervention
baseline,24,16,baseline,1,,,,no policy intervention
baseline,25,16,baseline,1,,,,no policy intervention
baseline,26,16,baseline,1,,,,no policy intervention
baseline,27,16,baseline,1,,,,no policy intervention
baseline,28,16,baseline,1,,,,no policy intervention
baseline,29,16,baseline,1,,,,no policy intervention
baseline,30,16,baseline,1,,,,no policy intervention
baseline,31,16,baseline,1,,,,no policy intervention
baseline,32,16,baseline,1,,,,no policy intervention
baseline,33,16,baseline,1,,,,no policy intervention
baseline,34,16,baseline,1,,,,no policy intervention
baseline,35,16,baseline,1,,,,no policy intervention
baseline,36,16,baseline,1,,,,no policy intervention
baseline,37,16,baseline,1,,,,no policy intervention
baseline,38,16,baseline,1,,,,no policy intervention
baseline,39,16,baseline,1,,,,no policy intervention
baseline,40,16,baseline,1,,,,no policy intervention
baseline,41,16,baseline,1,,,,no policy intervention
baseline,42,16,baseline,1,,,,no policy intervention
baseline,43,16,baseline,1,,,,no policy intervention
baseline,44,16,baseline,1,,,,no policy intervention
baseline,45,16,baseline,1,,,,no policy intervention
baseline,46,16,baseline,1,,,,no policy intervention
baseline,47,16,baseline,1,,,,no policy intervention
baseline,48,16,baseline,1,,,,no policy intervention
baseline,49,16,baseline,1,,,,no policy intervention
baseline,50,16,baseline,1,,,,no policy intervention
baseline,51,16,baseline,1,,,,no policy intervention
baseline,52,16,baseline,1,,,,no policy intervention
baseline,53,16,baseline,1,,,,no policy intervention
baseline,54,16,baseline,1,,,,no policy intervention
baseline,55,16,baseline,1,,,,no policy intervention
baseline,56,16,baseline,1,,,,no policy intervention
baseline,57,16,baseline,1,,,,no policy intervention
baseline,58,16,baseline,1,,,,no policy intervention
baseline,59,16,baseline,1,,,,no policy intervention
baseline,60,16,baseline,1,,,,no policy intervention
baseline,61,16,baseline,1,,,,no policy intervention
baseline,62,16,baseline,1,,,,no policy intervention
baseline,63,16,baseline,1,,,,no policy intervention
baseline,64,16,baseline,1,,,,no policy intervention
baseline,65,16,baseline,1,,,,no policy intervention
baseline,66,16,baseline,1,,,,no policy intervention
baseline,67,16,baseline,1,,,,no policy intervention
baseline,68,16,baseline,1,,,,no policy intervention
baseline,69,16,baseline,1,,,,no policy intervention
baseline,70,16,baseline,1,,,,no policy intervention
baseline,71,16,baseline,1,,,,no policy intervention
baseline,72,16,baseline,1,,,,no policy intervention
baseline,73,16,baseline,1,,,,no policy intervention
baseline,74,16,baseline,1,,,,no policy intervention
baseline,75,16,baseline,1,,,,no policy intervention
baseline,76,16,baseline,1,,,,no policy intervention
baseline,77,16,baseline,1,,,,no policy intervention
baseline,78,16,baseline,1,,,,no policy intervention
baseline,79,16,baseline,1,,,,no policy intervention
baseline,80,16,baseline,1,,,,no policy intervention
baseline,81,16,baseline,1,,,,no policy intervention
baseline,82,16,baseline,1,,,,no policy intervention
baseline,83,16,baseline,1,,,,no policy intervention
baseline,84,16,baseline,1,,,,no policy intervention
baseline,85,16,baseline,1,,,,no policy intervention
baseline,86,16,baseline,1,,,,no policy intervention
baseline,87,16,baseline,1,,,,no policy intervention
baseline,88,16,baseline,1,,,,no policy intervention
baseline,89,16,baseline,1,,,,no policy intervention
baseline,90,16,baseline,1,,,,no policy intervention
baseline,91,16,baseline,1,,,,no policy intervention
baseline,92,16,baseline,1,,,,no policy intervention
baseline,93,16,baseline,1,,,,no policy intervention
baseline,94,16,baseline,1,,,,no policy intervention
baseline,95,16,baseline,1,,,,no policy intervention
baseline,96,16,baseline,1,,,,no policy intervention
baseline,97,16,baseline,1,,,,no policy intervention
baseline,98,16,baseline,1,,,,no policy intervention
baseline,99,16,baseline,1,,,,no policy intervention
baseline,100,16,baseline,1,,,,no policy intervention
baseline,101,16,baseline,1,,,,no policy intervention
baseline,102,16,baseline,1,,,,no policy intervention
baseline,103,16,baseline,1,,,,no policy intervention
baseline,104,16,baseline,1,,,,no policy intervention
baseline,105,16,baseline,1,,,,no policy intervention
baseline,106,16,baseline,1,,,,no policy intervention
baseline,107,16,baseline,1,,,,no policy intervention
baseline,108,16,baseline,1,,,,no policy intervention
baseline,109,16,baseline,1,,,,no policy intervention
baseline,110,16,baseline,1,,,,no policy intervention
baseline,111,16,baseline,1,,,,no policy intervention
baseline,112,16,baseline,1,,,,no policy intervention
baseline,113,16,baseline,1,,,,no policy intervention
baseline,114,16,baseline,1,,,,no policy intervention
baseline,115,16,baseline,1,,,,no policy intervention
baseline,116,16,baseline,1,,,,no policy intervention
baseline,117,16,baseline,1,,,,no policy intervention
baseline,118,16,baseline,1,,,,no policy intervention
baseline,119,16,baseline,1,,,,no policy intervention
baseline,120,16,baseline,1,,,,no policy intervention
baseline,121,16,baseline,1,,,,no policy intervention
baseline,122,16,baseline,1,,,,no policy intervention
baseline,123,16,baseline,1,,,,no policy intervention
baseline,124,16,baseline,1,,,,no policy intervention
baseline,125,16,baseline,1,,,,no policy intervention
baseline,126,16,baseline,1,,,,no policy intervention
baseline,127,16,baseline,1,,,,no policy intervention
baseline,128,16,baseline,1,,,,no policy intervention
baseline,129,16,baseline,1,,,,no policy intervention
baseline,130,16,baseline,1,,,,no policy intervention
baseline,131,16,baseline,1,,,,no policy intervention
baseline,132,16,baseline,1,,,,no policy intervention
baseline,133,16,baseline,1,,,,no policy intervention
baseline,134,16,baseline,1,,,,no policy intervention
baseline,135,16,baseline,1,,,,no policy intervention
baseline,136,16,baseline,1,,,,no policy intervention
baseline,137,16,baseline,1,,,,no policy intervention
baseline,138,16,baseline,1,,,,no policy intervention
baseline,139,16,baseline,1,,,,no policy intervention
baseline,140,16,baseline,1,,,,no policy intervention
baseline,141,16,baseline,1,,,,no policy intervention
baseline,142,16,baseline,1,,,,no policy intervention
baseline,143,16,baseline,1,,,,no policy intervention
baseline,144,16,baseline,1,,,,no policy intervention
baseline,145,16,baseline,1,,,,no policy intervention
baseline,146,16,baseline,1,,,,no policy intervention
baseline,147,16,baseline,1,,,,no policy intervention
baseline,148,16,baseline,1,,,,no policy intervention
baseline,149,16,baseline,1,,,,no policy intervention
baseline,150,16,baseline,1,,,,no policy intervention
baseline,151,16,baseline,1,,,,no policy intervention
baseline,152,16,baseline,1,,,,no policy intervention
baseline,153,16,baseline,1,,,,no policy intervention
baseline,154,16,baseline,1,,,,no policy intervention
baseline,155,16,baseline,1,,,,no policy intervention
baseline,156,16,baseline,1,,,,no policy intervention
baseline,157,16,baseline,1,,,,no policy intervention
baseline,158,16,baseline,1,,,,no policy intervention
baseline,159,16,baseline,1,,,,no policy intervention
baseline,160,16,baseline,1,,,,no policy intervention
baseline,161,16,baseline,1,,,,no policy intervention
baseline,162,16,baseline,1,,,,no policy intervention
baseline,163,16,baseline,1,,,,no policy intervention
baseline,164,16,baseline,1,,,,no policy intervention
baseline,165,16,baseline,1,,,,no policy intervention
baseline,166,16,baseline,1,,,,no policy intervention
baseline,167,16,baseline,1,,,,no policy intervention
baseline,168,16,baseline,1,,,,no policy intervention
baseline,169,16,baseline,1,,,,no policy intervention
baseline,170,16,baseline,1,,,,no policy intervention
baseline,171,16,baseline,1,,,,no policy intervention
baseline,172,16,baseline,1,,,,no policy intervention
baseline,173,16,baseline,1,,,,no policy intervention
baseline,174,16,baseline,1,,,,no policy intervention
baseline,175,16,baseline,1,,,,no policy intervention
baseline,176,16,baseline,1,,,,no policy intervention
baseline,177,16,baseline,1,,,,no policy intervention
baseline,178,16,baseline,1,,,,no policy intervention
baseline,179,16,baseline,1,,,,no policy intervention
baseline,180,16,baseline,1,,,,no policy intervention
baseline,181,16,baseline,1,,,,no policy intervention
baseline,182,16,baseline,1,,,,no policy intervention
baseline,183,16,baseline,1,,,,no policy intervention
baseline,184,16,baseline,1,,,,no policy intervention
baseline,185,16,baseline,1,,,,no policy intervention
baseline,186,16,baseline,1,,,,no policy intervention
baseline,187,16,baseline,1,,,,no policy intervention
baseline,188,16,baseline,1,,,,no policy intervention
baseline,189,16,baseline,1,,,,no policy intervention
baseline,190,16,baseline,1,,,,no policy intervention
baseline,191,16,baseline,1,,,,no policy intervention
baseline,192,16,baseline,1,,,,no policy intervention
baseline,193,16,baseline,1,,,,no policy intervention
baseline,194,16,baseline,1,,,,no policy intervention
baseline,195,16,baseline,1,,,,no policy intervention
baseline,196,16,baseline,1,,,,no policy intervention
baseline,197,16,baseline,1,,,,no policy intervention
baseline,198,16,baseline,1,,,,no policy intervention
baseline,199,16,baseline,1,,,,no policy intervention
baseline,200,16,baseline,1,,,,no policy intervention
baseline,201,16,baseline,1,,,,no policy intervention
baseline,202,16,baseline,1,,,,no policy intervention
baseline,203,16,baseline,1,,,,no policy intervention
baseline,204,16,baseline,1,,,,no policy intervention
baseline,205,16,baseline,1,,,,no policy intervention
baseline,206,16,baseline,1,,,,no policy intervention
baseline,207,16,baseline,1,,,,no policy intervention
baseline,208,16,baseline,1,,,,no policy intervention
baseline,209,16,baseline,1,,,,no policy intervention
baseline,210,16,baseline,1,,,,no policy intervention
baseline,211,16,baseline,1,,,,no policy intervention
baseline,212,16,baseline,1,,,,no policy intervention
baseline,213,16,baseline,1,,,,no policy intervention
baseline,214,16,baseline,1,,,,no policy intervention
baseline,215,16,baseline,1,,,,no policy intervention
baseline,216,16,baseline,1,,,,no policy intervention
baseline,217,16,baseline,1,,,,no policy intervention
baseline,218,16,baseline,1,,,,no policy intervention
baseline,219,16,baseline,1,,,,no policy intervention
baseline,220,16,baseline,1,,,,no policy intervention
baseline,221,16,baseline,1,,,,no policy intervention
baseline,222,16,baseline,1,,,,no policy intervention
baseline,223,16,baseline,1,,,,no policy intervention
baseline,224,16,baseline,1,,,,no policy intervention
baseline,225,16,baseline,1,,,,no policy intervention
baseline,226,16,baseline,1,,,,no policy intervention
baseline,227,16,baseline,1,,,,no policy intervention
baseline,228,16,baseline,1,,,,no policy intervention
baseline,229,16,baseline,1,,,,no policy intervention
baseline,230,16,baseline,1,,,,no policy intervention
baseline,231,16,baseline,1,,,,no policy intervention
baseline,232,16,baseline,1,,,,no policy intervention
baseline,233,16,baseline,1,,,,no policy intervention
baseline,234,16,baseline,1,,,,no policy intervention
baseline,235,16,baseline,1,,,,no policy intervention
baseline,236,16,baseline,1,,,,no policy intervention
baseline,237,16,baseline,1,,,,no policy intervention
baseline,238,16,baseline,1,,,,no policy intervention
baseline,239,16,baseline,1,,,,no policy intervention
baseline,0,17,baseline,1,,,,no policy intervention
baseline,1,17,baseline,1,,,,no policy intervention
baseline,2,17,baseline,1,,,,no policy intervention
baseline,3,17,baseline,1,,,,no policy intervention
baseline,4,17,baseline,1,,,,no policy intervention
baseline,5,17,baseline,1,,,,no policy intervention
baseline,6,17,baseline,1,,,,no policy intervention
baseline,7,17,baseline,1,,,,no policy intervention
baseline,8,17,baseline,1,,,,no policy intervention
baseline,9,17,baseline,1,,,,no policy intervention
baseline,10,17,baseline,1,,,,no policy intervention
baseline,11,17,baseline,1,,,,no policy intervention
baseline,12,17,baseline,1,,,,no policy intervention
baseline,13,17,baseline,1,,,,no policy intervention
baseline,14,17,baseline,1,,,,no policy intervention
baseline,15,17,baseline,1,,,,no policy intervention
baseline,16,17,baseline,1,,,,no policy intervention
baseline,17,17,baseline,1,,,,no policy intervention
baseline,18,17,baseline,1,,,,no policy intervention
baseline,19,17,baseline,1,,,,no policy intervention
baseline,20,17,baseline,1,,,,no policy intervention
baseline,21,17,baseline,1,,,,no policy intervention
baseline,22,17,baseline,1,,,,no policy intervention
baseline,23,17,baseline,1,,,,no policy intervention
baseline,24,17,baseline,1,,,,no policy intervention
baseline,25,17,baseline,1,,,,no policy intervention
baseline,26,17,baseline,1,,,,no policy intervention
baseline,27,17,baseline,1,,,,no policy intervention
baseline,28,17,baseline,1,,,,no policy intervention
baseline,29,17,baseline,1,,,,no policy intervention
baseline,30,17,baseline,1,,,,no policy intervention
baseline,31,17,baseline,1,,,,no policy intervention
baseline,32,17,baseline,1,,,,no policy intervention
baseline,33,17,baseline,1,,,,no policy intervention
baseline,34,17,baseline,1,,,,no policy intervention
baseline,35,17,baseline,1,,,,no policy intervention
baseline,36,17,baseline,1,,,,no policy intervention
baseline,37,17,baseline,1,,,,no policy intervention
baseline,38,17,baseline,1,,,,no policy intervention
baseline,39,17,baseline,1,,,,no policy intervention
baseline,40,17,baseline,1,,,,no policy intervention
baseline,41,17,baseline,1,,,,no policy intervention
baseline,42,17,baseline,1,,,,no policy intervention
baseline,43,17,baseline,1,,,,no policy intervention
baseline,44,17,baseline,1,,,,no policy intervention
baseline,45,17,baseline,1,,,,no policy intervention
baseline,46,17,baseline,1,,,,no policy intervention
baseline,47,17,baseline,1,,,,no policy intervention
baseline,48,17,baseline,1,,,,no policy intervention
baseline,49,17,baseline,1,,,,no policy intervention
baseline,50,17,baseline,1,,,,no policy intervention
baseline,51,17,baseline,1,,,,no policy intervention
baseline,52,17,baseline,1,,,,no policy intervention
baseline,53,17,baseline,1,,,,no policy intervention
baseline,54,17,baseline,1,,,,no policy intervention
baseline,55,17,baseline,1,,,,no policy intervention
baseline,56,17,baseline,1,,,,no policy intervention
baseline,57,17,baseline,1,,,,no policy intervention
baseline,58,17,baseline,1,,,,no policy intervention
baseline,59,17,baseline,1,,,,no policy intervention
baseline,60,17,baseline,1,,,,no policy intervention
baseline,61,17,baseline,1,,,,no policy intervention
baseline,62,17,baseline,1,,,,no policy intervention
baseline,63,17,baseline,1,,,,no policy intervention
baseline,64,17,baseline,1,,,,no policy intervention
baseline,65,17,baseline,1,,,,no policy intervention
baseline,66,17,baseline,1,,,,no policy intervention
baseline,67,17,baseline,1,,,,no policy intervention
baseline,68,17,baseline,1,,,,no policy intervention
baseline,69,17,baseline,1,,,,no policy intervention
baseline,70,17,baseline,1,,,,no policy intervention
baseline,71,17,baseline,1,,,,no policy intervention
baseline,72,17,baseline,1,,,,no policy intervention
baseline,73,17,baseline,1,,,,no policy intervention
baseline,74,17,baseline,1,,,,no policy intervention
baseline,75,17,baseline,1,,,,no policy intervention
baseline,76,17,baseline,1,,,,no policy intervention
baseline,77,17,baseline,1,,,,no policy intervention
baseline,78,17,baseline,1,,,,no policy intervention
baseline,79,17,baseline,1,,,,no policy intervention
baseline,80,17,baseline,1,,,,no policy intervention
baseline,81,17,baseline,1,,,,no policy intervention
baseline,82,17,baseline,1,,,,no policy intervention
baseline,83,17,baseline,1,,,,no policy intervention
baseline,84,17,baseline,1,,,,no policy intervention
baseline,85,17,baseline,1,,,,no policy intervention
baseline,86,17,baseline,1,,,,no policy intervention
baseline,87,17,baseline,1,,,,no policy intervention
baseline,88,17,baseline,1,,,,no policy intervention
baseline,89,17,baseline,1,,,,no policy intervention
baseline,90,17,baseline,1,,,,no policy intervention
baseline,91,17,baseline,1,,,,no policy intervention
baseline,92,17,baseline,1,,,,no policy intervention
baseline,93,17,baseline,1,,,,no policy intervention
baseline,94,17,baseline,1,,,,no policy intervention
baseline,95,17,baseline,1,,,,no policy intervention
baseline,96,17,baseline,1,,,,no policy intervention
baseline,97,17,baseline,1,,,,no policy intervention
baseline,98,17,baseline,1,,,,no policy intervention
baseline,99,17,baseline,1,,,,no policy intervention
baseline,100,17,baseline,1,,,,no policy intervention
baseline,101,17,baseline,1,,,,no policy intervention
baseline,102,17,baseline,1,,,,no policy intervention
baseline,103,17,baseline,1,,,,no policy intervention
baseline,104,17,baseline,1,,,,no policy intervention
baseline,105,17,baseline,1,,,,no policy intervention
baseline,106,17,baseline,1,,,,no policy intervention
baseline,107,17,baseline,1,,,,no policy intervention
baseline,108,17,baseline,1,,,,no policy intervention
baseline,109,17,baseline,1,,,,no policy intervention
baseline,110,17,baseline,1,,,,no policy intervention
baseline,111,17,baseline,1,,,,no policy intervention
baseline,112,17,baseline,1,,,,no policy intervention
baseline,113,17,baseline,1,,,,no policy intervention
baseline,114,17,baseline,1,,,,no policy intervention
baseline,115,17,baseline,1,,,,no policy intervention
baseline,116,17,baseline,1,,,,no policy intervention
baseline,117,17,baseline,1,,,,no policy intervention
baseline,118,17,baseline,1,,,,no policy intervention
baseline,119,17,baseline,1,,,,no policy intervention
baseline,120,17,baseline,1,,,,no policy intervention
baseline,121,17,baseline,1,,,,no policy intervention
baseline,122,17,baseline,1,,,,no policy intervention
baseline,123,17,baseline,1,,,,no policy intervention
baseline,124,17,baseline,1,,,,no policy intervention
baseline,125,17,baseline,1,,,,no policy intervention
baseline,126,17,baseline,1,,,,no policy intervention
baseline,127,17,baseline,1,,,,no policy intervention
baseline,128,17,baseline,1,,,,no policy intervention
baseline,129,17,baseline,1,,,,no policy intervention
baseline,130,17,baseline,1,,,,no policy intervention
baseline,131,17,baseline,1,,,,no policy intervention
baseline,132,17,baseline,1,,,,no policy intervention
baseline,133,17,baseline,1,,,,no policy intervention
baseline,134,17,baseline,1,,,,no policy intervention
baseline,135,17,baseline,1,,,,no policy intervention
baseline,136,17,baseline,1,,,,no policy intervention
baseline,137,17,baseline,1,,,,no policy intervention
baseline,138,17,baseline,1,,,,no policy intervention
baseline,139,17,baseline,1,,,,no policy intervention
baseline,140,17,baseline,1,,,,no policy intervention
baseline,141,17,baseline,1,,,,no policy intervention
baseline,142,17,baseline,1,,,,no policy intervention
baseline,143,17,baseline,1,,,,no policy intervention
baseline,144,17,baseline,1,,,,no policy intervention
baseline,145,17,baseline,1,,,,no policy intervention
baseline,146,17,baseline,1,,,,no policy intervention
baseline,147,17,baseline,1,,,,no policy intervention
baseline,148,17,baseline,1,,,,no policy intervention
baseline,149,17,baseline,1,,,,no policy intervention
baseline,150,17,baseline,1,,,,no policy intervention
baseline,151,17,baseline,1,,,,no policy intervention
baseline,152,17,baseline,1,,,,no policy intervention
baseline,153,17,baseline,1,,,,no policy intervention
baseline,154,17,baseline,1,,,,no policy intervention
baseline,155,17,baseline,1,,,,no policy intervention
baseline,156,17,baseline,1,,,,no policy intervention
baseline,157,17,baseline,1,,,,no policy intervention
baseline,158,17,baseline,1,,,,no policy intervention
baseline,159,17,baseline,1,,,,no policy intervention
baseline,160,17,baseline,1,,,,no policy intervention
baseline,161,17,baseline,1,,,,no policy intervention
baseline,162,17,baseline,1,,,,no policy intervention
baseline,163,17,baseline,1,,,,no policy intervention
baseline,164,17,baseline,1,,,,no policy intervention
baseline,165,17,baseline,1,,,,no policy intervention
baseline,166,17,baseline,1,,,,no policy intervention
baseline,167,17,baseline,1,,,,no policy intervention
baseline,168,17,baseline,1,,,,no policy intervention
baseline,169,17,baseline,1,,,,no policy intervention
baseline,170,17,baseline,1,,,,no policy intervention
baseline,171,17,baseline,1,,,,no policy intervention
baseline,172,17,baseline,1,,,,no policy intervention
baseline,173,17,baseline,1,,,,no policy intervention
baseline,174,17,baseline,1,,,,no policy intervention
baseline,175,17,baseline,1,,,,no policy intervention
baseline,176,17,baseline,1,,,,no policy intervention
baseline,177,17,baseline,1,,,,no policy intervention
baseline,178,17,baseline,1,,,,no policy intervention
baseline,179,17,baseline,1,,,,no policy intervention
baseline,180,17,baseline,1,,,,no policy intervention
baseline,181,17,baseline,1,,,,no policy intervention
baseline,182,17,baseline,1,,,,no policy intervention
baseline,183,17,baseline,1,,,,no policy intervention
baseline,184,17,baseline,1,,,,no policy intervention
baseline,185,17,baseline,1,,,,no policy intervention
baseline,186,17,baseline,1,,,,no policy intervention
baseline,187,17,baseline,1,,,,no policy intervention
baseline,188,17,baseline,1,,,,no policy intervention
baseline,189,17,baseline,1,,,,no policy intervention
baseline,190,17,baseline,1,,,,no policy intervention
baseline,191,17,baseline,1,,,,no policy intervention
baseline,192,17,baseline,1,,,,no policy intervention
baseline,193,17,baseline,1,,,,no policy intervention
baseline,194,17,baseline,1,,,,no policy intervention
baseline,195,17,baseline,1,,,,no policy intervention
baseline,196,17,baseline,1,,,,no policy intervention
baseline,197,17,baseline,1,,,,no policy intervention
baseline,198,17,baseline,1,,,,no policy intervention
baseline,199,17,baseline,1,,,,no policy intervention
baseline,200,17,baseline,1,,,,no policy intervention
baseline,201,17,baseline,1,,,,no policy intervention
baseline,202,17,baseline,1,,,,no policy intervention
baseline,203,17,baseline,1,,,,no policy intervention
baseline,204,17,baseline,1,,,,no policy intervention
baseline,205,17,baseline,1,,,,no policy intervention
baseline,206,17,baseline,1,,,,no policy intervention
baseline,207,17,baseline,1,,,,no policy intervention
baseline,208,17,baseline,1,,,,no policy intervention
baseline,209,17,baseline,1,,,,no policy intervention
baseline,210,17,baseline,1,,,,no policy intervention
baseline,211,17,baseline,1,,,,no policy intervention
baseline,212,17,baseline,1,,,,no policy intervention
baseline,213,17,baseline,1,,,,no policy intervention
baseline,214,17,baseline,1,,,,no policy intervention
baseline,215,17,baseline,1,,,,no policy intervention
baseline,216,17,baseline,1,,,,no policy intervention
baseline,217,17,baseline,1,,,,no policy intervention
baseline,218,17,baseline,1,,,,no policy intervention
baseline,219,17,baseline,1,,,,no policy intervention
baseline,220,17,baseline,1,,,,no policy intervention
baseline,221,17,baseline,1,,,,no policy intervention
baseline,222,17,baseline,1,,,,no policy intervention
baseline,223,17,baseline,1,,,,no policy intervention
baseline,224,17,baseline,1,,,,no policy intervention
baseline,225,17,baseline,1,,,,no policy intervention
baseline,226,17,baseline,1,,,,no policy intervention
baseline,227,17,baseline,1,,,,no policy intervention
baseline,228,17,baseline,1,,,,no policy intervention
baseline,229,17,baseline,1,,,,no policy intervention
baseline,230,17,baseline,1,,,,no policy intervention
baseline,231,17,baseline,1,,,,no policy intervention
baseline,232,17,baseline,1,,,,no policy intervention
baseline,233,17,baseline,1,,,,no policy intervention
baseline,234,17,baseline,1,,,,no policy intervention
baseline,235,17,baseline,1,,,,no policy intervention
baseline,236,17,baseline,1,,,,no policy intervention
baseline,237,17,baseline,1,,,,no policy intervention
baseline,238,17,baseline,1,,,,no policy intervention
baseline,239,17,baseline,1,,,,no policy intervention
baseline,0,18,baseline,1,,,,no policy intervention
baseline,1,18,baseline,1,,,,no policy intervention
baseline,2,18,baseline,1,,,,no policy intervention
baseline,3,18,baseline,1,,,,no policy intervention
baseline,4,18,baseline,1,,,,no policy intervention
baseline,5,18,baseline,1,,,,no policy intervention
baseline,6,18,baseline,1,,,,no policy intervention
baseline,7,18,baseline,1,,,,no policy intervention
baseline,8,18,baseline,1,,,,no policy intervention
baseline,9,18,baseline,1,,,,no policy intervention
baseline,10,18,baseline,1,,,,no policy intervention
baseline,11,18,baseline,1,,,,no policy intervention
baseline,12,18,baseline,1,,,,no policy intervention
baseline,13,18,baseline,1,,,,no policy intervention
baseline,14,18,baseline,1,,,,no policy intervention
baseline,15,18,baseline,1,,,,no policy intervention
baseline,16,18,baseline,1,,,,no policy intervention
baseline,17,18,baseline,1,,,,no policy intervention
baseline,18,18,baseline,1,,,,no policy intervention
baseline,19,18,baseline,1,,,,no policy intervention
baseline,20,18,baseline,1,,,,no policy intervention
baseline,21,18,baseline,1,,,,no policy intervention
baseline,22,18,baseline,1,,,,no policy intervention
baseline,23,18,baseline,1,,,,no policy intervention
baseline,24,18,baseline,1,,,,no policy intervention
baseline,25,18,baseline,1,,,,no policy intervention
baseline,26,18,baseline,1,,,,no policy intervention
baseline,27,18,baseline,1,,,,no policy intervention
baseline,28,18,baseline,1,,,,no policy intervention
baseline,29,18,baseline,1,,,,no policy intervention
baseline,30,18,baseline,1,,,,no policy intervention
baseline,31,18,baseline,1,,,,no policy intervention
baseline,32,18,baseline,1,,,,no policy intervention
baseline,33,18,baseline,1,,,,no policy intervention
baseline,34,18,baseline,1,,,,no policy intervention
baseline,35,18,baseline,1,,,,no policy intervention
baseline,36,18,baseline,1,,,,no policy intervention
baseline,37,18,baseline,1,,,,no policy intervention
baseline,38,18,baseline,1,,,,no policy intervention
baseline,39,18,baseline,1,,,,no policy intervention
baseline,40,18,baseline,1,,,,no policy intervention
baseline,41,18,baseline,1,,,,no policy intervention
baseline,42,18,baseline,1,,,,no policy intervention
baseline,43,18,baseline,1,,,,no policy intervention
baseline,44,18,baseline,1,,,,no policy intervention
baseline,45,18,baseline,1,,,,no policy intervention
baseline,46,18,baseline,1,,,,no policy intervention
baseline,47,18,baseline,1,,,,no policy intervention
baseline,48,18,baseline,1,,,,no policy intervention
baseline,49,18,baseline,1,,,,no policy intervention
baseline,50,18,baseline,1,,,,no policy intervention
baseline,51,18,baseline,1,,,,no policy intervention
baseline,52,18,baseline,0,,,,no policy intervention
baseline,53,18,baseline,1,,,,no policy intervention
baseline,54,18,baseline,1,,,,no policy intervention
baseline,55,18,baseline,1,,,,no policy intervention
baseline,56,18,baseline,1,,,,no policy intervention
baseline,57,18,baseline,1,,,,no policy intervention
baseline,58,18,baseline,1,,,,no policy intervention
baseline,59,18,baseline,1,,,,no policy intervention
baseline,60,18,baseline,1,,,,no policy intervention
baseline,61,18,baseline,1,,,,no policy intervention
baseline,62,18,baseline,1,,,,no policy intervention
baseline,63,18,baseline,1,,,,no policy intervention
baseline,64,18,baseline,1,,,,no policy intervention
baseline,65,18,baseline,1,,,,no policy intervention
baseline,66,18,baseline,1,,,,no policy intervention
baseline,67,18,baseline,1,,,,no policy intervention
baseline,68,18,baseline,1,,,,no policy intervention
baseline,69,18,baseline,1,,,,no policy intervention
baseline,70,18,baseline,0,,,,no policy intervention
baseline,71,18,baseline,1,,,,no policy intervention
baseline,72,18,baseline,1,,,,no policy intervention
baseline,73,18,baseline,1,,,,no policy intervention
baseline,74,18,baseline,1,,,,no policy intervention
baseline,75,18,baseline,1,,,,no policy intervention
baseline,76,18,baseline,1,,,,no policy intervention
baseline,77,18,baseline,1,,,,no policy intervention
baseline,78,18,baseline,1,,,,no policy intervention
baseline,79,18,baseline,1,,,,no policy intervention
baseline,80,18,baseline,1,,,,no policy intervention
baseline,81,18,baseline,1,,,,no policy intervention
baseline,82,18,baseline,1,,,,no policy intervention
baseline,83,18,baseline,1,,,,no policy intervention
baseline,84,18,baseline,1,,,,no policy intervention
baseline,85,18,baseline,1,,,,no policy intervention
baseline,86,18,baseline,1,,,,no policy intervention
baseline,87,18,baseline,1,,,,no policy intervention
baseline,88,18,baseline,1,,,,no policy intervention
baseline,89,18,baseline,1,,,,no policy intervention
baseline,90,18,baseline,1,,,,no policy intervention
baseline,91,18,baseline,1,,,,no policy intervention
baseline,92,18,baseline,1,,,,no policy intervention
baseline,93,18,baseline,1,,,,no policy intervention
baseline,94,18,baseline,1,,,,no policy intervention
baseline,95,18,baseline,1,,,,no policy intervention
baseline,96,18,baseline,1,,,,no policy intervention
baseline,97,18,baseline,1,,,,no policy intervention
baseline,98,18,baseline,1,,,,no policy intervention
baseline,99,18,baseline,1,,,,no policy intervention
baseline,100,18,baseline,1,,,,no policy intervention
baseline,101,18,baseline,1,,,,no policy intervention
baseline,102,18,baseline,1,,,,no policy intervention
baseline,103,18,baseline,1,,,,no policy intervention
baseline,104,18,baseline,1,,,,no policy intervention
baseline,105,18,baseline,1,,,,no policy intervention
baseline,106,18,baseline,1,,,,no policy intervention
baseline,107,18,baseline,1,,,,no policy intervention
baseline,108,18,baseline,1,,,,no policy intervention
baseline,109,18,baseline,1,,,,no policy intervention
baseline,110,18,baseline,1,,,,no policy intervention
baseline,111,18,baseline,1,,,,no policy intervention
baseline,112,18,baseline,1,,,,no policy intervention
baseline,113,18,baseline,0,,,,no policy intervention
baseline,114,18,baseline,1,,,,no policy intervention
baseline,115,18,baseline,1,,,,no policy intervention
baseline,116,18,baseline,1,,,,no policy intervention
baseline,117,18,baseline,1,,,,no policy intervention
baseline,118,18,baseline,1,,,,no policy intervention
baseline,119,18,baseline,1,,,,no policy intervention
baseline,120,18,baseline,1,,,,no policy intervention
baseline,121,18,baseline,1,,,,no policy intervention
baseline,122,18,baseline,1,,,,no policy intervention
baseline,123,18,baseline,1,,,,no policy intervention
baseline,124,18,baseline,1,,,,no policy intervention
baseline,125,18,baseline,1,,,,no policy intervention
baseline,126,18,baseline,1,,,,no policy intervention
baseline,127,18,baseline,1,,,,no policy intervention
baseline,128,18,baseline,1,,,,no policy intervention
baseline,129,18,baseline,1,,,,no policy intervention
baseline,130,18,baseline,1,,,,no policy intervention
baseline,131,18,baseline,1,,,,no policy intervention
baseline,132,18,baseline,1,,,,no policy intervention
baseline,133,18,baseline,1,,,,no policy intervention
baseline,134,18,baseline,1,,,,no policy intervention
baseline,135,18,baseline,1,,,,no policy intervention
baseline,136,18,baseline,1,,,,no policy intervention
baseline,137,18,baseline,1,,,,no policy intervention
baseline,138,18,baseline,1,,,,no policy intervention
baseline,139,18,baseline,1,,,,no policy intervention
baseline,140,18,baseline,1,,,,no policy intervention
baseline,141,18,baseline,1,,,,no policy intervention
baseline,142,18,baseline,1,,,,no policy intervention
baseline,143,18,baseline,1,,,,no policy intervention
baseline,144,18,baseline,1,,,,no policy intervention
baseline,145,18,baseline,1,,,,no policy intervention
baseline,146,18,baseline,1,,,,no policy intervention
baseline,147,18,baseline,1,,,,no policy intervention
baseline,148,18,baseline,1,,,,no policy intervention
baseline,149,18,baseline,1,,,,no policy intervention
baseline,150,18,baseline,1,,,,no policy intervention
baseline,151,18,baseline,1,,,,no policy intervention
baseline,152,18,baseline,1,,,,no policy intervention
baseline,153,18,baseline,1,,,,no policy intervention
baseline,154,18,baseline,1,,,,no policy intervention
baseline,155,18,baseline,1,,,,no policy intervention
baseline,156,18,baseline,1,,,,no policy intervention
baseline,157,18,baseline,1,,,,no policy intervention
baseline,158,18,baseline,1,,,,no policy intervention
baseline,159,18,baseline,1,,,,no policy intervention
baseline,160,18,baseline,1,,,,no policy intervention
baseline,161,18,baseline,1,,,,no policy intervention
baseline,162,18,baseline,1,,,,no policy intervention
baseline,163,18,baseline,1,,,,no policy intervention
baseline,164,18,baseline,1,,,,no policy intervention
baseline,165,18,baseline,1,,,,no policy intervention
baseline,166,18,baseline,1,,,,no policy intervention
baseline,167,18,baseline,1,,,,no policy intervention
baseline,168,18,baseline,1,,,,no policy intervention
baseline,169,18,baseline,1,,,,no policy intervention
baseline,170,18,baseline,1,,,,no policy intervention
baseline,171,18,baseline,1,,,,no policy intervention
baseline,172,18,baseline,1,,,,no policy intervention
baseline,173,18,baseline,1,,,,no policy intervention
baseline,174,18,baseline,1,,,,no policy intervention
baseline,175,18,baseline,1,,,,no policy intervention
baseline,176,18,baseline,1,,,,no policy intervention
baseline,177,18,baseline,1,,,,no policy intervention
baseline,178,18,baseline,1,,,,no policy intervention
baseline,179,18,baseline,1,,,,no policy intervention
baseline,180,18,baseline,1,,,,no policy intervention
baseline,181,18,baseline,1,,,,no policy intervention
baseline,182,18,baseline,1,,,,no policy intervention
baseline,183,18,baseline,1,,,,no policy intervention
baseline,184,18,baseline,1,,,,no policy intervention
baseline,185,18,baseline,1,,,,no policy intervention
baseline,186,18,baseline,1,,,,no policy intervention
baseline,187,18,baseline,1,,,,no policy intervention
baseline,188,18,baseline,1,,,,no policy intervention
baseline,189,18,baseline,1,,,,no policy intervention
baseline,190,18,baseline,1,,,,no policy intervention
baseline,191,18,baseline,1,,,,no policy intervention
baseline,192,18,baseline,1,,,,no policy intervention
baseline,193,18,baseline,1,,,,no policy intervention
baseline,194,18,baseline,1,,,,no policy intervention
baseline,195,18,baseline,1,,,,no policy intervention
baseline,196,18,baseline,1,,,,no policy intervention
baseline,197,18,baseline,1,,,,no policy intervention
baseline,198,18,baseline,1,,,,no policy intervention
baseline,199,18,baseline,1,,,,no policy intervention
baseline,200,18,baseline,1,,,,no policy intervention
baseline,201,18,baseline,1,,,,no policy intervention
baseline,202,18,baseline,1,,,,no policy intervention
baseline,203,18,baseline,1,,,,no policy intervention
baseline,204,18,baseline,1,,,,no policy intervention
baseline,205,18,baseline,1,,,,no policy intervention
baseline,206,18,baseline,1,,,,no policy intervention
baseline,207,18,baseline,1,,,,no policy intervention
baseline,208,18,baseline,1,,,,no policy intervention
baseline,209,18,baseline,1,,,,no policy intervention
baseline,210,18,baseline,1,,,,no policy intervention
baseline,211,18,baseline,1,,,,no policy intervention
baseline,212,18,baseline,1,,,,no policy intervention
baseline,213,18,baseline,1,,,,no policy intervention
baseline,214,18,baseline,1,,,,no policy intervention
baseline,215,18,baseline,1,,,,no policy intervention
baseline,216,18,baseline,1,,,,no policy intervention
baseline,217,18,baseline,1,,,,no policy intervention
baseline,218,18,baseline,1,,,,no policy intervention
baseline,219,18,baseline,1,,,,no policy intervention
baseline,220,18,baseline,1,,,,no policy intervention
baseline,221,18,baseline,1,,,,no policy intervention
baseline,222,18,baseline,1,,,,no policy intervention
baseline,223,18,baseline,1,,,,no policy intervention
baseline,224,18,baseline,1,,,,no policy intervention
baseline,225,18,baseline,1,,,,no policy intervention
baseline,226,18,baseline,1,,,,no policy intervention
baseline,227,18,baseline,1,,,,no policy intervention
baseline,228,18,baseline,1,,,,no policy intervention
baseline,229,18,baseline,1,,,,no policy intervention
baseline,230,18,baseline,1,,,,no policy intervention
baseline,231,18,baseline,1,,,,no policy intervention
baseline,232,18,baseline,1,,,,no policy intervention
baseline,233,18,baseline,1,,,,no policy intervention
baseline,234,18,baseline,1,,,,no policy intervention
baseline,235,18,baseline,1,,,,no policy intervention
baseline,236,18,baseline,1,,,,no policy intervention
baseline,237,18,baseline,1,,,,no policy intervention
baseline,238,18,baseline,1,,,,no policy intervention
baseline,239,18,baseline,1,,,,no policy intervention
baseline,0,19,baseline,1,,,,no policy intervention
baseline,1,19,baseline,0,,,,no policy intervention
baseline,2,19,baseline,1,,,,no policy intervention
baseline,3,19,baseline,1,,,,no policy intervention
baseline,4,19,baseline,1,,,,no policy intervention
baseline,5,19,baseline,1,,,,no policy intervention
baseline,6,19,baseline,1,,,,no policy intervention
baseline,7,19,baseline,1,,,,no policy intervention
baseline,8,19,baseline,1,,,,no policy intervention
baseline,9,19,baseline,1,,,,no policy intervention
baseline,10,19,baseline,1,,,,no policy intervention
baseline,11,19,baseline,0,,,,no policy intervention
baseline,12,19,baseline,0,,,,no policy intervention
baseline,13,19,baseline,1,,,,no policy intervention
baseline,14,19,baseline,0,,,,no policy intervention
baseline,15,19,baseline,0,,,,no policy intervention
baseline,16,19,baseline,0,,,,no policy intervention
baseline,17,19,baseline,1,,,,no policy intervention
baseline,18,19,baseline,0,,,,no policy intervention
baseline,19,19,baseline,1,,,,no policy intervention
baseline,20,19,baseline,0,,,,no policy intervention
baseline,21,19,baseline,1,,,,no policy intervention
baseline,22,19,baseline,0,,,,no policy intervention
baseline,23,19,baseline,1,,,,no policy intervention
baseline,24,19,baseline,1,,,,no policy intervention
baseline,25,19,baseline,1,,,,no policy intervention
baseline,26,19,baseline,0,,,,no policy intervention
baseline,27,19,baseline,1,,,,no policy intervention
baseline,28,19,baseline,0,,,,no policy intervention
baseline,29,19,baseline,0,,,,no policy intervention
baseline,30,19,baseline,0,,,,no policy intervention
baseline,31,19,baseline,0,,,,no policy intervention
baseline,32,19,baseline,0,,,,no policy intervention
baseline,33,19,baseline,0,,,,no policy intervention
baseline,34,19,baseline,0,,,,no policy intervention
baseline,35,19,baseline,1,,,,no policy intervention
baseline,36,19,baseline,1,,,,no policy intervention
baseline,37,19,baseline,1,,,,no policy intervention
baseline,38,19,baseline,0,,,,no policy intervention
baseline,39,19,baseline,0,,,,no policy intervention
baseline,40,19,baseline,1,,,,no policy intervention
baseline,41,19,baseline,1,,,,no policy intervention
baseline,42,19,baseline,0,,,,no policy intervention
baseline,43,19,baseline,0,,,,no policy intervention
baseline,44,19,baseline,1,,,,no policy intervention
baseline,45,19,baseline,1,,,,no policy intervention
baseline,46,19,baseline,1,,,,no policy intervention
baseline,47,19,baseline,1,,,,no policy intervention
baseline,48,19,baseline,0,,,,no policy intervention
baseline,49,19,baseline,1,,,,no policy intervention
baseline,50,19,baseline,0,,,,no policy intervention
baseline,51,19,baseline,1,,,,no policy intervention
baseline,52,19,baseline,0,,,,no policy intervention
baseline,53,19,baseline,0,,,,no policy intervention
baseline,54,19,baseline,0,,,,no policy intervention
baseline,55,19,baseline,1,,,,no policy intervention
baseline,56,19,baseline,1,,,,no policy intervention
baseline,57,19,baseline,1,,,,no policy intervention
baseline,58,19,baseline,0,,,,no policy intervention
baseline,59,19,baseline,1,,,,no policy intervention
baseline,60,19,baseline,0,,,,no policy intervention
baseline,61,19,baseline,1,,,,no policy intervention
baseline,62,19,baseline,1,,,,no policy intervention
baseline,63,19,baseline,1,,,,no policy intervention
baseline,64,19,baseline,1,,,,no policy intervention
baseline,65,19,baseline,0,,,,no policy intervention
baseline,66,19,baseline,0,,,,no policy intervention
baseline,67,19,baseline,1,,,,no policy intervention
baseline,68,19,baseline,1,,,,no policy intervention
baseline,69,19,baseline,0,,,,no policy intervention
baseline,70,19,baseline,0,,,,no policy intervention
baseline,71,19,baseline,0,,,,no policy intervention
baseline,72,19,baseline,0,,,,no policy intervention
baseline,73,19,baseline,1,,,,no policy intervention
baseline,74,19,baseline,0,,,,no policy intervention
baseline,75,19,baseline,1,,,,no policy intervention
baseline,76,19,baseline,1,,,,no policy intervention
baseline,77,19,baseline,1,,,,no policy intervention
baseline,78,19,baseline,1,,,,no policy intervention
baseline,79,19,baseline,0,,,,no policy intervention
baseline,80,19,baseline,1,,,,no policy intervention
baseline,81,19,baseline,1,,,,no policy intervention
baseline,82,19,baseline,1,,,,no policy intervention
baseline,83,19,baseline,1,,,,no policy intervention
baseline,84,19,baseline,0,,,,no policy intervention
baseline,85,19,baseline,0,,,,no policy intervention
baseline,86,19,baseline,1,,,,no policy intervention
baseline,87,19,baseline,0,,,,no policy intervention
baseline,88,19,baseline,0,,,,no policy intervention
baseline,89,19,baseline,1,,,,no policy intervention
baseline,90,19,baseline,0,,,,no policy intervention
baseline,91,19,baseline,1,,,,no policy intervention
baseline,92,19,baseline,1,,,,no policy intervention
baseline,93,19,baseline,0,,,,no policy intervention
baseline,94,19,baseline,0,,,,no policy intervention
baseline,95,19,baseline,1,,,,no policy intervention
baseline,96,19,baseline,0,,,,no policy intervention
baseline,97,19,baseline,1,,,,no policy intervention
baseline,98,19,baseline,0,,,,no policy intervention
baseline,99,19,baseline,0,,,,no policy intervention
baseline,100,19,baseline,1,,,,no policy intervention
baseline,101,19,baseline,1,,,,no policy intervention
baseline,102,19,baseline,0,,,,no policy intervention
baseline,103,19,baseline,1,,,,no policy intervention
baseline,104,19,baseline,0,,,,no policy intervention
baseline,105,19,baseline,0,,,,no policy intervention
baseline,106,19,baseline,1,,,,no policy intervention
baseline,107,19,baseline,1,,,,no policy intervention
baseline,108,19,baseline,1,,,,no policy intervention
baseline,109,19,baseline,0,,,,no policy intervention
baseline,110,19,baseline,0,,,,no policy intervention
baseline,111,19,baseline,1,,,,no policy intervention
baseline,112,19,baseline,1,,,,no policy intervention
baseline,113,19,baseline,0,,,,no policy intervention
baseline,114,19,baseline,1,,,,no policy intervention
baseline,115,19,baseline,1,,,,no policy intervention
baseline,116,19,baseline,0,,,,no policy intervention
baseline,117,19,baseline,0,,,,no policy intervention
baseline,118,19,baseline,1,,,,no policy intervention
baseline,119,19,baseline,1,,,,no policy intervention
baseline,120,19,baseline,1,,,,no policy intervention
baseline,121,19,baseline,0,,,,no policy intervention
baseline,122,19,baseline,0,,,,no policy intervention
baseline,123,19,baseline,0,,,,no policy intervention
baseline,124,19,baseline,1,,,,no policy intervention
baseline,125,19,baseline,1,,,,no policy intervention
baseline,126,19,baseline,1,,,,no policy intervention
baseline,127,19,baseline,1,,,,no policy intervention
baseline,128,19,baseline,0,,,,no policy intervention
baseline,129,19,baseline,0,,,,no policy intervention
baseline,130,19,baseline,1,,,,no policy intervention
baseline,131,19,baseline,0,,,,no policy intervention
baseline,132,19,baseline,1,,,,no policy intervention
baseline,133,19,baseline,1,,,,no policy intervention
baseline,134,19,baseline,1,,,,no policy intervention
baseline,135,19,baseline,0,,,,no policy intervention
baseline,136,19,baseline,0,,,,no policy intervention
baseline,137,19,baseline,0,,,,no policy intervention
baseline,138,19,baseline,0,,,,no policy intervention
baseline,139,19,baseline,1,,,,no policy intervention
baseline,140,19,baseline,0,,,,no policy intervention
baseline,141,19,baseline,0,,,,no policy intervention
baseline,142,19,baseline,0,,,,no policy intervention
baseline,143,19,baseline,0,,,,no policy intervention
baseline,144,19,baseline,0,,,,no policy intervention
baseline,145,19,baseline,1,,,,no policy intervention
baseline,146,19,baseline,1,,,,no policy intervention
baseline,147,19,baseline,1,,,,no policy intervention
baseline,148,19,baseline,1,,,,no policy intervention
baseline,149,19,baseline,1,,,,no policy intervention
baseline,150,19,baseline,1,,,,no policy intervention
baseline,151,19,baseline,1,,,,no policy intervention
baseline,152,19,baseline,1,,,,no policy intervention
baseline,153,19,baseline,0,,,,no policy intervention
baseline,154,19,baseline,0,,,,no policy intervention
baseline,155,19,baseline,1,,,,no policy intervention
baseline,156,19,baseline,0,,,,no policy intervention
baseline,157,19,baseline,1,,,,no policy intervention
baseline,158,19,baseline,0,,,,no policy intervention
baseline,159,19,baseline,1,,,,no policy intervention
baseline,160,19,baseline,1,,,,no policy intervention
baseline,161,19,baseline,1,,,,no policy intervention
baseline,162,19,baseline,1,,,,no policy intervention
baseline,163,19,baseline,0,,,,no policy intervention
baseline,164,19,baseline,0,,,,no policy intervention
baseline,165,19,baseline,1,,,,no policy intervention
baseline,166,19,baseline,1,,,,no policy intervention
baseline,167,19,baseline,1,,,,no policy intervention
baseline,168,19,baseline,1,,,,no policy intervention
baseline,169,19,baseline,1,,,,no policy intervention
baseline,170,19,baseline,0,,,,no policy intervention
baseline,171,19,baseline,1,,,,no policy intervention
baseline,172,19,baseline,1,,,,no policy intervention
baseline,173,19,baseline,0,,,,no policy intervention
baseline,174,19,baseline,1,,,,no policy intervention
baseline,175,19,baseline,1,,,,no policy intervention
baseline,176,19,baseline,1,,,,no policy intervention
baseline,177,19,baseline,0,,,,no policy intervention
baseline,178,19,baseline,0,,,,no policy intervention
baseline,179,19,baseline,0,,,,no policy intervention
baseline,180,19,baseline,0,,,,no policy intervention
baseline,181,19,baseline,1,,,,no policy intervention
baseline,182,19,baseline,1,,,,no policy intervention
baseline,183,19,baseline,0,,,,no policy intervention
baseline,184,19,baseline,0,,,,no policy intervention
baseline,185,19,baseline,1,,,,no policy intervention
baseline,186,19,baseline,1,,,,no policy intervention
baseline,187,19,baseline,1,,,,no policy intervention
baseline,188,19,baseline,1,,,,no policy intervention
baseline,189,19,baseline,0,,,,no policy intervention
baseline,190,19,baseline,1,,,,no policy intervention
baseline,191,19,baseline,0,,,,no policy intervention
baseline,192,19,baseline,1,,,,no policy intervention
baseline,193,19,baseline,0,,,,no policy intervention
baseline,194,19,baseline,1,,,,no policy intervention
baseline,195,19,baseline,0,,,,no policy intervention
baseline,196,19,baseline,0,,,,no policy intervention
baseline,197,19,baseline,0,,,,no policy intervention
baseline,198,19,baseline,0,,,,no policy intervention
baseline,199,19,baseline,1,,,,no policy intervention
baseline,200,19,baseline,0,,,,no policy intervention
baseline,201,19,baseline,1,,,,no policy intervention
baseline,202,19,baseline,0,,,,no policy intervention
baseline,203,19,baseline,1,,,,no policy intervention
baseline,204,19,baseline,0,,,,no policy intervention
baseline,205,19,baseline,0,,,,no policy intervention
baseline,206,19,baseline,1,,,,no policy intervention
baseline,207,19,baseline,1,,,,no policy intervention
baseline,208,19,baseline,1,,,,no policy intervention
baseline,209,19,baseline,0,,,,no policy intervention
baseline,210,19,baseline,0,,,,no policy intervention
baseline,211,19,baseline,1,,,,no policy intervention
baseline,212,19,baseline,0,,,,no policy intervention
baseline,213,19,baseline,1,,,,no policy intervention
baseline,214,19,baseline,1,,,,no policy intervention
baseline,215,19,baseline,1,,,,no policy intervention
baseline,216,19,baseline,1,,,,no policy intervention
baseline,217,19,baseline,1,,,,no policy intervention
baseline,218,19,baseline,1,,,,no policy intervention
baseline,219,19,baseline,1,,,,no policy intervention
baseline,220,19,baseline,0,,,,no policy intervention
baseline,221,19,baseline,0,,,,no policy intervention
baseline,222,19,baseline,0,,,,no policy intervention
baseline,223,19,baseline,1,,,,no policy intervention
baseline,224,19,baseline,0,,,,no policy intervention
baseline,225,19,baseline,0,,,,no policy intervention
baseline,226,19,baseline,0,,,,no policy intervention
baseline,227,19,baseline,0,,,,no policy intervention
baseline,228,19,baseline,1,,,,no policy intervention
baseline,229,19,baseline,0,,,,no policy intervention
baseline,230,19,baseline,1,,,,no policy intervention
baseline,231,19,baseline,0,,,,no policy intervention
baseline,232,19,baseline,1,,,,no policy intervention
baseline,233,19,baseline,1,,,,no policy intervention
baseline,234,19,baseline,1,,,,no policy intervention
baseline,235,19,baseline,0,,,,no policy intervention
baseline,236,19,baseline,1,,,,no policy intervention
baseline,237,19,baseline,1,,,,no policy intervention
baseline,238,19,baseline,1,,,,no policy intervention
baseline,239,19,baseline,1,,,,no policy intervention
baseline,0,20,baseline,1,,,,no policy intervention
baseline,1,20,baseline,0,,,,no policy intervention
baseline,2,20,baseline,1,,,,no policy intervention
baseline,3,20,baseline,1,,,,no policy intervention
baseline,4,20,baseline,1,,,,no policy intervention
baseline,5,20,baseline,1,,,,no policy intervention
baseline,6,20,baseline,1,,,,no policy intervention
baseline,7,20,baseline,1,,,,no policy intervention
baseline,8,20,baseline,0,,,,no policy intervention
baseline,9,20,baseline,0,,,,no policy intervention
baseline,10,20,baseline,0,,,,no policy intervention
baseline,11,20,baseline,1,,,,no policy intervention
baseline,12,20,baseline,0,,,,no policy intervention
baseline,13,20,baseline,0,,,,no policy intervention
baseline,14,20,baseline,0,,,,no policy intervention
baseline,15,20,baseline,0,,,,no policy intervention
baseline,16,20,baseline,0,,,,no policy intervention
baseline,17,20,baseline,1,,,,no policy intervention
baseline,18,20,baseline,0,,,,no policy intervention
baseline,19,20,baseline,0,,,,no policy intervention
baseline,20,20,baseline,0,,,,no policy intervention
baseline,21,20,baseline,1,,,,no policy intervention
baseline,22,20,baseline,0,,,,no policy intervention
baseline,23,20,baseline,0,,,,no policy intervention
baseline,24,20,baseline,0,,,,no policy intervention
baseline,25,20,baseline,1,,,,no policy intervention
baseline,26,20,baseline,0,,,,no policy intervention
baseline,27,20,baseline,1,,,,no policy intervention
baseline,28,20,baseline,0,,,,no policy intervention
baseline,29,20,baseline,0,,,,no policy intervention
baseline,30,20,baseline,0,,,,no policy intervention
baseline,31,20,baseline,0,,,,no policy intervention
baseline,32,20,baseline,0,,,,no policy intervention
baseline,33,20,baseline,0,,,,no policy intervention
baseline,34,20,baseline,0,,,,no policy intervention
baseline,35,20,baseline,0,,,,no policy intervention
baseline,36,20,baseline,1,,,,no policy intervention
baseline,37,20,baseline,0,,,,no policy intervention
baseline,38,20,baseline,0,,,,no policy intervention
baseline,39,20,baseline,0,,,,no policy intervention
baseline,40,20,baseline,1,,,,no policy intervention
baseline,41,20,baseline,0,,,,no policy intervention
baseline,42,20,baseline,0,,,,no policy intervention
baseline,43,20,baseline,0,,,,no policy intervention
baseline,44,20,baseline,1,,,,no policy intervention
baseline,45,20,baseline,1,,,,no policy intervention
baseline,46,20,baseline,1,,,,no policy intervention
baseline,47,20,baseline,1,,,,no policy intervention
baseline,48,20,baseline,0,,,,no policy intervention
baseline,49,20,baseline,0,,,,no policy intervention
baseline,50,20,baseline,0,,,,no policy intervention
baseline,51,20,baseline,1,,,,no policy intervention
baseline,52,20,baseline,0,,,,no policy intervention
baseline,53,20,baseline,0,,,,no policy intervention
baseline,54,20,baseline,1,,,,no policy intervention
baseline,55,20,baseline,1,,,,no policy intervention
baseline,56,20,baseline,1,,,,no policy intervention
baseline,57,20,baseline,1,,,,no policy intervention
baseline,58,20,baseline,0,,,,no policy intervention
baseline,59,20,baseline,1,,,,no policy intervention
baseline,60,20,baseline,1,,,,no policy intervention
baseline,61,20,baseline,1,,,,no policy intervention
baseline,62,20,baseline,1,,,,no policy intervention
baseline,63,20,baseline,0,,,,no policy intervention
baseline,64,20,baseline,0,,,,no policy intervention
baseline,65,20,baseline,0,,,,no policy intervention
baseline,66,20,baseline,0,,,,no policy intervention
baseline,67,20,baseline,0,,,,no policy intervention
baseline,68,20,baseline,1,,,,no policy intervention
baseline,69,20,baseline,1,,,,no policy intervention
baseline,70,20,baseline,0,,,,no policy intervention
baseline,71,20,baseline,0,,,,no policy intervention
baseline,72,20,baseline,0,,,,no policy intervention
baseline,73,20,baseline,0,,,,no policy intervention
baseline,74,20,baseline,0,,,,no policy intervention
baseline,75,20,baseline,1,,,,no policy intervention
baseline,76,20,baseline,0,,,,no policy intervention
baseline,77,20,baseline,0,,,,no policy intervention
baseline,78,20,baseline,1,,,,no policy intervention
baseline,79,20,baseline,0,,,,no policy intervention
baseline,80,20,baseline,1,,,,no policy intervention
baseline,81,20,baseline,0,,,,no policy intervention
baseline,82,20,baseline,1,,,,no policy intervention
baseline,83,20,baseline,1,,,,no policy intervention
baseline,84,20,baseline,0,,,,no policy intervention
baseline,85,20,baseline,0,,,,no policy intervention
baseline,86,20,baseline,1,,,,no policy intervention
baseline,87,20,baseline,0,,,,no policy intervention
baseline,88,20,baseline,0,,,,no policy intervention
baseline,89,20,baseline,1,,,,no policy intervention
baseline,90,20,baseline,0,,,,no policy intervention
baseline,91,20,baseline,1,,,,no policy intervention
baseline,92,20,baseline,0,,,,no policy intervention
baseline,93,20,baseline,0,,,,no policy intervention
baseline,94,20,baseline,0,,,,no policy intervention
baseline,95,20,baseline,0,,,,no policy intervention
baseline,96,20,baseline,0,,,,no policy intervention
baseline,97,20,baseline,1,,,,no policy intervention
baseline,98,20,baseline,0,,,,no policy intervention
baseline,99,20,baseline,0,,,,no policy intervention
baseline,100,20,baseline,1,,,,no policy intervention
baseline,101,20,baseline,1,,,,no policy intervention
baseline,102,20,baseline,0,,,,no policy intervention
baseline,103,20,baseline,0,,,,no policy intervention
baseline,104,20,baseline,0,,,,no policy intervention
baseline,105,20,baseline,0,,,,no policy intervention
baseline,106,20,baseline,1,,,,no policy intervention
baseline,107,20,baseline,0,,,,no policy intervention
baseline,108,20,baseline,1,,,,no policy intervention
baseline,109,20,baseline,0,,,,no policy intervention
baseline,110,20,baseline,0,,,,no policy intervention
baseline,111,20,baseline,0,,,,no policy intervention
baseline,112,20,baseline,0,,,,no policy intervention
baseline,113,20,baseline,0,,,,no policy intervention
baseline,114,20,baseline,0,,,,no policy intervention
baseline,115,20,baseline,0,,,,no policy intervention
baseline,116,20,baseline,0,,,,no policy intervention
baseline,117,20,baseline,0,,,,no policy intervention
baseline,118,20,baseline,1,,,,no policy intervention
baseline,119,20,baseline,0,,,,no policy intervention
baseline,120,20,baseline,1,,,,no policy intervention
baseline,121,20,baseline,1,,,,no policy intervention
baseline,122,20,baseline,0,,,,no policy intervention
baseline,123,20,baseline,0,,,,no policy intervention
baseline,124,20,baseline,0,,,,no policy intervention
baseline,125,20,baseline,1,,,,no policy intervention
baseline,126,20,baseline,0,,,,no policy intervention
baseline,127,20,baseline,1,,,,no policy intervention
baseline,128,20,baseline,0,,,,no policy intervention
baseline,129,20,baseline,0,,,,no policy intervention
baseline,130,20,baseline,0,,,,no policy intervention
baseline,131,20,baseline,1,,,,no policy intervention
baseline,132,20,baseline,1,,,,no policy intervention
baseline,133,20,baseline,0,,,,no policy intervention
baseline,134,20,baseline,1,,,,no policy intervention
baseline,135,20,baseline,0,,,,no policy intervention
baseline,136,20,baseline,0,,,,no policy intervention
baseline,137,20,baseline,0,,,,no policy intervention
baseline,138,20,baseline,0,,,,no policy intervention
baseline,139,20,baseline,0,,,,no policy intervention
baseline,140,20,baseline,0,,,,no policy intervention
baseline,141,20,baseline,0,,,,no policy intervention
baseline,142,20,baseline,0,,,,no policy intervention
baseline,143,20,baseline,0,,,,no policy intervention
baseline,144,20,baseline,0,,,,no policy intervention
baseline,145,20,baseline,0,,,,no policy intervention
baseline,146,20,baseline,1,,,,no policy intervention
baseline,147,20,baseline,1,,,,no policy intervention
baseline,148,20,baseline,1,,,,no policy intervention
baseline,149,20,baseline,0,,,,no policy intervention
baseline,150,20,baseline,1,,,,no policy intervention
baseline,151,20,baseline,1,,,,no policy intervention
baseline,152,20,baseline,0,,,,no policy intervention
baseline,153,20,baseline,0,,,,no policy intervention
baseline,154,20,baseline,1,,,,no policy intervention
baseline,155,20,baseline,1,,,,no policy intervention
baseline,156,20,baseline,0,,,,no policy intervention
baseline,157,20,baseline,0,,,,no policy intervention
baseline,158,20,baseline,0,,,,no policy intervention
baseline,159,20,baseline,1,,,,no policy intervention
baseline,160,20,baseline,0,,,,no policy intervention
baseline,161,20,baseline,1,,,,no policy intervention
baseline,162,20,baseline,0,,,,no policy intervention
baseline,163,20,baseline,0,,,,no policy intervention
baseline,164,20,baseline,0,,,,no policy intervention
baseline,165,20,baseline,0,,,,no policy intervention
baseline,166,20,baseline,0,,,,no policy intervention
baseline,167,20,baseline,0,,,,no policy intervention
baseline,168,20,baseline,0,,,,no policy intervention
baseline,169,20,baseline,0,,,,no policy intervention
baseline,170,20,baseline,0,,,,no policy intervention
baseline,171,20,baseline,1,,,,no policy intervention
baseline,172,20,baseline,0,,,,no policy intervention
baseline,173,20,baseline,0,,,,no policy intervention
baseline,174,20,baseline,0,,,,no policy intervention
baseline,175,20,baseline,0,,,,no policy intervention
baseline,176,20,baseline,1,,,,no policy intervention
baseline,177,20,baseline,0,,,,no policy intervention
baseline,178,20,baseline,0,,,,no policy intervention
baseline,179,20,baseline,0,,,,no policy intervention
baseline,180,20,baseline,0,,,,no policy intervention
baseline,181,20,baseline,1,,,,no policy intervention
baseline,182,20,baseline,1,,,,no policy intervention
baseline,183,20,baseline,0,,,,no policy intervention
baseline,184,20,baseline,0,,,,no policy intervention
baseline,185,20,baseline,1,,,,no policy intervention
baseline,186,20,baseline,1,,,,no policy intervention
baseline,187,20,baseline,0,,,,no policy intervention
baseline,188,20,baseline,1,,,,no policy intervention
baseline,189,20,baseline,0,,,,no policy intervention
baseline,190,20,baseline,0,,,,no policy intervention
baseline,191,20,baseline,0,,,,no policy intervention
baseline,192,20,baseline,0,,,,no policy intervention
baseline,193,20,baseline,0,,,,no policy intervention
baseline,194,20,baseline,0,,,,no policy intervention
baseline,195,20,baseline,0,,,,no policy intervention
baseline,196,20,baseline,0,,,,no policy intervention
baseline,197,20,baseline,0,,,,no policy intervention
baseline,198,20,baseline,0,,,,no policy intervention
baseline,199,20,baseline,0,,,,no policy intervention
baseline,200,20,baseline,1,,,,no policy intervention
baseline,201,20,baseline,1,,,,no policy intervention
baseline,202,20,baseline,0,,,,no policy intervention
baseline,203,20,baseline,1,,,,no policy intervention
baseline,204,20,baseline,0,,,,no policy intervention
baseline,205,20,baseline,0,,,,no policy intervention
baseline,206,20,baseline,0,,,,no policy intervention
baseline,207,20,baseline,0,,,,no policy intervention
baseline,208,20,baseline,0,,,,no policy intervention
baseline,209,20,baseline,1,,,,no policy intervention
baseline,210,20,baseline,0,,,,no policy intervention
baseline,211,20,baseline,0,,,,no policy intervention
baseline,212,20,baseline,0,,,,no policy intervention
baseline,213,20,baseline,0,,,,no policy intervention
baseline,214,20,baseline,1,,,,no policy intervention
baseline,215,20,baseline,1,,,,no policy intervention
baseline,216,20,baseline,0,,,,no policy intervention
baseline,217,20,baseline,1,,,,no policy intervention
baseline,218,20,baseline,0,,,,no policy intervention
baseline,219,20,baseline,0,,,,no policy intervention
baseline,220,20,baseline,0,,,,no policy intervention
baseline,221,20,baseline,1,,,,no policy intervention
baseline,222,20,baseline,0,,,,no policy intervention
baseline,223,20,baseline,1,,,,no policy intervention
baseline,224,20,baseline,0,,,,no policy intervention
baseline,225,20,baseline,0,,,,no policy intervention
baseline,226,20,baseline,0,,,,no policy intervention
baseline,227,20,baseline,0,,,,no policy intervention
baseline,228,20,baseline,1,,,,no policy intervention
baseline,229,20,baseline,1,,,,no policy intervention
baseline,230,20,baseline,0,,,,no policy intervention
baseline,231,20,baseline,0,,,,no policy intervention
baseline,232,20,baseline,0,,,,no policy intervention
baseline,233,20,baseline,1,,,,no policy intervention
baseline,234,20,baseline,0,,,,no policy intervention
baseline,235,20,baseline,0,,,,no policy intervention
baseline,236,20,baseline,1,,,,no policy intervention
baseline,237,20,baseline,1,,,,no policy intervention
baseline,238,20,baseline,1,,,,no policy intervention
baseline,239,20,baseline,1,,,,no policy intervention
baseline,0,21,baseline,0,,,,no policy intervention
baseline,1,21,baseline,0,,,,no policy intervention
baseline,2,21,baseline,0,,,,no policy intervention
baseline,3,21,baseline,0,,,,no policy intervention
baseline,4,21,baseline,0,,,,no policy intervention
baseline,5,21,baseline,0,,,,no policy intervention
baseline,6,21,baseline,0,,,,no policy intervention
baseline,7,21,baseline,0,,,,no policy intervention
baseline,8,21,baseline,0,,,,no policy intervention
baseline,9,21,baseline,0,,,,no policy intervention
baseline,10,21,baseline,0,,,,no policy intervention
baseline,11,21,baseline,0,,,,no policy intervention
baseline,12,21,baseline,0,,,,no policy intervention
baseline,13,21,baseline,0,,,,no policy intervention
baseline,14,21,baseline,0,,,,no policy intervention
baseline,15,21,baseline,0,,,,no policy intervention
baseline,16,21,baseline,0,,,,no policy intervention
baseline,17,21,baseline,0,,,,no policy intervention
baseline,18,21,baseline,0,,,,no policy intervention
baseline,19,21,baseline,0,,,,no policy intervention
baseline,20,21,baseline,0,,,,no policy intervention
baseline,21,21,baseline,0,,,,no policy intervention
baseline,22,21,baseline,0,,,,no policy intervention
baseline,23,21,baseline,0,,,,no policy intervention
baseline,24,21,baseline,0,,,,no policy intervention
baseline,25,21,baseline,0,,,,no policy intervention
baseline,26,21,baseline,0,,,,no policy intervention
baseline,27,21,baseline,0,,,,no policy intervention
baseline,28,21,baseline,0,,,,no policy intervention
baseline,29,21,baseline,0,,,,no policy intervention
baseline,30,21,baseline,0,,,,no policy intervention
baseline,31,21,baseline,0,,,,no policy intervention
baseline,32,21,baseline,0,,,,no policy intervention
baseline,33,21,baseline,0,,,,no policy intervention
baseline,34,21,baseline,0,,,,no policy intervention
baseline,35,21,baseline,0,,,,no policy intervention
baseline,36,21,baseline,0,,,,no policy intervention
baseline,37,21,baseline,0,,,,no policy intervention
baseline,38,21,baseline,0,,,,no policy intervention
baseline,39,21,baseline,0,,,,no policy intervention
baseline,40,21,baseline,0,,,,no policy intervention
baseline,41,21,baseline,0,,,,no policy intervention
baseline,42,21,baseline,0,,,,no policy intervention
baseline,43,21,baseline,0,,,,no policy intervention
baseline,44,21,baseline,0,,,,no policy intervention
baseline,45,21,baseline,0,,,,no policy intervention
baseline,46,21,baseline,0,,,,no policy intervention
baseline,47,21,baseline,0,,,,no policy intervention
baseline,48,21,baseline,0,,,,no policy intervention
baseline,49,21,baseline,0,,,,no policy intervention
baseline,50,21,baseline,0,,,,no policy intervention
baseline,51,21,baseline,0,,,,no policy intervention
baseline,52,21,baseline,0,,,,no policy intervention
baseline,53,21,baseline,0,,,,no policy intervention
baseline,54,21,baseline,0,,,,no policy intervention
baseline,55,21,baseline,0,,,,no policy intervention
baseline,56,21,baseline,0,,,,no policy intervention
baseline,57,21,baseline,0,,,,no policy intervention
baseline,58,21,baseline,0,,,,no policy intervention
baseline,59,21,baseline,0,,,,no policy intervention
baseline,60,21,baseline,0,,,,no policy intervention
baseline,61,21,baseline,0,,,,no policy intervention
baseline,62,21,baseline,0,,,,no policy intervention
baseline,63,21,baseline,0,,,,no policy intervention
baseline,64,21,baseline,0,,,,no policy intervention
baseline,65,21,baseline,0,,,,no policy intervention
baseline,66,21,baseline,0,,,,no policy intervention
baseline,67,21,baseline,0,,,,no policy intervention
baseline,68,21,baseline,0,,,,no policy intervention
baseline,69,21,baseline,0,,,,no policy intervention
baseline,70,21,baseline,0,,,,no policy intervention
baseline,71,21,baseline,0,,,,no policy intervention
baseline,72,21,baseline,0,,,,no policy intervention
baseline,73,21,baseline,0,,,,no policy intervention
baseline,74,21,baseline,0,,,,no policy intervention
baseline,75,21,baseline,0,,,,no policy intervention
baseline,76,21,baseline,0,,,,no policy intervention
baseline,77,21,baseline,0,,,,no policy intervention
baseline,78,21,baseline,0,,,,no policy intervention
baseline,79,21,baseline,0,,,,no policy intervention
baseline,80,21,baseline,0,,,,no policy intervention
baseline,81,21,baseline,0,,,,no policy intervention
baseline,82,21,baseline,0,,,,no policy intervention
baseline,83,21,baseline,0,,,,no policy intervention
baseline,84,21,baseline,0,,,,no policy intervention
baseline,85,21,baseline,0,,,,no policy intervention
baseline,86,21,baseline,0,,,,no policy intervention
baseline,87,21,baseline,0,,,,no policy intervention
baseline,88,21,baseline,0,,,,no policy intervention
baseline,89,21,baseline,0,,,,no policy intervention
baseline,90,21,baseline,0,,,,no policy intervention
baseline,91,21,baseline,0,,,,no policy intervention
baseline,92,21,baseline,0,,,,no policy intervention
baseline,93,21,baseline,0,,,,no policy intervention
baseline,94,21,baseline,0,,,,no policy intervention
baseline,95,21,baseline,0,,,,no policy intervention
baseline,96,21,baseline,0,,,,no policy intervention
baseline,97,21,baseline,0,,,,no policy intervention
baseline,98,21,baseline,0,,,,no policy intervention
baseline,99,21,baseline,0,,,,no policy intervention
baseline,100,21,baseline,0,,,,no policy intervention
baseline,101,21,baseline,0,,,,no policy intervention
baseline,102,21,baseline,0,,,,no policy intervention
baseline,103,21,baseline,0,,,,no policy intervention
baseline,104,21,baseline,0,,,,no policy intervention
baseline,105,21,baseline,0,,,,no policy intervention
baseline,106,21,baseline,0,,,,no policy intervention
baseline,107,21,baseline,0,,,,no policy intervention
baseline,108,21,baseline,0,,,,no policy intervention
baseline,109,21,baseline,0,,,,no policy intervention
baseline,110,21,baseline,0,,,,no policy intervention
baseline,111,21,baseline,0,,,,no policy intervention
baseline,112,21,baseline,0,,,,no policy intervention
baseline,113,21,baseline,0,,,,no policy intervention
baseline,114,21,baseline,0,,,,no policy intervention
baseline,115,21,baseline,0,,,,no policy intervention
baseline,116,21,baseline,0,,,,no policy intervention
baseline,117,21,baseline,0,,,,no policy intervention
baseline,118,21,baseline,0,,,,no policy intervention
baseline,119,21,baseline,0,,,,no policy intervention
baseline,120,21,baseline,0,,,,no policy intervention
baseline,121,21,baseline,0,,,,no policy intervention
baseline,122,21,baseline,0,,,,no policy intervention
baseline,123,21,baseline,0,,,,no policy intervention
baseline,124,21,baseline,0,,,,no policy intervention
baseline,125,21,baseline,0,,,,no policy intervention
baseline,126,21,baseline,0,,,,no policy intervention
baseline,127,21,baseline,0,,,,no policy intervention
baseline,128,21,baseline,0,,,,no policy intervention
baseline,129,21,baseline,0,,,,no policy intervention
baseline,130,21,baseline,0,,,,no policy intervention
baseline,131,21,baseline,0,,,,no policy intervention
baseline,132,21,baseline,0,,,,no policy intervention
baseline,133,21,baseline,0,,,,no policy intervention
baseline,134,21,baseline,0,,,,no policy intervention
baseline,135,21,baseline,0,,,,no policy intervention
baseline,136,21,baseline,0,,,,no policy intervention
baseline,137,21,baseline,0,,,,no policy intervention
baseline,138,21,baseline,0,,,,no policy intervention
baseline,139,21,baseline,0,,,,no policy intervention
baseline,140,21,baseline,0,,,,no policy intervention
baseline,141,21,baseline,0,,,,no policy intervention
baseline,142,21,baseline,0,,,,no policy intervention
baseline,143,21,baseline,0,,,,no policy intervention
baseline,144,21,baseline,0,,,,no policy intervention
baseline,145,21,baseline,0,,,,no policy intervention
baseline,146,21,baseline,0,,,,no policy intervention
baseline,147,21,baseline,0,,,,no policy intervention
baseline,148,21,baseline,0,,,,no policy intervention
baseline,149,21,baseline,0,,,,no policy intervention
baseline,150,21,baseline,0,,,,no policy intervention
baseline,151,21,baseline,0,,,,no policy intervention
baseline,152,21,baseline,0,,,,no policy intervention
baseline,153,21,baseline,0,,,,no policy intervention
baseline,154,21,baseline,0,,,,no policy intervention
baseline,155,21,baseline,0,,,,no policy intervention
baseline,156,21,baseline,0,,,,no policy intervention
baseline,157,21,baseline,0,,,,no policy intervention
baseline,158,21,baseline,0,,,,no policy intervention
baseline,159,21,baseline,0,,,,no policy intervention
baseline,160,21,baseline,0,,,,no policy intervention
baseline,161,21,baseline,0,,,,no policy intervention
baseline,162,21,baseline,0,,,,no policy intervention
baseline,163,21,baseline,0,,,,no policy intervention
baseline,164,21,baseline,0,,,,no policy intervention
baseline,165,21,baseline,0,,,,no policy intervention
baseline,166,21,baseline,0,,,,no policy intervention
baseline,167,21,baseline,0,,,,no policy intervention
baseline,168,21,baseline,0,,,,no policy intervention
baseline,169,21,baseline,0,,,,no policy intervention
baseline,170,21,baseline,0,,,,no policy intervention
baseline,171,21,baseline,0,,,,no policy intervention
baseline,172,21,baseline,0,,,,no policy intervention
baseline,173,21,baseline,0,,,,no policy intervention
baseline,174,21,baseline,0,,,,no policy intervention
baseline,175,21,baseline,0,,,,no policy intervention
baseline,176,21,baseline,0,,,,no policy intervention
baseline,177,21,baseline,0,,,,no policy intervention
baseline,178,21,baseline,0,,,,no policy intervention
baseline,179,21,baseline,0,,,,no policy intervention
baseline,180,21,baseline,0,,,,no policy intervention
baseline,181,21,baseline,0,,,,no policy intervention
baseline,182,21,baseline,0,,,,no policy intervention
baseline,183,21,baseline,0,,,,no policy intervention
baseline,184,21,baseline,0,,,,no policy intervention
baseline,185,21,baseline,0,,,,no policy intervention
baseline,186,21,baseline,0,,,,no policy intervention
baseline,187,21,baseline,0,,,,no policy intervention
baseline,188,21,baseline,0,,,,no policy intervention
baseline,189,21,baseline,0,,,,no policy intervention
baseline,190,21,baseline,0,,,,no policy intervention
baseline,191,21,baseline,0,,,,no policy intervention
baseline,192,21,baseline,0,,,,no policy intervention
baseline,193,21,baseline,0,,,,no policy intervention
baseline,194,21,baseline,0,,,,no policy intervention
baseline,195,21,baseline,0,,,,no policy intervention
baseline,196,21,baseline,0,,,,no policy intervention
baseline,197,21,baseline,0,,,,no policy intervention
baseline,198,21,baseline,0,,,,no policy intervention
baseline,199,21,baseline,0,,,,no policy intervention
baseline,200,21,baseline,0,,,,no policy intervention
baseline,201,21,baseline,0,,,,no policy intervention
baseline,202,21,baseline,0,,,,no policy intervention
baseline,203,21,baseline,0,,,,no policy intervention
baseline,204,21,baseline,0,,,,no policy intervention
baseline,205,21,baseline,0,,,,no policy intervention
baseline,206,21,baseline,0,,,,no policy intervention
baseline,207,21,baseline,0,,,,no policy intervention
baseline,208,21,baseline,0,,,,no policy intervention
baseline,209,21,baseline,0,,,,no policy intervention
baseline,210,21,baseline,0,,,,no policy intervention
baseline,211,21,baseline,0,,,,no policy intervention
baseline,212,21,baseline,0,,,,no policy intervention
baseline,213,21,baseline,0,,,,no policy intervention
baseline,214,21,baseline,0,,,,no policy intervention
baseline,215,21,baseline,0,,,,no policy intervention
baseline,216,21,baseline,0,,,,no policy intervention
baseline,217,21,baseline,0,,,,no policy intervention
baseline,218,21,baseline,0,,,,no policy intervention
baseline,219,21,baseline,0,,,,no policy intervention
baseline,220,21,baseline,0,,,,no policy intervention
baseline,221,21,baseline,0,,,,no policy intervention
baseline,222,21,baseline,0,,,,no policy intervention
baseline,223,21,baseline,0,,,,no policy intervention
baseline,224,21,baseline,0,,,,no policy intervention
baseline,225,21,baseline,0,,,,no policy intervention
baseline,226,21,baseline,0,,,,no policy intervention
baseline,227,21,baseline,0,,,,no policy intervention
baseline,228,21,baseline,0,,,,no policy intervention
baseline,229,21,baseline,0,,,,no policy intervention
baseline,230,21,baseline,0,,,,no policy intervention
baseline,231,21,baseline,0,,,,no policy intervention
baseline,232,21,baseline,0,,,,no policy intervention
baseline,233,21,baseline,0,,,,no policy intervention
baseline,234,21,baseline,0,,,,no policy intervention
baseline,235,21,baseline,0,,,,no policy intervention
baseline,236,21,baseline,0,,,,no policy intervention
baseline,237,21,baseline,0,,,,no policy intervention
baseline,238,21,baseline,0,,,,no policy intervention
baseline,239,21,baseline,0,,,,no policy intervention
baseline,0,22,baseline,0,,,,no policy intervention
baseline,1,22,baseline,0,,,,no policy intervention
baseline,2,22,baseline,0,,,,no policy intervention
baseline,3,22,baseline,0,,,,no policy intervention
baseline,4,22,baseline,0,,,,no policy intervention
baseline,5,22,baseline,0,,,,no policy intervention
baseline,6,22,baseline,0,,,,no policy intervention
baseline,7,22,baseline,0,,,,no policy intervention
baseline,8,22,baseline,0,,,,no policy intervention
baseline,9,22,baseline,0,,,,no policy intervention
baseline,10,22,baseline,0,,,,no policy intervention
baseline,11,22,baseline,0,,,,no policy intervention
baseline,12,22,baseline,0,,,,no policy intervention
baseline,13,22,baseline,0,,,,no policy intervention
baseline,14,22,baseline,0,,,,no policy intervention
baseline,15,22,baseline,0,,,,no policy intervention
baseline,16,22,baseline,0,,,,no policy intervention
baseline,17,22,baseline,0,,,,no policy intervention
baseline,18,22,baseline,0,,,,no policy intervention
baseline,19,22,baseline,0,,,,no policy intervention
baseline,20,22,baseline,0,,,,no policy intervention
baseline,21,22,baseline,0,,,,no policy intervention
baseline,22,22,baseline,0,,,,no policy intervention
baseline,23,22,baseline,0,,,,no policy intervention
baseline,24,22,baseline,0,,,,no policy intervention
baseline,25,22,baseline,0,,,,no policy intervention
baseline,26,22,baseline,0,,,,no policy intervention
baseline,27,22,baseline,0,,,,no policy intervention
baseline,28,22,baseline,0,,,,no policy intervention
baseline,29,22,baseline,0,,,,no policy intervention
baseline,30,22,baseline,0,,,,no policy intervention
baseline,31,22,baseline,0,,,,no policy intervention
baseline,32,22,baseline,0,,,,no policy intervention
baseline,33,22,baseline,0,,,,no policy intervention
baseline,34,22,baseline,0,,,,no policy intervention
baseline,35,22,baseline,0,,,,no policy intervention
baseline,36,22,baseline,0,,,,no policy intervention
baseline,37,22,baseline,0,,,,no policy intervention
baseline,38,22,baseline,0,,,,no policy intervention
baseline,39,22,baseline,0,,,,no policy intervention
baseline,40,22,baseline,0,,,,no policy intervention
baseline,41,22,baseline,0,,,,no policy intervention
baseline,42,22,baseline,0,,,,no policy intervention
baseline,43,22,baseline,0,,,,no policy intervention
baseline,44,22,baseline,0,,,,no policy intervention
baseline,45,22,baseline,0,,,,no policy intervention
baseline,46,22,baseline,0,,,,no policy intervention
baseline,47,22,baseline,0,,,,no policy intervention
baseline,48,22,baseline,0,,,,no policy intervention
baseline,49,22,baseline,0,,,,no policy intervention
baseline,50,22,baseline,0,,,,no policy intervention
baseline,51,22,baseline,0,,,,no policy intervention
baseline,52,22,baseline,0,,,,no policy intervention
baseline,53,22,baseline,0,,,,no policy intervention
baseline,54,22,baseline,0,,,,no policy intervention
baseline,55,22,baseline,0,,,,no policy intervention
baseline,56,22,baseline,0,,,,no policy intervention
baseline,57,22,baseline,0,,,,no policy intervention
baseline,58,22,baseline,0,,,,no policy intervention
baseline,59,22,baseline,0,,,,no policy intervention
baseline,60,22,baseline,0,,,,no policy intervention
baseline,61,22,baseline,0,,,,no policy intervention
baseline,62,22,baseline,0,,,,no policy intervention
baseline,63,22,baseline,0,,,,no policy intervention
baseline,64,22,baseline,0,,,,no policy intervention
baseline,65,22,baseline,0,,,,no policy intervention
baseline,66,22,baseline,0,,,,no policy intervention
baseline,67,22,baseline,0,,,,no policy intervention
baseline,68,22,baseline,0,,,,no policy intervention
baseline,69,22,baseline,0,,,,no policy intervention
baseline,70,22,baseline,0,,,,no policy intervention
baseline,71,22,baseline,0,,,,no policy intervention
baseline,72,22,baseline,0,,,,no policy intervention
baseline,73,22,baseline,0,,,,no policy intervention
baseline,74,22,baseline,0,,,,no policy intervention
baseline,75,22,baseline,0,,,,no policy intervention
baseline,76,22,baseline,0,,,,no policy intervention
baseline,77,22,baseline,0,,,,no policy intervention
baseline,78,22,baseline,0,,,,no policy intervention
baseline,79,22,baseline,0,,,,no policy intervention
baseline,80,22,baseline,0,,,,no policy intervention
baseline,81,22,baseline,0,,,,no policy intervention
baseline,82,22,baseline,0,,,,no policy intervention
baseline,83,22,baseline,0,,,,no policy intervention
baseline,84,22,baseline,0,,,,no policy intervention
baseline,85,22,baseline,0,,,,no policy intervention
baseline,86,22,baseline,0,,,,no policy intervention
baseline,87,22,baseline,0,,,,no policy intervention
baseline,88,22,baseline,0,,,,no policy intervention
baseline,89,22,baseline,0,,,,no policy intervention
baseline,90,22,baseline,0,,,,no policy intervention
baseline,91,22,baseline,0,,,,no policy intervention
baseline,92,22,baseline,0,,,,no policy intervention
baseline,93,22,baseline,0,,,,no policy intervention
baseline,94,22,baseline,0,,,,no policy intervention
baseline,95,22,baseline,0,,,,no policy intervention
baseline,96,22,baseline,0,,,,no policy intervention
baseline,97,22,baseline,0,,,,no policy intervention
baseline,98,22,baseline,0,,,,no policy intervention
baseline,99,22,baseline,0,,,,no policy intervention
baseline,100,22,baseline,0,,,,no policy intervention
baseline,101,22,baseline,0,,,,no policy intervention
baseline,102,22,baseline,0,,,,no policy intervention
baseline,103,22,baseline,0,,,,no policy intervention
baseline,104,22,baseline,0,,,,no policy intervention
baseline,105,22,baseline,0,,,,no policy intervention
baseline,106,22,baseline,0,,,,no policy intervention
baseline,107,22,baseline,0,,,,no policy intervention
baseline,108,22,baseline,0,,,,no policy intervention
baseline,109,22,baseline,0,,,,no policy intervention
baseline,110,22,baseline,0,,,,no policy intervention
baseline,111,22,baseline,0,,,,no policy intervention
baseline,112,22,baseline,0,,,,no policy intervention
baseline,113,22,baseline,0,,,,no policy intervention
baseline,114,22,baseline,0,,,,no policy intervention
baseline,115,22,baseline,0,,,,no policy intervention
baseline,116,22,baseline,0,,,,no policy intervention
baseline,117,22,baseline,0,,,,no policy intervention
baseline,118,22,baseline,0,,,,no policy intervention
baseline,119,22,baseline,0,,,,no policy intervention
baseline,120,22,baseline,0,,,,no policy intervention
baseline,121,22,baseline,0,,,,no policy intervention
baseline,122,22,baseline,0,,,,no policy intervention
baseline,123,22,baseline,0,,,,no policy intervention
baseline,124,22,baseline,0,,,,no policy intervention
baseline,125,22,baseline,0,,,,no policy intervention
baseline,126,22,baseline,0,,,,no policy intervention
baseline,127,22,baseline,0,,,,no policy intervention
baseline,128,22,baseline,0,,,,no policy intervention
baseline,129,22,baseline,0,,,,no policy intervention
baseline,130,22,baseline,0,,,,no policy intervention
baseline,131,22,baseline,0,,,,no policy intervention
baseline,132,22,baseline,0,,,,no policy intervention
baseline,133,22,baseline,0,,,,no policy intervention
baseline,134,22,baseline,0,,,,no policy intervention
baseline,135,22,baseline,0,,,,no policy intervention
baseline,136,22,baseline,0,,,,no policy intervention
baseline,137,22,baseline,0,,,,no policy intervention
baseline,138,22,baseline,0,,,,no policy intervention
baseline,139,22,baseline,0,,,,no policy intervention
baseline,140,22,baseline,0,,,,no policy intervention
baseline,141,22,baseline,0,,,,no policy intervention
baseline,142,22,baseline,0,,,,no policy intervention
baseline,143,22,baseline,0,,,,no policy intervention
baseline,144,22,baseline,0,,,,no policy intervention
baseline,145,22,baseline,0,,,,no policy intervention
baseline,146,22,baseline,0,,,,no policy intervention
baseline,147,22,baseline,0,,,,no policy intervention
baseline,148,22,baseline,0,,,,no policy intervention
baseline,149,22,baseline,0,,,,no policy intervention
baseline,150,22,baseline,0,,,,no policy intervention
baseline,151,22,baseline,0,,,,no policy intervention
baseline,152,22,baseline,0,,,,no policy intervention
baseline,153,22,baseline,0,,,,no policy intervention
baseline,154,22,baseline,0,,,,no policy intervention
baseline,155,22,baseline,0,,,,no policy intervention
baseline,156,22,baseline,0,,,,no policy intervention
baseline,157,22,baseline,0,,,,no policy intervention
baseline,158,22,baseline,0,,,,no policy intervention
baseline,159,22,baseline,0,,,,no policy intervention
baseline,160,22,baseline,0,,,,no policy intervention
baseline,161,22,baseline,0,,,,no policy intervention
baseline,162,22,baseline,0,,,,no policy intervention
baseline,163,22,baseline,0,,,,no policy intervention
baseline,164,22,baseline,0,,,,no policy intervention
baseline,165,22,baseline,0,,,,no policy intervention
baseline,166,22,baseline,0,,,,no policy intervention
baseline,167,22,baseline,0,,,,no policy intervention
baseline,168,22,baseline,0,,,,no policy intervention
baseline,169,22,baseline,0,,,,no policy intervention
baseline,170,22,baseline,0,,,,no policy intervention
baseline,171,22,baseline,0,,,,no policy intervention
baseline,172,22,baseline,0,,,,no policy intervention
baseline,173,22,baseline,0,,,,no policy intervention
baseline,174,22,baseline,0,,,,no policy intervention
baseline,175,22,baseline,0,,,,no policy intervention
baseline,176,22,baseline,0,,,,no policy intervention
baseline,177,22,baseline,0,,,,no policy intervention
baseline,178,22,baseline,0,,,,no policy intervention
baseline,179,22,baseline,0,,,,no policy intervention
baseline,180,22,baseline,0,,,,no policy intervention
baseline,181,22,baseline,0,,,,no policy intervention
baseline,182,22,baseline,0,,,,no policy intervention
baseline,183,22,baseline,0,,,,no policy intervention
baseline,184,22,baseline,0,,,,no policy intervention
baseline,185,22,baseline,0,,,,no policy intervention
baseline,186,22,baseline,0,,,,no policy intervention
baseline,187,22,baseline,0,,,,no policy intervention
baseline,188,22,baseline,0,,,,no policy intervention
baseline,189,22,baseline,0,,,,no policy intervention
baseline,190,22,baseline,0,,,,no policy intervention
baseline,191,22,baseline,0,,,,no policy intervention
baseline,192,22,baseline,0,,,,no policy intervention
baseline,193,22,baseline,0,,,,no policy intervention
baseline,194,22,baseline,0,,,,no policy intervention
baseline,195,22,baseline,0,,,,no policy intervention
baseline,196,22,baseline,0,,,,no policy intervention
baseline,197,22,baseline,0,,,,no policy intervention
baseline,198,22,baseline,0,,,,no policy intervention
baseline,199,22,baseline,0,,,,no policy intervention
baseline,200,22,baseline,0,,,,no policy intervention
baseline,201,22,baseline,0,,,,no policy intervention
baseline,202,22,baseline,0,,,,no policy intervention
baseline,203,22,baseline,0,,,,no policy intervention
baseline,204,22,baseline,0,,,,no policy intervention
baseline,205,22,baseline,0,,,,no policy intervention
baseline,206,22,baseline,0,,,,no policy intervention
baseline,207,22,baseline,0,,,,no policy intervention
baseline,208,22,baseline,0,,,,no policy intervention
baseline,209,22,baseline,0,,,,no policy intervention
baseline,210,22,baseline,0,,,,no policy intervention
baseline,211,22,baseline,0,,,,no policy intervention
baseline,212,22,baseline,0,,,,no policy intervention
baseline,213,22,baseline,0,,,,no policy intervention
baseline,214,22,baseline,0,,,,no policy intervention
baseline,215,22,baseline,0,,,,no policy intervention
baseline,216,22,baseline,0,,,,no policy intervention
baseline,217,22,baseline,0,,,,no policy intervention
baseline,218,22,baseline,0,,,,no policy intervention
baseline,219,22,baseline,0,,,,no policy intervention
baseline,220,22,baseline,0,,,,no policy intervention
baseline,221,22,baseline,0,,,,no policy intervention
baseline,222,22,baseline,0,,,,no policy intervention
baseline,223,22,baseline,0,,,,no policy intervention
baseline,224,22,baseline,0,,,,no policy intervention
baseline,225,22,baseline,0,,,,no policy intervention
baseline,226,22,baseline,0,,,,no policy intervention
baseline,227,22,baseline,0,,,,no policy intervention
baseline,228,22,baseline,0,,,,no policy intervention
baseline,229,22,baseline,0,,,,no policy intervention
baseline,230,22,baseline,0,,,,no policy intervention
baseline,231,22,baseline,0,,,,no policy intervention
baseline,232,22,baseline,0,,,,no policy intervention
baseline,233,22,baseline,0,,,,no policy intervention
baseline,234,22,baseline,0,,,,no policy intervention
baseline,235,22,baseline,0,,,,no policy intervention
baseline,236,22,baseline,0,,,,no policy intervention
baseline,237,22,baseline,0,,,,no policy intervention
baseline,238,22,baseline,0,,,,no policy intervention
baseline,239,22,baseline,0,,,,no policy intervention
baseline,0,23,baseline,0,,,,no policy intervention
baseline,1,23,baseline,0,,,,no policy intervention
baseline,2,23,baseline,0,,,,no policy intervention
baseline,3,23,baseline,0,,,,no policy intervention
baseline,4,23,baseline,0,,,,no policy intervention
baseline,5,23,baseline,0,,,,no policy intervention
baseline,6,23,baseline,0,,,,no policy intervention
baseline,7,23,baseline,0,,,,no policy intervention
baseline,8,23,baseline,0,,,,no policy intervention
baseline,9,23,baseline,0,,,,no policy intervention
baseline,10,23,baseline,0,,,,no policy intervention
baseline,11,23,baseline,0,,,,no policy intervention
baseline,12,23,baseline,0,,,,no policy intervention
baseline,13,23,baseline,0,,,,no policy intervention
baseline,14,23,baseline,0,,,,no policy intervention
baseline,15,23,baseline,0,,,,no policy intervention
baseline,16,23,baseline,0,,,,no policy intervention
baseline,17,23,baseline,0,,,,no policy intervention
baseline,18,23,baseline,0,,,,no policy intervention
baseline,19,23,baseline,0,,,,no policy intervention
baseline,20,23,baseline,0,,,,no policy intervention
baseline,21,23,baseline,0,,,,no policy intervention
baseline,22,23,baseline,0,,,,no policy intervention
baseline,23,23,baseline,0,,,,no policy intervention
baseline,24,23,baseline,0,,,,no policy intervention
baseline,25,23,baseline,0,,,,no policy intervention
baseline,26,23,baseline,0,,,,no policy intervention
baseline,27,23,baseline,0,,,,no policy intervention
baseline,28,23,baseline,0,,,,no policy intervention
baseline,29,23,baseline,0,,,,no policy intervention
baseline,30,23,baseline,0,,,,no policy intervention
baseline,31,23,baseline,0,,,,no policy intervention
baseline,32,23,baseline,0,,,,no policy intervention
baseline,33,23,baseline,0,,,,no policy intervention
baseline,34,23,baseline,0,,,,no policy intervention
baseline,35,23,baseline,0,,,,no policy intervention
baseline,36,23,baseline,0,,,,no policy intervention
baseline,37,23,baseline,0,,,,no policy intervention
baseline,38,23,baseline,0,,,,no policy intervention
baseline,39,23,baseline,0,,,,no policy intervention
baseline,40,23,baseline,0,,,,no policy intervention
baseline,41,23,baseline,0,,,,no policy intervention
baseline,42,23,baseline,0,,,,no policy intervention
baseline,43,23,baseline,0,,,,no policy intervention
baseline,44,23,baseline,0,,,,no policy intervention
baseline,45,23,baseline,0,,,,no policy intervention
baseline,46,23,baseline,0,,,,no policy intervention
baseline,47,23,baseline,0,,,,no policy intervention
baseline,48,23,baseline,0,,,,no policy intervention
baseline,49,23,baseline,0,,,,no policy intervention
baseline,50,23,baseline,0,,,,no policy intervention
baseline,51,23,baseline,0,,,,no policy intervention
baseline,52,23,baseline,0,,,,no policy intervention
baseline,53,23,baseline,0,,,,no policy intervention
baseline,54,23,baseline,0,,,,no policy intervention
baseline,55,23,baseline,0,,,,no policy intervention
baseline,56,23,baseline,0,,,,no policy intervention
baseline,57,23,baseline,0,,,,no policy intervention
baseline,58,23,baseline,0,,,,no policy intervention
baseline,59,23,baseline,0,,,,no policy intervention
baseline,60,23,baseline,0,,,,no policy intervention
baseline,61,23,baseline,0,,,,no policy intervention
baseline,62,23,baseline,0,,,,no policy intervention
baseline,63,23,baseline,0,,,,no policy intervention
baseline,64,23,baseline,0,,,,no policy intervention
baseline,65,23,baseline,0,,,,no policy intervention
baseline,66,23,baseline,0,,,,no policy intervention
baseline,67,23,baseline,0,,,,no policy intervention
baseline,68,23,baseline,0,,,,no policy intervention
baseline,69,23,baseline,0,,,,no policy intervention
baseline,70,23,baseline,0,,,,no policy intervention
baseline,71,23,baseline,0,,,,no policy intervention
baseline,72,23,baseline,0,,,,no policy intervention
baseline,73,23,baseline,0,,,,no policy intervention
baseline,74,23,baseline,0,,,,no policy intervention
baseline,75,23,baseline,0,,,,no policy intervention
baseline,76,23,baseline,0,,,,no policy intervention
baseline,77,23,baseline,0,,,,no policy intervention
baseline,78,23,baseline,0,,,,no policy intervention
baseline,79,23,baseline,0,,,,no policy intervention
baseline,80,23,baseline,0,,,,no policy intervention
baseline,81,23,baseline,0,,,,no policy intervention
baseline,82,23,baseline,0,,,,no policy intervention
baseline,83,23,baseline,0,,,,no policy intervention
baseline,84,23,baseline,0,,,,no policy intervention
baseline,85,23,baseline,0,,,,no policy intervention
baseline,86,23,baseline,0,,,,no policy intervention
baseline,87,23,baseline,0,,,,no policy intervention
baseline,88,23,baseline,0,,,,no policy intervention
baseline,89,23,baseline,0,,,,no policy intervention
baseline,90,23,baseline,0,,,,no policy intervention
baseline,91,23,baseline,0,,,,no policy intervention
baseline,92,23,baseline,0,,,,no policy intervention
baseline,93,23,baseline,0,,,,no policy intervention
baseline,94,23,baseline,0,,,,no policy intervention
baseline,95,23,baseline,0,,,,no policy intervention
baseline,96,23,baseline,0,,,,no policy intervention
baseline,97,23,baseline,0,,,,no policy intervention
baseline,98,23,baseline,0,,,,no policy intervention
baseline,99,23,baseline,0,,,,no policy intervention
baseline,100,23,baseline,0,,,,no policy intervention
baseline,101,23,baseline,0,,,,no policy intervention
baseline,102,23,baseline,0,,,,no policy intervention
baseline,103,23,baseline,0,,,,no policy intervention
baseline,104,23,baseline,0,,,,no policy intervention
baseline,105,23,baseline,0,,,,no policy intervention
baseline,106,23,baseline,0,,,,no policy intervention
baseline,107,23,baseline,0,,,,no policy intervention
baseline,108,23,baseline,0,,,,no policy intervention
baseline,109,23,baseline,0,,,,no policy intervention
baseline,110,23,baseline,0,,,,no policy intervention
baseline,111,23,baseline,0,,,,no policy intervention
baseline,112,23,baseline,0,,,,no policy intervention
baseline,113,23,baseline,0,,,,no policy intervention
baseline,114,23,baseline,0,,,,no policy intervention
baseline,115,23,baseline,0,,,,no policy intervention
baseline,116,23,baseline,0,,,,no policy intervention
baseline,117,23,baseline,0,,,,no policy intervention
baseline,118,23,baseline,0,,,,no policy intervention
baseline,119,23,baseline,0,,,,no policy intervention
baseline,120,23,baseline,0,,,,no policy intervention
baseline,121,23,baseline,0,,,,no policy intervention
baseline,122,23,baseline,0,,,,no policy intervention
baseline,123,23,baseline,0,,,,no policy intervention
baseline,124,23,baseline,0,,,,no policy intervention
baseline,125,23,baseline,0,,,,no policy intervention
baseline,126,23,baseline,0,,,,no policy intervention
baseline,127,23,baseline,0,,,,no policy intervention
baseline,128,23,baseline,0,,,,no policy intervention
baseline,129,23,baseline,0,,,,no policy intervention
baseline,130,23,baseline,0,,,,no policy intervention
baseline,131,23,baseline,0,,,,no policy intervention
baseline,132,23,baseline,0,,,,no policy intervention
baseline,133,23,baseline,0,,,,no policy intervention
baseline,134,23,baseline,0,,,,no policy intervention
baseline,135,23,baseline,0,,,,no policy intervention
baseline,136,23,baseline,0,,,,no policy intervention
baseline,137,23,baseline,0,,,,no policy intervention
baseline,138,23,baseline,0,,,,no policy intervention
baseline,139,23,baseline,0,,,,no policy intervention
baseline,140,23,baseline,0,,,,no policy intervention
baseline,141,23,baseline,0,,,,no policy intervention
baseline,142,23,baseline,0,,,,no policy intervention
baseline,143,23,baseline,0,,,,no policy intervention
baseline,144,23,baseline,0,,,,no policy intervention
baseline,145,23,baseline,0,,,,no policy intervention
baseline,146,23,baseline,0,,,,no policy intervention
baseline,147,23,baseline,0,,,,no policy intervention
baseline,148,23,baseline,0,,,,no policy intervention
baseline,149,23,baseline,0,,,,no policy intervention
baseline,150,23,baseline,0,,,,no policy intervention
baseline,151,23,baseline,0,,,,no policy intervention
baseline,152,23,baseline,0,,,,no policy intervention
baseline,153,23,baseline,0,,,,no policy intervention
baseline,154,23,baseline,0,,,,no policy intervention
baseline,155,23,baseline,0,,,,no policy intervention
baseline,156,23,baseline,0,,,,no policy intervention
baseline,157,23,baseline,0,,,,no policy intervention
baseline,158,23,baseline,0,,,,no policy intervention
baseline,159,23,baseline,0,,,,no policy intervention
baseline,160,23,baseline,0,,,,no policy intervention
baseline,161,23,baseline,0,,,,no policy intervention
baseline,162,23,baseline,0,,,,no policy intervention
baseline,163,23,baseline,0,,,,no policy intervention
baseline,164,23,baseline,0,,,,no policy intervention
baseline,165,23,baseline,0,,,,no policy intervention
baseline,166,23,baseline,0,,,,no policy intervention
baseline,167,23,baseline,0,,,,no policy intervention
baseline,168,23,baseline,0,,,,no policy intervention
baseline,169,23,baseline,0,,,,no policy intervention
baseline,170,23,baseline,0,,,,no policy intervention
baseline,171,23,baseline,0,,,,no policy intervention
baseline,172,23,baseline,0,,,,no policy intervention
baseline,173,23,baseline,0,,,,no policy intervention
baseline,174,23,baseline,0,,,,no policy intervention
baseline,175,23,baseline,0,,,,no policy intervention
baseline,176,23,baseline,0,,,,no policy intervention
baseline,177,23,baseline,0,,,,no policy intervention
baseline,178,23,baseline,0,,,,no policy intervention
baseline,179,23,baseline,0,,,,no policy intervention
baseline,180,23,baseline,0,,,,no policy intervention
baseline,181,23,baseline,0,,,,no policy intervention
baseline,182,23,baseline,0,,,,no policy intervention
baseline,183,23,baseline,0,,,,no policy intervention
baseline,184,23,baseline,0,,,,no policy intervention
baseline,185,23,baseline,0,,,,no policy intervention
baseline,186,23,baseline,0,,,,no policy intervention
baseline,187,23,baseline,0,,,,no policy intervention
baseline,188,23,baseline,0,,,,no policy intervention
baseline,189,23,baseline,0,,,,no policy intervention
baseline,190,23,baseline,0,,,,no policy intervention
baseline,191,23,baseline,0,,,,no policy intervention
baseline,192,23,baseline,0,,,,no policy intervention
baseline,193,23,baseline,0,,,,no policy intervention
baseline,194,23,baseline,0,,,,no policy intervention
baseline,195,23,baseline,0,,,,no policy intervention
baseline,196,23,baseline,0,,,,no policy intervention
baseline,197,23,baseline,0,,,,no policy intervention
baseline,198,23,baseline,0,,,,no policy intervention
baseline,199,23,baseline,0,,,,no policy intervention
baseline,200,23,baseline,0,,,,no policy intervention
baseline,201,23,baseline,0,,,,no policy intervention
baseline,202,23,baseline,0,,,,no policy intervention
baseline,203,23,baseline,0,,,,no policy intervention
baseline,204,23,baseline,0,,,,no policy intervention
baseline,205,23,baseline,0,,,,no policy intervention
baseline,206,23,baseline,0,,,,no policy intervention
baseline,207,23,baseline,0,,,,no policy intervention
baseline,208,23,baseline,0,,,,no policy intervention
baseline,209,23,baseline,0,,,,no policy intervention
baseline,210,23,baseline,0,,,,no policy intervention
baseline,211,23,baseline,0,,,,no policy intervention
baseline,212,23,baseline,0,,,,no policy intervention
baseline,213,23,baseline,0,,,,no policy intervention
baseline,214,23,baseline,0,,,,no policy intervention
baseline,215,23,baseline,0,,,,no policy intervention
baseline,216,23,baseline,0,,,,no policy intervention
baseline,217,23,baseline,0,,,,no policy intervention
baseline,218,23,baseline,0,,,,no policy intervention
baseline,219,23,baseline,0,,,,no policy intervention
baseline,220,23,baseline,0,,,,no policy intervention
baseline,221,23,baseline,0,,,,no policy intervention
baseline,222,23,baseline,0,,,,no policy intervention
baseline,223,23,baseline,0,,,,no policy intervention
baseline,224,23,baseline,0,,,,no policy intervention
baseline,225,23,baseline,0,,,,no policy intervention
baseline,226,23,baseline,0,,,,no policy intervention
baseline,227,23,baseline,0,,,,no policy intervention
baseline,228,23,baseline,0,,,,no policy intervention
baseline,229,23,baseline,0,,,,no policy intervention
baseline,230,23,baseline,0,,,,no policy intervention
baseline,231,23,baseline,0,,,,no policy intervention
baseline,232,23,baseline,0,,,,no policy intervention
baseline,233,23,baseline,0,,,,no policy intervention
baseline,234,23,baseline,0,,,,no policy intervention
baseline,235,23,baseline,0,,,,no policy intervention
baseline,236,23,baseline,0,,,,no policy intervention
baseline,237,23,baseline,0,,,,no policy intervention
baseline,238,23,baseline,0,,,,no policy intervention
baseline,239,23,baseline,0,,,,no policy intervention
