scenario,agent_id,hour,rule,wanted_shelter,chosen_shelter,target_cell_x,target_cell_y,reason
reactive,0,0,reactive,0,,,,exposure 0.03 <= trigger 1.0
reactive,1,0,reactive,0,,,,exposure 0.17 <= trigger 1.0
reactive,2,0,reactive,0,,,,exposure 0.00 <= trigger 1.0
reactive,3,0,reactive,0,,,,exposure 0.16 <= trigger 1.0
reactive,4,0,reactive,0,,,,exposure 0.48 <= trigger 1.0
reactive,5,0,reactive,0,,,,exposure 0.46 <= trigger 1.0
reactive,6,0,reactive,0,,,,exposure 0.46 <= trigger 1.0
reactive,7,0,reactive,0,,,,exposure 0.48 <= trigger 1.0
reactive,8,0,reactive,0,,,,exposure 0.24 <= trigger 1.0
reactive,9,0,reactive,0,,,,exposure 0.52 <= trigger 1.0
reactive,10,0,reactive,0,,,,exposure 0.53 <= trigger 1.0
reactive,11,0,reactive,0,,,,exposure 0.45 <= trigger 1.0
reactive,12,0,reactive,0,,,,exposure 0.52 <= trigger 1.0
reactive,13,0,reactive,0,,,,exposure 0.18 <= trigger 1.0
reactive,14,0,reactive,0,,,,exposure 0.23 <= trigger 1.0
reactive,15,0,reactive,0,,,,exposure 0.52 <= trigger 1.0
reactive,16,0,reactive,0,,,,exposure 0.00 <= trigger 1.0
reactive,17,0,reactive,0,,,,exposure 0.00 <= trigger 1.0
reactive,18,0,reactive,0,,,,exposure 0.39 <= trigger 1.0
reactive,19,0,reactive,0,,,,exposure 0.01 <= trigger 1.0
reactive,20,0,reactive,0,,,,exposure 0.24 <= trigger 1.0
reactive,21,0,reactive,0,,,,exposure 0.53 <= trigger 1.0
reactive,22,0,reactive,0,,,,exposure 0.54 <= trigger 1.0
reactive,23,0,reactive,0,,,,exposure 0.18 <= trigger 1.0
reactive,24,0,reactive,0,,,,exposure 0.54 <= trigger 1.0
reactive,25,0,reactive,0,,,,exposure 0.17 <= trigger 1.0
reactive,26,0,reactive,0,,,,exposure 0.27 <= trigger 1.0
reactive,27,0,reactive,0,,,,exposure 0.45 <= trigger 1.0
reactive,28,0,reactive,0,,,,exposure 0.45 <= trigger 1.0
reactive,29,0,reactive,0,,,,exposure 0.00 <= trigger 1.0
reactive,30,0,reactive,0,,,,exposure 0.17 <= trigger 1.0
reactive,31,0,reactive,0,,,,exposure 0.48 <= trigger 1.0
reactive,32,0,reactive,0,,,,exposure 0.18 <= trigger 1.0
reactive,33,0,reactive,0,,,,exposure 0.47 <= trigger 1.0
reactive,34,0,reactive,0,,,,exposure 0.00 <= trigger 1.0
reactive,35,0,reactive,0,,,,exposure 0.27 <= trigger 1.0
reactive,36,0,reactive,0,,,,exposure 0.00 <= trigger 1.0
reactive,37,0,reactive,0,,,,exposure 0.45 <= trigger 1.0
reactive,38,0,reactive,0,,,,exposure 0.48 <= trigger 1.0
reactive,39,0,reactive,0,,,,exposure 0.19 <= trigger 1.0
reactive,40,0,reactive,0,,,,exposure 0.46 <= trigger 1.0
reactive,41,0,reactive,0,,,,exposure 0.00 <= trigger 1.0
reactive,42,0,reactive,0,,,,exposure 0.48 <= trigger 1.0
reactive,43,0,reactive,0,,,,exposure 0.13 <= trigger 1.0
reactive,44,0,reactive,0,,,,exposure 0.19 <= trigger 1.0
reactive,45,0,reactive,0,,,,exposure 0.47 <= trigger 1.0
reactive,46,0,reactive,0,,,,exposure 0.54 <= trigger 1.0
reactive,47,0,reactive,0,,,,exposure 0.19 <= trigger 1.0
reactive,48,0,reactive,0,,,,exposure 0.00 <= trigger 1.0
reactive,49,0,reactive,0,,,,exposure 0.47 <= trigger 1.0
reactive,50,0,reactive,0,,,,exposure 0.00 <= trigger 1.0
reactive,51,0,reactive,0,,,,exposure 0.52 <= trigger 1.0
reactive,52,0,reactive,0,,,,exposure 0.35 <= trigger 1.0
reactive,53,0,reactive,0,,,,exposure 0.00 <= trigger 1.0
reactive,54,0,reactive,0,,,,exposure 0.51 <= trigger 1.0
reactive,55,0,reactive,0,,,,exposure 0.19 <= trigger 1.0
reactive,56,0,reactive,0,,,,exposure 0.51 <= trigger 1.0
reactive,57,0,reactive,0,,,,exposure 0.02 <= trigger 1.0
reactive,58,0,reactive,0,,,,exposure 0.48 <= trigger 1.0
reactive,59,0,reactive,0,,,,exposure 0.26 <= trigger 1.0
reactive,60,0,reactive,0,,,,exposure 0.42 <= trigger 1.0
reactive,61,0,reactive,0,,,,exposure 0.20 <= trigger 1.0
reactive,62,0,reactive,0,,,,exposure 0.20 <= trigger 1.0
reactive,63,0,reactive,0,,,,exposure 0.00 <= trigger 1.0
reactive,64,0,reactive,0,,,,exposure 0.00 <= trigger 1.0
reactive,65,0,reactive,0,,,,exposure 0.20 <= trigger 1.0
reactive,66,0,reactive,0,,,,exposure 0.50 <= trigger 1.0
reactive,67,0,reactive,0,,,,exposure 0.43 <= trigger 1.0
reactive,68,0,reactive,0,,,,exposure 0.12 <= trigger 1.0
reactive,69,0,reactive,0,,,,exposure 0.12 <= trigger 1.0
reactive,70,0,reactive,0,,,,exposure 0.14 <= trigger 1.0
reactive,71,0,reactive,0,,,,exposure 0.00 <= trigger 1.0
reactive,72,0,reactive,0,,,,exposure 0.40 <= trigger 1.0
reactive,73,0,reactive,0,,,,exposure 0.17 <= trigger 1.0
reactive,74,0,reactive,0,,,,exposure 0.56 <= trigger 1.0
reactive,75,0,reactive,0,,,,exposure 0.00 <= trigger 1.0
reactive,76,0,reactive,0,,,,exposure 0.14 <= trigger 1.0
reactive,77,0,reactive,0,,,,exposure 0.13 <= trigger 1.0
reactive,78,0,reactive,0,,,,exposure 0.06 <= trigger 1.0
reactive,79,0,reactive,0,,,,exposure 0.00 <= trigger 1.0
reactive,80,0,reactive,0,,,,exposure 0.00 <= trigger 1.0
reactive,81,0,reactive,0,,,,exposure 0.49 <= trigger 1.0
reactive,82,0,reactive,0,,,,exposure 0.51 <= trigger 1.0
reactive,83,0,reactive,0,,,,exposure 0.46 <= trigger 1.0
reactive,84,0,reactive,0,,,,exposure 0.47 <= trigger 1.0
reactive,85,0,reactive,0,,,,exposure 0.04 <= trigger 1.0
reactive,86,0,reactive,0,,,,exposure 0.48 <= trigger 1.0
reactive,87,0,reactive,0,,,,exposure 0.48 <= trigger 1.0
reactive,88,0,reactive,0,,,,exposure 0.11 <= trigger 1.0
reactive,89,0,reactive,0,,,,exposure 0.53 <= trigger 1.0
reactive,90,0,reactive,0,,,,exposure 0.00 <= trigger 1.0
reactive,91,0,reactive,0,,,,exposure 0.03 <= trigger 1.0
reactive,92,0,reactive,0,,,,exposure 0.00 <= trigger 1.0
reactive,93,0,reactive,0,,,,exposure 0.00 <= trigger 1.0
reactive,94,0,reactive,0,,,,exposure 0.47 <= trigger 1.0
reactive,95,0,reactive,0,,,,exposure 0.15 <= trigger 1.0
reactive,96,0,reactive,0,,,,exposure 0.48 <= trigger 1.0
reactive,97,0,reactive,0,,,,exposure 0.00 <= trigger 1.0
reactive,98,0,reactive,0,,,,exposure 0.46 <= trigger 1.0
reactive,99,0,reactive,0,,,,exposure 0.02 <= trigger 1.0
reactive,100,0,reactive,0,,,,exposure 0.10 <= trigger 1.0
reactive,101,0,reactive,0,,,,exposure 0.00 <= trigger 1.0
reactive,102,0,reactive,0,,,,exposure 0.00 <= trigger 1.0
reactive,103,0,reactive,0,,,,exposure 0.00 <= trigger 1.0
reactive,104,0,reactive,0,,,,exposure 0.48 <= trigger 1.0
reactive,105,0,reactive,0,,,,exposure 0.45 <= trigger 1.0
reactive,106,0,reactive,0,,,,exposure 0.48 <= trigger 1.0
reactive,107,0,reactive,0,,,,exposure 0.51 <= trigger 1.0
reactive,108,0,reactive,0,,,,exposure 0.00 <= trigger 1.0
reactive,109,0,reactive,0,,,,exposure 0.01 <= trigger 1.0
reactive,110,0,reactive,0,,,,exposure 0.26 <= trigger 1.0
reactive,111,0,reactive,0,,,,exposure 0.27 <= trigger 1.0
reactive,112,0,reactive,0,,,,exposure 0.52 <= trigger 1.0
reactive,113,0,reactive,0,,,,exposure 0.39 <= trigger 1.0
reactive,114,0,reactive,0,,,,exposure 0.05 <= trigger 1.0
reactive,115,0,reactive,0,,,,exposure 0.26 <= trigger 1.0
reactive,116,0,reactive,0,,,,exposure 0.55 <= trigger 1.0
reactive,117,0,reactive,0,,,,exposure 0.47 <= trigger 1.0
reactive,118,0,reactive,0,,,,exposure 0.00 <= trigger 1.0
reactive,119,0,reactive,0,,,,exposure 0.00 <= trigger 1.0
reactive,120,0,reactive,0,,,,exposure 0.17 <= trigger 1.0
reactive,121,0,reactive,0,,,,exposure 0.23 <= trigger 1.0
reactive,122,0,reactive,0,,,,exposure 0.19 <= trigger 1.0
reactive,123,0,reactive,0,,,,exposure 0.55 <= trigger 1.0
reactive,124,0,reactive,0,,,,exposure 0.00 <= trigger 1.0
reactive,125,0,reactive,0,,,,exposure 0.47 <= trigger 1.0
reactive,126,0,reactive,0,,,,exposure 0.20 <= trigger 1.0
reactive,127,0,reactive,0,,,,exposure 0.00 <= trigger 1.0
reactive,128,0,reactive,0,,,,exposure 0.00 <= trigger 1.0
reactive,129,0,reactive,0,,,,exposure 0.51 <= trigger 1.0
reactive,130,0,reactive,0,,,,exposure 0.00 <= trigger 1.0
reactive,131,0,reactive,0,,,,exposure 0.00 <= trigger 1.0
reactive,132,0,reactive,0,,,,exposure 0.16 <= trigger 1.0
reactive,133,0,reactive,0,,,,exposure 0.00 <= trigger 1.0
reactive,134,0,reactive,0,,,,exposure 0.42 <= trigger 1.0
reactive,135,0,reactive,0,,,,exposure 0.41 <= trigger 1.0
reactive,136,0,reactive,0,,,,exposure 0.08 <= trigger 1.0
reactive,137,0,reactive,0,,,,exposure 0.52 <= trigger 1.0
reactive,138,0,reactive,0,,,,exposure 0.20 <= trigger 1.0
reactive,139,0,reactive,0,,,,exposure 0.54 <= trigger 1.0
reactive,140,0,reactive,0,,,,exposure 0.20 <= trigger 1.0
reactive,141,0,reactive,0,,,,exposure 0.42 <= trigger 1.0
reactive,142,0,reactive,0,,,,exposure 0.03 <= trigger 1.0
reactive,143,0,reactive,0,,,,exposure 0.00 <= trigger 1.0
reactive,144,0,reactive,0,,,,exposure 0.19 <= trigger 1.0
reactive,145,0,reactive,0,,,,exposure 0.02 <= trigger 1.0
reactive,146,0,reactive,0,,,,exposure 0.50 <= trigger 1.0
reactive,147,0,reactive,0,,,,exposure 0.19 <= trigger 1.0
reactive,148,0,reactive,0,,,,exposure 0.50 <= trigger 1.0
reactive,149,0,reactive,0,,,,exposure 0.20 <= trigger 1.0
reactive,150,0,reactive,0,,,,exposure 0.02 <= trigger 1.0
reactive,151,0,reactive,0,,,,exposure 0.41 <= trigger 1.0
reactive,152,0,reactive,0,,,,exposure 0.16 <= trigger 1.0
reactive,153,0,reactive,0,,,,exposure 0.04 <= trigger 1.0
reactive,154,0,reactive,0,,,,exposure 0.06 <= trigger 1.0
reactive,155,0,reactive,0,,,,exposure 0.41 <= trigger 1.0
reactive,156,0,reactive,0,,,,exposure 0.26 <= trigger 1.0
reactive,157,0,reactive,0,,,,exposure 0.44 <= trigger 1.0
reactive,158,0,reactive,0,,,,exposure 0.08 <= trigger 1.0
reactive,159,0,reactive,0,,,,exposure 0.14 <= trigger 1.0
reactive,160,0,reactive,0,,,,exposure 0.44 <= trigger 1.0
reactive,161,0,reactive,0,,,,exposure 0.00 <= trigger 1.0
reactive,162,0,reactive,0,,,,exposure 0.47 <= trigger 1.0
reactive,163,0,reactive,0,,,,exposure 0.00 <= trigger 1.0
reactive,164,0,reactive,0,,,,exposure 0.00 <= trigger 1.0
reactive,165,0,reactive,0,,,,exposure 0.44 <= trigger 1.0
reactive,166,0,reactive,0,,,,exposure 0.26 <= trigger 1.0
reactive,167,0,reactive,0,,,,exposure 0.03 <= trigger 1.0
reactive,168,0,reactive,0,,,,exposure 0.53 <= trigger 1.0
reactive,169,0,reactive,0,,,,exposure 0.00 <= trigger 1.0
reactive,170,0,reactive,0,,,,exposure 0.17 <= trigger 1.0
reactive,171,0,reactive,0,,,,exposure 0.54 <= trigger 1.0
reactive,172,0,reactive,0,,,,exposure 0.03 <= trigger 1.0
reactive,173,0,reactive,0,,,,exposure 0.00 <= trigger 1.0
reactive,174,0,reactive,0,,,,exposure 0.00 <= trigger 1.0
reactive,175,0,reactive,0,,,,exposure 0.04 <= trigger 1.0
reactive,176,0,reactive,0,,,,exposure 0.23 <= trigger 1.0
reactive,177,0,reactive,0,,,,exposure 0.03 <= trigger 1.0
reactive,178,0,reactive,0,,,,exposure 0.50 <= trigger 1.0
reactive,179,0,reactive,0,,,,exposure 0.20 <= trigger 1.0
reactive,180,0,reactive,0,,,,exposure 0.00 <= trigger 1.0
reactive,181,0,reactive,0,,,,exposure 0.02 <= trigger 1.0
reactive,182,0,reactive,0,,,,exposure 0.51 <= trigger 1.0
reactive,183,0,reactive,0,,,,exposure 0.02 <= trigger 1.0
reactive,184,0,reactive,0,,,,exposure 0.47 <= trigger 1.0
reactive,185,0,reactive,0,,,,exposure 0.06 <= trigger 1.0
reactive,186,0,reactive,0,,,,exposure 0.19 <= trigger 1.0
reactive,187,0,reactive,0,,,,exposure 0.00 <= trigger 1.0
reactive,188,0,reactive,0,,,,exposure 0.51 <= trigger 1.0
reactive,189,0,reactive,0,,,,exposure 0.04 <= trigger 1.0
reactive,190,0,reactive,0,,,,exposure 0.48 <= trigger 1.0
reactive,191,0,reactive,0,,,,exposure 0.55 <= trigger 1.0
reactive,192,0,reactive,0,,,,exposure 0.39 <= trigger 1.0
reactive,193,0,reactive,0,,,,exposure 0.13 <= trigger 1.0
reactive,194,0,reactive,0,,,,exposure 0.55 <= trigger 1.0
reactive,195,0,reactive,0,,,,exposure 0.55 <= trigger 1.0
reactive,196,0,reactive,0,,,,exposure 0.13 <= trigger 1.0
reactive,197,0,reactive,0,,,,exposure 0.07 <= trigger 1.0
reactive,198,0,reactive,0,,,,exposure 0.19 <= trigger 1.0
reactive,199,0,reactive,0,,,,exposure 0.19 <= trigger 1.0
reactive,200,0,reactive,0,,,,exposure 0.35 <= trigger 1.0
reactive,201,0,reactive,0,,,,exposure 0.51 <= trigger 1.0
reactive,202,0,reactive,0,,,,exposure 0.00 <= trigger 1.0
reactive,203,0,reactive,0,,,,exposure 0.16 <= trigger 1.0
reactive,204,0,reactive,0,,,,exposure 0.07 <= trigger 1.0
reactive,205,0,reactive,0,,,,exposure 0.23 <= trigger 1.0
reactive,206,0,reactive,0,,,,exposure 0.47 <= trigger 1.0
reactive,207,0,reactive,0,,,,exposure 0.02 <= trigger 1.0
reactive,208,0,reactive,0,,,,exposure 0.00 <= trigger 1.0
reactive,209,0,reactive,0,,,,exposure 0.00 <= trigger 1.0
reactive,210,0,reactive,0,,,,exposure 0.18 <= trigger 1.0
reactive,211,0,reactive,0,,,,exposure 0.20 <= trigger 1.0
reactive,212,0,reactive,0,,,,exposure 0.52 <= trigger 1.0
reactive,213,0,reactive,0,,,,exposure 0.50 <= trigger 1.0
reactive,214,0,reactive,0,,,,exposure 0.00 <= trigger 1.0
reactive,215,0,reactive,0,,,,exposure 0.41 <= trigger 1.0
reactive,216,0,reactive,0,,,,exposure 0.14 <= trigger 1.0
reactive,217,0,reactive,0,,,,exposure 0.00 <= trigger 1.0
reactive,218,0,reactive,0,,,,exposure 0.20 <= trigger 1.0
reactive,219,0,reactive,0,,,,exposure 0.52 <= trigger 1.0
reactive,220,0,reactive,0,,,,exposure 0.45 <= trigger 1.0
reactive,221,0,reactive,0,,,,exposure 0.21 <= trigger 1.0
reactive,222,0,reactive,0,,,,exposure 0.00 <= trigger 1.0
reactive,223,0,reactive,0,,,,exposure 0.07 <= trigger 1.0
reactive,224,0,reactive,0,,,,exposure 0.54 <= trigger 1.0
reactive,225,0,reactive,0,,,,exposure 0.13 <= trigger 1.0
reactive,226,0,reactive,0,,,,exposure 0.48 <= trigger 1.0
reactive,227,0,reactive,0,,,,exposure 0.52 <= trigger 1.0
reactive,228,0,reactive,0,,,,exposure 0.50 <= trigger 1.0
reactive,229,0,reactive,0,,,,exposure 0.14 <= trigger 1.0
reactive,230,0,reactive,0,,,,exposure 0.16 <= trigger 1.0
reactive,231,0,reactive,0,,,,exposure 0.00 <= trigger 1.0
reactive,232,0,reactive,0,,,,exposure 0.39 <= trigger 1.0
reactive,233,0,reactive,0,,,,exposure 0.01 <= trigger 1.0
reactive,234,0,reactive,0,,,,exposure 0.07 <= trigger 1.0
reactive,235,0,reactive,0,,,,exposure 0.12 <= trigger 1.0
reactive,236,0,reactive,0,,,,exposure 0.00 <= trigger 1.0
reactive,237,0,reactive,0,,,,exposure 0.17 <= trigger 1.0
reactive,238,0,reactive,0,,,,exposure 0.44 <= trigger 1.0
reactive,239,0,reactive,0,,,,exposure 0.20 <= trigger 1.0
reactive,0,1,reactive,0,,,,exposure 0.00 <= trigger 1.0
reactive,1,1,reactive,0,,,,exposure 0.20 <= trigger 1.0
reactive,2,1,reactive,0,,,,exposure 0.00 <= trigger 1.0
reactive,3,1,reactive,0,,,,exposure 0.17 <= trigger 1.0
reactive,4,1,reactive,0,,,,exposure 0.45 <= trigger 1.0
reactive,5,1,reactive,0,,,,exposure 0.47 <= trigger 1.0
reactive,6,1,reactive,0,,,,exposure 0.47 <= trigger 1.0
reactive,7,1,reactive,0,,,,exposure 0.44 <= trigger 1.0
reactive,8,1,reactive,0,,,,exposure 0.15 <= trigger 1.0
reactive,9,1,reactive,0,,,,exposure 0.52 <= trigger 1.0
reactive,10,1,reactive,0,,,,exposure 0.56 <= trigger 1.0
reactive,11,1,reactive,0,,,,exposure 0.46 <= trigger 1.0
reactive,12,1,reactive,0,,,,exposure 0.47 <= trigger 1.0
reactive,13,1,reactive,0,,,,exposure 0.20 <= trigger 1.0
reactive,14,1,reactive,0,,,,exposure 0.13 <= trigger 1.0
reactive,15,1,reactive,0,,,,exposure 0.57 <= trigger 1.0
reactive,16,1,reactive,0,,,,exposure 0.00 <= trigger 1.0
reactive,17,1,reactive,0,,,,exposure 0.00 <= trigger 1.0
reactive,18,1,reactive,0,,,,exposure 0.40 <= trigger 1.0
reactive,19,1,reactive,0,,,,exposure 0.02 <= trigger 1.0
reactive,20,1,reactive,0,,,,exposure 0.15 <= trigger 1.0
reactive,21,1,reactive,0,,,,exposure 0.56 <= trigger 1.0
reactive,22,1,reactive,0,,,,exposure 0.48 <= trigger 1.0
reactive,23,1,reactive,0,,,,exposure 0.27 <= trigger 1.0
reactive,24,1,reactive,0,,,,exposure 0.47 <= trigger 1.0
reactive,25,1,reactive,0,,,,exposure 0.13 <= trigger 1.0
reactive,26,1,reactive,0,,,,exposure 0.12 <= trigger 1.0
reactive,27,1,reactive,0,,,,exposure 0.46 <= trigger 1.0
reactive,28,1,reactive,0,,,,exposure 0.50 <= trigger 1.0
reactive,29,1,reactive,0,,,,exposure 0.00 <= trigger 1.0
reactive,30,1,reactive,0,,,,exposure 0.13 <= trigger 1.0
reactive,31,1,reactive,0,,,,exposure 0.43 <= trigger 1.0
reactive,32,1,reactive,0,,,,exposure 0.12 <= trigger 1.0
reactive,33,1,reactive,0,,,,exposure 0.51 <= trigger 1.0
reactive,34,1,reactive,0,,,,exposure 0.00 <= trigger 1.0
reactive,35,1,reactive,0,,,,exposure 0.17 <= trigger 1.0
reactive,36,1,reactive,0,,,,exposure 0.00 <= trigger 1.0
reactive,37,1,reactive,0,,,,exposure 0.50 <= trigger 1.0
reactive,38,1,reactive,0,,,,exposure 0.44 <= trigger 1.0
reactive,39,1,reactive,0,,,,exposure 0.12 <= trigger 1.0
reactive,40,1,reactive,0,,,,exposure 0.51 <= trigger 1.0
reactive,41,1,reactive,0,,,,exposure 0.06 <= trigger 1.0
reactive,42,1,reactive,0,,,,exposure 0.44 <= trigger 1.0
reactive,43,1,reactive,0,,,,exposure 0.17 <= trigger 1.0
reactive,44,1,reactive,0,,,,exposure 0.11 <= trigger 1.0
reactive,45,1,reactive,0,,,,exposure 0.46 <= trigger 1.0
reactive,46,1,reactive,0,,,,exposure 0.48 <= trigger 1.0
reactive,47,1,reactive,0,,,,exposure 0.21 <= trigger 1.0
reactive,48,1,reactive,0,,,,exposure 0.00 <= trigger 1.0
reactive,49,1,reactive,0,,,,exposure 0.42 <= trigger 1.0
reactive,50,1,reactive,0,,,,exposure 0.00 <= trigger 1.0
reactive,51,1,reactive,0,,,,exposure 0.52 <= trigger 1.0
reactive,52,1,reactive,0,,,,exposure 0.41 <= trigger 1.0
reactive,53,1,reactive,0,,,,exposure 0.00 <= trigger 1.0
reactive,54,1,reactive,0,,,,exposure 0.46 <= trigger 1.0
reactive,55,1,reactive,0,,,,exposure 0.15 <= trigger 1.0
reactive,56,1,reactive,0,,,,exposure 0.46 <= trigger 1.0
reactive,57,1,reactive,0,,,,exposure 0.01 <= trigger 1.0
reactive,58,1,reactive,0,,,,exposure 0.57 <= trigger 1.0
reactive,59,1,reactive,0,,,,exposure 0.18 <= trigger 1.0
reactive,60,1,reactive,0,,,,exposure 0.51 <= trigger 1.0
reactive,61,1,reactive,0,,,,exposure 0.25 <= trigger 1.0
reactive,62,1,reactive,0,,,,exposure 0.17 <= trigger 1.0
reactive,63,1,reactive,0,,,,exposure 0.00 <= trigger 1.0
reactive,64,1,reactive,0,,,,exposure 0.00 <= trigger 1.0
reactive,65,1,reactive,0,,,,exposure 0.12 <= trigger 1.0
reactive,66,1,reactive,0,,,,exposure 0.58 <= trigger 1.0
reactive,67,1,reactive,0,,,,exposure 0.46 <= trigger 1.0
reactive,68,1,reactive,0,,,,exposure 0.20 <= trigger 1.0
reactive,69,1,reactive,0,,,,exposure 0.20 <= trigger 1.0
reactive,70,1,reactive,0,,,,exposure 0.21 <= trigger 1.0
reactive,71,1,reactive,0,,,,exposure 0.00 <= trigger 1.0
reactive,72,1,reactive,0,,,,exposure 0.44 <= trigger 1.0
reactive,73,1,reactive,0,,,,exposure 0.20 <= trigger 1.0
reactive,74,1,reactive,0,,,,exposure 0.40 <= trigger 1.0
reactive,75,1,reactive,0,,,,exposure 0.00 <= trigger 1.0
reactive,76,1,reactive,0,,,,exposure 0.21 <= trigger 1.0
reactive,77,1,reactive,0,,,,exposure 0.18 <= trigger 1.0
reactive,78,1,reactive,0,,,,exposure 0.00 <= trigger 1.0
reactive,79,1,reactive,0,,,,exposure 0.00 <= trigger 1.0
reactive,80,1,reactive,0,,,,exposure 0.00 <= trigger 1.0
reactive,81,1,reactive,0,,,,exposure 0.56 <= trigger 1.0
reactive,82,1,reactive,0,,,,exposure 0.43 <= trigger 1.0
reactive,83,1,reactive,0,,,,exposure 0.47 <= trigger 1.0
reactive,84,1,reactive,0,,,,exposure 0.51 <= trigger 1.0
reactive,85,1,reactive,0,,,,exposure 0.00 <= trigger 1.0
reactive,86,1,reactive,0,,,,exposure 0.48 <= trigger 1.0
reactive,87,1,reactive,0,,,,exposure 0.56 <= trigger 1.0
reactive,88,1,reactive,0,,,,exposure 0.08 <= trigger 1.0
reactive,89,1,reactive,0,,,,exposure 0.52 <= trigger 1.0
reactive,90,1,reactive,0,,,,exposure 0.06 <= trigger 1.0
reactive,91,1,reactive,0,,,,exposure 0.00 <= trigger 1.0
reactive,92,1,reactive,0,,,,exposure 0.05 <= trigger 1.0
reactive,93,1,reactive,0,,,,exposure 0.00 <= trigger 1.0
reactive,94,1,reactive,0,,,,exposure 0.44 <= trigger 1.0
reactive,95,1,reactive,0,,,,exposure 0.07 <= trigger 1.0
reactive,96,1,reactive,0,,,,exposure 0.45 <= trigger 1.0
reactive,97,1,reactive,0,,,,exposure 0.00 <= trigger 1.0
reactive,98,1,reactive,0,,,,exposure 0.51 <= trigger 1.0
reactive,99,1,reactive,0,,,,exposure 0.00 <= trigger 1.0
reactive,100,1,reactive,0,,,,exposure 0.00 <= trigger 1.0
reactive,101,1,reactive,0,,,,exposure 0.00 <= trigger 1.0
reactive,102,1,reactive,0,,,,exposure 0.00 <= trigger 1.0
reactive,103,1,reactive,0,,,,exposure 0.05 <= trigger 1.0
reactive,104,1,reactive,0,,,,exposure 0.57 <= trigger 1.0
reactive,105,1,reactive,0,,,,exposure 0.50 <= trigger 1.0
reactive,106,1,reactive,0,,,,exposure 0.44 <= trigger 1.0
reactive,107,1,reactive,0,,,,exposure 0.46 <= trigger 1.0
reactive,108,1,reactive,0,,,,exposure 0.00 <= trigger 1.0
reactive,109,1,reactive,0,,,,exposure 0.00 <= trigger 1.0
reactive,110,1,reactive,0,,,,exposure 0.16 <= trigger 1.0
reactive,111,1,reactive,0,,,,exposure 0.12 <= trigger 1.0
reactive,112,1,reactive,0,,,,exposure 0.57 <= trigger 1.0
reactive,113,1,reactive,0,,,,exposure 0.40 <= trigger 1.0
reactive,114,1,reactive,0,,,,exposure 0.03 <= trigger 1.0
reactive,115,1,reactive,0,,,,exposure 0.23 <= trigger 1.0
reactive,116,1,reactive,0,,,,exposure 0.46 <= trigger 1.0
reactive,117,1,reactive,0,,,,exposure 0.44 <= trigger 1.0
reactive,118,1,reactive,0,,,,exposure 0.00 <= trigger 1.0
reactive,119,1,reactive,0,,,,exposure 0.00 <= trigger 1.0
reactive,120,1,reactive,0,,,,exposure 0.15 <= trigger 1.0
reactive,121,1,reactive,0,,,,exposure 0.18 <= trigger 1.0
reactive,122,1,reactive,0,,,,exposure 0.21 <= trigger 1.0
reactive,123,1,reactive,0,,,,exposure 0.49 <= trigger 1.0
reactive,124,1,reactive,0,,,,exposure 0.00 <= trigger 1.0
reactive,125,1,reactive,0,,,,exposure 0.46 <= trigger 1.0
reactive,126,1,reactive,0,,,,exposure 0.17 <= trigger 1.0
reactive,127,1,reactive,0,,,,exposure 0.00 <= trigger 1.0
reactive,128,1,reactive,0,,,,exposure 0.02 <= trigger 1.0
reactive,129,1,reactive,0,,,,exposure 0.46 <= trigger 1.0
reactive,130,1,reactive,0,,,,exposure 0.00 <= trigger 1.0
reactive,131,1,reactive,0,,,,exposure 0.00 <= trigger 1.0
reactive,132,1,reactive,0,,,,exposure 0.17 <= trigger 1.0
reactive,133,1,reactive,0,,,,exposure 0.00 <= trigger 1.0
reactive,134,1,reactive,0,,,,exposure 0.51 <= trigger 1.0
reactive,135,1,reactive,0,,,,exposure 0.40 <= trigger 1.0
reactive,136,1,reactive,0,,,,exposure 0.00 <= trigger 1.0
reactive,137,1,reactive,0,,,,exposure 0.39 <= trigger 1.0
reactive,138,1,reactive,0,,,,exposure 0.24 <= trigger 1.0
reactive,139,1,reactive,0,,,,exposure 0.48 <= trigger 1.0
reactive,140,1,reactive,0,,,,exposure 0.24 <= trigger 1.0
reactive,141,1,reactive,0,,,,exposure 0.51 <= trigger 1.0
reactive,142,1,reactive,0,,,,exposure 0.00 <= trigger 1.0
reactive,143,1,reactive,0,,,,exposure 0.00 <= trigger 1.0
reactive,144,1,reactive,0,,,,exposure 0.20 <= trigger 1.0
reactive,145,1,reactive,0,,,,exposure 0.00 <= trigger 1.0
reactive,146,1,reactive,0,,,,exposure 0.44 <= trigger 1.0
reactive,147,1,reactive,0,,,,exposure 0.19 <= trigger 1.0
reactive,148,1,reactive,0,,,,exposure 0.39 <= trigger 1.0
reactive,149,1,reactive,0,,,,exposure 0.25 <= trigger 1.0
reactive,150,1,reactive,0,,,,exposure 0.00 <= trigger 1.0
reactive,151,1,reactive,0,,,,exposure 0.40 <= trigger 1.0
reactive,152,1,reactive,0,,,,exposure 0.20 <= trigger 1.0
reactive,153,1,reactive,0,,,,exposure 0.00 <= trigger 1.0
reactive,154,1,reactive,0,,,,exposure 0.00 <= trigger 1.0
reactive,155,1,reactive,0,,,,exposure 0.40 <= trigger 1.0
reactive,156,1,reactive,0,,,,exposure 0.18 <= trigger 1.0
reactive,157,1,reactive,0,,,,exposure 0.40 <= trigger 1.0
reactive,158,1,reactive,0,,,,exposure 0.00 <= trigger 1.0
reactive,159,1,reactive,0,,,,exposure 0.11 <= trigger 1.0
reactive,160,1,reactive,0,,,,exposure 0.42 <= trigger 1.0
reactive,161,1,reactive,0,,,,exposure 0.00 <= trigger 1.0
reactive,162,1,reactive,0,,,,exposure 0.44 <= trigger 1.0
reactive,163,1,reactive,0,,,,exposure 0.00 <= trigger 1.0
reactive,164,1,reactive,0,,,,exposure 0.02 <= trigger 1.0
reactive,165,1,reactive,0,,,,exposure 0.48 <= trigger 1.0
reactive,166,1,reactive,0,,,,exposure 0.23 <= trigger 1.0
reactive,167,1,reactive,0,,,,exposure 0.00 <= trigger 1.0
reactive,168,1,reactive,0,,,,exposure 0.49 <= trigger 1.0
reactive,169,1,reactive,0,,,,exposure 0.00 <= trigger 1.0
reactive,170,1,reactive,0,,,,exposure 0.15 <= trigger 1.0
reactive,171,1,reactive,0,,,,exposure 0.48 <= trigger 1.0
reactive,172,1,reactive,0,,,,exposure 0.00 <= trigger 1.0
reactive,173,1,reactive,0,,,,exposure 0.00 <= trigger 1.0
reactive,174,1,reactive,0,,,,exposure 0.05 <= trigger 1.0
reactive,175,1,reactive,0,,,,exposure 0.00 <= trigger 1.0
reactive,176,1,reactive,0,,,,exposure 0.13 <= trigger 1.0
reactive,177,1,reactive,0,,,,exposure 0.00 <= trigger 1.0
reactive,178,1,reactive,0,,,,exposure 0.42 <= trigger 1.0
reactive,179,1,reactive,0,,,,exposure 0.17 <= trigger 1.0
reactive,180,1,reactive,0,,,,exposure 0.05 <= trigger 1.0
reactive,181,1,reactive,0,,,,exposure 0.00 <= trigger 1.0
reactive,182,1,reactive,0,,,,exposure 0.51 <= trigger 1.0
reactive,183,1,reactive,0,,,,exposure 0.01 <= trigger 1.0
reactive,184,1,reactive,0,,,,exposure 0.46 <= trigger 1.0
reactive,185,1,reactive,0,,,,exposure 0.03 <= trigger 1.0
reactive,186,1,reactive,0,,,,exposure 0.24 <= trigger 1.0
reactive,187,1,reactive,0,,,,exposure 0.00 <= trigger 1.0
reactive,188,1,reactive,0,,,,exposure 0.43 <= trigger 1.0
reactive,189,1,reactive,0,,,,exposure 0.00 <= trigger 1.0
reactive,190,1,reactive,0,,,,exposure 0.45 <= trigger 1.0
reactive,191,1,reactive,0,,,,exposure 0.42 <= trigger 1.0
reactive,192,1,reactive,0,,,,exposure 0.40 <= trigger 1.0
reactive,193,1,reactive,0,,,,exposure 0.18 <= trigger 1.0
reactive,194,1,reactive,0,,,,exposure 0.42 <= trigger 1.0
reactive,195,1,reactive,0,,,,exposure 0.42 <= trigger 1.0
reactive,196,1,reactive,0,,,,exposure 0.17 <= trigger 1.0
reactive,197,1,reactive,0,,,,exposure 0.00 <= trigger 1.0
reactive,198,1,reactive,0,,,,exposure 0.21 <= trigger 1.0
reactive,199,1,reactive,0,,,,exposure 0.20 <= trigger 1.0
reactive,200,1,reactive,0,,,,exposure 0.41 <= trigger 1.0
reactive,201,1,reactive,0,,,,exposure 0.48 <= trigger 1.0
reactive,202,1,reactive,0,,,,exposure 0.00 <= trigger 1.0
reactive,203,1,reactive,0,,,,exposure 0.20 <= trigger 1.0
reactive,204,1,reactive,0,,,,exposure 0.13 <= trigger 1.0
reactive,205,1,reactive,0,,,,exposure 0.13 <= trigger 1.0
reactive,206,1,reactive,0,,,,exposure 0.51 <= trigger 1.0
reactive,207,1,reactive,0,,,,exposure 0.01 <= trigger 1.0
reactive,208,1,reactive,0,,,,exposure 0.00 <= trigger 1.0
reactive,209,1,reactive,0,,,,exposure 0.00 <= trigger 1.0
reactive,210,1,reactive,0,,,,exposure 0.20 <= trigger 1.0
reactive,211,1,reactive,0,,,,exposure 0.24 <= trigger 1.0
reactive,212,1,reactive,0,,,,exposure 0.48 <= trigger 1.0
reactive,213,1,reactive,0,,,,exposure 0.42 <= trigger 1.0
reactive,214,1,reactive,0,,,,exposure 0.00 <= trigger 1.0
reactive,215,1,reactive,0,,,,exposure 0.47 <= trigger 1.0
reactive,216,1,reactive,0,,,,exposure 0.11 <= trigger 1.0
reactive,217,1,reactive,0,,,,exposure 0.00 <= trigger 1.0
reactive,218,1,reactive,0,,,,exposure 0.18 <= trigger 1.0
reactive,219,1,reactive,0,,,,exposure 0.52 <= trigger 1.0
reactive,220,1,reactive,0,,,,exposure 0.51 <= trigger 1.0
reactive,221,1,reactive,0,,,,exposure 0.21 <= trigger 1.0
reactive,222,1,reactive,0,,,,exposure 0.00 <= trigger 1.0
reactive,223,1,reactive,0,,,,exposure 0.00 <= trigger 1.0
reactive,224,1,reactive,0,,,,exposure 0.47 <= trigger 1.0
reactive,225,1,reactive,0,,,,exposure 0.17 <= trigger 1.0
reactive,226,1,reactive,0,,,,exposure 0.57 <= trigger 1.0
reactive,227,1,reactive,0,,,,exposure 0.47 <= trigger 1.0
reactive,228,1,reactive,0,,,,exposure 0.52 <= trigger 1.0
reactive,229,1,reactive,0,,,,exposure 0.19 <= trigger 1.0
reactive,230,1,reactive,0,,,,exposure 0.17 <= trigger 1.0
reactive,231,1,reactive,0,,,,exposure 0.00 <= trigger 1.0
reactive,232,1,reactive,0,,,,exposure 0.45 <= trigger 1.0
reactive,233,1,reactive,0,,,,exposure 0.00 <= trigger 1.0
reactive,234,1,reactive,0,,,,exposure 0.00 <= trigger 1.0
reactive,235,1,reactive,0,,,,exposure 0.20 <= trigger 1.0
reactive,236,1,reactive,0,,,,exposure 0.00 <= trigger 1.0
reactive,237,1,reactive,0,,,,exposure 0.13 <= trigger 1.0
reactive,238,1,reactive,0,,,,exposure 0.49 <= trigger 1.0
reactive,239,1,reactive,0,,,,exposure 0.25 <= trigger 1.0
reactive,0,2,reactive,0,,,,exposure 0.00 <= trigger 1.0
reactive,1,2,reactive,0,,,,exposure 0.07 <= trigger 1.0
reactive,2,2,reactive,0,,,,exposure 0.00 <= trigger 1.0
reactive,3,2,reactive,0,,,,exposure 0.13 <= trigger 1.0
reactive,4,2,reactive,0,,,,exposure 0.46 <= trigger 1.0
reactive,5,2,reactive,0,,,,exposure 0.44 <= trigger 1.0
reactive,6,2,reactive,0,,,,exposure 0.37 <= trigger 1.0
reactive,7,2,reactive,0,,,,exposure 0.42 <= trigger 1.0
reactive,8,2,reactive,0,,,,exposure 0.10 <= trigger 1.0
reactive,9,2,reactive,0,,,,exposure 0.48 <= trigger 1.0
reactive,10,2,reactive,0,,,,exposure 0.40 <= trigger 1.0
reactive,11,2,reactive,0,,,,exposure 0.39 <= trigger 1.0
reactive,12,2,reactive,0,,,,exposure 0.46 <= trigger 1.0
reactive,13,2,reactive,0,,,,exposure 0.09 <= trigger 1.0
reactive,14,2,reactive,0,,,,exposure 0.15 <= trigger 1.0
reactive,15,2,reactive,0,,,,exposure 0.44 <= trigger 1.0
reactive,16,2,reactive,0,,,,exposure 0.00 <= trigger 1.0
reactive,17,2,reactive,0,,,,exposure 0.00 <= trigger 1.0
reactive,18,2,reactive,0,,,,exposure 0.43 <= trigger 1.0
reactive,19,2,reactive,0,,,,exposure 0.00 <= trigger 1.0
reactive,20,2,reactive,0,,,,exposure 0.10 <= trigger 1.0
reactive,21,2,reactive,0,,,,exposure 0.40 <= trigger 1.0
reactive,22,2,reactive,0,,,,exposure 0.45 <= trigger 1.0
reactive,23,2,reactive,0,,,,exposure 0.16 <= trigger 1.0
reactive,24,2,reactive,0,,,,exposure 0.42 <= trigger 1.0
reactive,25,2,reactive,0,,,,exposure 0.21 <= trigger 1.0
reactive,26,2,reactive,0,,,,exposure 0.15 <= trigger 1.0
reactive,27,2,reactive,0,,,,exposure 0.39 <= trigger 1.0
reactive,28,2,reactive,0,,,,exposure 0.41 <= trigger 1.0
reactive,29,2,reactive,0,,,,exposure 0.00 <= trigger 1.0
reactive,30,2,reactive,0,,,,exposure 0.21 <= trigger 1.0
reactive,31,2,reactive,0,,,,exposure 0.45 <= trigger 1.0
reactive,32,2,reactive,0,,,,exposure 0.14 <= trigger 1.0
reactive,33,2,reactive,0,,,,exposure 0.41 <= trigger 1.0
reactive,34,2,reactive,0,,,,exposure 0.00 <= trigger 1.0
reactive,35,2,reactive,0,,,,exposure 0.22 <= trigger 1.0
reactive,36,2,reactive,0,,,,exposure 0.00 <= trigger 1.0
reactive,37,2,reactive,0,,,,exposure 0.41 <= trigger 1.0
reactive,38,2,reactive,0,,,,exposure 0.26 <= trigger 1.0
reactive,39,2,reactive,0,,,,exposure 0.14 <= trigger 1.0
reactive,40,2,reactive,0,,,,exposure 0.37 <= trigger 1.0
reactive,41,2,reactive,0,,,,exposure 0.00 <= trigger 1.0
reactive,42,2,reactive,0,,,,exposure 0.42 <= trigger 1.0
reactive,43,2,reactive,0,,,,exposure 0.28 <= trigger 1.0
reactive,44,2,reactive,0,,,,exposure 0.19 <= trigger 1.0
reactive,45,2,reactive,0,,,,exposure 0.44 <= trigger 1.0
reactive,46,2,reactive,0,,,,exposure 0.45 <= trigger 1.0
reactive,47,2,reactive,0,,,,exposure 0.07 <= trigger 1.0
reactive,48,2,reactive,0,,,,exposure 0.00 <= trigger 1.0
reactive,49,2,reactive,0,,,,exposure 0.54 <= trigger 1.0
reactive,50,2,reactive,0,,,,exposure 0.00 <= trigger 1.0
reactive,51,2,reactive,0,,,,exposure 0.48 <= trigger 1.0
reactive,52,2,reactive,0,,,,exposure 0.35 <= trigger 1.0
reactive,53,2,reactive,0,,,,exposure 0.00 <= trigger 1.0
reactive,54,2,reactive,0,,,,exposure 0.42 <= trigger 1.0
reactive,55,2,reactive,0,,,,exposure 0.02 <= trigger 1.0
reactive,56,2,reactive,0,,,,exposure 0.42 <= trigger 1.0
reactive,57,2,reactive,0,,,,exposure 0.00 <= trigger 1.0
reactive,58,2,reactive,0,,,,exposure 0.48 <= trigger 1.0
reactive,59,2,reactive,0,,,,exposure 0.14 <= trigger 1.0
reactive,60,2,reactive,0,,,,exposure 0.38 <= trigger 1.0
reactive,61,2,reactive,0,,,,exposure 0.11 <= trigger 1.0
reactive,62,2,reactive,0,,,,exposure 0.13 <= trigger 1.0
reactive,63,2,reactive,0,,,,exposure 0.00 <= trigger 1.0
reactive,64,2,reactive,0,,,,exposure 0.00 <= trigger 1.0
reactive,65,2,reactive,0,,,,exposure 0.10 <= trigger 1.0
reactive,66,2,reactive,0,,,,exposure 0.44 <= trigger 1.0
reactive,67,2,reactive,0,,,,exposure 0.50 <= trigger 1.0
reactive,68,2,reactive,0,,,,exposure 0.15 <= trigger 1.0
reactive,69,2,reactive,0,,,,exposure 0.15 <= trigger 1.0
reactive,70,2,reactive,0,,,,exposure 0.17 <= trigger 1.0
reactive,71,2,reactive,0,,,,exposure 0.00 <= trigger 1.0
reactive,72,2,reactive,0,,,,exposure 0.46 <= trigger 1.0
reactive,73,2,reactive,0,,,,exposure 0.07 <= trigger 1.0
reactive,74,2,reactive,0,,,,exposure 0.47 <= trigger 1.0
reactive,75,2,reactive,0,,,,exposure 0.00 <= trigger 1.0
reactive,76,2,reactive,0,,,,exposure 0.17 <= trigger 1.0
reactive,77,2,reactive,0,,,,exposure 0.17 <= trigger 1.0
reactive,78,2,reactive,0,,,,exposure 0.00 <= trigger 1.0
reactive,79,2,reactive,0,,,,exposure 0.00 <= trigger 1.0
reactive,80,2,reactive,0,,,,exposure 0.00 <= trigger 1.0
reactive,81,2,reactive,0,,,,exposure 0.45 <= trigger 1.0
reactive,82,2,reactive,0,,,,exposure 0.46 <= trigger 1.0
reactive,83,2,reactive,0,,,,exposure 0.44 <= trigger 1.0
reactive,84,2,reactive,0,,,,exposure 0.46 <= trigger 1.0
reactive,85,2,reactive,0,,,,exposure 0.00 <= trigger 1.0
reactive,86,2,reactive,0,,,,exposure 0.46 <= trigger 1.0
reactive,87,2,reactive,0,,,,exposure 0.44 <= trigger 1.0
reactive,88,2,reactive,0,,,,exposure 0.18 <= trigger 1.0
reactive,89,2,reactive,0,,,,exposure 0.45 <= trigger 1.0
reactive,90,2,reactive,0,,,,exposure 0.00 <= trigger 1.0
reactive,91,2,reactive,0,,,,exposure 0.00 <= trigger 1.0
reactive,92,2,reactive,0,,,,exposure 0.00 <= trigger 1.0
reactive,93,2,reactive,0,,,,exposure 0.00 <= trigger 1.0
reactive,94,2,reactive,0,,,,exposure 0.46 <= trigger 1.0
reactive,95,2,reactive,0,,,,exposure 0.13 <= trigger 1.0
reactive,96,2,reactive,0,,,,exposure 0.46 <= trigger 1.0
reactive,97,2,reactive,0,,,,exposure 0.04 <= trigger 1.0
reactive,98,2,reactive,0,,,,exposure 0.37 <= trigger 1.0
reactive,99,2,reactive,0,,,,exposure 0.00 <= trigger 1.0
reactive,100,2,reactive,0,,,,exposure 0.00 <= trigger 1.0
reactive,101,2,reactive,0,,,,exposure 0.00 <= trigger 1.0
reactive,102,2,reactive,0,,,,exposure 0.00 <= trigger 1.0
reactive,103,2,reactive,0,,,,exposure 0.00 <= trigger 1.0
reactive,104,2,reactive,0,,,,exposure 0.48 <= trigger 1.0
reactive,105,2,reactive,0,,,,exposure 0.41 <= trigger 1.0
reactive,106,2,reactive,0,,,,exposure 0.26 <= trigger 1.0
reactive,107,2,reactive,0,,,,exposure 0.42 <= trigger 1.0
reactive,108,2,reactive,0,,,,exposure 0.00 <= trigger 1.0
reactive,109,2,reactive,0,,,,exposure 0.00 <= trigger 1.0
reactive,110,2,reactive,0,,,,exposure 0.17 <= trigger 1.0
reactive,111,2,reactive,0,,,,exposure 0.15 <= trigger 1.0
reactive,112,2,reactive,0,,,,exposure 0.44 <= trigger 1.0
reactive,113,2,reactive,0,,,,exposure 0.43 <= trigger 1.0
reactive,114,2,reactive,0,,,,exposure 0.00 <= trigger 1.0
reactive,115,2,reactive,0,,,,exposure 0.12 <= trigger 1.0
reactive,116,2,reactive,0,,,,exposure 0.41 <= trigger 1.0
reactive,117,2,reactive,0,,,,exposure 0.39 <= trigger 1.0
reactive,118,2,reactive,0,,,,exposure 0.00 <= trigger 1.0
reactive,119,2,reactive,0,,,,exposure 0.00 <= trigger 1.0
reactive,120,2,reactive,0,,,,exposure 0.13 <= trigger 1.0
reactive,121,2,reactive,0,,,,exposure 0.10 <= trigger 1.0
reactive,122,2,reactive,0,,,,exposure 0.07 <= trigger 1.0
reactive,123,2,reactive,0,,,,exposure 0.45 <= trigger 1.0
reactive,124,2,reactive,0,,,,exposure 0.00 <= trigger 1.0
reactive,125,2,reactive,0,,,,exposure 0.44 <= trigger 1.0
reactive,126,2,reactive,0,,,,exposure 0.13 <= trigger 1.0
reactive,127,2,reactive,0,,,,exposure 0.00 <= trigger 1.0
reactive,128,2,reactive,0,,,,exposure 0.00 <= trigger 1.0
reactive,129,2,reactive,0,,,,exposure 0.42 <= trigger 1.0
reactive,130,2,reactive,0,,,,exposure 0.00 <= trigger 1.0
reactive,131,2,reactive,0,,,,exposure 0.00 <= trigger 1.0
reactive,132,2,reactive,0,,,,exposure 0.13 <= trigger 1.0
reactive,133,2,reactive,0,,,,exposure 0.00 <= trigger 1.0
reactive,134,2,reactive,0,,,,exposure 0.38 <= trigger 1.0
reactive,135,2,reactive,0,,,,exposure 0.44 <= trigger 1.0
reactive,136,2,reactive,0,,,,exposure 0.00 <= trigger 1.0
reactive,137,2,reactive,0,,,,exposure 0.50 <= trigger 1.0
reactive,138,2,reactive,0,,,,exposure 0.08 <= trigger 1.0
reactive,139,2,reactive,0,,,,exposure 0.45 <= trigger 1.0
reactive,140,2,reactive,0,,,,exposure 0.08 <= trigger 1.0
reactive,141,2,reactive,0,,,,exposure 0.38 <= trigger 1.0
reactive,142,2,reactive,0,,,,exposure 0.00 <= trigger 1.0
reactive,143,2,reactive,0,,,,exposure 0.04 <= trigger 1.0
reactive,144,2,reactive,0,,,,exposure 0.20 <= trigger 1.0
reactive,145,2,reactive,0,,,,exposure 0.00 <= trigger 1.0
reactive,146,2,reactive,0,,,,exposure 0.42 <= trigger 1.0
reactive,147,2,reactive,0,,,,exposure 0.07 <= trigger 1.0
reactive,148,2,reactive,0,,,,exposure 0.49 <= trigger 1.0
reactive,149,2,reactive,0,,,,exposure 0.11 <= trigger 1.0
reactive,150,2,reactive,0,,,,exposure 0.00 <= trigger 1.0
reactive,151,2,reactive,0,,,,exposure 0.44 <= trigger 1.0
reactive,152,2,reactive,0,,,,exposure 0.13 <= trigger 1.0
reactive,153,2,reactive,0,,,,exposure 0.00 <= trigger 1.0
reactive,154,2,reactive,0,,,,exposure 0.00 <= trigger 1.0
reactive,155,2,reactive,0,,,,exposure 0.44 <= trigger 1.0
reactive,156,2,reactive,0,,,,exposure 0.14 <= trigger 1.0
reactive,157,2,reactive,0,,,,exposure 0.43 <= trigger 1.0
reactive,158,2,reactive,0,,,,exposure 0.00 <= trigger 1.0
reactive,159,2,reactive,0,,,,exposure 0.10 <= trigger 1.0
reactive,160,2,reactive,0,,,,exposure 0.40 <= trigger 1.0
reactive,161,2,reactive,0,,,,exposure 0.00 <= trigger 1.0
reactive,162,2,reactive,0,,,,exposure 0.39 <= trigger 1.0
reactive,163,2,reactive,0,,,,exposure 0.00 <= trigger 1.0
reactive,164,2,reactive,0,,,,exposure 0.00 <= trigger 1.0
reactive,165,2,reactive,0,,,,exposure 0.49 <= trigger 1.0
reactive,166,2,reactive,0,,,,exposure 0.12 <= trigger 1.0
reactive,167,2,reactive,0,,,,exposure 0.00 <= trigger 1.0
reactive,168,2,reactive,0,,,,exposure 0.53 <= trigger 1.0
reactive,169,2,reactive,0,,,,exposure 0.00 <= trigger 1.0
reactive,170,2,reactive,0,,,,exposure 0.13 <= trigger 1.0
reactive,171,2,reactive,0,,,,exposure 0.45 <= trigger 1.0
reactive,172,2,reactive,0,,,,exposure 0.00 <= trigger 1.0
reactive,173,2,reactive,0,,,,exposure 0.00 <= trigger 1.0
reactive,174,2,reactive,0,,,,exposure 0.00 <= trigger 1.0
reactive,175,2,reactive,0,,,,exposure 0.00 <= trigger 1.0
reactive,176,2,reactive,0,,,,exposure 0.15 <= trigger 1.0
reactive,177,2,reactive,0,,,,exposure 0.00 <= trigger 1.0
reactive,178,2,reactive,0,,,,exposure 0.46 <= trigger 1.0
reactive,179,2,reactive,0,,,,exposure 0.13 <= trigger 1.0
reactive,180,2,reactive,0,,,,exposure 0.00 <= trigger 1.0
reactive,181,2,reactive,0,,,,exposure 0.00 <= trigger 1.0
reactive,182,2,reactive,0,,,,exposure 0.36 <= trigger 1.0
reactive,183,2,reactive,0,,,,exposure 0.00 <= trigger 1.0
reactive,184,2,reactive,0,,,,exposure 0.44 <= trigger 1.0
reactive,185,2,reactive,0,,,,exposure 0.00 <= trigger 1.0
reactive,186,2,reactive,0,,,,exposure 0.14 <= trigger 1.0
reactive,187,2,reactive,0,,,,exposure 0.00 <= trigger 1.0
reactive,188,2,reactive,0,,,,exposure 0.46 <= trigger 1.0
reactive,189,2,reactive,0,,,,exposure 0.00 <= trigger 1.0
reactive,190,2,reactive,0,,,,exposure 0.46 <= trigger 1.0
reactive,191,2,reactive,0,,,,exposure 0.45 <= trigger 1.0
reactive,192,2,reactive,0,,,,exposure 0.43 <= trigger 1.0
reactive,193,2,reactive,0,,,,exposure 0.17 <= trigger 1.0
reactive,194,2,reactive,0,,,,exposure 0.45 <= trigger 1.0
reactive,195,2,reactive,0,,,,exposure 0.45 <= trigger 1.0
reactive,196,2,reactive,0,,,,exposure 0.28 <= trigger 1.0
reactive,197,2,reactive,0,,,,exposure 0.00 <= trigger 1.0
reactive,198,2,reactive,0,,,,exposure 0.07 <= trigger 1.0
reactive,199,2,reactive,0,,,,exposure 0.20 <= trigger 1.0
reactive,200,2,reactive,0,,,,exposure 0.35 <= trigger 1.0
reactive,201,2,reactive,0,,,,exposure 0.40 <= trigger 1.0
reactive,202,2,reactive,0,,,,exposure 0.00 <= trigger 1.0
reactive,203,2,reactive,0,,,,exposure 0.13 <= trigger 1.0
reactive,204,2,reactive,0,,,,exposure 0.17 <= trigger 1.0
reactive,205,2,reactive,0,,,,exposure 0.15 <= trigger 1.0
reactive,206,2,reactive,0,,,,exposure 0.41 <= trigger 1.0
reactive,207,2,reactive,0,,,,exposure 0.00 <= trigger 1.0
reactive,208,2,reactive,0,,,,exposure 0.00 <= trigger 1.0
reactive,209,2,reactive,0,,,,exposure 0.00 <= trigger 1.0
reactive,210,2,reactive,0,,,,exposure 0.09 <= trigger 1.0
reactive,211,2,reactive,0,,,,exposure 0.08 <= trigger 1.0
reactive,212,2,reactive,0,,,,exposure 0.52 <= trigger 1.0
reactive,213,2,reactive,0,,,,exposure 0.46 <= trigger 1.0
reactive,214,2,reactive,0,,,,exposure 0.00 <= trigger 1.0
reactive,215,2,reactive,0,,,,exposure 0.46 <= trigger 1.0
reactive,216,2,reactive,0,,,,exposure 0.10 <= trigger 1.0
reactive,217,2,reactive,0,,,,exposure 0.00 <= trigger 1.0
reactive,218,2,reactive,0,,,,exposure 0.07 <= trigger 1.0
reactive,219,2,reactive,0,,,,exposure 0.48 <= trigger 1.0
reactive,220,2,reactive,0,,,,exposure 0.42 <= trigger 1.0
reactive,221,2,reactive,0,,,,exposure 0.20 <= trigger 1.0
reactive,222,2,reactive,0,,,,exposure 0.00 <= trigger 1.0
reactive,223,2,reactive,0,,,,exposure 0.00 <= trigger 1.0
reactive,224,2,reactive,0,,,,exposure 0.42 <= trigger 1.0
reactive,225,2,reactive,0,,,,exposure 0.28 <= trigger 1.0
reactive,226,2,reactive,0,,,,exposure 0.48 <= trigger 1.0
reactive,227,2,reactive,0,,,,exposure 0.46 <= trigger 1.0
reactive,228,2,reactive,0,,,,exposure 0.40 <= trigger 1.0
reactive,229,2,reactive,0,,,,exposure 0.18 <= trigger 1.0
reactive,230,2,reactive,0,,,,exposure 0.13 <= trigger 1.0
reactive,231,2,reactive,0,,,,exposure 0.00 <= trigger 1.0
reactive,232,2,reactive,0,,,,exposure 0.35 <= trigger 1.0
reactive,233,2,reactive,0,,,,exposure 0.00 <= trigger 1.0
reactive,234,2,reactive,0,,,,exposure 0.00 <= trigger 1.0
reactive,235,2,reactive,0,,,,exposure 0.15 <= trigger 1.0
reactive,236,2,reactive,0,,,,exposure 0.00 <= trigger 1.0
reactive,237,2,reactive,0,,,,exposure 0.21 <= trigger 1.0
reactive,238,2,reactive,0,,,,exposure 0.50 <= trigger 1.0
reactive,239,2,reactive,0,,,,exposure 0.11 <= trigger 1.0
reactive,0,3,reactive,0,,,,exposure 0.00 <= trigger 1.0
reactive,1,3,reactive,0,,,,exposure 0.17 <= trigger 1.0
reactive,2,3,reactive,0,,,,exposure 0.00 <= trigger 1.0
reactive,3,3,reactive,0,,,,exposure 0.12 <= trigger 1.0
reactive,4,3,reactive,0,,,,exposure 0.42 <= trigger 1.0
reactive,5,3,reactive,0,,,,exposure 0.36 <= trigger 1.0
reactive,6,3,reactive,0,,,,exposure 0.42 <= trigger 1.0
reactive,7,3,reactive,0,,,,exposure 0.49 <= trigger 1.0
reactive,8,3,reactive,0,,,,exposure 0.12 <= trigger 1.0
reactive,9,3,reactive,0,,,,exposure 0.44 <= trigger 1.0
reactive,10,3,reactive,0,,,,exposure 0.46 <= trigger 1.0
reactive,11,3,reactive,0,,,,exposure 0.41 <= trigger 1.0
reactive,12,3,reactive,0,,,,exposure 0.44 <= trigger 1.0
reactive,13,3,reactive,0,,,,exposure 0.15 <= trigger 1.0
reactive,14,3,reactive,0,,,,exposure 0.15 <= trigger 1.0
reactive,15,3,reactive,0,,,,exposure 0.45 <= trigger 1.0
reactive,16,3,reactive,0,,,,exposure 0.00 <= trigger 1.0
reactive,17,3,reactive,0,,,,exposure 0.02 <= trigger 1.0
reactive,18,3,reactive,0,,,,exposure 0.38 <= trigger 1.0
reactive,19,3,reactive,0,,,,exposure 0.00 <= trigger 1.0
reactive,20,3,reactive,0,,,,exposure 0.12 <= trigger 1.0
reactive,21,3,reactive,0,,,,exposure 0.46 <= trigger 1.0
reactive,22,3,reactive,0,,,,exposure 0.32 <= trigger 1.0
reactive,23,3,reactive,0,,,,exposure 0.04 <= trigger 1.0
reactive,24,3,reactive,0,,,,exposure 0.39 <= trigger 1.0
reactive,25,3,reactive,0,,,,exposure 0.23 <= trigger 1.0
reactive,26,3,reactive,0,,,,exposure 0.04 <= trigger 1.0
reactive,27,3,reactive,0,,,,exposure 0.41 <= trigger 1.0
reactive,28,3,reactive,0,,,,exposure 0.42 <= trigger 1.0
reactive,29,3,reactive,0,,,,exposure 0.00 <= trigger 1.0
reactive,30,3,reactive,0,,,,exposure 0.23 <= trigger 1.0
reactive,31,3,reactive,0,,,,exposure 0.40 <= trigger 1.0
reactive,32,3,reactive,0,,,,exposure 0.15 <= trigger 1.0
reactive,33,3,reactive,0,,,,exposure 0.40 <= trigger 1.0
reactive,34,3,reactive,0,,,,exposure 0.00 <= trigger 1.0
reactive,35,3,reactive,0,,,,exposure 0.17 <= trigger 1.0
reactive,36,3,reactive,0,,,,exposure 0.00 <= trigger 1.0
reactive,37,3,reactive,0,,,,exposure 0.42 <= trigger 1.0
reactive,38,3,reactive,0,,,,exposure 0.50 <= trigger 1.0
reactive,39,3,reactive,0,,,,exposure 0.08 <= trigger 1.0
reactive,40,3,reactive,0,,,,exposure 0.40 <= trigger 1.0
reactive,41,3,reactive,0,,,,exposure 0.00 <= trigger 1.0
reactive,42,3,reactive,0,,,,exposure 0.49 <= trigger 1.0
reactive,43,3,reactive,0,,,,exposure 0.11 <= trigger 1.0
reactive,44,3,reactive,0,,,,exposure 0.04 <= trigger 1.0
reactive,45,3,reactive,0,,,,exposure 0.49 <= trigger 1.0
reactive,46,3,reactive,0,,,,exposure 0.32 <= trigger 1.0
reactive,47,3,reactive,0,,,,exposure 0.22 <= trigger 1.0
reactive,48,3,reactive,0,,,,exposure 0.00 <= trigger 1.0
reactive,49,3,reactive,0,,,,exposure 0.41 <= trigger 1.0
reactive,50,3,reactive,0,,,,exposure 0.00 <= trigger 1.0
reactive,51,3,reactive,0,,,,exposure 0.44 <= trigger 1.0
reactive,52,3,reactive,0,,,,exposure 0.43 <= trigger 1.0
reactive,53,3,reactive,0,,,,exposure 0.00 <= trigger 1.0
reactive,54,3,reactive,0,,,,exposure 0.37 <= trigger 1.0
reactive,55,3,reactive,0,,,,exposure 0.02 <= trigger 1.0
reactive,56,3,reactive,0,,,,exposure 0.37 <= trigger 1.0
reactive,57,3,reactive,0,,,,exposure 0.00 <= trigger 1.0
reactive,58,3,reactive,0,,,,exposure 0.44 <= trigger 1.0
reactive,59,3,reactive,0,,,,exposure 0.19 <= trigger 1.0
reactive,60,3,reactive,0,,,,exposure 0.34 <= trigger 1.0
reactive,61,3,reactive,0,,,,exposure 0.08 <= trigger 1.0
reactive,62,3,reactive,0,,,,exposure 0.12 <= trigger 1.0
reactive,63,3,reactive,0,,,,exposure 0.00 <= trigger 1.0
reactive,64,3,reactive,0,,,,exposure 0.00 <= trigger 1.0
reactive,65,3,reactive,0,,,,exposure 0.09 <= trigger 1.0
reactive,66,3,reactive,0,,,,exposure 0.34 <= trigger 1.0
reactive,67,3,reactive,0,,,,exposure 0.44 <= trigger 1.0
reactive,68,3,reactive,0,,,,exposure 0.02 <= trigger 1.0
reactive,69,3,reactive,0,,,,exposure 0.02 <= trigger 1.0
reactive,70,3,reactive,0,,,,exposure 0.09 <= trigger 1.0
reactive,71,3,reactive,0,,,,exposure 0.00 <= trigger 1.0
reactive,72,3,reactive,0,,,,exposure 0.35 <= trigger 1.0
reactive,73,3,reactive,0,,,,exposure 0.17 <= trigger 1.0
reactive,74,3,reactive,0,,,,exposure 0.39 <= trigger 1.0
reactive,75,3,reactive,0,,,,exposure 0.00 <= trigger 1.0
reactive,76,3,reactive,0,,,,exposure 0.09 <= trigger 1.0
reactive,77,3,reactive,0,,,,exposure 0.06 <= trigger 1.0
reactive,78,3,reactive,0,,,,exposure 0.00 <= trigger 1.0
reactive,79,3,reactive,0,,,,exposure 0.00 <= trigger 1.0
reactive,80,3,reactive,0,,,,exposure 0.00 <= trigger 1.0
reactive,81,3,reactive,0,,,,exposure 0.30 <= trigger 1.0
reactive,82,3,reactive,0,,,,exposure 0.42 <= trigger 1.0
reactive,83,3,reactive,0,,,,exposure 0.36 <= trigger 1.0
reactive,84,3,reactive,0,,,,exposure 0.39 <= trigger 1.0
reactive,85,3,reactive,0,,,,exposure 0.00 <= trigger 1.0
reactive,86,3,reactive,0,,,,exposure 0.45 <= trigger 1.0
reactive,87,3,reactive,0,,,,exposure 0.41 <= trigger 1.0
reactive,88,3,reactive,0,,,,exposure 0.13 <= trigger 1.0
reactive,89,3,reactive,0,,,,exposure 0.45 <= trigger 1.0
reactive,90,3,reactive,0,,,,exposure 0.00 <= trigger 1.0
reactive,91,3,reactive,0,,,,exposure 0.00 <= trigger 1.0
reactive,92,3,reactive,0,,,,exposure 0.00 <= trigger 1.0
reactive,93,3,reactive,0,,,,exposure 0.00 <= trigger 1.0
reactive,94,3,reactive,0,,,,exposure 0.42 <= trigger 1.0
reactive,95,3,reactive,0,,,,exposure 0.12 <= trigger 1.0
reactive,96,3,reactive,0,,,,exposure 0.42 <= trigger 1.0
reactive,97,3,reactive,0,,,,exposure 0.00 <= trigger 1.0
reactive,98,3,reactive,0,,,,exposure 0.40 <= trigger 1.0
reactive,99,3,reactive,0,,,,exposure 0.00 <= trigger 1.0
reactive,100,3,reactive,0,,,,exposure 0.00 <= trigger 1.0
reactive,101,3,reactive,0,,,,exposure 0.01 <= trigger 1.0
reactive,102,3,reactive,0,,,,exposure 0.00 <= trigger 1.0
reactive,103,3,reactive,0,,,,exposure 0.00 <= trigger 1.0
reactive,104,3,reactive,0,,,,exposure 0.44 <= trigger 1.0
reactive,105,3,reactive,0,,,,exposure 0.42 <= trigger 1.0
reactive,106,3,reactive,0,,,,exposure 0.50 <= trigger 1.0
reactive,107,3,reactive,0,,,,exposure 0.37 <= trigger 1.0
reactive,108,3,reactive,0,,,,exposure 0.00 <= trigger 1.0
reactive,109,3,reactive,0,,,,exposure 0.00 <= trigger 1.0
reactive,110,3,reactive,0,,,,exposure 0.04 <= trigger 1.0
reactive,111,3,reactive,0,,,,exposure 0.04 <= trigger 1.0
reactive,112,3,reactive,0,,,,exposure 0.45 <= trigger 1.0
reactive,113,3,reactive,0,,,,exposure 0.38 <= trigger 1.0
reactive,114,3,reactive,0,,,,exposure 0.00 <= trigger 1.0
reactive,115,3,reactive,0,,,,exposure 0.10 <= trigger 1.0
reactive,116,3,reactive,0,,,,exposure 0.50 <= trigger 1.0
reactive,117,3,reactive,0,,,,exposure 0.43 <= trigger 1.0
reactive,118,3,reactive,0,,,,exposure 0.00 <= trigger 1.0
reactive,119,3,reactive,0,,,,exposure 0.00 <= trigger 1.0
reactive,120,3,reactive,0,,,,exposure 0.21 <= trigger 1.0
reactive,121,3,reactive,0,,,,exposure 0.13 <= trigger 1.0
reactive,122,3,reactive,0,,,,exposure 0.22 <= trigger 1.0
reactive,123,3,reactive,0,,,,exposure 0.39 <= trigger 1.0
reactive,124,3,reactive,0,,,,exposure 0.00 <= trigger 1.0
reactive,125,3,reactive,0,,,,exposure 0.49 <= trigger 1.0
reactive,126,3,reactive,0,,,,exposure 0.12 <= trigger 1.0
reactive,127,3,reactive,0,,,,exposure 0.00 <= trigger 1.0
reactive,128,3,reactive,0,,,,exposure 0.00 <= trigger 1.0
reactive,129,3,reactive,0,,,,exposure 0.37 <= trigger 1.0
reactive,130,3,reactive,0,,,,exposure 0.00 <= trigger 1.0
reactive,131,3,reactive,0,,,,exposure 0.01 <= trigger 1.0
reactive,132,3,reactive,0,,,,exposure 0.12 <= trigger 1.0
reactive,133,3,reactive,0,,,,exposure 0.00 <= trigger 1.0
reactive,134,3,reactive,0,,,,exposure 0.34 <= trigger 1.0
reactive,135,3,reactive,0,,,,exposure 0.40 <= trigger 1.0
reactive,136,3,reactive,0,,,,exposure 0.00 <= trigger 1.0
reactive,137,3,reactive,0,,,,exposure 0.39 <= trigger 1.0
reactive,138,3,reactive,0,,,,exposure 0.13 <= trigger 1.0
reactive,139,3,reactive,0,,,,exposure 0.32 <= trigger 1.0
reactive,140,3,reactive,0,,,,exposure 0.13 <= trigger 1.0
reactive,141,3,reactive,0,,,,exposure 0.34 <= trigger 1.0
reactive,142,3,reactive,0,,,,exposure 0.00 <= trigger 1.0
reactive,143,3,reactive,0,,,,exposure 0.00 <= trigger 1.0
reactive,144,3,reactive,0,,,,exposure 0.12 <= trigger 1.0
reactive,145,3,reactive,0,,,,exposure 0.00 <= trigger 1.0
reactive,146,3,reactive,0,,,,exposure 0.39 <= trigger 1.0
reactive,147,3,reactive,0,,,,exposure 0.12 <= trigger 1.0
reactive,148,3,reactive,0,,,,exposure 0.41 <= trigger 1.0
reactive,149,3,reactive,0,,,,exposure 0.08 <= trigger 1.0
reactive,150,3,reactive,0,,,,exposure 0.01 <= trigger 1.0
reactive,151,3,reactive,0,,,,exposure 0.40 <= trigger 1.0
reactive,152,3,reactive,0,,,,exposure 0.19 <= trigger 1.0
reactive,153,3,reactive,0,,,,exposure 0.00 <= trigger 1.0
reactive,154,3,reactive,0,,,,exposure 0.00 <= trigger 1.0
reactive,155,3,reactive,0,,,,exposure 0.40 <= trigger 1.0
reactive,156,3,reactive,0,,,,exposure 0.19 <= trigger 1.0
reactive,157,3,reactive,0,,,,exposure 0.44 <= trigger 1.0
reactive,158,3,reactive,0,,,,exposure 0.00 <= trigger 1.0
reactive,159,3,reactive,0,,,,exposure 0.22 <= trigger 1.0
reactive,160,3,reactive,0,,,,exposure 0.33 <= trigger 1.0
reactive,161,3,reactive,0,,,,exposure 0.00 <= trigger 1.0
reactive,162,3,reactive,0,,,,exposure 0.43 <= trigger 1.0
reactive,163,3,reactive,0,,,,exposure 0.00 <= trigger 1.0
reactive,164,3,reactive,0,,,,exposure 0.00 <= trigger 1.0
reactive,165,3,reactive,0,,,,exposure 0.39 <= trigger 1.0
reactive,166,3,reactive,0,,,,exposure 0.10 <= trigger 1.0
reactive,167,3,reactive,0,,,,exposure 0.00 <= trigger 1.0
reactive,168,3,reactive,0,,,,exposure 0.39 <= trigger 1.0
reactive,169,3,reactive,0,,,,exposure 0.02 <= trigger 1.0
reactive,170,3,reactive,0,,,,exposure 0.21 <= trigger 1.0
reactive,171,3,reactive,0,,,,exposure 0.32 <= trigger 1.0
reactive,172,3,reactive,0,,,,exposure 0.00 <= trigger 1.0
reactive,173,3,reactive,0,,,,exposure 0.00 <= trigger 1.0
reactive,174,3,reactive,0,,,,exposure 0.00 <= trigger 1.0
reactive,175,3,reactive,0,,,,exposure 0.00 <= trigger 1.0
reactive,176,3,reactive,0,,,,exposure 0.15 <= trigger 1.0
reactive,177,3,reactive,0,,,,exposure 0.00 <= trigger 1.0
reactive,178,3,reactive,0,,,,exposure 0.34 <= trigger 1.0
reactive,179,3,reactive,0,,,,exposure 0.12 <= trigger 1.0
reactive,180,3,reactive,0,,,,exposure 0.00 <= trigger 1.0
reactive,181,3,reactive,0,,,,exposure 0.00 <= trigger 1.0
reactive,182,3,reactive,0,,,,exposure 0.40 <= trigger 1.0
reactive,183,3,reactive,0,,,,exposure 0.00 <= trigger 1.0
reactive,184,3,reactive,0,,,,exposure 0.49 <= trigger 1.0
reactive,185,3,reactive,0,,,,exposure 0.00 <= trigger 1.0
reactive,186,3,reactive,0,,,,exposure 0.07 <= trigger 1.0
reactive,187,3,reactive,0,,,,exposure 0.00 <= trigger 1.0
reactive,188,3,reactive,0,,,,exposure 0.42 <= trigger 1.0
reactive,189,3,reactive,0,,,,exposure 0.00 <= trigger 1.0
reactive,190,3,reactive,0,,,,exposure 0.42 <= trigger 1.0
reactive,191,3,reactive,0,,,,exposure 0.41 <= trigger 1.0
reactive,192,3,reactive,0,,,,exposure 0.38 <= trigger 1.0
reactive,193,3,reactive,0,,,,exposure 0.06 <= trigger 1.0
reactive,194,3,reactive,0,,,,exposure 0.41 <= trigger 1.0
reactive,195,3,reactive,0,,,,exposure 0.41 <= trigger 1.0
reactive,196,3,reactive,0,,,,exposure 0.11 <= trigger 1.0
reactive,197,3,reactive,0,,,,exposure 0.00 <= trigger 1.0
reactive,198,3,reactive,0,,,,exposure 0.22 <= trigger 1.0
reactive,199,3,reactive,0,,,,exposure 0.12 <= trigger 1.0
reactive,200,3,reactive,0,,,,exposure 0.43 <= trigger 1.0
reactive,201,3,reactive,0,,,,exposure 0.48 <= trigger 1.0
reactive,202,3,reactive,0,,,,exposure 0.00 <= trigger 1.0
reactive,203,3,reactive,0,,,,exposure 0.19 <= trigger 1.0
reactive,204,3,reactive,0,,,,exposure 0.17 <= trigger 1.0
reactive,205,3,reactive,0,,,,exposure 0.15 <= trigger 1.0
reactive,206,3,reactive,0,,,,exposure 0.40 <= trigger 1.0
reactive,207,3,reactive,0,,,,exposure 0.00 <= trigger 1.0
reactive,208,3,reactive,0,,,,exposure 0.02 <= trigger 1.0
reactive,209,3,reactive,0,,,,exposure 0.00 <= trigger 1.0
reactive,210,3,reactive,0,,,,exposure 0.15 <= trigger 1.0
reactive,211,3,reactive,0,,,,exposure 0.13 <= trigger 1.0
reactive,212,3,reactive,0,,,,exposure 0.46 <= trigger 1.0
reactive,213,3,reactive,0,,,,exposure 0.34 <= trigger 1.0
reactive,214,3,reactive,0,,,,exposure 0.00 <= trigger 1.0
reactive,215,3,reactive,0,,,,exposure 0.48 <= trigger 1.0
reactive,216,3,reactive,0,,,,exposure 0.22 <= trigger 1.0
reactive,217,3,reactive,0,,,,exposure 0.00 <= trigger 1.0
reactive,218,3,reactive,0,,,,exposure 0.18 <= trigger 1.0
reactive,219,3,reactive,0,,,,exposure 0.44 <= trigger 1.0
reactive,220,3,reactive,0,,,,exposure 0.41 <= trigger 1.0
reactive,221,3,reactive,0,,,,exposure 0.16 <= trigger 1.0
reactive,222,3,reactive,0,,,,exposure 0.00 <= trigger 1.0
reactive,223,3,reactive,0,,,,exposure 0.00 <= trigger 1.0
reactive,224,3,reactive,0,,,,exposure 0.39 <= trigger 1.0
reactive,225,3,reactive,0,,,,exposure 0.11 <= trigger 1.0
reactive,226,3,reactive,0,,,,exposure 0.44 <= trigger 1.0
reactive,227,3,reactive,0,,,,exposure 0.44 <= trigger 1.0
reactive,228,3,reactive,0,,,,exposure 0.44 <= trigger 1.0
reactive,229,3,reactive,0,,,,exposure 0.17 <= trigger 1.0
reactive,230,3,reactive,0,,,,exposure 0.12 <= trigger 1.0
reactive,231,3,reactive,0,,,,exposure 0.00 <= trigger 1.0
reactive,232,3,reactive,0,,,,exposure 0.32 <= trigger 1.0
reactive,233,3,reactive,0,,,,exposure 0.00 <= trigger 1.0
reactive,234,3,reactive,0,,,,exposure 0.00 <= trigger 1.0
reactive,235,3,reactive,0,,,,exposure 0.02 <= trigger 1.0
reactive,236,3,reactive,0,,,,exposure 0.00 <= trigger 1.0
reactive,237,3,reactive,0,,,,exposure 0.23 <= trigger 1.0
reactive,238,3,reactive,0,,,,exposure 0.35 <= trigger 1.0
reactive,239,3,reactive,0,,,,exposure 0.08 <= trigger 1.0
reactive,0,4,reactive,0,,,,exposure 0.00 <= trigger 1.0
reactive,1,4,reactive,0,,,,exposure 0.14 <= trigger 1.0
reactive,2,4,reactive,0,,,,exposure 0.00 <= trigger 1.0
reactive,3,4,reactive,0,,,,exposure 0.12 <= trigger 1.0
reactive,4,4,reactive,0,,,,exposure 0.46 <= trigger 1.0
reactive,5,4,reactive,0,,,,exposure 0.46 <= trigger 1.0
reactive,6,4,reactive,0,,,,exposure 0.40 <= trigger 1.0
reactive,7,4,reactive,0,,,,exposure 0.36 <= trigger 1.0
reactive,8,4,reactive,0,,,,exposure 0.16 <= trigger 1.0
reactive,9,4,reactive,0,,,,exposure 0.39 <= trigger 1.0
reactive,10,4,reactive,0,,,,exposure 0.34 <= trigger 1.0
reactive,11,4,reactive,0,,,,exposure 0.41 <= trigger 1.0
reactive,12,4,reactive,0,,,,exposure 0.35 <= trigger 1.0
reactive,13,4,reactive,0,,,,exposure 0.14 <= trigger 1.0
reactive,14,4,reactive,0,,,,exposure 0.11 <= trigger 1.0
reactive,15,4,reactive,0,,,,exposure 0.49 <= trigger 1.0
reactive,16,4,reactive,0,,,,exposure 0.00 <= trigger 1.0
reactive,17,4,reactive,0,,,,exposure 0.00 <= trigger 1.0
reactive,18,4,reactive,0,,,,exposure 0.40 <= trigger 1.0
reactive,19,4,reactive,0,,,,exposure 0.00 <= trigger 1.0
reactive,20,4,reactive,0,,,,exposure 0.16 <= trigger 1.0
reactive,21,4,reactive,0,,,,exposure 0.34 <= trigger 1.0
reactive,22,4,reactive,0,,,,exposure 0.40 <= trigger 1.0
reactive,23,4,reactive,0,,,,exposure 0.13 <= trigger 1.0
reactive,24,4,reactive,0,,,,exposure 0.37 <= trigger 1.0
reactive,25,4,reactive,0,,,,exposure 0.10 <= trigger 1.0
reactive,26,4,reactive,0,,,,exposure 0.03 <= trigger 1.0
reactive,27,4,reactive,0,,,,exposure 0.41 <= trigger 1.0
reactive,28,4,reactive,0,,,,exposure 0.44 <= trigger 1.0
reactive,29,4,reactive,0,,,,exposure 0.00 <= trigger 1.0
reactive,30,4,reactive,0,,,,exposure 0.10 <= trigger 1.0
reactive,31,4,reactive,0,,,,exposure 0.49 <= trigger 1.0
reactive,32,4,reactive,0,,,,exposure 0.12 <= trigger 1.0
reactive,33,4,reactive,0,,,,exposure 0.43 <= trigger 1.0
reactive,34,4,reactive,0,,,,exposure 0.00 <= trigger 1.0
reactive,35,4,reactive,0,,,,exposure 0.01 <= trigger 1.0
reactive,36,4,reactive,0,,,,exposure 0.00 <= trigger 1.0
reactive,37,4,reactive,0,,,,exposure 0.44 <= trigger 1.0
reactive,38,4,reactive,0,,,,exposure 0.34 <= trigger 1.0
reactive,39,4,reactive,0,,,,exposure 0.17 <= trigger 1.0
reactive,40,4,reactive,0,,,,exposure 0.52 <= trigger 1.0
reactive,41,4,reactive,0,,,,exposure 0.00 <= trigger 1.0
reactive,42,4,reactive,0,,,,exposure 0.36 <= trigger 1.0
reactive,43,4,reactive,0,,,,exposure 0.11 <= trigger 1.0
reactive,44,4,reactive,0,,,,exposure 0.09 <= trigger 1.0
reactive,45,4,reactive,0,,,,exposure 0.29 <= trigger 1.0
reactive,46,4,reactive,0,,,,exposure 0.40 <= trigger 1.0
reactive,47,4,reactive,0,,,,exposure 0.12 <= trigger 1.0
reactive,48,4,reactive,0,,,,exposure 0.00 <= trigger 1.0
reactive,49,4,reactive,0,,,,exposure 0.32 <= trigger 1.0
reactive,50,4,reactive,0,,,,exposure 0.00 <= trigger 1.0
reactive,51,4,reactive,0,,,,exposure 0.39 <= trigger 1.0
reactive,52,4,reactive,0,,,,exposure 0.35 <= trigger 1.0
reactive,53,4,reactive,0,,,,exposure 0.00 <= trigger 1.0
reactive,54,4,reactive,0,,,,exposure 0.33 <= trigger 1.0
reactive,55,4,reactive,0,,,,exposure 0.13 <= trigger 1.0
reactive,56,4,reactive,0,,,,exposure 0.33 <= trigger 1.0
reactive,57,4,reactive,0,,,,exposure 0.00 <= trigger 1.0
reactive,58,4,reactive,0,,,,exposure 0.47 <= trigger 1.0
reactive,59,4,reactive,0,,,,exposure 0.08 <= trigger 1.0
reactive,60,4,reactive,0,,,,exposure 0.36 <= trigger 1.0
reactive,61,4,reactive,0,,,,exposure 0.12 <= trigger 1.0
reactive,62,4,reactive,0,,,,exposure 0.14 <= trigger 1.0
reactive,63,4,reactive,0,,,,exposure 0.00 <= trigger 1.0
reactive,64,4,reactive,0,,,,exposure 0.00 <= trigger 1.0
reactive,65,4,reactive,0,,,,exposure 0.16 <= trigger 1.0
reactive,66,4,reactive,0,,,,exposure 0.37 <= trigger 1.0
reactive,67,4,reactive,0,,,,exposure 0.45 <= trigger 1.0
reactive,68,4,reactive,0,,,,exposure 0.16 <= trigger 1.0
reactive,69,4,reactive,0,,,,exposure 0.16 <= trigger 1.0
reactive,70,4,reactive,0,,,,exposure 0.05 <= trigger 1.0
reactive,71,4,reactive,0,,,,exposure 0.00 <= trigger 1.0
reactive,72,4,reactive,0,,,,exposure 0.39 <= trigger 1.0
reactive,73,4,reactive,0,,,,exposure 0.14 <= trigger 1.0
reactive,74,4,reactive,0,,,,exposure 0.34 <= trigger 1.0
reactive,75,4,reactive,0,,,,exposure 0.00 <= trigger 1.0
reactive,76,4,reactive,0,,,,exposure 0.05 <= trigger 1.0
reactive,77,4,reactive,0,,,,exposure 0.05 <= trigger 1.0
reactive,78,4,reactive,0,,,,exposure 0.00 <= trigger 1.0
reactive,79,4,reactive,0,,,,exposure 0.03 <= trigger 1.0
reactive,80,4,reactive,0,,,,exposure 0.00 <= trigger 1.0
reactive,81,4,reactive,0,,,,exposure 0.41 <= trigger 1.0
reactive,82,4,reactive,0,,,,exposure 0.34 <= trigger 1.0
reactive,83,4,reactive,0,,,,exposure 0.46 <= trigger 1.0
reactive,84,4,reactive,0,,,,exposure 0.44 <= trigger 1.0
reactive,85,4,reactive,0,,,,exposure 0.00 <= trigger 1.0
reactive,86,4,reactive,0,,,,exposure 0.41 <= trigger 1.0
reactive,87,4,reactive,0,,,,exposure 0.46 <= trigger 1.0
reactive,88,4,reactive,0,,,,exposure 0.14 <= trigger 1.0
reactive,89,4,reactive,0,,,,exposure 0.47 <= trigger 1.0
reactive,90,4,reactive,0,,,,exposure 0.00 <= trigger 1.0
reactive,91,4,reactive,0,,,,exposure 0.00 <= trigger 1.0
reactive,92,4,reactive,0,,,,exposure 0.00 <= trigger 1.0
reactive,93,4,reactive,0,,,,exposure 0.00 <= trigger 1.0
reactive,94,4,reactive,0,,,,exposure 0.38 <= trigger 1.0
reactive,95,4,reactive,0,,,,exposure 0.11 <= trigger 1.0
reactive,96,4,reactive,0,,,,exposure 0.46 <= trigger 1.0
reactive,97,4,reactive,0,,,,exposure 0.00 <= trigger 1.0
reactive,98,4,reactive,0,,,,exposure 0.52 <= trigger 1.0
reactive,99,4,reactive,0,,,,exposure 0.00 <= trigger 1.0
reactive,100,4,reactive,0,,,,exposure 0.00 <= trigger 1.0
reactive,101,4,reactive,0,,,,exposure 0.00 <= trigger 1.0
reactive,102,4,reactive,0,,,,exposure 0.00 <= trigger 1.0
reactive,103,4,reactive,0,,,,exposure 0.00 <= trigger 1.0
reactive,104,4,reactive,0,,,,exposure 0.47 <= trigger 1.0
reactive,105,4,reactive,0,,,,exposure 0.44 <= trigger 1.0
reactive,106,4,reactive,0,,,,exposure 0.34 <= trigger 1.0
reactive,107,4,reactive,0,,,,exposure 0.33 <= trigger 1.0
reactive,108,4,reactive,0,,,,exposure 0.00 <= trigger 1.0
reactive,109,4,reactive,0,,,,exposure 0.00 <= trigger 1.0
reactive,110,4,reactive,0,,,,exposure 0.14 <= trigger 1.0
reactive,111,4,reactive,0,,,,exposure 0.03 <= trigger 1.0
reactive,112,4,reactive,0,,,,exposure 0.49 <= trigger 1.0
reactive,113,4,reactive,0,,,,exposure 0.40 <= trigger 1.0
reactive,114,4,reactive,0,,,,exposure 0.00 <= trigger 1.0
reactive,115,4,reactive,0,,,,exposure 0.15 <= trigger 1.0
reactive,116,4,reactive,0,,,,exposure 0.38 <= trigger 1.0
reactive,117,4,reactive,0,,,,exposure 0.33 <= trigger 1.0
reactive,118,4,reactive,0,,,,exposure 0.00 <= trigger 1.0
reactive,119,4,reactive,0,,,,exposure 0.00 <= trigger 1.0
reactive,120,4,reactive,0,,,,exposure 0.10 <= trigger 1.0
reactive,121,4,reactive,0,,,,exposure 0.06 <= trigger 1.0
reactive,122,4,reactive,0,,,,exposure 0.12 <= trigger 1.0
reactive,123,4,reactive,0,,,,exposure 0.42 <= trigger 1.0
reactive,124,4,reactive,0,,,,exposure 0.00 <= trigger 1.0
reactive,125,4,reactive,0,,,,exposure 0.29 <= trigger 1.0
reactive,126,4,reactive,0,,,,exposure 0.14 <= trigger 1.0
reactive,127,4,reactive,0,,,,exposure 0.00 <= trigger 1.0
reactive,128,4,reactive,0,,,,exposure 0.00 <= trigger 1.0
reactive,129,4,reactive,0,,,,exposure 0.33 <= trigger 1.0
reactive,130,4,reactive,0,,,,exposure 0.00 <= trigger 1.0
reactive,131,4,reactive,0,,,,exposure 0.00 <= trigger 1.0
reactive,132,4,reactive,0,,,,exposure 0.12 <= trigger 1.0
reactive,133,4,reactive,0,,,,exposure 0.00 <= trigger 1.0
reactive,134,4,reactive,0,,,,exposure 0.36 <= trigger 1.0
reactive,135,4,reactive,0,,,,exposure 0.39 <= trigger 1.0
reactive,136,4,reactive,0,,,,exposure 0.00 <= trigger 1.0
reactive,137,4,reactive,0,,,,exposure 0.45 <= trigger 1.0
reactive,138,4,reactive,0,,,,exposure 0.08 <= trigger 1.0
reactive,139,4,reactive,0,,,,exposure 0.40 <= trigger 1.0
reactive,140,4,reactive,0,,,,exposure 0.08 <= trigger 1.0
reactive,141,4,reactive,0,,,,exposure 0.36 <= trigger 1.0
reactive,142,4,reactive,0,,,,exposure 0.00 <= trigger 1.0
reactive,143,4,reactive,0,,,,exposure 0.00 <= trigger 1.0
reactive,144,4,reactive,0,,,,exposure 0.06 <= trigger 1.0
reactive,145,4,reactive,0,,,,exposure 0.00 <= trigger 1.0
reactive,146,4,reactive,0,,,,exposure 0.45 <= trigger 1.0
reactive,147,4,reactive,0,,,,exposure 0.13 <= trigger 1.0
reactive,148,4,reactive,0,,,,exposure 0.39 <= trigger 1.0
reactive,149,4,reactive,0,,,,exposure 0.12 <= trigger 1.0
reactive,150,4,reactive,0,,,,exposure 0.00 <= trigger 1.0
reactive,151,4,reactive,0,,,,exposure 0.39 <= trigger 1.0
reactive,152,4,reactive,0,,,,exposure 0.04 <= trigger 1.0
reactive,153,4,reactive,0,,,,exposure 0.00 <= trigger 1.0
reactive,154,4,reactive,0,,,,exposure 0.00 <= trigger 1.0
reactive,155,4,reactive,0,,,,exposure 0.39 <= trigger 1.0
reactive,156,4,reactive,0,,,,exposure 0.08 <= trigger 1.0
reactive,157,4,reactive,0,,,,exposure 0.40 <= trigger 1.0
reactive,158,4,reactive,0,,,,exposure 0.00 <= trigger 1.0
reactive,159,4,reactive,0,,,,exposure 0.07 <= trigger 1.0
reactive,160,4,reactive,0,,,,exposure 0.34 <= trigger 1.0
reactive,161,4,reactive,0,,,,exposure 0.00 <= trigger 1.0
reactive,162,4,reactive,0,,,,exposure 0.33 <= trigger 1.0
reactive,163,4,reactive,0,,,,exposure 0.00 <= trigger 1.0
reactive,164,4,reactive,0,,,,exposure 0.00 <= trigger 1.0
reactive,165,4,reactive,0,,,,exposure 0.41 <= trigger 1.0
reactive,166,4,reactive,0,,,,exposure 0.15 <= trigger 1.0
reactive,167,4,reactive,0,,,,exposure 0.00 <= trigger 1.0
reactive,168,4,reactive,0,,,,exposure 0.40 <= trigger 1.0
reactive,169,4,reactive,0,,,,exposure 0.00 <= trigger 1.0
reactive,170,4,reactive,0,,,,exposure 0.10 <= trigger 1.0
reactive,171,4,reactive,0,,,,exposure 0.40 <= trigger 1.0
reactive,172,4,reactive,0,,,,exposure 0.00 <= trigger 1.0
reactive,173,4,reactive,0,,,,exposure 0.00 <= trigger 1.0
reactive,174,4,reactive,0,,,,exposure 0.00 <= trigger 1.0
reactive,175,4,reactive,0,,,,exposure 0.00 <= trigger 1.0
reactive,176,4,reactive,0,,,,exposure 0.11 <= trigger 1.0
reactive,177,4,reactive,0,,,,exposure 0.00 <= trigger 1.0
reactive,178,4,reactive,0,,,,exposure 0.43 <= trigger 1.0
reactive,179,4,reactive,0,,,,exposure 0.14 <= trigger 1.0
reactive,180,4,reactive,0,,,,exposure 0.00 <= trigger 1.0
reactive,181,4,reactive,0,,,,exposure 0.00 <= trigger 1.0
reactive,182,4,reactive,0,,,,exposure 0.44 <= trigger 1.0
reactive,183,4,reactive,0,,,,exposure 0.00 <= trigger 1.0
reactive,184,4,reactive,0,,,,exposure 0.29 <= trigger 1.0
reactive,185,4,reactive,0,,,,exposure 0.00 <= trigger 1.0
reactive,186,4,reactive,0,,,,exposure 0.15 <= trigger 1.0
reactive,187,4,reactive,0,,,,exposure 0.00 <= trigger 1.0
reactive,188,4,reactive,0,,,,exposure 0.34 <= trigger 1.0
reactive,189,4,reactive,0,,,,exposure 0.00 <= trigger 1.0
reactive,190,4,reactive,0,,,,exposure 0.46 <= trigger 1.0
reactive,191,4,reactive,0,,,,exposure 0.39 <= trigger 1.0
reactive,192,4,reactive,0,,,,exposure 0.40 <= trigger 1.0
reactive,193,4,reactive,0,,,,exposure 0.05 <= trigger 1.0
reactive,194,4,reactive,0,,,,exposure 0.39 <= trigger 1.0
reactive,195,4,reactive,0,,,,exposure 0.39 <= trigger 1.0
reactive,196,4,reactive,0,,,,exposure 0.11 <= trigger 1.0
reactive,197,4,reactive,0,,,,exposure 0.00 <= trigger 1.0
reactive,198,4,reactive,0,,,,exposure 0.12 <= trigger 1.0
reactive,199,4,reactive,0,,,,exposure 0.06 <= trigger 1.0
reactive,200,4,reactive,0,,,,exposure 0.35 <= trigger 1.0
reactive,201,4,reactive,0,,,,exposure 0.50 <= trigger 1.0
reactive,202,4,reactive,0,,,,exposure 0.00 <= trigger 1.0
reactive,203,4,reactive,0,,,,exposure 0.04 <= trigger 1.0
reactive,204,4,reactive,0,,,,exposure 0.10 <= trigger 1.0
reactive,205,4,reactive,0,,,,exposure 0.11 <= trigger 1.0
reactive,206,4,reactive,0,,,,exposure 0.43 <= trigger 1.0
reactive,207,4,reactive,0,,,,exposure 0.00 <= trigger 1.0
reactive,208,4,reactive,0,,,,exposure 0.00 <= trigger 1.0
reactive,209,4,reactive,0,,,,exposure 0.00 <= trigger 1.0
reactive,210,4,reactive,0,,,,exposure 0.14 <= trigger 1.0
reactive,211,4,reactive,0,,,,exposure 0.08 <= trigger 1.0
reactive,212,4,reactive,0,,,,exposure 0.33 <= trigger 1.0
reactive,213,4,reactive,0,,,,exposure 0.43 <= trigger 1.0
reactive,214,4,reactive,0,,,,exposure 0.00 <= trigger 1.0
reactive,215,4,reactive,0,,,,exposure 0.40 <= trigger 1.0
reactive,216,4,reactive,0,,,,exposure 0.07 <= trigger 1.0
reactive,217,4,reactive,0,,,,exposure 0.00 <= trigger 1.0
reactive,218,4,reactive,0,,,,exposure 0.08 <= trigger 1.0
reactive,219,4,reactive,0,,,,exposure 0.39 <= trigger 1.0
reactive,220,4,reactive,0,,,,exposure 0.49 <= trigger 1.0
reactive,221,4,reactive,0,,,,exposure 0.07 <= trigger 1.0
reactive,222,4,reactive,0,,,,exposure 0.00 <= trigger 1.0
reactive,223,4,reactive,0,,,,exposure 0.00 <= trigger 1.0
reactive,224,4,reactive,0,,,,exposure 0.37 <= trigger 1.0
reactive,225,4,reactive,0,,,,exposure 0.11 <= trigger 1.0
reactive,226,4,reactive,0,,,,exposure 0.47 <= trigger 1.0
reactive,227,4,reactive,0,,,,exposure 0.35 <= trigger 1.0
reactive,228,4,reactive,0,,,,exposure 0.38 <= trigger 1.0
reactive,229,4,reactive,0,,,,exposure 0.13 <= trigger 1.0
reactive,230,4,reactive,0,,,,exposure 0.12 <= trigger 1.0
reactive,231,4,reactive,0,,,,exposure 0.00 <= trigger 1.0
reactive,232,4,reactive,0,,,,exposure 0.39 <= trigger 1.0
reactive,233,4,reactive,0,,,,exposure 0.00 <= trigger 1.0
reactive,234,4,reactive,0,,,,exposure 0.00 <= trigger 1.0
reactive,235,4,reactive,0,,,,exposure 0.16 <= trigger 1.0
reactive,236,4,reactive,0,,,,exposure 0.00 <= trigger 1.0
reactive,237,4,reactive,0,,,,exposure 0.10 <= trigger 1.0
reactive,238,4,reactive,0,,,,exposure 0.37 <= trigger 1.0
reactive,239,4,reactive,0,,,,exposure 0.12 <= trigger 1.0
reactive,0,5,reactive,0,,,,exposure 0.00 <= trigger 1.0
reactive,1,5,reactive,0,,,,exposure 0.05 <= trigger 1.0
reactive,2,5,reactive,0,,,,exposure 0.00 <= trigger 1.0
reactive,3,5,reactive,0,,,,exposure 0.10 <= trigger 1.0
reactive,4,5,reactive,0,,,,exposure 0.35 <= trigger 1.0
reactive,5,5,reactive,0,,,,exposure 0.36 <= trigger 1.0
reactive,6,5,reactive,0,,,,exposure 0.40 <= trigger 1.0
reactive,7,5,reactive,0,,,,exposure 0.38 <= trigger 1.0
reactive,8,5,reactive,0,,,,exposure 0.14 <= trigger 1.0
reactive,9,5,reactive,0,,,,exposure 0.40 <= trigger 1.0
reactive,10,5,reactive,0,,,,exposure 0.41 <= trigger 1.0
reactive,11,5,reactive,0,,,,exposure 0.40 <= trigger 1.0
reactive,12,5,reactive,0,,,,exposure 0.39 <= trigger 1.0
reactive,13,5,reactive,0,,,,exposure 0.09 <= trigger 1.0
reactive,14,5,reactive,0,,,,exposure 0.08 <= trigger 1.0
reactive,15,5,reactive,0,,,,exposure 0.45 <= trigger 1.0
reactive,16,5,reactive,0,,,,exposure 0.00 <= trigger 1.0
reactive,17,5,reactive,0,,,,exposure 0.00 <= trigger 1.0
reactive,18,5,reactive,0,,,,exposure 0.42 <= trigger 1.0
reactive,19,5,reactive,0,,,,exposure 0.00 <= trigger 1.0
reactive,20,5,reactive,0,,,,exposure 0.14 <= trigger 1.0
reactive,21,5,reactive,0,,,,exposure 0.41 <= trigger 1.0
reactive,22,5,reactive,0,,,,exposure 0.38 <= trigger 1.0
reactive,23,5,reactive,0,,,,exposure 0.12 <= trigger 1.0
reactive,24,5,reactive,0,,,,exposure 0.46 <= trigger 1.0
reactive,25,5,reactive,0,,,,exposure 0.07 <= trigger 1.0
reactive,26,5,reactive,0,,,,exposure 0.00 <= trigger 1.0
reactive,27,5,reactive,0,,,,exposure 0.40 <= trigger 1.0
reactive,28,5,reactive,0,,,,exposure 0.40 <= trigger 1.0
reactive,29,5,reactive,0,,,,exposure 0.00 <= trigger 1.0
reactive,30,5,reactive,0,,,,exposure 0.07 <= trigger 1.0
reactive,31,5,reactive,0,,,,exposure 0.39 <= trigger 1.0
reactive,32,5,reactive,0,,,,exposure 0.10 <= trigger 1.0
reactive,33,5,reactive,0,,,,exposure 0.38 <= trigger 1.0
reactive,34,5,reactive,0,,,,exposure 0.00 <= trigger 1.0
reactive,35,5,reactive,0,,,,exposure 0.09 <= trigger 1.0
reactive,36,5,reactive,0,,,,exposure 0.02 <= trigger 1.0
reactive,37,5,reactive,0,,,,exposure 0.40 <= trigger 1.0
reactive,38,5,reactive,0,,,,exposure 0.37 <= trigger 1.0
reactive,39,5,reactive,0,,,,exposure 0.06 <= trigger 1.0
reactive,40,5,reactive,0,,,,exposure 0.53 <= trigger 1.0
reactive,41,5,reactive,0,,,,exposure 0.00 <= trigger 1.0
reactive,42,5,reactive,0,,,,exposure 0.38 <= trigger 1.0
reactive,43,5,reactive,0,,,,exposure 0.12 <= trigger 1.0
reactive,44,5,reactive,0,,,,exposure 0.15 <= trigger 1.0
reactive,45,5,reactive,0,,,,exposure 0.37 <= trigger 1.0
reactive,46,5,reactive,0,,,,exposure 0.38 <= trigger 1.0
reactive,47,5,reactive,0,,,,exposure 0.00 <= trigger 1.0
reactive,48,5,reactive,0,,,,exposure 0.00 <= trigger 1.0
reactive,49,5,reactive,0,,,,exposure 0.36 <= trigger 1.0
reactive,50,5,reactive,0,,,,exposure 0.02 <= trigger 1.0
reactive,51,5,reactive,0,,,,exposure 0.40 <= trigger 1.0
reactive,52,5,reactive,0,,,,exposure 0.30 <= trigger 1.0
reactive,53,5,reactive,0,,,,exposure 0.00 <= trigger 1.0
reactive,54,5,reactive,0,,,,exposure 0.44 <= trigger 1.0
reactive,55,5,reactive,0,,,,exposure 0.09 <= trigger 1.0
reactive,56,5,reactive,0,,,,exposure 0.44 <= trigger 1.0
reactive,57,5,reactive,0,,,,exposure 0.00 <= trigger 1.0
reactive,58,5,reactive,0,,,,exposure 0.44 <= trigger 1.0
reactive,59,5,reactive,0,,,,exposure 0.16 <= trigger 1.0
reactive,60,5,reactive,0,,,,exposure 0.32 <= trigger 1.0
reactive,61,5,reactive,0,,,,exposure 0.16 <= trigger 1.0
reactive,62,5,reactive,0,,,,exposure 0.05 <= trigger 1.0
reactive,63,5,reactive,0,,,,exposure 0.00 <= trigger 1.0
reactive,64,5,reactive,0,,,,exposure 0.00 <= trigger 1.0
reactive,65,5,reactive,0,,,,exposure 0.15 <= trigger 1.0
reactive,66,5,reactive,0,,,,exposure 0.42 <= trigger 1.0
reactive,67,5,reactive,0,,,,exposure 0.43 <= trigger 1.0
reactive,68,5,reactive,0,,,,exposure 0.00 <= trigger 1.0
reactive,69,5,reactive,0,,,,exposure 0.00 <= trigger 1.0
reactive,70,5,reactive,0,,,,exposure 0.01 <= trigger 1.0
reactive,71,5,reactive,0,,,,exposure 0.00 <= trigger 1.0
reactive,72,5,reactive,0,,,,exposure 0.40 <= trigger 1.0
reactive,73,5,reactive,0,,,,exposure 0.05 <= trigger 1.0
reactive,74,5,reactive,0,,,,exposure 0.36 <= trigger 1.0
reactive,75,5,reactive,0,,,,exposure 0.00 <= trigger 1.0
reactive,76,5,reactive,0,,,,exposure 0.01 <= trigger 1.0
reactive,77,5,reactive,0,,,,exposure 0.06 <= trigger 1.0
reactive,78,5,reactive,0,,,,exposure 0.00 <= trigger 1.0
reactive,79,5,reactive,0,,,,exposure 0.00 <= trigger 1.0
reactive,80,5,reactive,0,,,,exposure 0.00 <= trigger 1.0
reactive,81,5,reactive,0,,,,exposure 0.44 <= trigger 1.0
reactive,82,5,reactive,0,,,,exposure 0.36 <= trigger 1.0
reactive,83,5,reactive,0,,,,exposure 0.36 <= trigger 1.0
reactive,84,5,reactive,0,,,,exposure 0.49 <= trigger 1.0
reactive,85,5,reactive,0,,,,exposure 0.00 <= trigger 1.0
reactive,86,5,reactive,0,,,,exposure 0.34 <= trigger 1.0
reactive,87,5,reactive,0,,,,exposure 0.42 <= trigger 1.0
reactive,88,5,reactive,0,,,,exposure 0.13 <= trigger 1.0
reactive,89,5,reactive,0,,,,exposure 0.34 <= trigger 1.0
reactive,90,5,reactive,0,,,,exposure 0.00 <= trigger 1.0
reactive,91,5,reactive,0,,,,exposure 0.00 <= trigger 1.0
reactive,92,5,reactive,0,,,,exposure 0.00 <= trigger 1.0
reactive,93,5,reactive,0,,,,exposure 0.00 <= trigger 1.0
reactive,94,5,reactive,0,,,,exposure 0.37 <= trigger 1.0
reactive,95,5,reactive,0,,,,exposure 0.01 <= trigger 1.0
reactive,96,5,reactive,0,,,,exposure 0.35 <= trigger 1.0
reactive,97,5,reactive,0,,,,exposure 0.00 <= trigger 1.0
reactive,98,5,reactive,0,,,,exposure 0.53 <= trigger 1.0
reactive,99,5,reactive,0,,,,exposure 0.00 <= trigger 1.0
reactive,100,5,reactive,0,,,,exposure 0.00 <= trigger 1.0
reactive,101,5,reactive,0,,,,exposure 0.00 <= trigger 1.0
reactive,102,5,reactive,0,,,,exposure 0.00 <= trigger 1.0
reactive,103,5,reactive,0,,,,exposure 0.00 <= trigger 1.0
reactive,104,5,reactive,0,,,,exposure 0.44 <= trigger 1.0
reactive,105,5,reactive,0,,,,exposure 0.40 <= trigger 1.0
reactive,106,5,reactive,0,,,,exposure 0.37 <= trigger 1.0
reactive,107,5,reactive,0,,,,exposure 0.44 <= trigger 1.0
reactive,108,5,reactive,0,,,,exposure 0.00 <= trigger 1.0
reactive,109,5,reactive,0,,,,exposure 0.00 <= trigger 1.0
reactive,110,5,reactive,0,,,,exposure 0.06 <= trigger 1.0
reactive,111,5,reactive,0,,,,exposure 0.00 <= trigger 1.0
reactive,112,5,reactive,0,,,,exposure 0.45 <= trigger 1.0
reactive,113,5,reactive,0,,,,exposure 0.42 <= trigger 1.0
reactive,114,5,reactive,0,,,,exposure 0.00 <= trigger 1.0
reactive,115,5,reactive,0,,,,exposure 0.09 <= trigger 1.0
reactive,116,5,reactive,0,,,,exposure 0.44 <= trigger 1.0
reactive,117,5,reactive,0,,,,exposure 0.35 <= trigger 1.0
reactive,118,5,reactive,0,,,,exposure 0.00 <= trigger 1.0
reactive,119,5,reactive,0,,,,exposure 0.00 <= trigger 1.0
reactive,120,5,reactive,0,,,,exposure 0.15 <= trigger 1.0
reactive,121,5,reactive,0,,,,exposure 0.04 <= trigger 1.0
reactive,122,5,reactive,0,,,,exposure 0.00 <= trigger 1.0
reactive,123,5,reactive,0,,,,exposure 0.36 <= trigger 1.0
reactive,124,5,reactive,0,,,,exposure 0.00 <= trigger 1.0
reactive,125,5,reactive,0,,,,exposure 0.37 <= trigger 1.0
reactive,126,5,reactive,0,,,,exposure 0.05 <= trigger 1.0
reactive,127,5,reactive,0,,,,exposure 0.00 <= trigger 1.0
reactive,128,5,reactive,0,,,,exposure 0.00 <= trigger 1.0
reactive,129,5,reactive,0,,,,exposure 0.44 <= trigger 1.0
reactive,130,5,reactive,0,,,,exposure 0.00 <= trigger 1.0
reactive,131,5,reactive,0,,,,exposure 0.00 <= trigger 1.0
reactive,132,5,reactive,0,,,,exposure 0.10 <= trigger 1.0
reactive,133,5,reactive,0,,,,exposure 0.00 <= trigger 1.0
reactive,134,5,reactive,0,,,,exposure 0.32 <= trigger 1.0
reactive,135,5,reactive,0,,,,exposure 0.34 <= trigger 1.0
reactive,136,5,reactive,0,,,,exposure 0.00 <= trigger 1.0
reactive,137,5,reactive,0,,,,exposure 0.43 <= trigger 1.0
reactive,138,5,reactive,0,,,,exposure 0.10 <= trigger 1.0
reactive,139,5,reactive,0,,,,exposure 0.38 <= trigger 1.0
reactive,140,5,reactive,0,,,,exposure 0.10 <= trigger 1.0
reactive,141,5,reactive,0,,,,exposure 0.32 <= trigger 1.0
reactive,142,5,reactive,0,,,,exposure 0.00 <= trigger 1.0
reactive,143,5,reactive,0,,,,exposure 0.00 <= trigger 1.0
reactive,144,5,reactive,0,,,,exposure 0.05 <= trigger 1.0
reactive,145,5,reactive,0,,,,exposure 0.00 <= trigger 1.0
reactive,146,5,reactive,0,,,,exposure 0.39 <= trigger 1.0
reactive,147,5,reactive,0,,,,exposure 0.10 <= trigger 1.0
reactive,148,5,reactive,0,,,,exposure 0.41 <= trigger 1.0
reactive,149,5,reactive,0,,,,exposure 0.16 <= trigger 1.0
reactive,150,5,reactive,0,,,,exposure 0.00 <= trigger 1.0
reactive,151,5,reactive,0,,,,exposure 0.34 <= trigger 1.0
reactive,152,5,reactive,0,,,,exposure 0.13 <= trigger 1.0
reactive,153,5,reactive,0,,,,exposure 0.00 <= trigger 1.0
reactive,154,5,reactive,0,,,,exposure 0.00 <= trigger 1.0
reactive,155,5,reactive,0,,,,exposure 0.34 <= trigger 1.0
reactive,156,5,reactive,0,,,,exposure 0.16 <= trigger 1.0
reactive,157,5,reactive,0,,,,exposure 0.31 <= trigger 1.0
reactive,158,5,reactive,0,,,,exposure 0.00 <= trigger 1.0
reactive,159,5,reactive,0,,,,exposure 0.22 <= trigger 1.0
reactive,160,5,reactive,0,,,,exposure 0.36 <= trigger 1.0
reactive,161,5,reactive,0,,,,exposure 0.00 <= trigger 1.0
reactive,162,5,reactive,0,,,,exposure 0.35 <= trigger 1.0
reactive,163,5,reactive,0,,,,exposure 0.00 <= trigger 1.0
reactive,164,5,reactive,0,,,,exposure 0.00 <= trigger 1.0
reactive,165,5,reactive,0,,,,exposure 0.49 <= trigger 1.0
reactive,166,5,reactive,0,,,,exposure 0.09 <= trigger 1.0
reactive,167,5,reactive,0,,,,exposure 0.00 <= trigger 1.0
reactive,168,5,reactive,0,,,,exposure 0.40 <= trigger 1.0
reactive,169,5,reactive,0,,,,exposure 0.00 <= trigger 1.0
reactive,170,5,reactive,0,,,,exposure 0.15 <= trigger 1.0
reactive,171,5,reactive,0,,,,exposure 0.38 <= trigger 1.0
reactive,172,5,reactive,0,,,,exposure 0.00 <= trigger 1.0
reactive,173,5,reactive,0,,,,exposure 0.00 <= trigger 1.0
reactive,174,5,reactive,0,,,,exposure 0.00 <= trigger 1.0
reactive,175,5,reactive,0,,,,exposure 0.00 <= trigger 1.0
reactive,176,5,reactive,0,,,,exposure 0.08 <= trigger 1.0
reactive,177,5,reactive,0,,,,exposure 0.00 <= trigger 1.0
reactive,178,5,reactive,0,,,,exposure 0.42 <= trigger 1.0
reactive,179,5,reactive,0,,,,exposure 0.05 <= trigger 1.0
reactive,180,5,reactive,0,,,,exposure 0.00 <= trigger 1.0
reactive,181,5,reactive,0,,,,exposure 0.00 <= trigger 1.0
reactive,182,5,reactive,0,,,,exposure 0.34 <= trigger 1.0
reactive,183,5,reactive,0,,,,exposure 0.00 <= trigger 1.0
reactive,184,5,reactive,0,,,,exposure 0.37 <= trigger 1.0
reactive,185,5,reactive,0,,,,exposure 0.00 <= trigger 1.0
reactive,186,5,reactive,0,,,,exposure 0.10 <= trigger 1.0
reactive,187,5,reactive,0,,,,exposure 0.00 <= trigger 1.0
reactive,188,5,reactive,0,,,,exposure 0.36 <= trigger 1.0
reactive,189,5,reactive,0,,,,exposure 0.00 <= trigger 1.0
reactive,190,5,reactive,0,,,,exposure 0.35 <= trigger 1.0
reactive,191,5,reactive,0,,,,exposure 0.38 <= trigger 1.0
reactive,192,5,reactive,0,,,,exposure 0.42 <= trigger 1.0
reactive,193,5,reactive,0,,,,exposure 0.06 <= trigger 1.0
reactive,194,5,reactive,0,,,,exposure 0.38 <= trigger 1.0
reactive,195,5,reactive,0,,,,exposure 0.38 <= trigger 1.0
reactive,196,5,reactive,0,,,,exposure 0.12 <= trigger 1.0
reactive,197,5,reactive,0,,,,exposure 0.00 <= trigger 1.0
reactive,198,5,reactive,0,,,,exposure 0.00 <= trigger 1.0
reactive,199,5,reactive,0,,,,exposure 0.05 <= trigger 1.0
reactive,200,5,reactive,0,,,,exposure 0.30 <= trigger 1.0
reactive,201,5,reactive,0,,,,exposure 0.44 <= trigger 1.0
reactive,202,5,reactive,0,,,,exposure 0.00 <= trigger 1.0
reactive,203,5,reactive,0,,,,exposure 0.13 <= trigger 1.0
reactive,204,5,reactive,0,,,,exposure 0.18 <= trigger 1.0
reactive,205,5,reactive,0,,,,exposure 0.08 <= trigger 1.0
reactive,206,5,reactive,0,,,,exposure 0.38 <= trigger 1.0
reactive,207,5,reactive,0,,,,exposure 0.00 <= trigger 1.0
reactive,208,5,reactive,0,,,,exposure 0.00 <= trigger 1.0
reactive,209,5,reactive,0,,,,exposure 0.00 <= trigger 1.0
reactive,210,5,reactive,0,,,,exposure 0.09 <= trigger 1.0
reactive,211,5,reactive,0,,,,exposure 0.10 <= trigger 1.0
reactive,212,5,reactive,0,,,,exposure 0.40 <= trigger 1.0
reactive,213,5,reactive,0,,,,exposure 0.42 <= trigger 1.0
reactive,214,5,reactive,0,,,,exposure 0.00 <= trigger 1.0
reactive,215,5,reactive,0,,,,exposure 0.41 <= trigger 1.0
reactive,216,5,reactive,0,,,,exposure 0.22 <= trigger 1.0
reactive,217,5,reactive,0,,,,exposure 0.00 <= trigger 1.0
reactive,218,5,reactive,0,,,,exposure 0.16 <= trigger 1.0
reactive,219,5,reactive,0,,,,exposure 0.40 <= trigger 1.0
reactive,220,5,reactive,0,,,,exposure 0.42 <= trigger 1.0
reactive,221,5,reactive,0,,,,exposure 0.05 <= trigger 1.0
reactive,222,5,reactive,0,,,,exposure 0.00 <= trigger 1.0
reactive,223,5,reactive,0,,,,exposure 0.00 <= trigger 1.0
reactive,224,5,reactive,0,,,,exposure 0.46 <= trigger 1.0
reactive,225,5,reactive,0,,,,exposure 0.12 <= trigger 1.0
reactive,226,5,reactive,0,,,,exposure 0.44 <= trigger 1.0
reactive,227,5,reactive,0,,,,exposure 0.39 <= trigger 1.0
reactive,228,5,reactive,0,,,,exposure 0.40 <= trigger 1.0
reactive,229,5,reactive,0,,,,exposure 0.07 <= trigger 1.0
reactive,230,5,reactive,0,,,,exposure 0.10 <= trigger 1.0
reactive,231,5,reactive,0,,,,exposure 0.00 <= trigger 1.0
reactive,232,5,reactive,0,,,,exposure 0.34 <= trigger 1.0
reactive,233,5,reactive,0,,,,exposure 0.00 <= trigger 1.0
reactive,234,5,reactive,0,,,,exposure 0.00 <= trigger 1.0
reactive,235,5,reactive,0,,,,exposure 0.00 <= trigger 1.0
reactive,236,5,reactive,0,,,,exposure 0.00 <= trigger 1.0
reactive,237,5,reactive,0,,,,exposure 0.07 <= trigger 1.0
reactive,238,5,reactive,0,,,,exposure 0.36 <= trigger 1.0
reactive,239,5,reactive,0,,,,exposure 0.16 <= trigger 1.0
reactive,0,6,reactive,0,,,,exposure 0.00 <= trigger 1.0
reactive,1,6,reactive,0,,,,exposure 0.17 <= trigger 1.0
reactive,2,6,reactive,0,,,,exposure 0.03 <= trigger 1.0
reactive,3,6,reactive,0,,,,exposure 0.09 <= trigger 1.0
reactive,4,6,reactive,0,,,,exposure 0.37 <= trigger 1.0
reactive,5,6,reactive,0,,,,exposure 0.59 <= trigger 1.0
reactive,6,6,reactive,0,,,,exposure 0.42 <= trigger 1.0
reactive,7,6,reactive,0,,,,exposure 0.51 <= trigger 1.0
reactive,8,6,reactive,0,,,,exposure 0.16 <= trigger 1.0
reactive,9,6,reactive,0,,,,exposure 0.41 <= trigger 1.0
reactive,10,6,reactive,0,,,,exposure 0.38 <= trigger 1.0
reactive,11,6,reactive,0,,,,exposure 0.37 <= trigger 1.0
reactive,12,6,reactive,0,,,,exposure 0.48 <= trigger 1.0
reactive,13,6,reactive,0,,,,exposure 0.19 <= trigger 1.0
reactive,14,6,reactive,0,,,,exposure 0.13 <= trigger 1.0
reactive,15,6,reactive,0,,,,exposure 0.43 <= trigger 1.0
reactive,16,6,reactive,0,,,,exposure 0.00 <= trigger 1.0
reactive,17,6,reactive,0,,,,exposure 0.00 <= trigger 1.0
reactive,18,6,reactive,0,,,,exposure 0.47 <= trigger 1.0
reactive,19,6,reactive,0,,,,exposure 0.00 <= trigger 1.0
reactive,20,6,reactive,0,,,,exposure 0.16 <= trigger 1.0
reactive,21,6,reactive,0,,,,exposure 0.38 <= trigger 1.0
reactive,22,6,reactive,0,,,,exposure 0.45 <= trigger 1.0
reactive,23,6,reactive,0,,,,exposure 0.06 <= trigger 1.0
reactive,24,6,reactive,0,,,,exposure 0.49 <= trigger 1.0
reactive,25,6,reactive,0,,,,exposure 0.13 <= trigger 1.0
reactive,26,6,reactive,0,,,,exposure 0.22 <= trigger 1.0
reactive,27,6,reactive,0,,,,exposure 0.37 <= trigger 1.0
reactive,28,6,reactive,0,,,,exposure 0.51 <= trigger 1.0
reactive,29,6,reactive,0,,,,exposure 0.00 <= trigger 1.0
reactive,30,6,reactive,0,,,,exposure 0.13 <= trigger 1.0
reactive,31,6,reactive,0,,,,exposure 0.42 <= trigger 1.0
reactive,32,6,reactive,0,,,,exposure 0.09 <= trigger 1.0
reactive,33,6,reactive,0,,,,exposure 0.46 <= trigger 1.0
reactive,34,6,reactive,0,,,,exposure 0.00 <= trigger 1.0
reactive,35,6,reactive,0,,,,exposure 0.18 <= trigger 1.0
reactive,36,6,reactive,0,,,,exposure 0.00 <= trigger 1.0
reactive,37,6,reactive,0,,,,exposure 0.51 <= trigger 1.0
reactive,38,6,reactive,0,,,,exposure 0.43 <= trigger 1.0
reactive,39,6,reactive,0,,,,exposure 0.21 <= trigger 1.0
reactive,40,6,reactive,0,,,,exposure 0.46 <= trigger 1.0
reactive,41,6,reactive,0,,,,exposure 0.00 <= trigger 1.0
reactive,42,6,reactive,0,,,,exposure 0.51 <= trigger 1.0
reactive,43,6,reactive,0,,,,exposure 0.15 <= trigger 1.0
reactive,44,6,reactive,0,,,,exposure 0.19 <= trigger 1.0
reactive,45,6,reactive,0,,,,exposure 0.48 <= trigger 1.0
reactive,46,6,reactive,0,,,,exposure 0.45 <= trigger 1.0
reactive,47,6,reactive,0,,,,exposure 0.10 <= trigger 1.0
reactive,48,6,reactive,0,,,,exposure 0.00 <= trigger 1.0
reactive,49,6,reactive,0,,,,exposure 0.34 <= trigger 1.0
reactive,50,6,reactive,0,,,,exposure 0.00 <= trigger 1.0
reactive,51,6,reactive,0,,,,exposure 0.41 <= trigger 1.0
reactive,52,6,reactive,0,,,,exposure 0.33 <= trigger 1.0
reactive,53,6,reactive,0,,,,exposure 0.00 <= trigger 1.0
reactive,54,6,reactive,0,,,,exposure 0.50 <= trigger 1.0
reactive,55,6,reactive,0,,,,exposure 0.06 <= trigger 1.0
reactive,56,6,reactive,0,,,,exposure 0.50 <= trigger 1.0
reactive,57,6,reactive,0,,,,exposure 0.00 <= trigger 1.0
reactive,58,6,reactive,0,,,,exposure 0.41 <= trigger 1.0
reactive,59,6,reactive,0,,,,exposure 0.08 <= trigger 1.0
reactive,60,6,reactive,0,,,,exposure 0.31 <= trigger 1.0
reactive,61,6,reactive,0,,,,exposure 0.22 <= trigger 1.0
reactive,62,6,reactive,0,,,,exposure 0.17 <= trigger 1.0
reactive,63,6,reactive,0,,,,exposure 0.00 <= trigger 1.0
reactive,64,6,reactive,0,,,,exposure 0.00 <= trigger 1.0
reactive,65,6,reactive,0,,,,exposure 0.15 <= trigger 1.0
reactive,66,6,reactive,0,,,,exposure 0.41 <= trigger 1.0
reactive,67,6,reactive,0,,,,exposure 0.41 <= trigger 1.0
reactive,68,6,reactive,0,,,,exposure 0.18 <= trigger 1.0
reactive,69,6,reactive,0,,,,exposure 0.18 <= trigger 1.0
reactive,70,6,reactive,0,,,,exposure 0.13 <= trigger 1.0
reactive,71,6,reactive,0,,,,exposure 0.00 <= trigger 1.0
reactive,72,6,reactive,0,,,,exposure 0.43 <= trigger 1.0
reactive,73,6,reactive,0,,,,exposure 0.17 <= trigger 1.0
reactive,74,6,reactive,0,,,,exposure 0.40 <= trigger 1.0
reactive,75,6,reactive,0,,,,exposure 0.03 <= trigger 1.0
reactive,76,6,reactive,0,,,,exposure 0.13 <= trigger 1.0
reactive,77,6,reactive,0,,,,exposure 0.08 <= trigger 1.0
reactive,78,6,reactive,0,,,,exposure 0.00 <= trigger 1.0
reactive,79,6,reactive,0,,,,exposure 0.00 <= trigger 1.0
reactive,80,6,reactive,0,,,,exposure 0.00 <= trigger 1.0
reactive,81,6,reactive,0,,,,exposure 0.46 <= trigger 1.0
reactive,82,6,reactive,0,,,,exposure 0.51 <= trigger 1.0
reactive,83,6,reactive,0,,,,exposure 0.59 <= trigger 1.0
reactive,84,6,reactive,0,,,,exposure 0.47 <= trigger 1.0
reactive,85,6,reactive,0,,,,exposure 0.00 <= trigger 1.0
reactive,86,6,reactive,0,,,,exposure 0.42 <= trigger 1.0
reactive,87,6,reactive,0,,,,exposure 0.45 <= trigger 1.0
reactive,88,6,reactive,0,,,,exposure 0.08 <= trigger 1.0
reactive,89,6,reactive,0,,,,exposure 0.49 <= trigger 1.0
reactive,90,6,reactive,0,,,,exposure 0.03 <= trigger 1.0
reactive,91,6,reactive,0,,,,exposure 0.05 <= trigger 1.0
reactive,92,6,reactive,0,,,,exposure 0.00 <= trigger 1.0
reactive,93,6,reactive,0,,,,exposure 0.00 <= trigger 1.0
reactive,94,6,reactive,0,,,,exposure 0.38 <= trigger 1.0
reactive,95,6,reactive,0,,,,exposure 0.14 <= trigger 1.0
reactive,96,6,reactive,0,,,,exposure 0.37 <= trigger 1.0
reactive,97,6,reactive,0,,,,exposure 0.01 <= trigger 1.0
reactive,98,6,reactive,0,,,,exposure 0.46 <= trigger 1.0
reactive,99,6,reactive,0,,,,exposure 0.00 <= trigger 1.0
reactive,100,6,reactive,0,,,,exposure 0.00 <= trigger 1.0
reactive,101,6,reactive,0,,,,exposure 0.00 <= trigger 1.0
reactive,102,6,reactive,0,,,,exposure 0.00 <= trigger 1.0
reactive,103,6,reactive,0,,,,exposure 0.00 <= trigger 1.0
reactive,104,6,reactive,0,,,,exposure 0.41 <= trigger 1.0
reactive,105,6,reactive,0,,,,exposure 0.51 <= trigger 1.0
reactive,106,6,reactive,0,,,,exposure 0.43 <= trigger 1.0
reactive,107,6,reactive,0,,,,exposure 0.50 <= trigger 1.0
reactive,108,6,reactive,0,,,,exposure 0.00 <= trigger 1.0
reactive,109,6,reactive,0,,,,exposure 0.00 <= trigger 1.0
reactive,110,6,reactive,0,,,,exposure 0.15 <= trigger 1.0
reactive,111,6,reactive,0,,,,exposure 0.22 <= trigger 1.0
reactive,112,6,reactive,0,,,,exposure 0.43 <= trigger 1.0
reactive,113,6,reactive,0,,,,exposure 0.47 <= trigger 1.0
reactive,114,6,reactive,0,,,,exposure 0.00 <= trigger 1.0
reactive,115,6,reactive,0,,,,exposure 0.20 <= trigger 1.0
reactive,116,6,reactive,0,,,,exposure 0.32 <= trigger 1.0
reactive,117,6,reactive,0,,,,exposure 0.49 <= trigger 1.0
reactive,118,6,reactive,0,,,,exposure 0.00 <= trigger 1.0
reactive,119,6,reactive,0,,,,exposure 0.00 <= trigger 1.0
reactive,120,6,reactive,0,,,,exposure 0.15 <= trigger 1.0
reactive,121,6,reactive,0,,,,exposure 0.16 <= trigger 1.0
reactive,122,6,reactive,0,,,,exposure 0.10 <= trigger 1.0
reactive,123,6,reactive,0,,,,exposure 0.47 <= trigger 1.0
reactive,124,6,reactive,0,,,,exposure 0.00 <= trigger 1.0
reactive,125,6,reactive,0,,,,exposure 0.48 <= trigger 1.0
reactive,126,6,reactive,0,,,,exposure 0.17 <= trigger 1.0
reactive,127,6,reactive,0,,,,exposure 0.00 <= trigger 1.0
reactive,128,6,reactive,0,,,,exposure 0.00 <= trigger 1.0
reactive,129,6,reactive,0,,,,exposure 0.50 <= trigger 1.0
reactive,130,6,reactive,0,,,,exposure 0.00 <= trigger 1.0
reactive,131,6,reactive,0,,,,exposure 0.00 <= trigger 1.0
reactive,132,6,reactive,0,,,,exposure 0.09 <= trigger 1.0
reactive,133,6,reactive,0,,,,exposure 0.00 <= trigger 1.0
reactive,134,6,reactive,0,,,,exposure 0.31 <= trigger 1.0
reactive,135,6,reactive,0,,,,exposure 0.48 <= trigger 1.0
reactive,136,6,reactive,0,,,,exposure 0.00 <= trigger 1.0
reactive,137,6,reactive,0,,,,exposure 0.48 <= trigger 1.0
reactive,138,6,reactive,0,,,,exposure 0.09 <= trigger 1.0
reactive,139,6,reactive,0,,,,exposure 0.45 <= trigger 1.0
reactive,140,6,reactive,0,,,,exposure 0.09 <= trigger 1.0
reactive,141,6,reactive,0,,,,exposure 0.31 <= trigger 1.0
reactive,142,6,reactive,0,,,,exposure 0.00 <= trigger 1.0
reactive,143,6,reactive,0,,,,exposure 0.01 <= trigger 1.0
reactive,144,6,reactive,0,,,,exposure 0.21 <= trigger 1.0
reactive,145,6,reactive,0,,,,exposure 0.00 <= trigger 1.0
reactive,146,6,reactive,0,,,,exposure 0.53 <= trigger 1.0
reactive,147,6,reactive,0,,,,exposure 0.08 <= trigger 1.0
reactive,148,6,reactive,0,,,,exposure 0.39 <= trigger 1.0
reactive,149,6,reactive,0,,,,exposure 0.22 <= trigger 1.0
reactive,150,6,reactive,0,,,,exposure 0.00 <= trigger 1.0
reactive,151,6,reactive,0,,,,exposure 0.48 <= trigger 1.0
reactive,152,6,reactive,0,,,,exposure 0.21 <= trigger 1.0
reactive,153,6,reactive,0,,,,exposure 0.00 <= trigger 1.0
reactive,154,6,reactive,0,,,,exposure 0.00 <= trigger 1.0
reactive,155,6,reactive,0,,,,exposure 0.48 <= trigger 1.0
reactive,156,6,reactive,0,,,,exposure 0.08 <= trigger 1.0
reactive,157,6,reactive,0,,,,exposure 0.46 <= trigger 1.0
reactive,158,6,reactive,0,,,,exposure 0.00 <= trigger 1.0
reactive,159,6,reactive,0,,,,exposure 0.11 <= trigger 1.0
reactive,160,6,reactive,0,,,,exposure 0.43 <= trigger 1.0
reactive,161,6,reactive,0,,,,exposure 0.00 <= trigger 1.0
reactive,162,6,reactive,0,,,,exposure 0.49 <= trigger 1.0
reactive,163,6,reactive,0,,,,exposure 0.00 <= trigger 1.0
reactive,164,6,reactive,0,,,,exposure 0.00 <= trigger 1.0
reactive,165,6,reactive,0,,,,exposure 0.40 <= trigger 1.0
reactive,166,6,reactive,0,,,,exposure 0.20 <= trigger 1.0
reactive,167,6,reactive,0,,,,exposure 0.00 <= trigger 1.0
reactive,168,6,reactive,0,,,,exposure 0.58 <= trigger 1.0
reactive,169,6,reactive,0,,,,exposure 0.00 <= trigger 1.0
reactive,170,6,reactive,0,,,,exposure 0.15 <= trigger 1.0
reactive,171,6,reactive,0,,,,exposure 0.45 <= trigger 1.0
reactive,172,6,reactive,0,,,,exposure 0.05 <= trigger 1.0
reactive,173,6,reactive,0,,,,exposure 0.00 <= trigger 1.0
reactive,174,6,reactive,0,,,,exposure 0.00 <= trigger 1.0
reactive,175,6,reactive,0,,,,exposure 0.00 <= trigger 1.0
reactive,176,6,reactive,0,,,,exposure 0.13 <= trigger 1.0
reactive,177,6,reactive,0,,,,exposure 0.00 <= trigger 1.0
reactive,178,6,reactive,0,,,,exposure 0.38 <= trigger 1.0
reactive,179,6,reactive,0,,,,exposure 0.17 <= trigger 1.0
reactive,180,6,reactive,0,,,,exposure 0.00 <= trigger 1.0
reactive,181,6,reactive,0,,,,exposure 0.00 <= trigger 1.0
reactive,182,6,reactive,0,,,,exposure 0.41 <= trigger 1.0
reactive,183,6,reactive,0,,,,exposure 0.00 <= trigger 1.0
reactive,184,6,reactive,0,,,,exposure 0.48 <= trigger 1.0
reactive,185,6,reactive,0,,,,exposure 0.00 <= trigger 1.0
reactive,186,6,reactive,0,,,,exposure 0.20 <= trigger 1.0
reactive,187,6,reactive,0,,,,exposure 0.00 <= trigger 1.0
reactive,188,6,reactive,0,,,,exposure 0.51 <= trigger 1.0
reactive,189,6,reactive,0,,,,exposure 0.00 <= trigger 1.0
reactive,190,6,reactive,0,,,,exposure 0.37 <= trigger 1.0
reactive,191,6,reactive,0,,,,exposure 0.59 <= trigger 1.0
reactive,192,6,reactive,0,,,,exposure 0.47 <= trigger 1.0
reactive,193,6,reactive,0,,,,exposure 0.08 <= trigger 1.0
reactive,194,6,reactive,0,,,,exposure 0.59 <= trigger 1.0
reactive,195,6,reactive,0,,,,exposure 0.59 <= trigger 1.0
reactive,196,6,reactive,0,,,,exposure 0.15 <= trigger 1.0
reactive,197,6,reactive,0,,,,exposure 0.00 <= trigger 1.0
reactive,198,6,reactive,0,,,,exposure 0.10 <= trigger 1.0
reactive,199,6,reactive,0,,,,exposure 0.21 <= trigger 1.0
reactive,200,6,reactive,0,,,,exposure 0.33 <= trigger 1.0
reactive,201,6,reactive,0,,,,exposure 0.42 <= trigger 1.0
reactive,202,6,reactive,0,,,,exposure 0.00 <= trigger 1.0
reactive,203,6,reactive,0,,,,exposure 0.21 <= trigger 1.0
reactive,204,6,reactive,0,,,,exposure 0.13 <= trigger 1.0
reactive,205,6,reactive,0,,,,exposure 0.13 <= trigger 1.0
reactive,206,6,reactive,0,,,,exposure 0.46 <= trigger 1.0
reactive,207,6,reactive,0,,,,exposure 0.00 <= trigger 1.0
reactive,208,6,reactive,0,,,,exposure 0.00 <= trigger 1.0
reactive,209,6,reactive,0,,,,exposure 0.00 <= trigger 1.0
reactive,210,6,reactive,0,,,,exposure 0.19 <= trigger 1.0
reactive,211,6,reactive,0,,,,exposure 0.09 <= trigger 1.0
reactive,212,6,reactive,0,,,,exposure 0.44 <= trigger 1.0
reactive,213,6,reactive,0,,,,exposure 0.38 <= trigger 1.0
reactive,214,6,reactive,0,,,,exposure 0.00 <= trigger 1.0
reactive,215,6,reactive,0,,,,exposure 0.39 <= trigger 1.0
reactive,216,6,reactive,0,,,,exposure 0.11 <= trigger 1.0
reactive,217,6,reactive,0,,,,exposure 0.00 <= trigger 1.0
reactive,218,6,reactive,0,,,,exposure 0.20 <= trigger 1.0
reactive,219,6,reactive,0,,,,exposure 0.41 <= trigger 1.0
reactive,220,6,reactive,0,,,,exposure 0.54 <= trigger 1.0
reactive,221,6,reactive,0,,,,exposure 0.07 <= trigger 1.0
reactive,222,6,reactive,0,,,,exposure 0.00 <= trigger 1.0
reactive,223,6,reactive,0,,,,exposure 0.00 <= trigger 1.0
reactive,224,6,reactive,0,,,,exposure 0.49 <= trigger 1.0
reactive,225,6,reactive,0,,,,exposure 0.15 <= trigger 1.0
reactive,226,6,reactive,0,,,,exposure 0.41 <= trigger 1.0
reactive,227,6,reactive,0,,,,exposure 0.48 <= trigger 1.0
reactive,228,6,reactive,0,,,,exposure 0.43 <= trigger 1.0
reactive,229,6,reactive,0,,,,exposure 0.24 <= trigger 1.0
reactive,230,6,reactive,0,,,,exposure 0.09 <= trigger 1.0
reactive,231,6,reactive,0,,,,exposure 0.00 <= trigger 1.0
reactive,232,6,reactive,0,,,,exposure 0.42 <= trigger 1.0
reactive,233,6,reactive,0,,,,exposure 0.00 <= trigger 1.0
reactive,234,6,reactive,0,,,,exposure 0.00 <= trigger 1.0
reactive,235,6,reactive,0,,,,exposure 0.18 <= trigger 1.0
reactive,236,6,reactive,0,,,,exposure 0.00 <= trigger 1.0
reactive,237,6,reactive,0,,,,exposure 0.13 <= trigger 1.0
reactive,238,6,reactive,0,,,,exposure 0.47 <= trigger 1.0
reactive,239,6,reactive,0,,,,exposure 0.22 <= trigger 1.0
reactive,0,7,reactive,0,,,,exposure 0.54 <= trigger 1.0
reactive,1,7,reactive,0,,,,exposure 0.07 <= trigger 1.0
reactive,2,7,reactive,1,,,,exposure 0.52 <= trigger 1.0
reactive,3,7,reactive,0,,,,exposure 0.61 <= trigger 1.0
reactive,4,7,reactive,0,,,,exposure 0.54 <= trigger 1.0
reactive,5,7,reactive,0,,,,exposure 0.50 <= trigger 1.0
reactive,6,7,reactive,1,,,,exposure 0.56 <= trigger 1.0
reactive,7,7,reactive,0,,,,exposure 0.35 <= trigger 1.0
reactive,8,7,reactive,1,,,,exposure 0.61 <= trigger 1.0
reactive,9,7,reactive,0,,,,exposure 0.53 <= trigger 1.0
reactive,10,7,reactive,0,,,,exposure 0.60 <= trigger 1.0
reactive,11,7,reactive,0,,,,exposure 0.06 <= trigger 1.0
reactive,12,7,reactive,0,,,,exposure 0.14 <= trigger 1.0
reactive,13,7,reactive,0,,,,exposure 0.28 <= trigger 1.0
reactive,14,7,reactive,0,,,,exposure 0.09 <= trigger 1.0
reactive,15,7,reactive,0,,,,exposure 0.32 <= trigger 1.0
reactive,16,7,reactive,0,,,,exposure 0.37 <= trigger 1.0
reactive,17,7,reactive,1,,,,exposure 0.51 <= trigger 1.0
reactive,18,7,reactive,0,,,,exposure 0.10 <= trigger 1.0
reactive,19,7,reactive,0,,,,exposure 0.63 <= trigger 1.0
reactive,20,7,reactive,0,,,,exposure 0.61 <= trigger 1.0
reactive,21,7,reactive,0,,,,exposure 0.61 <= trigger 1.0
reactive,22,7,reactive,0,,,,exposure 0.28 <= trigger 1.0
reactive,23,7,reactive,0,,,,exposure 0.35 <= trigger 1.0
reactive,24,7,reactive,0,,,,exposure 0.37 <= trigger 1.0
reactive,25,7,reactive,0,,,,exposure 0.30 <= trigger 1.0
reactive,26,7,reactive,0,,,,exposure 0.27 <= trigger 1.0
reactive,27,7,reactive,0,,,,exposure 0.63 <= trigger 1.0
reactive,28,7,reactive,0,,,,exposure 0.06 <= trigger 1.0
reactive,29,7,reactive,0,,,,exposure 0.16 <= trigger 1.0
reactive,30,7,reactive,0,,,,exposure 0.17 <= trigger 1.0
reactive,31,7,reactive,0,,,,exposure 0.05 <= trigger 1.0
reactive,32,7,reactive,0,,,,exposure 0.23 <= trigger 1.0
reactive,33,7,reactive,0,,,,exposure 0.17 <= trigger 1.0
reactive,34,7,reactive,0,,,,exposure 0.09 <= trigger 1.0
reactive,35,7,reactive,0,,,,exposure 0.09 <= trigger 1.0
reactive,36,7,reactive,0,,,,exposure 0.54 <= trigger 1.0
reactive,37,7,reactive,1,,,,exposure 0.56 <= trigger 1.0
reactive,38,7,reactive,0,,,,exposure 0.29 <= trigger 1.0
reactive,39,7,reactive,0,,,,exposure 0.01 <= trigger 1.0
reactive,40,7,reactive,0,,,,exposure 0.50 <= trigger 1.0
reactive,41,7,reactive,0,,,,exposure 0.16 <= trigger 1.0
reactive,42,7,reactive,0,,,,exposure 0.09 <= trigger 1.0
reactive,43,7,reactive,0,,,,exposure 0.09 <= trigger 1.0
reactive,44,7,reactive,0,,,,exposure 0.61 <= trigger 1.0
reactive,45,7,reactive,0,,,,exposure 0.49 <= trigger 1.0
reactive,46,7,reactive,0,,,,exposure 0.58 <= trigger 1.0
reactive,47,7,reactive,0,,,,exposure 0.14 <= trigger 1.0
reactive,48,7,reactive,0,,,,exposure 0.07 <= trigger 1.0
reactive,49,7,reactive,0,,,,exposure 0.36 <= trigger 1.0
reactive,50,7,reactive,0,,,,exposure 0.09 <= trigger 1.0
reactive,51,7,reactive,0,,,,exposure 0.59 <= trigger 1.0
reactive,52,7,reactive,0,,,,exposure 0.08 <= trigger 1.0
reactive,53,7,reactive,0,,,,exposure 0.38 <= trigger 1.0
reactive,54,7,reactive,0,,,,exposure 0.30 <= trigger 1.0
reactive,55,7,reactive,0,,,,exposure 0.54 <= trigger 1.0
reactive,56,7,reactive,0,,,,exposure 0.59 <= trigger 1.0
reactive,57,7,reactive,0,,,,exposure 0.64 <= trigger 1.0
reactive,58,7,reactive,0,,,,exposure 0.25 <= trigger 1.0
reactive,59,7,reactive,0,,,,exposure 0.61 <= trigger 1.0
reactive,60,7,reactive,0,,,,exposure 0.62 <= trigger 1.0
reactive,61,7,reactive,0,,,,exposure 0.61 <= trigger 1.0
reactive,62,7,reactive,1,,,,exposure 0.61 <= trigger 1.0
reactive,63,7,reactive,1,,,,exposure 0.52 <= trigger 1.0
reactive,64,7,reactive,0,,,,exposure 0.25 <= trigger 1.0
reactive,65,7,reactive,0,,,,exposure 0.05 <= trigger 1.0
reactive,66,7,reactive,0,,,,exposure 0.04 <= trigger 1.0
reactive,67,7,reactive,0,,,,exposure 0.21 <= trigger 1.0
reactive,68,7,reactive,0,,,,exposure 0.28 <= trigger 1.0
reactive,69,7,reactive,0,,,,exposure 0.21 <= trigger 1.0
reactive,70,7,reactive,0,,,,exposure 0.18 <= trigger 1.0
reactive,71,7,reactive,0,,,,exposure 0.64 <= trigger 1.0
reactive,72,7,reactive,0,,,,exposure 0.25 <= trigger 1.0
reactive,73,7,reactive,0,,,,exposure 0.62 <= trigger 1.0
reactive,74,7,reactive,0,,,,exposure 0.16 <= trigger 1.0
reactive,75,7,reactive,1,,,,exposure 0.64 <= trigger 1.0
reactive,76,7,reactive,0,,,,exposure 0.35 <= trigger 1.0
reactive,77,7,reactive,1,,,,exposure 0.54 <= trigger 1.0
reactive,78,7,reactive,0,,,,exposure 0.64 <= trigger 1.0
reactive,79,7,reactive,0,,,,exposure 0.25 <= trigger 1.0
reactive,80,7,reactive,0,,,,exposure 0.54 <= trigger 1.0
reactive,81,7,reactive,0,,,,exposure 0.09 <= trigger 1.0
reactive,82,7,reactive,0,,,,exposure 0.59 <= trigger 1.0
reactive,83,7,reactive,0,,,,exposure 0.59 <= trigger 1.0
reactive,84,7,reactive,0,,,,exposure 0.14 <= trigger 1.0
reactive,85,7,reactive,0,,,,exposure 0.07 <= trigger 1.0
reactive,86,7,reactive,0,,,,exposure 0.56 <= trigger 1.0
reactive,87,7,reactive,0,,,,exposure 0.23 <= trigger 1.0
reactive,88,7,reactive,0,,,,exposure 0.08 <= trigger 1.0
reactive,89,7,reactive,0,,,,exposure 0.62 <= trigger 1.0
reactive,90,7,reactive,0,,,,exposure 0.05 <= trigger 1.0
reactive,91,7,reactive,0,,,,exposure 0.28 <= trigger 1.0
reactive,92,7,reactive,0,,,,exposure 0.28 <= trigger 1.0
reactive,93,7,reactive,0,,,,exposure 0.27 <= trigger 1.0
reactive,94,7,reactive,0,,,,exposure 0.16 <= trigger 1.0
reactive,95,7,reactive,0,,,,exposure 0.24 <= trigger 1.0
reactive,96,7,reactive,0,,,,exposure 0.14 <= trigger 1.0
reactive,97,7,reactive,0,,,,exposure 0.64 <= trigger 1.0
reactive,98,7,reactive,0,,,,exposure 0.09 <= trigger 1.0
reactive,99,7,reactive,0,,,,exposure 0.10 <= trigger 1.0
reactive,100,7,reactive,0,,,,exposure 0.61 <= trigger 1.0
reactive,101,7,reactive,0,,,,exposure 0.50 <= trigger 1.0
reactive,102,7,reactive,0,,,,exposure 0.03 <= trigger 1.0
reactive,103,7,reactive,0,,,,exposure 0.56 <= trigger 1.0
reactive,104,7,reactive,0,,,,exposure 0.31 <= trigger 1.0
reactive,105,7,reactive,0,,,,exposure 0.34 <= trigger 1.0
reactive,106,7,reactive,0,,,,exposure 0.61 <= trigger 1.0
reactive,107,7,reactive,0,,,,exposure 0.59 <= trigger 1.0
reactive,108,7,reactive,0,,,,exposure 0.59 <= trigger 1.0
reactive,109,7,reactive,0,,,,exposure 0.34 <= trigger 1.0
reactive,110,7,reactive,0,,,,exposure 0.42 <= trigger 1.0
reactive,111,7,reactive,0,,,,exposure 0.28 <= trigger 1.0
reactive,112,7,reactive,0,,,,exposure 0.43 <= trigger 1.0
reactive,113,7,reactive,0,,,,exposure 0.15 <= trigger 1.0
reactive,114,7,reactive,0,,,,exposure 0.07 <= trigger 1.0
reactive,115,7,reactive,0,,,,exposure 0.21 <= trigger 1.0
reactive,116,7,reactive,0,,,,exposure 0.11 <= trigger 1.0
reactive,117,7,reactive,0,,,,exposure 0.08 <= trigger 1.0
reactive,118,7,reactive,0,,,,exposure 0.62 <= trigger 1.0
reactive,119,7,reactive,0,,,,exposure 0.18 <= trigger 1.0
reactive,120,7,reactive,0,,,,exposure 0.25 <= trigger 1.0
reactive,121,7,reactive,0,,,,exposure 0.59 <= trigger 1.0
reactive,122,7,reactive,0,,,,exposure 0.16 <= trigger 1.0
reactive,123,7,reactive,0,,,,exposure 0.10 <= trigger 1.0
reactive,124,7,reactive,0,,,,exposure 0.09 <= trigger 1.0
reactive,125,7,reactive,1,,,,exposure 0.56 <= trigger 1.0
reactive,126,7,reactive,0,,,,exposure 0.21 <= trigger 1.0
reactive,127,7,reactive,0,,,,exposure 0.28 <= trigger 1.0
reactive,128,7,reactive,0,,,,exposure 0.09 <= trigger 1.0
reactive,129,7,reactive,0,,,,exposure 0.08 <= trigger 1.0
reactive,130,7,reactive,0,,,,exposure 0.64 <= trigger 1.0
reactive,131,7,reactive,1,,,,exposure 0.47 <= trigger 1.0
reactive,132,7,reactive,0,,,,exposure 0.53 <= trigger 1.0
reactive,133,7,reactive,0,,,,exposure 0.14 <= trigger 1.0
reactive,134,7,reactive,0,,,,exposure 0.42 <= trigger 1.0
reactive,135,7,reactive,0,,,,exposure 0.29 <= trigger 1.0
reactive,136,7,reactive,0,,,,exposure 0.33 <= trigger 1.0
reactive,137,7,reactive,0,,,,exposure 0.56 <= trigger 1.0
reactive,138,7,reactive,0,,,,exposure 0.10 <= trigger 1.0
reactive,139,7,reactive,0,,,,exposure 0.64 <= trigger 1.0
reactive,140,7,reactive,0,,,,exposure 0.23 <= trigger 1.0
reactive,141,7,reactive,0,,,,exposure 0.30 <= trigger 1.0
reactive,142,7,reactive,0,,,,exposure 0.28 <= trigger 1.0
reactive,143,7,reactive,0,,,,exposure 0.17 <= trigger 1.0
reactive,144,7,reactive,0,,,,exposure 0.24 <= trigger 1.0
reactive,145,7,reactive,0,,,,exposure 0.48 <= trigger 1.0
reactive,146,7,reactive,0,,,,exposure 0.58 <= trigger 1.0
reactive,147,7,reactive,0,,,,exposure 0.68 <= trigger 1.0
reactive,148,7,reactive,0,,,,exposure 0.68 <= trigger 1.0
reactive,149,7,reactive,0,,,,exposure 0.24 <= trigger 1.0
reactive,150,7,reactive,0,,,,exposure 0.64 <= trigger 1.0
reactive,151,7,reactive,0,,,,exposure 0.63 <= trigger 1.0
reactive,152,7,reactive,0,,,,exposure 0.52 <= trigger 1.0
reactive,153,7,reactive,0,,,,exposure 0.17 <= trigger 1.0
reactive,154,7,reactive,0,,,,exposure 0.64 <= trigger 1.0
reactive,155,7,reactive,0,,,,exposure 0.53 <= trigger 1.0
reactive,156,7,reactive,0,,,,exposure 0.08 <= trigger 1.0
reactive,157,7,reactive,1,,,,exposure 0.61 <= trigger 1.0
reactive,158,7,reactive,0,,,,exposure 0.04 <= trigger 1.0
reactive,159,7,reactive,0,,,,exposure 0.66 <= trigger 1.0
reactive,160,7,reactive,0,,,,exposure 0.36 <= trigger 1.0
reactive,161,7,reactive,0,,,,exposure 0.62 <= trigger 1.0
reactive,162,7,reactive,0,,,,exposure 0.50 <= trigger 1.0
reactive,163,7,reactive,0,,,,exposure 0.25 <= trigger 1.0
reactive,164,7,reactive,0,,,,exposure 0.65 <= trigger 1.0
reactive,165,7,reactive,0,,,,exposure 0.31 <= trigger 1.0
reactive,166,7,reactive,0,,,,exposure 0.33 <= trigger 1.0
reactive,167,7,reactive,0,,,,exposure 0.36 <= trigger 1.0
reactive,168,7,reactive,0,,,,exposure 0.14 <= trigger 1.0
reactive,169,7,reactive,0,,,,exposure 0.06 <= trigger 1.0
reactive,170,7,reactive,0,,,,exposure 0.07 <= trigger 1.0
reactive,171,7,reactive,0,,,,exposure 0.54 <= trigger 1.0
reactive,172,7,reactive,0,,,,exposure 0.07 <= trigger 1.0
reactive,173,7,reactive,0,,,,exposure 0.06 <= trigger 1.0
reactive,174,7,reactive,0,,,,exposure 0.62 <= trigger 1.0
reactive,175,7,reactive,0,,,,exposure 0.28 <= trigger 1.0
reactive,176,7,reactive,0,,,,exposure 0.50 <= trigger 1.0
reactive,177,7,reactive,0,,,,exposure 0.36 <= trigger 1.0
reactive,178,7,reactive,0,,,,exposure 0.42 <= trigger 1.0
reactive,179,7,reactive,0,,,,exposure 0.30 <= trigger 1.0
reactive,180,7,reactive,0,,,,exposure 0.07 <= trigger 1.0
reactive,181,7,reactive,0,,,,exposure 0.61 <= trigger 1.0
reactive,182,7,reactive,0,,,,exposure 0.05 <= trigger 1.0
reactive,183,7,reactive,0,,,,exposure 0.33 <= trigger 1.0
reactive,184,7,reactive,0,,,,exposure 0.26 <= trigger 1.0
reactive,185,7,reactive,0,,,,exposure 0.59 <= trigger 1.0
reactive,186,7,reactive,0,,,,exposure 0.62 <= trigger 1.0
reactive,187,7,reactive,0,,,,exposure 0.59 <= trigger 1.0
reactive,188,7,reactive,0,,,,exposure 0.61 <= trigger 1.0
reactive,189,7,reactive,0,,,,exposure 0.06 <= trigger 1.0
reactive,190,7,reactive,0,,,,exposure 0.18 <= trigger 1.0
reactive,191,7,reactive,0,,,,exposure 0.01 <= trigger 1.0
reactive,192,7,reactive,0,,,,exposure 0.03 <= trigger 1.0
reactive,193,7,reactive,0,,,,exposure 0.25 <= trigger 1.0
reactive,194,7,reactive,0,,,,exposure 0.33 <= trigger 1.0
reactive,195,7,reactive,0,,,,exposure 0.33 <= trigger 1.0
reactive,196,7,reactive,0,,,,exposure 0.08 <= trigger 1.0
reactive,197,7,reactive,0,,,,exposure 0.14 <= trigger 1.0
reactive,198,7,reactive,0,,,,exposure 0.50 <= trigger 1.0
reactive,199,7,reactive,0,,,,exposure 0.28 <= trigger 1.0
reactive,200,7,reactive,0,,,,exposure 0.29 <= trigger 1.0
reactive,201,7,reactive,0,,,,exposure 0.57 <= trigger 1.0
reactive,202,7,reactive,0,,,,exposure 0.09 <= trigger 1.0
reactive,203,7,reactive,1,,,,exposure 0.68 <= trigger 1.0
reactive,204,7,reactive,0,,,,exposure 0.04 <= trigger 1.0
reactive,205,7,reactive,0,,,,exposure 0.25 <= trigger 1.0
reactive,206,7,reactive,0,,,,exposure 0.19 <= trigger 1.0
reactive,207,7,reactive,0,,,,exposure 0.61 <= trigger 1.0
reactive,208,7,reactive,0,,,,exposure 0.32 <= trigger 1.0
reactive,209,7,reactive,0,,,,exposure 0.59 <= trigger 1.0
reactive,210,7,reactive,0,,,,exposure 0.42 <= trigger 1.0
reactive,211,7,reactive,0,,,,exposure 0.29 <= trigger 1.0
reactive,212,7,reactive,0,,,,exposure 0.08 <= trigger 1.0
reactive,213,7,reactive,1,,,,exposure 0.53 <= trigger 1.0
reactive,214,7,reactive,0,,,,exposure 0.60 <= trigger 1.0
reactive,215,7,reactive,0,,,,exposure 0.58 <= trigger 1.0
reactive,216,7,reactive,0,,,,exposure 0.28 <= trigger 1.0
reactive,217,7,reactive,0,,,,exposure 0.35 <= trigger 1.0
reactive,218,7,reactive,0,,,,exposure 0.42 <= trigger 1.0
reactive,219,7,reactive,1,,,,exposure 0.61 <= trigger 1.0
reactive,220,7,reactive,0,,,,exposure 0.24 <= trigger 1.0
reactive,221,7,reactive,0,,,,exposure 0.45 <= trigger 1.0
reactive,222,7,reactive,0,,,,exposure 0.03 <= trigger 1.0
reactive,223,7,reactive,0,,,,exposure 0.66 <= trigger 1.0
reactive,224,7,reactive,0,,,,exposure 0.13 <= trigger 1.0
reactive,225,7,reactive,0,,,,exposure 0.06 <= trigger 1.0
reactive,226,7,reactive,0,,,,exposure 0.34 <= trigger 1.0
reactive,227,7,reactive,0,,,,exposure 0.05 <= trigger 1.0
reactive,228,7,reactive,1,,,,exposure 0.68 <= trigger 1.0
reactive,229,7,reactive,0,,,,exposure 0.23 <= trigger 1.0
reactive,230,7,reactive,0,,,,exposure 0.50 <= trigger 1.0
reactive,231,7,reactive,0,,,,exposure 0.09 <= trigger 1.0
reactive,232,7,reactive,0,,,,exposure 0.64 <= trigger 1.0
reactive,233,7,reactive,0,,,,exposure 0.27 <= trigger 1.0
reactive,234,7,reactive,0,,,,exposure 0.30 <= trigger 1.0
reactive,235,7,reactive,0,,,,exposure 0.04 <= trigger 1.0
reactive,236,7,reactive,0,,,,exposure 0.60 <= trigger 1.0
reactive,237,7,reactive,1,,,,exposure 0.66 <= trigger 1.0
reactive,238,7,reactive,0,,,,exposure 0.61 <= trigger 1.0
reactive,239,7,reactive,0,,,,exposure 0.04 <= trigger 1.0
reactive,0,8,reactive,0,,,,exposure 0.91 <= trigger 1.0
reactive,1,8,reactive,0,,,,exposure 0.31 <= trigger 1.0
reactive,2,8,reactive,1,,,,exposure 0.77 <= trigger 1.0
reactive,3,8,reactive,0,,,,exposure 0.81 <= trigger 1.0
reactive,4,8,reactive,0,,,,exposure 0.83 <= trigger 1.0
reactive,5,8,reactive,1,,,,exposure 0.79 <= trigger 1.0
reactive,6,8,reactive,1,,,,exposure 0.80 <= trigger 1.0
reactive,7,8,reactive,0,,,,exposure 0.51 <= trigger 1.0
reactive,8,8,reactive,1,,,,exposure 0.80 <= trigger 1.0
reactive,9,8,reactive,0,,,,exposure 0.57 <= trigger 1.0
reactive,10,8,reactive,0,,,,exposure 0.51 <= trigger 1.0
reactive,11,8,reactive,0,,,,exposure 0.77 <= trigger 1.0
reactive,12,8,reactive,0,,,,exposure 0.33 <= trigger 1.0
reactive,13,8,reactive,0,,,,exposure 0.81 <= trigger 1.0
reactive,14,8,reactive,0,,,,exposure 0.31 <= trigger 1.0
reactive,15,8,reactive,0,,,,exposure 0.51 <= trigger 1.0
reactive,16,8,reactive,1,,,,exposure 0.52 <= trigger 1.0
reactive,17,8,reactive,1,,,,exposure 0.89 <= trigger 1.0
reactive,18,8,reactive,0,,,,exposure 0.39 <= trigger 1.0
reactive,19,8,reactive,1,,,,exposure 0.55 <= trigger 1.0
reactive,20,8,reactive,0,,,,exposure 0.32 <= trigger 1.0
reactive,21,8,reactive,0,,,,exposure 0.86 <= trigger 1.0
reactive,22,8,reactive,0,,,,exposure 0.58 <= trigger 1.0
reactive,23,8,reactive,0,,,,exposure 0.57 <= trigger 1.0
reactive,24,8,reactive,0,,,,exposure 0.58 <= trigger 1.0
reactive,25,8,reactive,0,,,,exposure 0.50 <= trigger 1.0
reactive,26,8,reactive,0,,,,exposure 0.42 <= trigger 1.0
reactive,27,8,reactive,0,,,,exposure 0.86 <= trigger 1.0
reactive,28,8,reactive,0,,,,exposure 0.30 <= trigger 1.0
reactive,29,8,reactive,0,,,,exposure 0.42 <= trigger 1.0
reactive,30,8,reactive,0,,,,exposure 0.40 <= trigger 1.0
reactive,31,8,reactive,0,,,,exposure 0.58 <= trigger 1.0
reactive,32,8,reactive,0,,,,exposure 0.30 <= trigger 1.0
reactive,33,8,reactive,0,,,,exposure 0.40 <= trigger 1.0
reactive,34,8,reactive,0,,,,exposure 0.35 <= trigger 1.0
reactive,35,8,reactive,0,,,,exposure 0.58 <= trigger 1.0
reactive,36,8,reactive,0,,,,exposure 0.77 <= trigger 1.0
reactive,37,8,reactive,1,,,,exposure 0.50 <= trigger 1.0
reactive,38,8,reactive,0,,,,exposure 0.51 <= trigger 1.0
reactive,39,8,reactive,0,,,,exposure 0.29 <= trigger 1.0
reactive,40,8,reactive,1,,,,exposure 0.78 <= trigger 1.0
reactive,41,8,reactive,0,,,,exposure 0.83 <= trigger 1.0
reactive,42,8,reactive,0,,,,exposure 0.30 <= trigger 1.0
reactive,43,8,reactive,0,,,,exposure 0.60 <= trigger 1.0
reactive,44,8,reactive,0,,,,exposure 0.81 <= trigger 1.0
reactive,45,8,reactive,0,,,,exposure 0.56 <= trigger 1.0
reactive,46,8,reactive,0,,,,exposure 0.83 <= trigger 1.0
reactive,47,8,reactive,0,,,,exposure 0.30 <= trigger 1.0
reactive,48,8,reactive,0,,,,exposure 0.59 <= trigger 1.0
reactive,49,8,reactive,1,,,,exposure 0.58 <= trigger 1.0
reactive,50,8,reactive,0,,,,exposure 0.31 <= trigger 1.0
reactive,51,8,reactive,0,,,,exposure 0.88 <= trigger 1.0
reactive,52,8,reactive,0,,,,exposure 0.36 <= trigger 1.0
reactive,53,8,reactive,0,,,,exposure 0.24 <= trigger 1.0
reactive,54,8,reactive,0,,,,exposure 0.85 <= trigger 1.0
reactive,55,8,reactive,0,,,,exposure 0.81 <= trigger 1.0
reactive,56,8,reactive,1,,,,exposure 0.86 <= trigger 1.0
reactive,57,8,reactive,0,,,,exposure 0.82 <= trigger 1.0
reactive,58,8,reactive,0,,,,exposure 0.54 <= trigger 1.0
reactive,59,8,reactive,0,,,,exposure 0.88 <= trigger 1.0
reactive,60,8,reactive,0,,,,exposure 0.51 <= trigger 1.0
reactive,61,8,reactive,0,,,,exposure 0.78 <= trigger 1.0
reactive,62,8,reactive,1,,,,exposure 0.82 <= trigger 1.0
reactive,63,8,reactive,1,,,,exposure 0.48 <= trigger 1.0
reactive,64,8,reactive,0,,,,exposure 0.49 <= trigger 1.0
reactive,65,8,reactive,0,,,,exposure 0.37 <= trigger 1.0
reactive,66,8,reactive,0,,,,exposure 0.36 <= trigger 1.0
reactive,67,8,reactive,0,,,,exposure 0.51 <= trigger 1.0
reactive,68,8,reactive,0,,,,exposure 0.87 <= trigger 1.0
reactive,69,8,reactive,0,,,,exposure 0.86 <= trigger 1.0
reactive,70,8,reactive,0,,,,exposure 0.39 <= trigger 1.0
reactive,71,8,reactive,0,,,,exposure 0.80 <= trigger 1.0
reactive,72,8,reactive,0,,,,exposure 0.34 <= trigger 1.0
reactive,73,8,reactive,0,,,,exposure 0.53 <= trigger 1.0
reactive,74,8,reactive,1,,,,exposure 0.58 <= trigger 1.0
reactive,75,8,reactive,0,,,,exposure 0.61 <= trigger 1.0
reactive,76,8,reactive,0,,,,exposure 0.60 <= trigger 1.0
reactive,77,8,reactive,0,,,,exposure 0.50 <= trigger 1.0
reactive,78,8,reactive,0,,,,exposure 0.83 <= trigger 1.0
reactive,79,8,reactive,0,,,,exposure 0.58 <= trigger 1.0
reactive,80,8,reactive,0,,,,exposure 0.77 <= trigger 1.0
reactive,81,8,reactive,0,,,,exposure 0.39 <= trigger 1.0
reactive,82,8,reactive,0,,,,exposure 0.83 <= trigger 1.0
reactive,83,8,reactive,0,,,,exposure 0.78 <= trigger 1.0
reactive,84,8,reactive,0,,,,exposure 0.51 <= trigger 1.0
reactive,85,8,reactive,0,,,,exposure 0.30 <= trigger 1.0
reactive,86,8,reactive,0,,,,exposure 0.61 <= trigger 1.0
reactive,87,8,reactive,0,,,,exposure 0.37 <= trigger 1.0
reactive,88,8,reactive,0,,,,exposure 0.39 <= trigger 1.0
reactive,89,8,reactive,0,,,,exposure 0.57 <= trigger 1.0
reactive,90,8,reactive,0,,,,exposure 0.35 <= trigger 1.0
reactive,91,8,reactive,0,,,,exposure 0.49 <= trigger 1.0
reactive,92,8,reactive,0,,,,exposure 0.60 <= trigger 1.0
reactive,93,8,reactive,0,,,,exposure 0.32 <= trigger 1.0
reactive,94,8,reactive,0,,,,exposure 0.29 <= trigger 1.0
reactive,95,8,reactive,0,,,,exposure 0.88 <= trigger 1.0
reactive,96,8,reactive,0,,,,exposure 0.51 <= trigger 1.0
reactive,97,8,reactive,0,,,,exposure 0.86 <= trigger 1.0
reactive,98,8,reactive,0,,,,exposure 0.41 <= trigger 1.0
reactive,99,8,reactive,1,,,,exposure 0.54 <= trigger 1.0
reactive,100,8,reactive,0,,,,exposure 0.75 <= trigger 1.0
reactive,101,8,reactive,1,,,,exposure 0.82 <= trigger 1.0
reactive,102,8,reactive,0,,,,exposure 0.30 <= trigger 1.0
reactive,103,8,reactive,0,,,,exposure 0.77 <= trigger 1.0
reactive,104,8,reactive,1,,,,exposure 0.66 <= trigger 1.0
reactive,105,8,reactive,0,,,,exposure 0.29 <= trigger 1.0
reactive,106,8,reactive,0,,,,exposure 0.51 <= trigger 1.0
reactive,107,8,reactive,1,,,,exposure 0.53 <= trigger 1.0
reactive,108,8,reactive,0,,,,exposure 0.75 <= trigger 1.0
reactive,109,8,reactive,0,,,,exposure 0.78 <= trigger 1.0
reactive,110,8,reactive,0,,,,exposure 0.32 <= trigger 1.0
reactive,111,8,reactive,0,,,,exposure 0.59 <= trigger 1.0
reactive,112,8,reactive,1,,,,exposure 0.48 <= trigger 1.0
reactive,113,8,reactive,0,,,,exposure 0.38 <= trigger 1.0
reactive,114,8,reactive,0,,,,exposure 0.46 <= trigger 1.0
reactive,115,8,reactive,0,,,,exposure 0.59 <= trigger 1.0
reactive,116,8,reactive,0,,,,exposure 0.29 <= trigger 1.0
reactive,117,8,reactive,0,,,,exposure 0.55 <= trigger 1.0
reactive,118,8,reactive,0,,,,exposure 0.46 <= trigger 1.0
reactive,119,8,reactive,1,,,,exposure 0.54 <= trigger 1.0
reactive,120,8,reactive,0,,,,exposure 0.54 <= trigger 1.0
reactive,121,8,reactive,0,,,,exposure 0.83 <= trigger 1.0
reactive,122,8,reactive,0,,,,exposure 0.31 <= trigger 1.0
reactive,123,8,reactive,0,,,,exposure 0.30 <= trigger 1.0
reactive,124,8,reactive,0,,,,exposure 0.24 <= trigger 1.0
reactive,125,8,reactive,0,,,,exposure 0.56 <= trigger 1.0
reactive,126,8,reactive,1,,,,exposure 0.48 <= trigger 1.0
reactive,127,8,reactive,0,,,,exposure 0.49 <= trigger 1.0
reactive,128,8,reactive,0,,,,exposure 0.40 <= trigger 1.0
reactive,129,8,reactive,0,,,,exposure 0.49 <= trigger 1.0
reactive,130,8,reactive,1,,,,exposure 0.94 <= trigger 1.0
reactive,131,8,reactive,0,,,,exposure 0.61 <= trigger 1.0
reactive,132,8,reactive,0,,,,exposure 0.83 <= trigger 1.0
reactive,133,8,reactive,0,,,,exposure 0.51 <= trigger 1.0
reactive,134,8,reactive,0,,,,exposure 0.57 <= trigger 1.0
reactive,135,8,reactive,0,,,,exposure 0.77 <= trigger 1.0
reactive,136,8,reactive,1,,,,exposure 0.44 <= trigger 1.0
reactive,137,8,reactive,0,,,,exposure 0.54 <= trigger 1.0
reactive,138,8,reactive,0,,,,exposure 0.61 <= trigger 1.0
reactive,139,8,reactive,0,,,,exposure 0.86 <= trigger 1.0
reactive,140,8,reactive,0,,,,exposure 0.24 <= trigger 1.0
reactive,141,8,reactive,0,,,,exposure 0.61 <= trigger 1.0
reactive,142,8,reactive,0,,,,exposure 0.50 <= trigger 1.0
reactive,143,8,reactive,0,,,,exposure 0.51 <= trigger 1.0
reactive,144,8,reactive,1,,,,exposure 0.83 <= trigger 1.0
reactive,145,8,reactive,0,,,,exposure 0.89 <= trigger 1.0
reactive,146,8,reactive,0,,,,exposure 0.77 <= trigger 1.0
reactive,147,8,reactive,0,,,,exposure 0.79 <= trigger 1.0
reactive,148,8,reactive,0,,,,exposure 0.79 <= trigger 1.0
reactive,149,8,reactive,0,,,,exposure 0.30 <= trigger 1.0
reactive,150,8,reactive,0,,,,exposure 0.87 <= trigger 1.0
reactive,151,8,reactive,0,,,,exposure 0.87 <= trigger 1.0
reactive,152,8,reactive,0,,,,exposure 0.26 <= trigger 1.0
reactive,153,8,reactive,0,,,,exposure 0.33 <= trigger 1.0
reactive,154,8,reactive,0,,,,exposure 0.57 <= trigger 1.0
reactive,155,8,reactive,0,,,,exposure 0.54 <= trigger 1.0
reactive,156,8,reactive,0,,,,exposure 0.55 <= trigger 1.0
reactive,157,8,reactive,1,,,,exposure 0.52 <= trigger 1.0
reactive,158,8,reactive,0,,,,exposure 0.40 <= trigger 1.0
reactive,159,8,reactive,0,,,,exposure 0.89 <= trigger 1.0
reactive,160,8,reactive,0,,,,exposure 0.57 <= trigger 1.0
reactive,161,8,reactive,0,,,,exposure 0.46 <= trigger 1.0
reactive,162,8,reactive,1,,,,exposure 0.78 <= trigger 1.0
reactive,163,8,reactive,0,,,,exposure 0.57 <= trigger 1.0
reactive,164,8,reactive,0,,,,exposure 0.54 <= trigger 1.0
reactive,165,8,reactive,0,,,,exposure 0.49 <= trigger 1.0
reactive,166,8,reactive,0,,,,exposure 0.58 <= trigger 1.0
reactive,167,8,reactive,1,,,,exposure 0.83 <= trigger 1.0
reactive,168,8,reactive,0,,,,exposure 0.61 <= trigger 1.0
reactive,169,8,reactive,0,,,,exposure 0.30 <= trigger 1.0
reactive,170,8,reactive,0,,,,exposure 0.34 <= trigger 1.0
reactive,171,8,reactive,0,,,,exposure 0.56 <= trigger 1.0
reactive,172,8,reactive,0,,,,exposure 0.31 <= trigger 1.0
reactive,173,8,reactive,0,,,,exposure 0.34 <= trigger 1.0
reactive,174,8,reactive,0,,,,exposure 0.57 <= trigger 1.0
reactive,175,8,reactive,0,,,,exposure 0.85 <= trigger 1.0
reactive,176,8,reactive,0,,,,exposure 0.75 <= trigger 1.0
reactive,177,8,reactive,0,,,,exposure 0.34 <= trigger 1.0
reactive,178,8,reactive,0,,,,exposure 0.51 <= trigger 1.0
reactive,179,8,reactive,0,,,,exposure 0.60 <= trigger 1.0
reactive,180,8,reactive,0,,,,exposure 0.33 <= trigger 1.0
reactive,181,8,reactive,0,,,,exposure 0.81 <= trigger 1.0
reactive,182,8,reactive,0,,,,exposure 0.69 <= trigger 1.0
reactive,183,8,reactive,0,,,,exposure 0.52 <= trigger 1.0
reactive,184,8,reactive,0,,,,exposure 0.53 <= trigger 1.0
reactive,185,8,reactive,1,,,,exposure 0.78 <= trigger 1.0
reactive,186,8,reactive,0,,,,exposure 0.80 <= trigger 1.0
reactive,187,8,reactive,0,,,,exposure 0.56 <= trigger 1.0
reactive,188,8,reactive,0,,,,exposure 0.91 <= trigger 1.0
reactive,189,8,reactive,0,,,,exposure 0.41 <= trigger 1.0
reactive,190,8,reactive,0,,,,exposure 0.38 <= trigger 1.0
reactive,191,8,reactive,0,,,,exposure 0.55 <= trigger 1.0
reactive,192,8,reactive,0,,,,exposure 0.56 <= trigger 1.0
reactive,193,8,reactive,0,,,,exposure 0.34 <= trigger 1.0
reactive,194,8,reactive,1,,,,exposure 0.78 <= trigger 1.0
reactive,195,8,reactive,0,,,,exposure 0.77 <= trigger 1.0
reactive,196,8,reactive,0,,,,exposure 0.76 <= trigger 1.0
reactive,197,8,reactive,0,,,,exposure 0.31 <= trigger 1.0
reactive,198,8,reactive,0,,,,exposure 0.57 <= trigger 1.0
reactive,199,8,reactive,0,,,,exposure 0.61 <= trigger 1.0
reactive,200,8,reactive,0,,,,exposure 0.55 <= trigger 1.0
reactive,201,8,reactive,0,,,,exposure 0.89 <= trigger 1.0
reactive,202,8,reactive,0,,,,exposure 0.56 <= trigger 1.0
reactive,203,8,reactive,0,,,,exposure 0.54 <= trigger 1.0
reactive,204,8,reactive,0,,,,exposure 0.37 <= trigger 1.0
reactive,205,8,reactive,0,,,,exposure 0.35 <= trigger 1.0
reactive,206,8,reactive,0,,,,exposure 0.43 <= trigger 1.0
reactive,207,8,reactive,0,,,,exposure 0.30 <= trigger 1.0
reactive,208,8,reactive,0,,,,exposure 0.49 <= trigger 1.0
reactive,209,8,reactive,0,,,,exposure 0.49 <= trigger 1.0
reactive,210,8,reactive,1,,,,exposure 0.50 <= trigger 1.0
reactive,211,8,reactive,0,,,,exposure 0.30 <= trigger 1.0
reactive,212,8,reactive,0,,,,exposure 0.33 <= trigger 1.0
reactive,213,8,reactive,0,,,,exposure 0.56 <= trigger 1.0
reactive,214,8,reactive,0,,,,exposure 0.82 <= trigger 1.0
reactive,215,8,reactive,0,,,,exposure 0.82 <= trigger 1.0
reactive,216,8,reactive,0,,,,exposure 0.34 <= trigger 1.0
reactive,217,8,reactive,0,,,,exposure 0.66 <= trigger 1.0
reactive,218,8,reactive,0,,,,exposure 0.42 <= trigger 1.0
reactive,219,8,reactive,1,,,,exposure 0.54 <= trigger 1.0
reactive,220,8,reactive,0,,,,exposure 0.59 <= trigger 1.0
reactive,221,8,reactive,1,,,,exposure 0.69 <= trigger 1.0
reactive,222,8,reactive,0,,,,exposure 0.36 <= trigger 1.0
reactive,223,8,reactive,0,,,,exposure 0.80 <= trigger 1.0
reactive,224,8,reactive,0,,,,exposure 0.62 <= trigger 1.0
reactive,225,8,reactive,0,,,,exposure 0.34 <= trigger 1.0
reactive,226,8,reactive,1,,,,exposure 0.90 <= trigger 1.0
reactive,227,8,reactive,0,,,,exposure 0.38 <= trigger 1.0
reactive,228,8,reactive,1,,,,exposure 0.87 <= trigger 1.0
reactive,229,8,reactive,0,,,,exposure 0.56 <= trigger 1.0
reactive,230,8,reactive,0,,,,exposure 0.54 <= trigger 1.0
reactive,231,8,reactive,0,,,,exposure 0.41 <= trigger 1.0
reactive,232,8,reactive,0,,,,exposure 0.84 <= trigger 1.0
reactive,233,8,reactive,0,,,,exposure 0.83 <= trigger 1.0
reactive,234,8,reactive,0,,,,exposure 0.49 <= trigger 1.0
reactive,235,8,reactive,0,,,,exposure 0.59 <= trigger 1.0
reactive,236,8,reactive,0,,,,exposure 0.78 <= trigger 1.0
reactive,237,8,reactive,1,,,,exposure 0.82 <= trigger 1.0
reactive,238,8,reactive,0,,,,exposure 0.69 <= trigger 1.0
reactive,239,8,reactive,0,,,,exposure 0.30 <= trigger 1.0
reactive,0,9,reactive,1,SH_COREDO,6.0,2.0,exposure 1.16 > trigger 1.0; routed to SH_COREDO
reactive,1,9,reactive,0,,,,exposure 0.56 <= trigger 1.0
reactive,2,9,reactive,1,,,,exposure 0.85 <= trigger 1.0
reactive,3,9,reactive,1,SH_BRIDGE_PLAZA,17.0,6.0,exposure 1.04 > trigger 1.0; routed to SH_BRIDGE_PLAZA
reactive,4,9,reactive,1,SH_COREDO,6.0,2.0,exposure 1.17 > trigger 1.0; routed to SH_COREDO
reactive,5,9,reactive,1,SH_COREDO,6.0,2.0,exposure 1.21 > trigger 1.0; routed to SH_COREDO
reactive,6,9,reactive,1,SH_COREDO,6.0,2.0,exposure 1.14 > trigger 1.0; routed to SH_COREDO
reactive,7,9,reactive,0,,,,exposure 0.81 <= trigger 1.0
reactive,8,9,reactive,1,SH_COREDO,6.0,2.0,exposure 1.12 > trigger 1.0; routed to SH_COREDO
reactive,9,9,reactive,0,,,,exposure 0.80 <= trigger 1.0
reactive,10,9,reactive,0,,,,exposure 0.72 <= trigger 1.0
reactive,11,9,reactive,0,,,,exposure 0.77 <= trigger 1.0
reactive,12,9,reactive,0,,,,exposure 0.54 <= trigger 1.0
reactive,13,9,reactive,0,,,,exposure 0.77 <= trigger 1.0
reactive,14,9,reactive,0,,,,exposure 0.60 <= trigger 1.0
reactive,15,9,reactive,0,,,,exposure 0.81 <= trigger 1.0
reactive,16,9,reactive,1,,,,exposure 0.74 <= trigger 1.0
reactive,17,9,reactive,1,SH_SUBWAY_EXIT,13.0,3.0,exposure 1.05 > trigger 1.0; routed to SH_SUBWAY_EXIT
reactive,18,9,reactive,0,,,,exposure 0.54 <= trigger 1.0
reactive,19,9,reactive,1,SH_BANK_HALL,10.0,7.0,exposure 1.02 > trigger 1.0; routed to SH_BANK_HALL
reactive,20,9,reactive,0,,,,exposure 0.82 <= trigger 1.0
reactive,21,9,reactive,1,SH_SUBWAY_EXIT,13.0,3.0,exposure 1.05 > trigger 1.0; routed to SH_SUBWAY_EXIT
reactive,22,9,reactive,0,,,,exposure 0.71 <= trigger 1.0
reactive,23,9,reactive,1,,,,exposure 0.59 <= trigger 1.0
reactive,24,9,reactive,0,,,,exposure 0.80 <= trigger 1.0
reactive,25,9,reactive,1,SH_COREDO,6.0,2.0,exposure 1.02 > trigger 1.0; routed to SH_COREDO
reactive,26,9,reactive,0,,,,exposure 0.60 <= trigger 1.0
reactive,27,9,reactive,1,SH_COREDO,6.0,2.0,exposure 1.17 > trigger 1.0; routed to SH_COREDO
reactive,28,9,reactive,0,,,,exposure 0.63 <= trigger 1.0
reactive,29,9,reactive,0,,,,exposure 0.67 <= trigger 1.0
reactive,30,9,reactive,0,,,,exposure 0.59 <= trigger 1.0
reactive,31,9,reactive,0,,,,exposure 0.75 <= trigger 1.0
reactive,32,9,reactive,0,,,,exposure 0.85 <= trigger 1.0
reactive,33,9,reactive,0,,,,exposure 0.66 <= trigger 1.0
reactive,34,9,reactive,0,,,,exposure 0.66 <= trigger 1.0
reactive,35,9,reactive,0,,,,exposure 0.60 <= trigger 1.0
reactive,36,9,reactive,1,SH_COREDO,6.0,2.0,exposure 1.13 > trigger 1.0; routed to SH_COREDO
reactive,37,9,reactive,1,,,,exposure 0.82 <= trigger 1.0
reactive,38,9,reactive,0,,,,exposure 0.81 <= trigger 1.0
reactive,39,9,reactive,0,,,,exposure 0.57 <= trigger 1.0
reactive,40,9,reactive,1,,,,exposure 0.85 <= trigger 1.0
reactive,41,9,reactive,0,,,,exposure 0.81 <= trigger 1.0
reactive,42,9,reactive,1,,,,exposure 0.60 <= trigger 1.0
reactive,43,9,reactive,0,,,,exposure 0.61 <= trigger 1.0
reactive,44,9,reactive,1,SH_SUBWAY_EXIT,13.0,3.0,exposure 1.01 > trigger 1.0; routed to SH_SUBWAY_EXIT
reactive,45,9,reactive,1,SH_COREDO,6.0,2.0,exposure 1.02 > trigger 1.0; routed to SH_COREDO
reactive,46,9,reactive,1,SH_BRIDGE_PLAZA,17.0,6.0,exposure 1.04 > trigger 1.0; routed to SH_BRIDGE_PLAZA
reactive,47,9,reactive,0,,,,exposure 1.00 <= trigger 1.0
reactive,48,9,reactive,0,,,,exposure 0.58 <= trigger 1.0
reactive,49,9,reactive,1,,,,exposure 0.83 <= trigger 1.0
reactive,50,9,reactive,0,,,,exposure 0.62 <= trigger 1.0
reactive,51,9,reactive,1,SH_SUBWAY_EXIT,13.0,3.0,exposure 1.07 > trigger 1.0; routed to SH_SUBWAY_EXIT
reactive,52,9,reactive,0,,,,exposure 0.69 <= trigger 1.0
reactive,53,9,reactive,0,,,,exposure 0.58 <= trigger 1.0
reactive,54,9,reactive,0,,,,exposure 0.89 <= trigger 1.0
reactive,55,9,reactive,1,SH_COREDO,6.0,2.0,exposure 1.10 > trigger 1.0; routed to SH_COREDO
reactive,56,9,reactive,1,SH_SUBWAY_EXIT,13.0,3.0,exposure 1.07 > trigger 1.0; routed to SH_SUBWAY_EXIT
reactive,57,9,reactive,1,SH_COREDO,6.0,2.0,exposure 1.06 > trigger 1.0; routed to SH_COREDO
reactive,58,9,reactive,0,,,,exposure 0.83 <= trigger 1.0
reactive,59,9,reactive,1,SH_SUBWAY_EXIT,13.0,3.0,exposure 1.04 > trigger 1.0; routed to SH_SUBWAY_EXIT
reactive,60,9,reactive,0,,,,exposure 0.77 <= trigger 1.0
reactive,61,9,reactive,1,SH_SUBWAY_EXIT,13.0,3.0,exposure 1.16 > trigger 1.0; routed to SH_SUBWAY_EXIT
reactive,62,9,reactive,1,SH_COREDO,6.0,2.0,exposure 1.16 > trigger 1.0; routed to SH_COREDO
reactive,63,9,reactive,1,,,,exposure 0.84 <= trigger 1.0
reactive,64,9,reactive,0,,,,exposure 0.72 <= trigger 1.0
reactive,65,9,reactive,0,,,,exposure 0.56 <= trigger 1.0
reactive,66,9,reactive,1,,,,exposure 0.53 <= trigger 1.0
reactive,67,9,reactive,0,,,,exposure 0.81 <= trigger 1.0
reactive,68,9,reactive,1,SH_SUBWAY_EXIT,13.0,3.0,exposure 1.06 > trigger 1.0; routed to SH_SUBWAY_EXIT
reactive,69,9,reactive,1,SH_SUBWAY_EXIT,13.0,3.0,exposure 1.08 > trigger 1.0; routed to SH_SUBWAY_EXIT
reactive,70,9,reactive,0,,,,exposure 0.57 <= trigger 1.0
reactive,71,9,reactive,1,SH_COREDO,6.0,2.0,exposure 1.05 > trigger 1.0; routed to SH_COREDO
reactive,72,9,reactive,0,,,,exposure 0.83 <= trigger 1.0
reactive,73,9,reactive,0,,,,exposure 0.94 <= trigger 1.0
reactive,74,9,reactive,0,,,,exposure 0.67 <= trigger 1.0
reactive,75,9,reactive,1,SH_SUBWAY_EXIT,13.0,3.0,exposure 1.08 > trigger 1.0; routed to SH_SUBWAY_EXIT
reactive,76,9,reactive,0,,,,exposure 0.74 <= trigger 1.0
reactive,77,9,reactive,1,,,,exposure 0.79 <= trigger 1.0
reactive,78,9,reactive,1,SH_BRIDGE_PLAZA,17.0,6.0,exposure 1.11 > trigger 1.0; routed to SH_BRIDGE_PLAZA
reactive,79,9,reactive,0,,,,exposure 0.85 <= trigger 1.0
reactive,80,9,reactive,1,SH_COREDO,6.0,2.0,exposure 1.13 > trigger 1.0; routed to SH_COREDO
reactive,81,9,reactive,1,,,,exposure 0.77 <= trigger 1.0
reactive,82,9,reactive,1,SH_SUBWAY_EXIT,13.0,3.0,exposure 1.06 > trigger 1.0; routed to SH_SUBWAY_EXIT
reactive,83,9,reactive,1,SH_SUBWAY_EXIT,13.0,3.0,exposure 1.10 > trigger 1.0; routed to SH_SUBWAY_EXIT
reactive,84,9,reactive,1,,,,exposure 0.59 <= trigger 1.0
reactive,85,9,reactive,0,,,,exposure 0.60 <= trigger 1.0
reactive,86,9,reactive,0,,,,exposure 0.81 <= trigger 1.0
reactive,87,9,reactive,1,,,,exposure 0.60 <= trigger 1.0
reactive,88,9,reactive,0,,,,exposure 0.54 <= trigger 1.0
reactive,89,9,reactive,0,,,,exposure 0.79 <= trigger 1.0
reactive,90,9,reactive,1,,,,exposure 0.56 <= trigger 1.0
reactive,91,9,reactive,1,SH_BRIDGE_PLAZA,17.0,6.0,exposure 1.04 > trigger 1.0; routed to SH_BRIDGE_PLAZA
reactive,92,9,reactive,0,,,,exposure 0.80 <= trigger 1.0
reactive,93,9,reactive,0,,,,exposure 0.81 <= trigger 1.0
reactive,94,9,reactive,1,,,,exposure 0.65 <= trigger 1.0
reactive,95,9,reactive,1,SH_SUBWAY_EXIT,13.0,3.0,exposure 1.09 > trigger 1.0; routed to SH_SUBWAY_EXIT
reactive,96,9,reactive,0,,,,exposure 0.59 <= trigger 1.0
reactive,97,9,reactive,1,SH_BRIDGE_PLAZA,17.0,6.0,exposure 1.04 > trigger 1.0; routed to SH_BRIDGE_PLAZA
reactive,98,9,reactive,0,,,,exposure 0.58 <= trigger 1.0
reactive,99,9,reactive,0,,,,exposure 0.70 <= trigger 1.0
reactive,100,9,reactive,1,SH_SUBWAY_EXIT,13.0,3.0,exposure 1.20 > trigger 1.0; routed to SH_SUBWAY_EXIT
reactive,101,9,reactive,1,,,,exposure 0.81 <= trigger 1.0
reactive,102,9,reactive,0,,,,exposure 0.56 <= trigger 1.0
reactive,103,9,reactive,1,SH_COREDO,6.0,2.0,exposure 1.02 > trigger 1.0; routed to SH_COREDO
reactive,104,9,reactive,1,,,,exposure 0.85 <= trigger 1.0
reactive,105,9,reactive,0,,,,exposure 0.58 <= trigger 1.0
reactive,106,9,reactive,0,,,,exposure 0.80 <= trigger 1.0
reactive,107,9,reactive,1,SH_COREDO,6.0,2.0,exposure 1.08 > trigger 1.0; routed to SH_COREDO
reactive,108,9,reactive,1,SH_COREDO,6.0,2.0,exposure 1.21 > trigger 1.0; routed to SH_COREDO
reactive,109,9,reactive,0,,,,exposure 1.00 <= trigger 1.0
reactive,110,9,reactive,0,,,,exposure 0.81 <= trigger 1.0
reactive,111,9,reactive,0,,,,exposure 0.81 <= trigger 1.0
reactive,112,9,reactive,1,,,,exposure 0.85 <= trigger 1.0
reactive,113,9,reactive,0,,,,exposure 0.69 <= trigger 1.0
reactive,114,9,reactive,1,,,,exposure 0.59 <= trigger 1.0
reactive,115,9,reactive,0,,,,exposure 0.79 <= trigger 1.0
reactive,116,9,reactive,1,,,,exposure 0.57 <= trigger 1.0
reactive,117,9,reactive,0,,,,exposure 0.77 <= trigger 1.0
reactive,118,9,reactive,1,SH_SUBWAY_EXIT,13.0,3.0,exposure 1.10 > trigger 1.0; routed to SH_SUBWAY_EXIT
reactive,119,9,reactive,1,,,,exposure 0.83 <= trigger 1.0
reactive,120,9,reactive,0,,,,exposure 0.77 <= trigger 1.0
reactive,121,9,reactive,1,SH_COREDO,6.0,2.0,exposure 1.19 > trigger 1.0; routed to SH_COREDO
reactive,122,9,reactive,0,,,,exposure 0.65 <= trigger 1.0
reactive,123,9,reactive,0,,,,exposure 0.56 <= trigger 1.0
reactive,124,9,reactive,1,,,,exposure 0.58 <= trigger 1.0
reactive,125,9,reactive,1,SH_COREDO,6.0,2.0,exposure 1.05 > trigger 1.0; routed to SH_COREDO
reactive,126,9,reactive,1,,,,exposure 0.82 <= trigger 1.0
reactive,127,9,reactive,1,,,,exposure 0.80 <= trigger 1.0
reactive,128,9,reactive,0,,,,exposure 0.52 <= trigger 1.0
reactive,129,9,reactive,0,,,,exposure 0.62 <= trigger 1.0
reactive,130,9,reactive,1,SH_BRIDGE_PLAZA,17.0,6.0,exposure 1.13 > trigger 1.0; routed to SH_BRIDGE_PLAZA
reactive,131,9,reactive,1,,,,exposure 0.76 <= trigger 1.0
reactive,132,9,reactive,1,SH_COREDO,6.0,2.0,exposure 1.10 > trigger 1.0; routed to SH_COREDO
reactive,133,9,reactive,0,,,,exposure 0.58 <= trigger 1.0
reactive,134,9,reactive,0,,,,exposure 0.76 <= trigger 1.0
reactive,135,9,reactive,0,,,,exposure 0.60 <= trigger 1.0
reactive,136,9,reactive,1,,,,exposure 0.74 <= trigger 1.0
reactive,137,9,reactive,0,,,,exposure 0.75 <= trigger 1.0
reactive,138,9,reactive,0,,,,exposure 0.81 <= trigger 1.0
reactive,139,9,reactive,1,SH_BRIDGE_PLAZA,17.0,6.0,exposure 1.04 > trigger 1.0; routed to SH_BRIDGE_PLAZA
reactive,140,9,reactive,0,,,,exposure 0.54 <= trigger 1.0
reactive,141,9,reactive,0,,,,exposure 0.77 <= trigger 1.0
reactive,142,9,reactive,0,,,,exposure 0.76 <= trigger 1.0
reactive,143,9,reactive,0,,,,exposure 0.57 <= trigger 1.0
reactive,144,9,reactive,1,SH_BRIDGE_PLAZA,17.0,6.0,exposure 1.11 > trigger 1.0; routed to SH_BRIDGE_PLAZA
reactive,145,9,reactive,1,SH_SUBWAY_EXIT,13.0,3.0,exposure 1.18 > trigger 1.0; routed to SH_SUBWAY_EXIT
reactive,146,9,reactive,1,SH_COREDO,6.0,2.0,exposure 1.16 > trigger 1.0; routed to SH_COREDO
reactive,147,9,reactive,1,SH_SUBWAY_EXIT,13.0,3.0,exposure 1.10 > trigger 1.0; routed to SH_SUBWAY_EXIT
reactive,148,9,reactive,1,SH_SUBWAY_EXIT,13.0,3.0,exposure 1.06 > trigger 1.0; routed to SH_SUBWAY_EXIT
reactive,149,9,reactive,1,,,,exposure 0.89 <= trigger 1.0
reactive,150,9,reactive,1,SH_COREDO,6.0,2.0,exposure 1.09 > trigger 1.0; routed to SH_COREDO
reactive,151,9,reactive,1,SH_BRIDGE_PLAZA,17.0,6.0,exposure 1.04 > trigger 1.0; routed to SH_BRIDGE_PLAZA
reactive,152,9,reactive,0,,,,exposure 0.78 <= trigger 1.0
reactive,153,9,reactive,0,,,,exposure 0.66 <= trigger 1.0
reactive,154,9,reactive,0,,,,exposure 0.80 <= trigger 1.0
reactive,155,9,reactive,0,,,,exposure 0.85 <= trigger 1.0
reactive,156,9,reactive,0,,,,exposure 0.57 <= trigger 1.0
reactive,157,9,reactive,1,,,,exposure 0.79 <= trigger 1.0
reactive,158,9,reactive,0,,,,exposure 0.53 <= trigger 1.0
reactive,159,9,reactive,1,SH_SUBWAY_EXIT,13.0,3.0,exposure 1.10 > trigger 1.0; routed to SH_SUBWAY_EXIT
reactive,160,9,reactive,0,,,,exposure 0.87 <= trigger 1.0
reactive,161,9,reactive,1,SH_SUBWAY_EXIT,13.0,3.0,exposure 1.01 > trigger 1.0; routed to SH_SUBWAY_EXIT
reactive,162,9,reactive,1,SH_COREDO,6.0,2.0,exposure 1.09 > trigger 1.0; routed to SH_COREDO
reactive,163,9,reactive,0,,,,exposure 0.72 <= trigger 1.0
reactive,164,9,reactive,0,,,,exposure 0.82 <= trigger 1.0
reactive,165,9,reactive,0,,,,exposure 0.82 <= trigger 1.0
reactive,166,9,reactive,1,SH_BANK_HALL,10.0,7.0,exposure 1.02 > trigger 1.0; routed to SH_BANK_HALL
reactive,167,9,reactive,1,,,,exposure 0.80 <= trigger 1.0
reactive,168,9,reactive,0,,,,exposure 0.79 <= trigger 1.0
reactive,169,9,reactive,0,,,,exposure 0.82 <= trigger 1.0
reactive,170,9,reactive,0,,,,exposure 0.60 <= trigger 1.0
reactive,171,9,reactive,1,SH_COREDO,6.0,2.0,exposure 1.10 > trigger 1.0; routed to SH_COREDO
reactive,172,9,reactive,0,,,,exposure 0.89 <= trigger 1.0
reactive,173,9,reactive,1,,,,exposure 0.61 <= trigger 1.0
reactive,174,9,reactive,1,,,,exposure 0.94 <= trigger 1.0
reactive,175,9,reactive,1,SH_COREDO,6.0,2.0,exposure 1.10 > trigger 1.0; routed to SH_COREDO
reactive,176,9,reactive,1,SH_COREDO,6.0,2.0,exposure 1.09 > trigger 1.0; routed to SH_COREDO
reactive,177,9,reactive,0,,,,exposure 0.84 <= trigger 1.0
reactive,178,9,reactive,0,,,,exposure 0.82 <= trigger 1.0
reactive,179,9,reactive,0,,,,exposure 0.80 <= trigger 1.0
reactive,180,9,reactive,1,,,,exposure 0.60 <= trigger 1.0
reactive,181,9,reactive,1,SH_SUBWAY_EXIT,13.0,3.0,exposure 1.05 > trigger 1.0; routed to SH_SUBWAY_EXIT
reactive,182,9,reactive,0,,,,exposure 0.79 <= trigger 1.0
reactive,183,9,reactive,0,,,,exposure 0.82 <= trigger 1.0
reactive,184,9,reactive,0,,,,exposure 0.70 <= trigger 1.0
reactive,185,9,reactive,1,SH_SUBWAY_EXIT,13.0,3.0,exposure 1.17 > trigger 1.0; routed to SH_SUBWAY_EXIT
reactive,186,9,reactive,1,SH_SUBWAY_EXIT,13.0,3.0,exposure 1.17 > trigger 1.0; routed to SH_SUBWAY_EXIT
reactive,187,9,reactive,1,SH_COREDO,6.0,2.0,exposure 1.16 > trigger 1.0; routed to SH_COREDO
reactive,188,9,reactive,1,SH_COREDO,6.0,2.0,exposure 1.12 > trigger 1.0; routed to SH_COREDO
reactive,189,9,reactive,0,,,,exposure 0.53 <= trigger 1.0
reactive,190,9,reactive,1,,,,exposure 0.55 <= trigger 1.0
reactive,191,9,reactive,0,,,,exposure 0.84 <= trigger 1.0
reactive,192,9,reactive,0,,,,exposure 0.81 <= trigger 1.0
reactive,193,9,reactive,0,,,,exposure 0.71 <= trigger 1.0
reactive,194,9,reactive,1,,,,exposure 0.85 <= trigger 1.0
reactive,195,9,reactive,0,,,,exposure 0.63 <= trigger 1.0
reactive,196,9,reactive,0,,,,exposure 0.60 <= trigger 1.0
reactive,197,9,reactive,0,,,,exposure 0.59 <= trigger 1.0
reactive,198,9,reactive,1,SH_BANK_HALL,10.0,7.0,exposure 1.02 > trigger 1.0; routed to SH_BANK_HALL
reactive,199,9,reactive,0,,,,exposure 0.76 <= trigger 1.0
reactive,200,9,reactive,0,,,,exposure 0.93 <= trigger 1.0
reactive,201,9,reactive,1,SH_BRIDGE_PLAZA,17.0,6.0,exposure 1.04 > trigger 1.0; routed to SH_BRIDGE_PLAZA
reactive,202,9,reactive,0,,,,exposure 0.61 <= trigger 1.0
reactive,203,9,reactive,1,SH_SUBWAY_EXIT,13.0,3.0,exposure 1.18 > trigger 1.0; routed to SH_SUBWAY_EXIT
reactive,204,9,reactive,0,,,,exposure 0.66 <= trigger 1.0
reactive,205,9,reactive,1,,,,exposure 0.59 <= trigger 1.0
reactive,206,9,reactive,1,,,,exposure 0.88 <= trigger 1.0
reactive,207,9,reactive,0,,,,exposure 0.79 <= trigger 1.0
reactive,208,9,reactive,0,,,,exposure 0.94 <= trigger 1.0
reactive,209,9,reactive,0,,,,exposure 0.78 <= trigger 1.0
reactive,210,9,reactive,1,,,,exposure 0.81 <= trigger 1.0
reactive,211,9,reactive,0,,,,exposure 0.82 <= trigger 1.0
reactive,212,9,reactive,0,,,,exposure 0.83 <= trigger 1.0
reactive,213,9,reactive,1,SH_SUBWAY_EXIT,13.0,3.0,exposure 1.18 > trigger 1.0; routed to SH_SUBWAY_EXIT
reactive,214,9,reactive,1,SH_COREDO,6.0,2.0,exposure 1.13 > trigger 1.0; routed to SH_COREDO
reactive,215,9,reactive,1,SH_BRIDGE_PLAZA,17.0,6.0,exposure 1.04 > trigger 1.0; routed to SH_BRIDGE_PLAZA
reactive,216,9,reactive,0,,,,exposure 0.74 <= trigger 1.0
reactive,217,9,reactive,0,,,,exposure 0.79 <= trigger 1.0
reactive,218,9,reactive,0,,,,exposure 0.81 <= trigger 1.0
reactive,219,9,reactive,1,,,,exposure 0.81 <= trigger 1.0
reactive,220,9,reactive,1,,,,exposure 0.60 <= trigger 1.0
reactive,221,9,reactive,1,,,,exposure 0.79 <= trigger 1.0
reactive,222,9,reactive,0,,,,exposure 0.61 <= trigger 1.0
reactive,223,9,reactive,1,SH_COREDO,6.0,2.0,exposure 1.14 > trigger 1.0; routed to SH_COREDO
reactive,224,9,reactive,0,,,,exposure 0.55 <= trigger 1.0
reactive,225,9,reactive,0,,,,exposure 0.60 <= trigger 1.0
reactive,226,9,reactive,1,,,,exposure 0.80 <= trigger 1.0
reactive,227,9,reactive,0,,,,exposure 0.54 <= trigger 1.0
reactive,228,9,reactive,1,SH_SUBWAY_EXIT,13.0,3.0,exposure 1.04 > trigger 1.0; routed to SH_SUBWAY_EXIT
reactive,229,9,reactive,1,SH_COREDO,6.0,2.0,exposure 1.16 > trigger 1.0; routed to SH_COREDO
reactive,230,9,reactive,0,,,,exposure 0.80 <= trigger 1.0
reactive,231,9,reactive,0,,,,exposure 0.77 <= trigger 1.0
reactive,232,9,reactive,1,SH_SUBWAY_EXIT,13.0,3.0,exposure 1.00 > trigger 1.0; routed to SH_SUBWAY_EXIT
reactive,233,9,reactive,1,SH_COREDO,6.0,2.0,exposure 1.21 > trigger 1.0; routed to SH_COREDO
reactive,234,9,reactive,0,,,,exposure 0.77 <= trigger 1.0
reactive,235,9,reactive,0,,,,exposure 0.60 <= trigger 1.0
reactive,236,9,reactive,1,SH_COREDO,6.0,2.0,exposure 1.17 > trigger 1.0; routed to SH_COREDO
reactive,237,9,reactive,1,SH_COREDO,6.0,2.0,exposure 1.02 > trigger 1.0; routed to SH_COREDO
reactive,238,9,reactive,1,SH_SUBWAY_EXIT,13.0,3.0,exposure 1.17 > trigger 1.0; routed to SH_SUBWAY_EXIT
reactive,239,9,reactive,1,,,,exposure 0.60 <= trigger 1.0
reactive,0,10,reactive,1,SH_COREDO,6.0,2.0,exposure 1.43 > trigger 1.0; routed to SH_COREDO
reactive,1,10,reactive,0,,,,exposure 0.79 <= trigger 1.0
reactive,2,10,reactive,1,SH_COREDO,6.0,2.0,exposure 1.05 > trigger 1.0; routed to SH_COREDO
reactive,3,10,reactive,1,SH_BRIDGE_PLAZA,17.0,6.0,exposure 1.36 > trigger 1.0; routed to SH_BRIDGE_PLAZA
reactive,4,10,reactive,1,SH_COREDO,6.0,2.0,exposure 1.29 > trigger 1.0; routed to SH_COREDO
reactive,5,10,reactive,1,SH_COREDO,6.0,2.0,exposure 1.32 > trigger 1.0; routed to SH_COREDO
reactive,6,10,reactive,1,SH_COREDO,6.0,2.0,exposure 1.30 > trigger 1.0; routed to SH_COREDO
reactive,7,10,reactive,1,SH_SUBWAY_EXIT,13.0,3.0,exposure 1.04 > trigger 1.0; routed to SH_SUBWAY_EXIT
reactive,8,10,reactive,1,SH_COREDO,6.0,2.0,exposure 1.36 > trigger 1.0; routed to SH_COREDO
reactive,9,10,reactive,1,SH_MITSUKOSHI,2.0,7.0,exposure 1.06 > trigger 1.0; routed to SH_MITSUKOSHI
reactive,10,10,reactive,1,SH_SUBWAY_EXIT,13.0,3.0,exposure 1.13 > trigger 1.0; routed to SH_SUBWAY_EXIT
reactive,11,10,reactive,1,SH_BANK_HALL,10.0,7.0,exposure 1.05 > trigger 1.0; routed to SH_BANK_HALL
reactive,12,10,reactive,0,,,,exposure 0.76 <= trigger 1.0
reactive,13,10,reactive,1,SH_BRIDGE_PLAZA,17.0,6.0,exposure 1.01 > trigger 1.0; routed to SH_BRIDGE_PLAZA
reactive,14,10,reactive,0,,,,exposure 0.78 <= trigger 1.0
reactive,15,10,reactive,1,SH_BRIDGE_PLAZA,17.0,6.0,exposure 1.09 > trigger 1.0; routed to SH_BRIDGE_PLAZA
reactive,16,10,reactive,1,SH_MITSUKOSHI,2.0,7.0,exposure 1.02 > trigger 1.0; routed to SH_MITSUKOSHI
reactive,17,10,reactive,1,SH_SUBWAY_EXIT,13.0,3.0,exposure 1.41 > trigger 1.0; routed to SH_SUBWAY_EXIT
reactive,18,10,reactive,0,,,,exposure 0.80 <= trigger 1.0
reactive,19,10,reactive,1,SH_BANK_HALL,10.0,7.0,exposure 1.29 > trigger 1.0; routed to SH_BANK_HALL
reactive,20,10,reactive,1,SH_SUBWAY_EXIT,13.0,3.0,exposure 1.01 > trigger 1.0; routed to SH_SUBWAY_EXIT
reactive,21,10,reactive,1,SH_SUBWAY_EXIT,13.0,3.0,exposure 1.41 > trigger 1.0; routed to SH_SUBWAY_EXIT
reactive,22,10,reactive,0,,,,exposure 0.91 <= trigger 1.0
reactive,23,10,reactive,1,,,,exposure 0.85 <= trigger 1.0
reactive,24,10,reactive,1,SH_MITSUKOSHI,2.0,7.0,exposure 1.03 > trigger 1.0; routed to SH_MITSUKOSHI
reactive,25,10,reactive,1,SH_MITSUKOSHI,2.0,7.0,exposure 1.34 > trigger 1.0; routed to SH_MITSUKOSHI
reactive,26,10,reactive,0,,,,exposure 0.85 <= trigger 1.0
reactive,27,10,reactive,1,SH_SUBWAY_EXIT,13.0,3.0,exposure 1.29 > trigger 1.0; routed to SH_SUBWAY_EXIT
reactive,28,10,reactive,0,,,,exposure 0.77 <= trigger 1.0
reactive,29,10,reactive,0,,,,exposure 0.78 <= trigger 1.0
reactive,30,10,reactive,0,,,,exposure 0.85 <= trigger 1.0
reactive,31,10,reactive,1,SH_BRIDGE_PLAZA,17.0,6.0,exposure 1.03 > trigger 1.0; routed to SH_BRIDGE_PLAZA
reactive,32,10,reactive,1,SH_MITSUKOSHI,2.0,7.0,exposure 1.01 > trigger 1.0; routed to SH_MITSUKOSHI
reactive,33,10,reactive,0,,,,exposure 0.76 <= trigger 1.0
reactive,34,10,reactive,1,,,,exposure 0.76 <= trigger 1.0
reactive,35,10,reactive,0,,,,exposure 0.83 <= trigger 1.0
reactive,36,10,reactive,1,SH_MITSUKOSHI,2.0,7.0,exposure 1.33 > trigger 1.0; routed to SH_MITSUKOSHI
reactive,37,10,reactive,1,SH_MITSUKOSHI,2.0,7.0,exposure 1.07 > trigger 1.0; routed to SH_MITSUKOSHI
reactive,38,10,reactive,1,SH_MITSUKOSHI,2.0,7.0,exposure 1.02 > trigger 1.0; routed to SH_MITSUKOSHI
reactive,39,10,reactive,0,,,,exposure 0.86 <= trigger 1.0
reactive,40,10,reactive,1,,,,exposure 0.98 <= trigger 1.0
reactive,41,10,reactive,0,,,,exposure 1.00 <= trigger 1.0
reactive,42,10,reactive,1,,,,exposure 0.85 <= trigger 1.0
reactive,43,10,reactive,0,,,,exposure 0.89 <= trigger 1.0
reactive,44,10,reactive,1,SH_SUBWAY_EXIT,13.0,3.0,exposure 1.31 > trigger 1.0; routed to SH_SUBWAY_EXIT
reactive,45,10,reactive,1,SH_MITSUKOSHI,2.0,7.0,exposure 1.34 > trigger 1.0; routed to SH_MITSUKOSHI
reactive,46,10,reactive,1,SH_BRIDGE_PLAZA,17.0,6.0,exposure 1.35 > trigger 1.0; routed to SH_BRIDGE_PLAZA
reactive,47,10,reactive,1,SH_BANK_HALL,10.0,7.0,exposure 1.36 > trigger 1.0; routed to SH_BANK_HALL
reactive,48,10,reactive,0,,,,exposure 0.71 <= trigger 1.0
reactive,49,10,reactive,1,SH_BRIDGE_PLAZA,17.0,6.0,exposure 1.07 > trigger 1.0; routed to SH_BRIDGE_PLAZA
reactive,50,10,reactive,0,,,,exposure 0.90 <= trigger 1.0
reactive,51,10,reactive,1,SH_BANK_HALL,10.0,7.0,exposure 1.41 > trigger 1.0; routed to SH_BANK_HALL
reactive,52,10,reactive,0,,,,exposure 0.88 <= trigger 1.0
reactive,53,10,reactive,0,,,,exposure 0.87 <= trigger 1.0
reactive,54,10,reactive,1,SH_MITSUKOSHI,2.0,7.0,exposure 1.01 > trigger 1.0; routed to SH_MITSUKOSHI
reactive,55,10,reactive,1,SH_MITSUKOSHI,2.0,7.0,exposure 1.37 > trigger 1.0; routed to SH_MITSUKOSHI
reactive,56,10,reactive,1,SH_BANK_HALL,10.0,7.0,exposure 1.41 > trigger 1.0; routed to SH_BANK_HALL
reactive,57,10,reactive,1,SH_BANK_HALL,10.0,7.0,exposure 1.36 > trigger 1.0; routed to SH_BANK_HALL
reactive,58,10,reactive,1,SH_MITSUKOSHI,2.0,7.0,exposure 1.14 > trigger 1.0; routed to SH_MITSUKOSHI
reactive,59,10,reactive,1,SH_BANK_HALL,10.0,7.0,exposure 1.47 > trigger 1.0; routed to SH_BANK_HALL
reactive,60,10,reactive,1,SH_BRIDGE_PLAZA,17.0,6.0,exposure 1.01 > trigger 1.0; routed to SH_BRIDGE_PLAZA
reactive,61,10,reactive,1,SH_BANK_HALL,10.0,7.0,exposure 1.40 > trigger 1.0; routed to SH_BANK_HALL
reactive,62,10,reactive,1,SH_MITSUKOSHI,2.0,7.0,exposure 1.35 > trigger 1.0; routed to SH_MITSUKOSHI
reactive,63,10,reactive,1,SH_MITSUKOSHI,2.0,7.0,exposure 1.12 > trigger 1.0; routed to SH_MITSUKOSHI
reactive,64,10,reactive,1,SH_BRIDGE_PLAZA,17.0,6.0,exposure 1.13 > trigger 1.0; routed to SH_BRIDGE_PLAZA
reactive,65,10,reactive,0,,,,exposure 0.84 <= trigger 1.0
reactive,66,10,reactive,1,,,,exposure 0.88 <= trigger 1.0
reactive,67,10,reactive,1,SH_MITSUKOSHI,2.0,7.0,exposure 1.02 > trigger 1.0; routed to SH_MITSUKOSHI
reactive,68,10,reactive,1,SH_BRIDGE_PLAZA,17.0,6.0,exposure 1.34 > trigger 1.0; routed to SH_BRIDGE_PLAZA
reactive,69,10,reactive,1,SH_BANK_HALL,10.0,7.0,exposure 1.28 > trigger 1.0; routed to SH_BANK_HALL
reactive,70,10,reactive,0,,,,exposure 0.83 <= trigger 1.0
reactive,71,10,reactive,1,SH_BANK_HALL,10.0,7.0,exposure 1.25 > trigger 1.0; routed to SH_BANK_HALL
reactive,72,10,reactive,0,,,,exposure 0.93 <= trigger 1.0
reactive,73,10,reactive,1,SH_BRIDGE_PLAZA,17.0,6.0,exposure 1.12 > trigger 1.0; routed to SH_BRIDGE_PLAZA
reactive,74,10,reactive,1,,,,exposure 0.78 <= trigger 1.0
reactive,75,10,reactive,1,SH_BANK_HALL,10.0,7.0,exposure 1.32 > trigger 1.0; routed to SH_BANK_HALL
reactive,76,10,reactive,1,SH_MITSUKOSHI,2.0,7.0,exposure 1.02 > trigger 1.0; routed to SH_MITSUKOSHI
reactive,77,10,reactive,1,SH_MITSUKOSHI,2.0,7.0,exposure 1.02 > trigger 1.0; routed to SH_MITSUKOSHI
reactive,78,10,reactive,1,SH_BRIDGE_PLAZA,17.0,6.0,exposure 1.35 > trigger 1.0; routed to SH_BRIDGE_PLAZA
reactive,79,10,reactive,1,SH_MITSUKOSHI,2.0,7.0,exposure 1.01 > trigger 1.0; routed to SH_MITSUKOSHI
reactive,80,10,reactive,1,SH_MITSUKOSHI,2.0,7.0,exposure 1.33 > trigger 1.0; routed to SH_MITSUKOSHI
reactive,81,10,reactive,1,SH_BRIDGE_PLAZA,17.0,6.0,exposure 1.01 > trigger 1.0; routed to SH_BRIDGE_PLAZA
reactive,82,10,reactive,1,SH_BRIDGE_PLAZA,17.0,6.0,exposure 1.34 > trigger 1.0; routed to SH_BRIDGE_PLAZA
reactive,83,10,reactive,1,SH_BANK_HALL,10.0,7.0,exposure 1.27 > trigger 1.0; routed to SH_BANK_HALL
reactive,84,10,reactive,1,,,,exposure 0.89 <= trigger 1.0
reactive,85,10,reactive,0,,,,exposure 0.86 <= trigger 1.0
reactive,86,10,reactive,0,,,,exposure 1.00 <= trigger 1.0
reactive,87,10,reactive,1,,,,exposure 0.88 <= trigger 1.0
reactive,88,10,reactive,0,,,,exposure 0.80 <= trigger 1.0
reactive,89,10,reactive,1,SH_BRIDGE_PLAZA,17.0,6.0,exposure 1.09 > trigger 1.0; routed to SH_BRIDGE_PLAZA
reactive,90,10,reactive,1,,,,exposure 0.93 <= trigger 1.0
reactive,91,10,reactive,1,SH_BRIDGE_PLAZA,17.0,6.0,exposure 1.44 > trigger 1.0; routed to SH_BRIDGE_PLAZA
reactive,92,10,reactive,0,,,,exposure 0.99 <= trigger 1.0
reactive,93,10,reactive,1,SH_MITSUKOSHI,2.0,7.0,exposure 1.04 > trigger 1.0; routed to SH_MITSUKOSHI
reactive,94,10,reactive,1,,,,exposure 0.88 <= trigger 1.0
reactive,95,10,reactive,1,SH_BRIDGE_PLAZA,17.0,6.0,exposure 1.38 > trigger 1.0; routed to SH_BRIDGE_PLAZA
reactive,96,10,reactive,0,,,,exposure 0.82 <= trigger 1.0
reactive,97,10,reactive,1,SH_BRIDGE_PLAZA,17.0,6.0,exposure 1.36 > trigger 1.0; routed to SH_BRIDGE_PLAZA
reactive,98,10,reactive,0,,,,exposure 0.87 <= trigger 1.0
reactive,99,10,reactive,1,,,,exposure 0.79 <= trigger 1.0
reactive,100,10,reactive,1,SH_BANK_HALL,10.0,7.0,exposure 1.39 > trigger 1.0; routed to SH_BANK_HALL
reactive,101,10,reactive,1,,,,exposure 1.00 <= trigger 1.0
reactive,102,10,reactive,1,,,,exposure 0.76 <= trigger 1.0
reactive,103,10,reactive,1,SH_MITSUKOSHI,2.0,7.0,exposure 1.34 > trigger 1.0; routed to SH_MITSUKOSHI
reactive,104,10,reactive,1,,,,exposure 1.00 <= trigger 1.0
reactive,105,10,reactive,0,,,,exposure 0.84 <= trigger 1.0
reactive,106,10,reactive,1,SH_MITSUKOSHI,2.0,7.0,exposure 1.06 > trigger 1.0; routed to SH_MITSUKOSHI
reactive,107,10,reactive,1,SH_MITSUKOSHI,2.0,7.0,exposure 1.29 > trigger 1.0; routed to SH_MITSUKOSHI
reactive,108,10,reactive,1,SH_BANK_HALL,10.0,7.0,exposure 1.32 > trigger 1.0; routed to SH_BANK_HALL
reactive,109,10,reactive,1,SH_BANK_HALL,10.0,7.0,exposure 1.36 > trigger 1.0; routed to SH_BANK_HALL
reactive,110,10,reactive,1,SH_MITSUKOSHI,2.0,7.0,exposure 1.04 > trigger 1.0; routed to SH_MITSUKOSHI
reactive,111,10,reactive,1,SH_BRIDGE_PLAZA,17.0,6.0,exposure 1.09 > trigger 1.0; routed to SH_BRIDGE_PLAZA
reactive,112,10,reactive,1,,,,exposure 0.98 <= trigger 1.0
reactive,113,10,reactive,0,,,,exposure 0.88 <= trigger 1.0
reactive,114,10,reactive,1,,,,exposure 0.88 <= trigger 1.0
reactive,115,10,reactive,1,SH_BANK_HALL,10.0,7.0,exposure 1.07 > trigger 1.0; routed to SH_BANK_HALL
reactive,116,10,reactive,1,,,,exposure 0.86 <= trigger 1.0
reactive,117,10,reactive,1,SH_BANK_HALL,10.0,7.0,exposure 1.05 > trigger 1.0; routed to SH_BANK_HALL
reactive,118,10,reactive,1,SH_BANK_HALL,10.0,7.0,exposure 1.27 > trigger 1.0; routed to SH_BANK_HALL
reactive,119,10,reactive,1,SH_MITSUKOSHI,2.0,7.0,exposure 1.14 > trigger 1.0; routed to SH_MITSUKOSHI
reactive,120,10,reactive,1,SH_BRIDGE_PLAZA,17.0,6.0,exposure 1.01 > trigger 1.0; routed to SH_BRIDGE_PLAZA
reactive,121,10,reactive,1,SH_MITSUKOSHI,2.0,7.0,exposure 1.42 > trigger 1.0; routed to SH_MITSUKOSHI
reactive,122,10,reactive,0,,,,exposure 0.88 <= trigger 1.0
reactive,123,10,reactive,1,,,,exposure 0.79 <= trigger 1.0
reactive,124,10,reactive,1,,,,exposure 0.84 <= trigger 1.0
reactive,125,10,reactive,1,SH_MITSUKOSHI,2.0,7.0,exposure 1.31 > trigger 1.0; routed to SH_MITSUKOSHI
reactive,126,10,reactive,1,SH_BRIDGE_PLAZA,17.0,6.0,exposure 1.01 > trigger 1.0; routed to SH_BRIDGE_PLAZA
reactive,127,10,reactive,1,SH_BRIDGE_PLAZA,17.0,6.0,exposure 1.08 > trigger 1.0; routed to SH_BRIDGE_PLAZA
reactive,128,10,reactive,1,,,,exposure 0.78 <= trigger 1.0
reactive,129,10,reactive,0,,,,exposure 0.86 <= trigger 1.0
reactive,130,10,reactive,1,SH_BRIDGE_PLAZA,17.0,6.0,exposure 1.36 > trigger 1.0; routed to SH_BRIDGE_PLAZA
reactive,131,10,reactive,1,,,,exposure 0.96 <= trigger 1.0
reactive,132,10,reactive,1,SH_MITSUKOSHI,2.0,7.0,exposure 1.38 > trigger 1.0; routed to SH_MITSUKOSHI
reactive,133,10,reactive,0,,,,exposure 0.80 <= trigger 1.0
reactive,134,10,reactive,1,SH_BANK_HALL,10.0,7.0,exposure 1.09 > trigger 1.0; routed to SH_BANK_HALL
reactive,135,10,reactive,0,,,,exposure 0.80 <= trigger 1.0
reactive,136,10,reactive,1,SH_BANK_HALL,10.0,7.0,exposure 1.02 > trigger 1.0; routed to SH_BANK_HALL
reactive,137,10,reactive,1,SH_BANK_HALL,10.0,7.0,exposure 1.14 > trigger 1.0; routed to SH_BANK_HALL
reactive,138,10,reactive,1,SH_BRIDGE_PLAZA,17.0,6.0,exposure 1.09 > trigger 1.0; routed to SH_BRIDGE_PLAZA
reactive,139,10,reactive,1,SH_BRIDGE_PLAZA,17.0,6.0,exposure 1.44 > trigger 1.0; routed to SH_BRIDGE_PLAZA
reactive,140,10,reactive,0,,,,exposure 0.76 <= trigger 1.0
reactive,141,10,reactive,1,SH_BRIDGE_PLAZA,17.0,6.0,exposure 1.01 > trigger 1.0; routed to SH_BRIDGE_PLAZA
reactive,142,10,reactive,0,,,,exposure 0.96 <= trigger 1.0
reactive,143,10,reactive,0,,,,exposure 0.91 <= trigger 1.0
reactive,144,10,reactive,1,SH_BRIDGE_PLAZA,17.0,6.0,exposure 1.35 > trigger 1.0; routed to SH_BRIDGE_PLAZA
reactive,145,10,reactive,1,SH_BRIDGE_PLAZA,17.0,6.0,exposure 1.36 > trigger 1.0; routed to SH_BRIDGE_PLAZA
reactive,146,10,reactive,1,SH_BANK_HALL,10.0,7.0,exposure 1.35 > trigger 1.0; routed to SH_BANK_HALL
reactive,147,10,reactive,1,SH_BRIDGE_PLAZA,17.0,6.0,exposure 1.37 > trigger 1.0; routed to SH_BRIDGE_PLAZA
reactive,148,10,reactive,1,SH_BRIDGE_PLAZA,17.0,6.0,exposure 1.34 > trigger 1.0; routed to SH_BRIDGE_PLAZA
reactive,149,10,reactive,1,SH_BANK_HALL,10.0,7.0,exposure 1.08 > trigger 1.0; routed to SH_BANK_HALL
reactive,150,10,reactive,1,SH_BANK_HALL,10.0,7.0,exposure 1.40 > trigger 1.0; routed to SH_BANK_HALL
reactive,151,10,reactive,1,SH_BRIDGE_PLAZA,17.0,6.0,exposure 1.36 > trigger 1.0; routed to SH_BRIDGE_PLAZA
reactive,152,10,reactive,1,SH_BANK_HALL,10.0,7.0,exposure 1.08 > trigger 1.0; routed to SH_BANK_HALL
reactive,153,10,reactive,0,,,,exposure 0.76 <= trigger 1.0
reactive,154,10,reactive,1,SH_BRIDGE_PLAZA,17.0,6.0,exposure 1.02 > trigger 1.0; routed to SH_BRIDGE_PLAZA
reactive,155,10,reactive,0,,,,exposure 0.98 <= trigger 1.0
reactive,156,10,reactive,0,,,,exposure 0.91 <= trigger 1.0
reactive,157,10,reactive,1,,,,exposure 0.98 <= trigger 1.0
reactive,158,10,reactive,0,,,,exposure 0.88 <= trigger 1.0
reactive,159,10,reactive,1,SH_BANK_HALL,10.0,7.0,exposure 1.27 > trigger 1.0; routed to SH_BANK_HALL
reactive,160,10,reactive,1,SH_BRIDGE_PLAZA,17.0,6.0,exposure 1.00 > trigger 1.0; routed to SH_BRIDGE_PLAZA
reactive,161,10,reactive,1,SH_BANK_HALL,10.0,7.0,exposure 1.31 > trigger 1.0; routed to SH_BANK_HALL
reactive,162,10,reactive,1,SH_BANK_HALL,10.0,7.0,exposure 1.40 > trigger 1.0; routed to SH_BANK_HALL
reactive,163,10,reactive,1,SH_BRIDGE_PLAZA,17.0,6.0,exposure 1.13 > trigger 1.0; routed to SH_BRIDGE_PLAZA
reactive,164,10,reactive,1,SH_BRIDGE_PLAZA,17.0,6.0,exposure 1.01 > trigger 1.0; routed to SH_BRIDGE_PLAZA
reactive,165,10,reactive,0,,,,exposure 0.99 <= trigger 1.0
reactive,166,10,reactive,1,SH_BANK_HALL,10.0,7.0,exposure 1.29 > trigger 1.0; routed to SH_BANK_HALL
reactive,167,10,reactive,1,SH_BANK_HALL,10.0,7.0,exposure 1.08 > trigger 1.0; routed to SH_BANK_HALL
reactive,168,10,reactive,1,SH_BANK_HALL,10.0,7.0,exposure 1.15 > trigger 1.0; routed to SH_BANK_HALL
reactive,169,10,reactive,1,,,,no feasible shelter (capacity exhausted)
reactive,170,10,reactive,0,,,,exposure 0.85 <= trigger 1.0
reactive,171,10,reactive,1,,,,no feasible shelter (capacity exhausted)
reactive,172,10,reactive,0,,,,exposure 0.98 <= trigger 1.0
reactive,173,10,reactive,1,,,,exposure 0.84 <= trigger 1.0
reactive,174,10,reactive,1,,,,no feasible shelter (capacity exhausted)
reactive,175,10,reactive,1,,,,no feasible shelter (capacity exhausted)
reactive,176,10,reactive,1,,,,no feasible shelter (capacity exhausted)
reactive,177,10,reactive,1,,,,no feasible shelter (capacity exhausted)
reactive,178,10,reactive,1,,,,no feasible shelter (capacity exhausted)
reactive,179,10,reactive,0,,,,exposure 0.99 <= trigger 1.0
reactive,180,10,reactive,1,,,,exposure 0.92 <= trigger 1.0
reactive,181,10,reactive,1,,,,no feasible shelter (capacity exhausted)
reactive,182,10,reactive,1,,,,no feasible shelter (capacity exhausted)
reactive,183,10,reactive,0,,,,exposure 0.97 <= trigger 1.0
reactive,184,10,reactive,1,,,,no feasible shelter (capacity exhausted)
reactive,185,10,reactive,1,,,,no feasible shelter (capacity exhausted)
reactive,186,10,reactive,1,,,,no feasible shelter (capacity exhausted)
reactive,187,10,reactive,1,,,,no feasible shelter (capacity exhausted)
reactive,188,10,reactive,1,,,,no feasible shelter (capacity exhausted)
reactive,189,10,reactive,0,,,,exposure 0.83 <= trigger 1.0
reactive,190,10,reactive,1,,,,exposure 0.83 <= trigger 1.0
reactive,191,10,reactive,1,,,,no feasible shelter (capacity exhausted)
reactive,192,10,reactive,1,,,,no feasible shelter (capacity exhausted)
reactive,193,10,reactive,0,,,,exposure 0.91 <= trigger 1.0
reactive,194,10,reactive,1,,,,exposure 0.98 <= trigger 1.0
reactive,195,10,reactive,0,,,,exposure 0.93 <= trigger 1.0
reactive,196,10,reactive,0,,,,exposure 0.80 <= trigger 1.0
reactive,197,10,reactive,1,,,,exposure 0.78 <= trigger 1.0
reactive,198,10,reactive,1,,,,no feasible shelter (capacity exhausted)
reactive,199,10,reactive,0,,,,exposure 0.96 <= trigger 1.0
reactive,200,10,reactive,1,,,,no feasible shelter (capacity exhausted)
reactive,201,10,reactive,1,,,,no feasible shelter (capacity exhausted)
reactive,202,10,reactive,0,,,,exposure 0.89 <= trigger 1.0
reactive,203,10,reactive,1,,,,no feasible shelter (capacity exhausted)
reactive,204,10,reactive,0,,,,exposure 0.76 <= trigger 1.0
reactive,205,10,reactive,1,,,,exposure 0.82 <= trigger 1.0
reactive,206,10,reactive,1,,,,no feasible shelter (capacity exhausted)
reactive,207,10,reactive,1,,,,no feasible shelter (capacity exhausted)
reactive,208,10,reactive,1,,,,no feasible shelter (capacity exhausted)
reactive,209,10,reactive,1,,,,no feasible shelter (capacity exhausted)
reactive,210,10,reactive,1,,,,no feasible shelter (capacity exhausted)
reactive,211,10,reactive,0,,,,exposure 0.98 <= trigger 1.0
reactive,212,10,reactive,1,,,,no feasible shelter (capacity exhausted)
reactive,213,10,reactive,1,,,,no feasible shelter (capacity exhausted)
reactive,214,10,reactive,1,,,,no feasible shelter (capacity exhausted)
reactive,215,10,reactive,1,,,,no feasible shelter (capacity exhausted)
reactive,216,10,reactive,1,,,,no feasible shelter (capacity exhausted)
reactive,217,10,reactive,0,,,,exposure 0.98 <= trigger 1.0
reactive,218,10,reactive,1,,,,no feasible shelter (capacity exhausted)
reactive,219,10,reactive,1,,,,exposure 1.00 <= trigger 1.0
reactive,220,10,reactive,1,,,,exposure 0.86 <= trigger 1.0
reactive,221,10,reactive,1,,,,no feasible shelter (capacity exhausted)
reactive,222,10,reactive,0,,,,exposure 0.78 <= trigger 1.0
reactive,223,10,reactive,1,,,,no feasible shelter (capacity exhausted)
reactive,224,10,reactive,0,,,,exposure 0.91 <= trigger 1.0
reactive,225,10,reactive,0,,,,exposure 0.88 <= trigger 1.0
reactive,226,10,reactive,1,,,,exposure 0.99 <= trigger 1.0
reactive,227,10,reactive,1,,,,exposure 0.76 <= trigger 1.0
reactive,228,10,reactive,1,,,,no feasible shelter (capacity exhausted)
reactive,229,10,reactive,1,,,,no feasible shelter (capacity exhausted)
reactive,230,10,reactive,1,,,,no feasible shelter (capacity exhausted)
reactive,231,10,reactive,1,,,,no feasible shelter (capacity exhausted)
reactive,232,10,reactive,1,,,,no feasible shelter (capacity exhausted)
reactive,233,10,reactive,1,,,,no feasible shelter (capacity exhausted)
reactive,234,10,reactive,1,,,,no feasible shelter (capacity exhausted)
reactive,235,10,reactive,0,,,,exposure 0.85 <= trigger 1.0
reactive,236,10,reactive,1,,,,no feasible shelter (capacity exhausted)
reactive,237,10,reactive,1,,,,no feasible shelter (capacity exhausted)
reactive,238,10,reactive,1,,,,no feasible shelter (capacity exhausted)
reactive,239,10,reactive,1,,,,exposure 0.86 <= trigger 1.0
reactive,0,11,reactive,1,SH_COREDO,6.0,2.0,exposure 1.59 > trigger 1.0; routed to SH_COREDO
reactive,1,11,reactive,1,SH_BRIDGE_PLAZA,17.0,6.0,exposure 1.01 > trigger 1.0; routed to SH_BRIDGE_PLAZA
reactive,2,11,reactive,1,SH_COREDO,6.0,2.0,exposure 1.32 > trigger 1.0; routed to SH_COREDO
reactive,3,11,reactive,1,SH_BRIDGE_PLAZA,17.0,6.0,exposure 1.53 > trigger 1.0; routed to SH_BRIDGE_PLAZA
reactive,4,11,reactive,1,SH_COREDO,6.0,2.0,exposure 1.53 > trigger 1.0; routed to SH_COREDO
reactive,5,11,reactive,1,SH_COREDO,6.0,2.0,exposure 1.50 > trigger 1.0; routed to SH_COREDO
reactive,6,11,reactive,1,SH_COREDO,6.0,2.0,exposure 1.58 > trigger 1.0; routed to SH_COREDO
reactive,7,11,reactive,1,SH_SUBWAY_EXIT,13.0,3.0,exposure 1.33 > trigger 1.0; routed to SH_SUBWAY_EXIT
reactive,8,11,reactive,1,SH_COREDO,6.0,2.0,exposure 1.51 > trigger 1.0; routed to SH_COREDO
reactive,9,11,reactive,1,SH_COREDO,6.0,2.0,exposure 1.36 > trigger 1.0; routed to SH_COREDO
reactive,10,11,reactive,1,SH_SUBWAY_EXIT,13.0,3.0,exposure 1.29 > trigger 1.0; routed to SH_SUBWAY_EXIT
reactive,11,11,reactive,1,SH_BANK_HALL,10.0,7.0,exposure 1.21 > trigger 1.0; routed to SH_BANK_HALL
reactive,12,11,reactive,1,SH_BANK_HALL,10.0,7.0,exposure 1.05 > trigger 1.0; routed to SH_BANK_HALL
reactive,13,11,reactive,1,SH_BRIDGE_PLAZA,17.0,6.0,exposure 1.31 > trigger 1.0; routed to SH_BRIDGE_PLAZA
reactive,14,11,reactive,1,SH_BRIDGE_PLAZA,17.0,6.0,exposure 1.05 > trigger 1.0; routed to SH_BRIDGE_PLAZA
reactive,15,11,reactive,1,SH_BRIDGE_PLAZA,17.0,6.0,exposure 1.39 > trigger 1.0; routed to SH_BRIDGE_PLAZA
reactive,16,11,reactive,1,SH_COREDO,6.0,2.0,exposure 1.25 > trigger 1.0; routed to SH_COREDO
reactive,17,11,reactive,1,SH_SUBWAY_EXIT,13.0,3.0,exposure 1.38 > trigger 1.0; routed to SH_SUBWAY_EXIT
reactive,18,11,reactive,1,SH_BRIDGE_PLAZA,17.0,6.0,exposure 1.02 > trigger 1.0; routed to SH_BRIDGE_PLAZA
reactive,19,11,reactive,1,SH_BANK_HALL,10.0,7.0,exposure 1.54 > trigger 1.0; routed to SH_BANK_HALL
reactive,20,11,reactive,1,SH_SUBWAY_EXIT,13.0,3.0,exposure 1.18 > trigger 1.0; routed to SH_SUBWAY_EXIT
reactive,21,11,reactive,1,SH_SUBWAY_EXIT,13.0,3.0,exposure 1.38 > trigger 1.0; routed to SH_SUBWAY_EXIT
reactive,22,11,reactive,1,SH_COREDO,6.0,2.0,exposure 1.09 > trigger 1.0; routed to SH_COREDO
reactive,23,11,reactive,1,SH_BRIDGE_PLAZA,17.0,6.0,exposure 1.07 > trigger 1.0; routed to SH_BRIDGE_PLAZA
reactive,24,11,reactive,1,SH_COREDO,6.0,2.0,exposure 1.35 > trigger 1.0; routed to SH_COREDO
reactive,25,11,reactive,1,SH_COREDO,6.0,2.0,exposure 1.57 > trigger 1.0; routed to SH_COREDO
reactive,26,11,reactive,1,SH_COREDO,6.0,2.0,exposure 1.04 > trigger 1.0; routed to SH_COREDO
reactive,27,11,reactive,1,SH_COREDO,6.0,2.0,exposure 1.53 > trigger 1.0; routed to SH_COREDO
reactive,28,11,reactive,1,SH_COREDO,6.0,2.0,exposure 1.02 > trigger 1.0; routed to SH_COREDO
reactive,29,11,reactive,0,,,,exposure 0.99 <= trigger 1.0
reactive,30,11,reactive,1,SH_BRIDGE_PLAZA,17.0,6.0,exposure 1.07 > trigger 1.0; routed to SH_BRIDGE_PLAZA
reactive,31,11,reactive,1,SH_BRIDGE_PLAZA,17.0,6.0,exposure 1.18 > trigger 1.0; routed to SH_BRIDGE_PLAZA
reactive,32,11,reactive,1,SH_COREDO,6.0,2.0,exposure 1.21 > trigger 1.0; routed to SH_COREDO
reactive,33,11,reactive,1,SH_BRIDGE_PLAZA,17.0,6.0,exposure 1.01 > trigger 1.0; routed to SH_BRIDGE_PLAZA
reactive,34,11,reactive,1,SH_BRIDGE_PLAZA,17.0,6.0,exposure 1.01 > trigger 1.0; routed to SH_BRIDGE_PLAZA
reactive,35,11,reactive,1,SH_COREDO,6.0,2.0,exposure 1.12 > trigger 1.0; routed to SH_COREDO
reactive,36,11,reactive,1,SH_COREDO,6.0,2.0,exposure 1.48 > trigger 1.0; routed to SH_COREDO
reactive,37,11,reactive,1,SH_COREDO,6.0,2.0,exposure 1.24 > trigger 1.0; routed to SH_COREDO
reactive,38,11,reactive,1,SH_COREDO,6.0,2.0,exposure 1.30 > trigger 1.0; routed to SH_COREDO
reactive,39,11,reactive,1,SH_COREDO,6.0,2.0,exposure 1.14 > trigger 1.0; routed to SH_COREDO
reactive,40,11,reactive,1,SH_COREDO,6.0,2.0,exposure 1.23 > trigger 1.0; routed to SH_COREDO
reactive,41,11,reactive,1,SH_COREDO,6.0,2.0,exposure 1.25 > trigger 1.0; routed to SH_COREDO
reactive,42,11,reactive,1,SH_SUBWAY_EXIT,13.0,3.0,exposure 1.04 > trigger 1.0; routed to SH_SUBWAY_EXIT
reactive,43,11,reactive,1,SH_SUBWAY_EXIT,13.0,3.0,exposure 1.00 > trigger 1.0; routed to SH_SUBWAY_EXIT
reactive,44,11,reactive,1,SH_SUBWAY_EXIT,13.0,3.0,exposure 1.56 > trigger 1.0; routed to SH_SUBWAY_EXIT
reactive,45,11,reactive,1,SH_COREDO,6.0,2.0,exposure 1.57 > trigger 1.0; routed to SH_COREDO
reactive,46,11,reactive,1,SH_SUBWAY_EXIT,13.0,3.0,exposure 1.53 > trigger 1.0; routed to SH_SUBWAY_EXIT
reactive,47,11,reactive,1,SH_SUBWAY_EXIT,13.0,3.0,exposure 1.55 > trigger 1.0; routed to SH_SUBWAY_EXIT
reactive,48,11,reactive,1,SH_SUBWAY_EXIT,13.0,3.0,exposure 1.05 > trigger 1.0; routed to SH_SUBWAY_EXIT
reactive,49,11,reactive,1,SH_SUBWAY_EXIT,13.0,3.0,exposure 1.31 > trigger 1.0; routed to SH_SUBWAY_EXIT
reactive,50,11,reactive,1,SH_SUBWAY_EXIT,13.0,3.0,exposure 1.04 > trigger 1.0; routed to SH_SUBWAY_EXIT
reactive,51,11,reactive,1,SH_SUBWAY_EXIT,13.0,3.0,exposure 1.52 > trigger 1.0; routed to SH_SUBWAY_EXIT
reactive,52,11,reactive,1,SH_COREDO,6.0,2.0,exposure 1.10 > trigger 1.0; routed to SH_COREDO
reactive,53,11,reactive,1,SH_SUBWAY_EXIT,13.0,3.0,exposure 1.08 > trigger 1.0; routed to SH_SUBWAY_EXIT
reactive,54,11,reactive,1,SH_COREDO,6.0,2.0,exposure 1.38 > trigger 1.0; routed to SH_COREDO
reactive,55,11,reactive,1,SH_COREDO,6.0,2.0,exposure 1.48 > trigger 1.0; routed to SH_COREDO
reactive,56,11,reactive,1,SH_SUBWAY_EXIT,13.0,3.0,exposure 1.52 > trigger 1.0; routed to SH_SUBWAY_EXIT
reactive,57,11,reactive,1,SH_COREDO,6.0,2.0,exposure 1.56 > trigger 1.0; routed to SH_COREDO
reactive,58,11,reactive,1,SH_COREDO,6.0,2.0,exposure 1.31 > trigger 1.0; routed to SH_COREDO
reactive,59,11,reactive,1,SH_SUBWAY_EXIT,13.0,3.0,exposure 1.56 > trigger 1.0; routed to SH_SUBWAY_EXIT
reactive,60,11,reactive,1,SH_SUBWAY_EXIT,13.0,3.0,exposure 1.31 > trigger 1.0; routed to SH_SUBWAY_EXIT
reactive,61,11,reactive,1,SH_SUBWAY_EXIT,13.0,3.0,exposure 1.59 > trigger 1.0; routed to SH_SUBWAY_EXIT
reactive,62,11,reactive,1,SH_COREDO,6.0,2.0,exposure 1.65 > trigger 1.0; routed to SH_COREDO
reactive,63,11,reactive,1,SH_COREDO,6.0,2.0,exposure 1.33 > trigger 1.0; routed to SH_COREDO
reactive,64,11,reactive,1,SH_SUBWAY_EXIT,13.0,3.0,exposure 1.29 > trigger 1.0; routed to SH_SUBWAY_EXIT
reactive,65,11,reactive,1,SH_SUBWAY_EXIT,13.0,3.0,exposure 1.04 > trigger 1.0; routed to SH_SUBWAY_EXIT
reactive,66,11,reactive,1,SH_COREDO,6.0,2.0,exposure 1.03 > trigger 1.0; routed to SH_COREDO
reactive,67,11,reactive,1,SH_COREDO,6.0,2.0,exposure 1.30 > trigger 1.0; routed to SH_COREDO
reactive,68,11,reactive,1,SH_SUBWAY_EXIT,13.0,3.0,exposure 1.52 > trigger 1.0; routed to SH_SUBWAY_EXIT
reactive,69,11,reactive,1,SH_SUBWAY_EXIT,13.0,3.0,exposure 1.50 > trigger 1.0; routed to SH_SUBWAY_EXIT
reactive,70,11,reactive,1,SH_COREDO,6.0,2.0,exposure 1.05 > trigger 1.0; routed to SH_COREDO
reactive,71,11,reactive,1,SH_COREDO,6.0,2.0,exposure 1.47 > trigger 1.0; routed to SH_COREDO
reactive,72,11,reactive,1,SH_SUBWAY_EXIT,13.0,3.0,exposure 1.21 > trigger 1.0; routed to SH_SUBWAY_EXIT
reactive,73,11,reactive,1,SH_SUBWAY_EXIT,13.0,3.0,exposure 1.20 > trigger 1.0; routed to SH_SUBWAY_EXIT
reactive,74,11,reactive,1,,,,exposure 0.99 <= trigger 1.0
reactive,75,11,reactive,1,SH_SUBWAY_EXIT,13.0,3.0,exposure 1.52 > trigger 1.0; routed to SH_SUBWAY_EXIT
reactive,76,11,reactive,1,SH_SUBWAY_EXIT,13.0,3.0,exposure 1.25 > trigger 1.0; routed to SH_SUBWAY_EXIT
reactive,77,11,reactive,1,SH_SUBWAY_EXIT,13.0,3.0,exposure 1.20 > trigger 1.0; routed to SH_SUBWAY_EXIT
reactive,78,11,reactive,1,,,,no feasible shelter (capacity exhausted)
reactive,79,11,reactive,1,,,,no feasible shelter (capacity exhausted)
reactive,80,11,reactive,1,,,,no feasible shelter (capacity exhausted)
reactive,81,11,reactive,1,,,,no feasible shelter (capacity exhausted)
reactive,82,11,reactive,1,,,,no feasible shelter (capacity exhausted)
reactive,83,11,reactive,1,,,,no feasible shelter (capacity exhausted)
reactive,84,11,reactive,1,,,,no feasible shelter (capacity exhausted)
reactive,85,11,reactive,1,,,,no feasible shelter (capacity exhausted)
reactive,86,11,reactive,1,,,,no feasible shelter (capacity exhausted)
reactive,87,11,reactive,1,,,,no feasible shelter (capacity exhausted)
reactive,88,11,reactive,1,,,,no feasible shelter (capacity exhausted)
reactive,89,11,reactive,1,,,,no feasible shelter (capacity exhausted)
reactive,90,11,reactive,1,,,,no feasible shelter (capacity exhausted)
reactive,91,11,reactive,1,,,,no feasible shelter (capacity exhausted)
reactive,92,11,reactive,1,,,,no feasible shelter (capacity exhausted)
reactive,93,11,reactive,1,,,,no feasible shelter (capacity exhausted)
reactive,94,11,reactive,1,,,,no feasible shelter (capacity exhausted)
reactive,95,11,reactive,1,,,,no feasible shelter (capacity exhausted)
reactive,96,11,reactive,1,,,,no feasible shelter (capacity exhausted)
reactive,97,11,reactive,1,,,,no feasible shelter (capacity exhausted)
reactive,98,11,reactive,1,,,,no feasible shelter (capacity exhausted)
reactive,99,11,reactive,1,,,,no feasible shelter (capacity exhausted)
reactive,100,11,reactive,1,,,,no feasible shelter (capacity exhausted)
reactive,101,11,reactive,1,,,,no feasible shelter (capacity exhausted)
reactive,102,11,reactive,1,,,,no feasible shelter (capacity exhausted)
reactive,103,11,reactive,1,,,,no feasible shelter (capacity exhausted)
reactive,104,11,reactive,1,,,,no feasible shelter (capacity exhausted)
reactive,105,11,reactive,1,,,,no feasible shelter (capacity exhausted)
reactive,106,11,reactive,1,,,,no feasible shelter (capacity exhausted)
reactive,107,11,reactive,1,,,,no feasible shelter (capacity exhausted)
reactive,108,11,reactive,1,,,,no feasible shelter (capacity exhausted)
reactive,109,11,reactive,1,,,,no feasible shelter (capacity exhausted)
reactive,110,11,reactive,1,,,,no feasible shelter (capacity exhausted)
reactive,111,11,reactive,1,,,,no feasible shelter (capacity exhausted)
reactive,112,11,reactive,1,,,,no feasible shelter (capacity exhausted)
reactive,113,11,reactive,1,,,,no feasible shelter (capacity exhausted)
reactive,114,11,reactive,1,,,,no feasible shelter (capacity exhausted)
reactive,115,11,reactive,1,,,,no feasible shelter (capacity exhausted)
reactive,116,11,reactive,1,,,,no feasible shelter (capacity exhausted)
reactive,117,11,reactive,1,,,,no feasible shelter (capacity exhausted)
reactive,118,11,reactive,1,,,,no feasible shelter (capacity exhausted)
reactive,119,11,reactive,1,,,,no feasible shelter (capacity exhausted)
reactive,120,11,reactive,1,,,,no feasible shelter (capacity exhausted)
reactive,121,11,reactive,1,,,,no feasible shelter (capacity exhausted)
reactive,122,11,reactive,1,,,,no feasible shelter (capacity exhausted)
reactive,123,11,reactive,1,,,,no feasible shelter (capacity exhausted)
reactive,124,11,reactive,1,,,,no feasible shelter (capacity exhausted)
reactive,125,11,reactive,1,,,,no feasible shelter (capacity exhausted)
reactive,126,11,reactive,1,,,,no feasible shelter (capacity exhausted)
reactive,127,11,reactive,1,,,,no feasible shelter (capacity exhausted)
reactive,128,11,reactive,1,,,,no feasible shelter (capacity exhausted)
reactive,129,11,reactive,1,,,,no feasible shelter (capacity exhausted)
reactive,130,11,reactive,1,,,,no feasible shelter (capacity exhausted)
reactive,131,11,reactive,1,,,,no feasible shelter (capacity exhausted)
reactive,132,11,reactive,1,,,,no feasible shelter (capacity exhausted)
reactive,133,11,reactive,1,,,,no feasible shelter (capacity exhausted)
reactive,134,11,reactive,1,,,,no feasible shelter (capacity exhausted)
reactive,135,11,reactive,1,,,,no feasible shelter (capacity exhausted)
reactive,136,11,reactive,1,,,,no feasible shelter (capacity exhausted)
reactive,137,11,reactive,1,,,,no feasible shelter (capacity exhausted)
reactive,138,11,reactive,1,,,,no feasible shelter (capacity exhausted)
reactive,139,11,reactive,1,,,,no feasible shelter (capacity exhausted)
reactive,140,11,reactive,1,,,,no feasible shelter (capacity exhausted)
reactive,141,11,reactive,1,,,,no feasible shelter (capacity exhausted)
reactive,142,11,reactive,1,,,,no feasible shelter (capacity exhausted)
reactive,143,11,reactive,1,,,,no feasible shelter (capacity exhausted)
reactive,144,11,reactive,1,,,,no feasible shelter (capacity exhausted)
reactive,145,11,reactive,1,,,,no feasible shelter (capacity exhausted)
reactive,146,11,reactive,1,,,,no feasible shelter (capacity exhausted)
reactive,147,11,reactive,1,,,,no feasible shelter (capacity exhausted)
reactive,148,11,reactive,1,,,,no feasible shelter (capacity exhausted)
reactive,149,11,reactive,1,,,,no feasible shelter (capacity exhausted)
reactive,150,11,reactive,1,,,,no feasible shelter (capacity exhausted)
reactive,151,11,reactive,1,,,,no feasible shelter (capacity exhausted)
reactive,152,11,reactive,1,,,,no feasible shelter (capacity exhausted)
reactive,153,11,reactive,1,,,,no feasible shelter (capacity exhausted)
reactive,154,11,reactive,1,,,,no feasible shelter (capacity exhausted)
reactive,155,11,reactive,1,,,,no feasible shelter (capacity exhausted)
reactive,156,11,reactive,1,,,,no feasible shelter (capacity exhausted)
reactive,157,11,reactive,1,,,,no feasible shelter (capacity exhausted)
reactive,158,11,reactive,1,,,,no feasible shelter (capacity exhausted)
reactive,159,11,reactive,1,,,,no feasible shelter (capacity exhausted)
reactive,160,11,reactive,1,,,,no feasible shelter (capacity exhausted)
reactive,161,11,reactive,1,,,,no feasible shelter (capacity exhausted)
reactive,162,11,reactive,1,,,,no feasible shelter (capacity exhausted)
reactive,163,11,reactive,1,,,,no feasible shelter (capacity exhausted)
reactive,164,11,reactive,1,,,,no feasible shelter (capacity exhausted)
reactive,165,11,reactive,1,,,,no feasible shelter (capacity exhausted)
reactive,166,11,reactive,1,,,,no feasible shelter (capacity exhausted)
reactive,167,11,reactive,1,,,,no feasible shelter (capacity exhausted)
reactive,168,11,reactive,1,,,,no feasible shelter (capacity exhausted)
reactive,169,11,reactive,1,,,,no feasible shelter (capacity exhausted)
reactive,170,11,reactive,1,,,,no feasible shelter (capacity exhausted)
reactive,171,11,reactive,1,,,,no feasible shelter (capacity exhausted)
reactive,172,11,reactive,1,,,,no feasible shelter (capacity exhausted)
reactive,173,11,reactive,1,,,,no feasible shelter (capacity exhausted)
reactive,174,11,reactive,1,,,,no feasible shelter (capacity exhausted)
reactive,175,11,reactive,1,,,,no feasible shelter (capacity exhausted)
reactive,176,11,reactive,1,,,,no feasible shelter (capacity exhausted)
reactive,177,11,reactive,1,,,,no feasible shelter (capacity exhausted)
reactive,178,11,reactive,1,,,,no feasible shelter (capacity exhausted)
reactive,179,11,reactive,1,,,,no feasible shelter (capacity exhausted)
reactive,180,11,reactive,1,,,,exposure 1.00 <= trigger 1.0
reactive,181,11,reactive,1,,,,no feasible shelter (capacity exhausted)
reactive,182,11,reactive,1,,,,no feasible shelter (capacity exhausted)
reactive,183,11,reactive,1,,,,no feasible shelter (capacity exhausted)
reactive,184,11,reactive,1,,,,no feasible shelter (capacity exhausted)
reactive,185,11,reactive,1,,,,no feasible shelter (capacity exhausted)
reactive,186,11,reactive,1,,,,no feasible shelter (capacity exhausted)
reactive,187,11,reactive,1,,,,no feasible shelter (capacity exhausted)
reactive,188,11,reactive,1,,,,no feasible shelter (capacity exhausted)
reactive,189,11,reactive,0,,,,exposure 0.99 <= trigger 1.0
reactive,190,11,reactive,1,,,,no feasible shelter (capacity exhausted)
reactive,191,11,reactive,1,,,,no feasible shelter (capacity exhausted)
reactive,192,11,reactive,1,,,,no feasible shelter (capacity exhausted)
reactive,193,11,reactive,1,,,,no feasible shelter (capacity exhausted)
reactive,194,11,reactive,1,,,,no feasible shelter (capacity exhausted)
reactive,195,11,reactive,1,,,,no feasible shelter (capacity exhausted)
reactive,196,11,reactive,1,,,,no feasible shelter (capacity exhausted)
reactive,197,11,reactive,1,,,,no feasible shelter (capacity exhausted)
reactive,198,11,reactive,1,,,,no feasible shelter (capacity exhausted)
reactive,199,11,reactive,1,,,,no feasible shelter (capacity exhausted)
reactive,200,11,reactive,1,,,,no feasible shelter (capacity exhausted)
reactive,201,11,reactive,1,,,,no feasible shelter (capacity exhausted)
reactive,202,11,reactive,1,,,,no feasible shelter (capacity exhausted)
reactive,203,11,reactive,1,,,,no feasible shelter (capacity exhausted)
reactive,204,11,reactive,1,,,,no feasible shelter (capacity exhausted)
reactive,205,11,reactive,1,,,,no feasible shelter (capacity exhausted)
reactive,206,11,reactive,1,,,,no feasible shelter (capacity exhausted)
reactive,207,11,reactive,1,,,,no feasible shelter (capacity exhausted)
reactive,208,11,reactive,1,,,,no feasible shelter (capacity exhausted)
reactive,209,11,reactive,1,,,,no feasible shelter (capacity exhausted)
reactive,210,11,reactive,1,,,,no feasible shelter (capacity exhausted)
reactive,211,11,reactive,1,,,,no feasible shelter (capacity exhausted)
reactive,212,11,reactive,1,,,,no feasible shelter (capacity exhausted)
reactive,213,11,reactive,1,,,,no feasible shelter (capacity exhausted)
reactive,214,11,reactive,1,,,,no feasible shelter (capacity exhausted)
reactive,215,11,reactive,1,,,,no feasible shelter (capacity exhausted)
reactive,216,11,reactive,1,,,,no feasible shelter (capacity exhausted)
reactive,217,11,reactive,1,,,,no feasible shelter (capacity exhausted)
reactive,218,11,reactive,1,,,,no feasible shelter (capacity exhausted)
reactive,219,11,reactive,1,,,,no feasible shelter (capacity exhausted)
reactive,220,11,reactive,1,,,,no feasible shelter (capacity exhausted)
reactive,221,11,reactive,1,,,,no feasible shelter (capacity exhausted)
reactive,222,11,reactive,1,,,,no feasible shelter (capacity exhausted)
reactive,223,11,reactive,1,,,,no feasible shelter (capacity exhausted)
reactive,224,11,reactive,1,,,,no feasible shelter (capacity exhausted)
reactive,225,11,reactive,1,,,,no feasible shelter (capacity exhausted)
reactive,226,11,reactive,1,,,,no feasible shelter (capacity exhausted)
reactive,227,11,reactive,1,,,,no feasible shelter (capacity exhausted)
reactive,228,11,reactive,1,,,,no feasible shelter (capacity exhausted)
reactive,229,11,reactive,1,,,,no feasible shelter (capacity exhausted)
reactive,230,11,reactive,1,,,,no feasible shelter (capacity exhausted)
reactive,231,11,reactive,1,,,,no feasible shelter (capacity exhausted)
reactive,232,11,reactive,1,,,,no feasible shelter (capacity exhausted)
reactive,233,11,reactive,1,,,,no feasible shelter (capacity exhausted)
reactive,234,11,reactive,1,,,,no feasible shelter (capacity exhausted)
reactive,235,11,reactive,1,,,,no feasible shelter (capacity exhausted)
reactive,236,11,reactive,1,,,,no feasible shelter (capacity exhausted)
reactive,237,11,reactive,1,,,,no feasible shelter (capacity exhausted)
reactive,238,11,reactive,1,,,,no feasible shelter (capacity exhausted)
reactive,239,11,reactive,1,,,,no feasible shelter (capacity exhausted)
reactive,0,12,reactive,1,SH_COREDO,6.0,2.0,exposure 1.74 > trigger 1.0; routed to SH_COREDO
reactive,1,12,reactive,1,SH_BRIDGE_PLAZA,17.0,6.0,exposure 1.26 > trigger 1.0; routed to SH_BRIDGE_PLAZA
reactive,2,12,reactive,1,SH_COREDO,6.0,2.0,exposure 1.42 > trigger 1.0; routed to SH_COREDO
reactive,3,12,reactive,1,SH_BRIDGE_PLAZA,17.0,6.0,exposure 1.76 > trigger 1.0; routed to SH_BRIDGE_PLAZA
reactive,4,12,reactive,1,SH_COREDO,6.0,2.0,exposure 1.80 > trigger 1.0; routed to SH_COREDO
reactive,5,12,reactive,1,SH_COREDO,6.0,2.0,exposure 1.77 > trigger 1.0; routed to SH_COREDO
reactive,6,12,reactive,1,SH_COREDO,6.0,2.0,exposure 1.77 > trigger 1.0; routed to SH_COREDO
reactive,7,12,reactive,1,SH_SUBWAY_EXIT,13.0,3.0,exposure 1.43 > trigger 1.0; routed to SH_SUBWAY_EXIT
reactive,8,12,reactive,1,SH_COREDO,6.0,2.0,exposure 1.74 > trigger 1.0; routed to SH_COREDO
reactive,9,12,reactive,1,SH_MITSUKOSHI,2.0,7.0,exposure 1.46 > trigger 1.0; routed to SH_MITSUKOSHI
reactive,10,12,reactive,1,SH_SUBWAY_EXIT,13.0,3.0,exposure 1.49 > trigger 1.0; routed to SH_SUBWAY_EXIT
reactive,11,12,reactive,1,SH_BANK_HALL,10.0,7.0,exposure 1.43 > trigger 1.0; routed to SH_BANK_HALL
reactive,12,12,reactive,1,SH_MITSUKOSHI,2.0,7.0,exposure 1.20 > trigger 1.0; routed to SH_MITSUKOSHI
reactive,13,12,reactive,1,SH_BRIDGE_PLAZA,17.0,6.0,exposure 1.39 > trigger 1.0; routed to SH_BRIDGE_PLAZA
reactive,14,12,reactive,1,SH_BRIDGE_PLAZA,17.0,6.0,exposure 1.30 > trigger 1.0; routed to SH_BRIDGE_PLAZA
reactive,15,12,reactive,1,SH_BRIDGE_PLAZA,17.0,6.0,exposure 1.51 > trigger 1.0; routed to SH_BRIDGE_PLAZA
reactive,16,12,reactive,1,SH_MITSUKOSHI,2.0,7.0,exposure 1.49 > trigger 1.0; routed to SH_MITSUKOSHI
reactive,17,12,reactive,1,SH_SUBWAY_EXIT,13.0,3.0,exposure 1.71 > trigger 1.0; routed to SH_SUBWAY_EXIT
reactive,18,12,reactive,1,SH_BRIDGE_PLAZA,17.0,6.0,exposure 1.17 > trigger 1.0; routed to SH_BRIDGE_PLAZA
reactive,19,12,reactive,1,SH_BANK_HALL,10.0,7.0,exposure 1.76 > trigger 1.0; routed to SH_BANK_HALL
reactive,20,12,reactive,1,SH_SUBWAY_EXIT,13.0,3.0,exposure 1.47 > trigger 1.0; routed to SH_SUBWAY_EXIT
reactive,21,12,reactive,1,SH_SUBWAY_EXIT,13.0,3.0,exposure 1.71 > trigger 1.0; routed to SH_SUBWAY_EXIT
reactive,22,12,reactive,1,SH_MITSUKOSHI,2.0,7.0,exposure 1.37 > trigger 1.0; routed to SH_MITSUKOSHI
reactive,23,12,reactive,1,SH_BANK_HALL,10.0,7.0,exposure 1.18 > trigger 1.0; routed to SH_BANK_HALL
reactive,24,12,reactive,1,SH_MITSUKOSHI,2.0,7.0,exposure 1.41 > trigger 1.0; routed to SH_MITSUKOSHI
reactive,25,12,reactive,1,SH_MITSUKOSHI,2.0,7.0,exposure 1.74 > trigger 1.0; routed to SH_MITSUKOSHI
reactive,26,12,reactive,1,SH_MITSUKOSHI,2.0,7.0,exposure 1.24 > trigger 1.0; routed to SH_MITSUKOSHI
reactive,27,12,reactive,1,SH_SUBWAY_EXIT,13.0,3.0,exposure 1.80 > trigger 1.0; routed to SH_SUBWAY_EXIT
reactive,28,12,reactive,1,SH_MITSUKOSHI,2.0,7.0,exposure 1.22 > trigger 1.0; routed to SH_MITSUKOSHI
reactive,29,12,reactive,1,SH_MITSUKOSHI,2.0,7.0,exposure 1.25 > trigger 1.0; routed to SH_MITSUKOSHI
reactive,30,12,reactive,1,SH_BANK_HALL,10.0,7.0,exposure 1.18 > trigger 1.0; routed to SH_BANK_HALL
reactive,31,12,reactive,1,SH_BRIDGE_PLAZA,17.0,6.0,exposure 1.45 > trigger 1.0; routed to SH_BRIDGE_PLAZA
reactive,32,12,reactive,1,SH_MITSUKOSHI,2.0,7.0,exposure 1.46 > trigger 1.0; routed to SH_MITSUKOSHI
reactive,33,12,reactive,1,SH_BRIDGE_PLAZA,17.0,6.0,exposure 1.26 > trigger 1.0; routed to SH_BRIDGE_PLAZA
reactive,34,12,reactive,1,SH_BRIDGE_PLAZA,17.0,6.0,exposure 1.26 > trigger 1.0; routed to SH_BRIDGE_PLAZA
reactive,35,12,reactive,1,SH_BANK_HALL,10.0,7.0,exposure 1.32 > trigger 1.0; routed to SH_BANK_HALL
reactive,36,12,reactive,1,SH_MITSUKOSHI,2.0,7.0,exposure 1.69 > trigger 1.0; routed to SH_MITSUKOSHI
reactive,37,12,reactive,1,SH_MITSUKOSHI,2.0,7.0,exposure 1.55 > trigger 1.0; routed to SH_MITSUKOSHI
reactive,38,12,reactive,1,SH_MITSUKOSHI,2.0,7.0,exposure 1.47 > trigger 1.0; routed to SH_MITSUKOSHI
reactive,39,12,reactive,1,SH_MITSUKOSHI,2.0,7.0,exposure 1.30 > trigger 1.0; routed to SH_MITSUKOSHI
reactive,40,12,reactive,1,SH_BANK_HALL,10.0,7.0,exposure 1.41 > trigger 1.0; routed to SH_BANK_HALL
reactive,41,12,reactive,1,SH_SUBWAY_EXIT,13.0,3.0,exposure 1.36 > trigger 1.0; routed to SH_SUBWAY_EXIT
reactive,42,12,reactive,1,SH_BANK_HALL,10.0,7.0,exposure 1.35 > trigger 1.0; routed to SH_BANK_HALL
reactive,43,12,reactive,1,SH_BRIDGE_PLAZA,17.0,6.0,exposure 1.34 > trigger 1.0; routed to SH_BRIDGE_PLAZA
reactive,44,12,reactive,1,SH_BANK_HALL,10.0,7.0,exposure 1.73 > trigger 1.0; routed to SH_BANK_HALL
reactive,45,12,reactive,1,SH_MITSUKOSHI,2.0,7.0,exposure 1.74 > trigger 1.0; routed to SH_MITSUKOSHI
reactive,46,12,reactive,1,SH_BRIDGE_PLAZA,17.0,6.0,exposure 1.77 > trigger 1.0; routed to SH_BRIDGE_PLAZA
reactive,47,12,reactive,1,SH_BANK_HALL,10.0,7.0,exposure 1.74 > trigger 1.0; routed to SH_BANK_HALL
reactive,48,12,reactive,1,SH_BANK_HALL,10.0,7.0,exposure 1.16 > trigger 1.0; routed to SH_BANK_HALL
reactive,49,12,reactive,1,SH_BRIDGE_PLAZA,17.0,6.0,exposure 1.42 > trigger 1.0; routed to SH_BRIDGE_PLAZA
reactive,50,12,reactive,1,SH_BANK_HALL,10.0,7.0,exposure 1.22 > trigger 1.0; routed to SH_BANK_HALL
reactive,51,12,reactive,1,SH_BANK_HALL,10.0,7.0,exposure 1.75 > trigger 1.0; routed to SH_BANK_HALL
reactive,52,12,reactive,1,SH_BANK_HALL,10.0,7.0,exposure 1.30 > trigger 1.0; routed to SH_BANK_HALL
reactive,53,12,reactive,1,SH_BRIDGE_PLAZA,17.0,6.0,exposure 1.25 > trigger 1.0; routed to SH_BRIDGE_PLAZA
reactive,54,12,reactive,1,SH_MITSUKOSHI,2.0,7.0,exposure 1.47 > trigger 1.0; routed to SH_MITSUKOSHI
reactive,55,12,reactive,1,SH_MITSUKOSHI,2.0,7.0,exposure 1.79 > trigger 1.0; routed to SH_MITSUKOSHI
reactive,56,12,reactive,1,SH_BANK_HALL,10.0,7.0,exposure 1.75 > trigger 1.0; routed to SH_BANK_HALL
reactive,57,12,reactive,1,SH_BANK_HALL,10.0,7.0,exposure 1.78 > trigger 1.0; routed to SH_BANK_HALL
reactive,58,12,reactive,1,SH_MITSUKOSHI,2.0,7.0,exposure 1.53 > trigger 1.0; routed to SH_MITSUKOSHI
reactive,59,12,reactive,1,SH_BANK_HALL,10.0,7.0,exposure 1.77 > trigger 1.0; routed to SH_BANK_HALL
reactive,60,12,reactive,1,SH_BRIDGE_PLAZA,17.0,6.0,exposure 1.39 > trigger 1.0; routed to SH_BRIDGE_PLAZA
reactive,61,12,reactive,1,SH_BANK_HALL,10.0,7.0,exposure 1.72 > trigger 1.0; routed to SH_BANK_HALL
reactive,62,12,reactive,1,SH_MITSUKOSHI,2.0,7.0,exposure 1.70 > trigger 1.0; routed to SH_MITSUKOSHI
reactive,63,12,reactive,1,SH_MITSUKOSHI,2.0,7.0,exposure 1.49 > trigger 1.0; routed to SH_MITSUKOSHI
reactive,64,12,reactive,1,SH_BRIDGE_PLAZA,17.0,6.0,exposure 1.49 > trigger 1.0; routed to SH_BRIDGE_PLAZA
reactive,65,12,reactive,1,SH_BRIDGE_PLAZA,17.0,6.0,exposure 1.29 > trigger 1.0; routed to SH_BRIDGE_PLAZA
reactive,66,12,reactive,1,SH_BANK_HALL,10.0,7.0,exposure 1.30 > trigger 1.0; routed to SH_BANK_HALL
reactive,67,12,reactive,1,SH_MITSUKOSHI,2.0,7.0,exposure 1.47 > trigger 1.0; routed to SH_MITSUKOSHI
reactive,68,12,reactive,1,SH_BRIDGE_PLAZA,17.0,6.0,exposure 1.73 > trigger 1.0; routed to SH_BRIDGE_PLAZA
reactive,69,12,reactive,1,SH_BANK_HALL,10.0,7.0,exposure 1.67 > trigger 1.0; routed to SH_BANK_HALL
reactive,70,12,reactive,1,SH_BANK_HALL,10.0,7.0,exposure 1.25 > trigger 1.0; routed to SH_BANK_HALL
reactive,71,12,reactive,1,SH_BANK_HALL,10.0,7.0,exposure 1.68 > trigger 1.0; routed to SH_BANK_HALL
reactive,72,12,reactive,1,SH_MITSUKOSHI,2.0,7.0,exposure 1.46 > trigger 1.0; routed to SH_MITSUKOSHI
reactive,73,12,reactive,1,SH_BRIDGE_PLAZA,17.0,6.0,exposure 1.47 > trigger 1.0; routed to SH_BRIDGE_PLAZA
reactive,74,12,reactive,1,SH_MITSUKOSHI,2.0,7.0,exposure 1.25 > trigger 1.0; routed to SH_MITSUKOSHI
reactive,75,12,reactive,1,SH_BANK_HALL,10.0,7.0,exposure 1.67 > trigger 1.0; routed to SH_BANK_HALL
reactive,76,12,reactive,1,SH_MITSUKOSHI,2.0,7.0,exposure 1.49 > trigger 1.0; routed to SH_MITSUKOSHI
reactive,77,12,reactive,1,SH_MITSUKOSHI,2.0,7.0,exposure 1.41 > trigger 1.0; routed to SH_MITSUKOSHI
reactive,78,12,reactive,1,SH_BRIDGE_PLAZA,17.0,6.0,exposure 1.71 > trigger 1.0; routed to SH_BRIDGE_PLAZA
reactive,79,12,reactive,1,SH_MITSUKOSHI,2.0,7.0,exposure 1.46 > trigger 1.0; routed to SH_MITSUKOSHI
reactive,80,12,reactive,1,SH_MITSUKOSHI,2.0,7.0,exposure 1.69 > trigger 1.0; routed to SH_MITSUKOSHI
reactive,81,12,reactive,1,SH_BRIDGE_PLAZA,17.0,6.0,exposure 1.39 > trigger 1.0; routed to SH_BRIDGE_PLAZA
reactive,82,12,reactive,1,SH_BRIDGE_PLAZA,17.0,6.0,exposure 1.73 > trigger 1.0; routed to SH_BRIDGE_PLAZA
reactive,83,12,reactive,1,SH_BANK_HALL,10.0,7.0,exposure 1.74 > trigger 1.0; routed to SH_BANK_HALL
reactive,84,12,reactive,1,SH_MITSUKOSHI,2.0,7.0,exposure 1.31 > trigger 1.0; routed to SH_MITSUKOSHI
reactive,85,12,reactive,1,SH_BANK_HALL,10.0,7.0,exposure 1.31 > trigger 1.0; routed to SH_BANK_HALL
reactive,86,12,reactive,1,SH_BANK_HALL,10.0,7.0,exposure 1.36 > trigger 1.0; routed to SH_BANK_HALL
reactive,87,12,reactive,1,SH_BANK_HALL,10.0,7.0,exposure 1.19 > trigger 1.0; routed to SH_BANK_HALL
reactive,88,12,reactive,1,SH_BRIDGE_PLAZA,17.0,6.0,exposure 1.17 > trigger 1.0; routed to SH_BRIDGE_PLAZA
reactive,89,12,reactive,1,SH_BRIDGE_PLAZA,17.0,6.0,exposure 1.40 > trigger 1.0; routed to SH_BRIDGE_PLAZA
reactive,90,12,reactive,1,SH_BANK_HALL,10.0,7.0,exposure 1.27 > trigger 1.0; routed to SH_BANK_HALL
reactive,91,12,reactive,1,SH_BRIDGE_PLAZA,17.0,6.0,exposure 1.83 > trigger 1.0; routed to SH_BRIDGE_PLAZA
reactive,92,12,reactive,1,SH_BRIDGE_PLAZA,17.0,6.0,exposure 1.52 > trigger 1.0; routed to SH_BRIDGE_PLAZA
reactive,93,12,reactive,1,SH_BANK_HALL,10.0,7.0,exposure 1.41 > trigger 1.0; routed to SH_BANK_HALL
reactive,94,12,reactive,1,SH_BANK_HALL,10.0,7.0,exposure 1.25 > trigger 1.0; routed to SH_BANK_HALL
reactive,95,12,reactive,1,SH_BRIDGE_PLAZA,17.0,6.0,exposure 1.74 > trigger 1.0; routed to SH_BRIDGE_PLAZA
reactive,96,12,reactive,1,SH_BANK_HALL,10.0,7.0,exposure 1.14 > trigger 1.0; routed to SH_BANK_HALL
reactive,97,12,reactive,1,SH_BRIDGE_PLAZA,17.0,6.0,exposure 1.76 > trigger 1.0; routed to SH_BRIDGE_PLAZA
reactive,98,12,reactive,1,SH_BRIDGE_PLAZA,17.0,6.0,exposure 1.25 > trigger 1.0; routed to SH_BRIDGE_PLAZA
reactive,99,12,reactive,1,SH_BANK_HALL,10.0,7.0,exposure 1.25 > trigger 1.0; routed to SH_BANK_HALL
reactive,100,12,reactive,1,SH_BRIDGE_PLAZA,17.0,6.0,exposure 1.81 > trigger 1.0; routed to SH_BRIDGE_PLAZA
reactive,101,12,reactive,1,SH_BRIDGE_PLAZA,17.0,6.0,exposure 1.36 > trigger 1.0; routed to SH_BRIDGE_PLAZA
reactive,102,12,reactive,1,SH_BRIDGE_PLAZA,17.0,6.0,exposure 1.27 > trigger 1.0; routed to SH_BRIDGE_PLAZA
reactive,103,12,reactive,1,SH_BRIDGE_PLAZA,17.0,6.0,exposure 1.74 > trigger 1.0; routed to SH_BRIDGE_PLAZA
reactive,104,12,reactive,1,SH_BRIDGE_PLAZA,17.0,6.0,exposure 1.47 > trigger 1.0; routed to SH_BRIDGE_PLAZA
reactive,105,12,reactive,1,SH_BRIDGE_PLAZA,17.0,6.0,exposure 1.10 > trigger 1.0; routed to SH_BRIDGE_PLAZA
reactive,106,12,reactive,1,,,,no feasible shelter (capacity exhausted)
reactive,107,12,reactive,1,,,,no feasible shelter (capacity exhausted)
reactive,108,12,reactive,1,,,,no feasible shelter (capacity exhausted)
reactive,109,12,reactive,1,,,,no feasible shelter (capacity exhausted)
reactive,110,12,reactive,1,,,,no feasible shelter (capacity exhausted)
reactive,111,12,reactive,1,,,,no feasible shelter (capacity exhausted)
reactive,112,12,reactive,1,,,,no feasible shelter (capacity exhausted)
reactive,113,12,reactive,1,,,,no feasible shelter (capacity exhausted)
reactive,114,12,reactive,1,,,,no feasible shelter (capacity exhausted)
reactive,115,12,reactive,1,,,,no feasible shelter (capacity exhausted)
reactive,116,12,reactive,1,,,,no feasible shelter (capacity exhausted)
reactive,117,12,reactive,1,,,,no feasible shelter (capacity exhausted)
reactive,118,12,reactive,1,,,,no feasible shelter (capacity exhausted)
reactive,119,12,reactive,1,,,,no feasible shelter (capacity exhausted)
reactive,120,12,reactive,1,,,,no feasible shelter (capacity exhausted)
reactive,121,12,reactive,1,,,,no feasible shelter (capacity exhausted)
reactive,122,12,reactive,1,,,,no feasible shelter (capacity exhausted)
reactive,123,12,reactive,1,,,,no feasible shelter (capacity exhausted)
reactive,124,12,reactive,1,,,,no feasible shelter (capacity exhausted)
reactive,125,12,reactive,1,,,,no feasible shelter (capacity exhausted)
reactive,126,12,reactive,1,,,,no feasible shelter (capacity exhausted)
reactive,127,12,reactive,1,,,,no feasible shelter (capacity exhausted)
reactive,128,12,reactive,1,,,,no feasible shelter (capacity exhausted)
reactive,129,12,reactive,1,,,,no feasible shelter (capacity exhausted)
reactive,130,12,reactive,1,,,,no feasible shelter (capacity exhausted)
reactive,131,12,reactive,1,,,,no feasible shelter (capacity exhausted)
reactive,132,12,reactive,1,,,,no feasible shelter (capacity exhausted)
reactive,133,12,reactive,1,,,,no feasible shelter (capacity exhausted)
reactive,134,12,reactive,1,,,,no feasible shelter (capacity exhausted)
reactive,135,12,reactive,1,,,,no feasible shelter (capacity exhausted)
reactive,136,12,reactive,1,,,,no feasible shelter (capacity exhausted)
reactive,137,12,reactive,1,,,,no feasible shelter (capacity exhausted)
reactive,138,12,reactive,1,,,,no feasible shelter (capacity exhausted)
reactive,139,12,reactive,1,,,,no feasible shelter (capacity exhausted)
reactive,140,12,reactive,1,,,,no feasible shelter (capacity exhausted)
reactive,141,12,reactive,1,,,,no feasible shelter (capacity exhausted)
reactive,142,12,reactive,1,,,,no feasible shelter (capacity exhausted)
reactive,143,12,reactive,1,,,,no feasible shelter (capacity exhausted)
reactive,144,12,reactive,1,,,,no feasible shelter (capacity exhausted)
reactive,145,12,reactive,1,,,,no feasible shelter (capacity exhausted)
reactive,146,12,reactive,1,,,,no feasible shelter (capacity exhausted)
reactive,147,12,reactive,1,,,,no feasible shelter (capacity exhausted)
reactive,148,12,reactive,1,,,,no feasible shelter (capacity exhausted)
reactive,149,12,reactive,1,,,,no feasible shelter (capacity exhausted)
reactive,150,12,reactive,1,,,,no feasible shelter (capacity exhausted)
reactive,151,12,reactive,1,,,,no feasible shelter (capacity exhausted)
reactive,152,12,reactive,1,,,,no feasible shelter (capacity exhausted)
reactive,153,12,reactive,1,,,,no feasible shelter (capacity exhausted)
reactive,154,12,reactive,1,,,,no feasible shelter (capacity exhausted)
reactive,155,12,reactive,1,,,,no feasible shelter (capacity exhausted)
reactive,156,12,reactive,1,,,,no feasible shelter (capacity exhausted)
reactive,157,12,reactive,1,,,,no feasible shelter (capacity exhausted)
reactive,158,12,reactive,1,,,,no feasible shelter (capacity exhausted)
reactive,159,12,reactive,1,,,,no feasible shelter (capacity exhausted)
reactive,160,12,reactive,1,,,,no feasible shelter (capacity exhausted)
reactive,161,12,reactive,1,,,,no feasible shelter (capacity exhausted)
reactive,162,12,reactive,1,,,,no feasible shelter (capacity exhausted)
reactive,163,12,reactive,1,,,,no feasible shelter (capacity exhausted)
reactive,164,12,reactive,1,,,,no feasible shelter (capacity exhausted)
reactive,165,12,reactive,1,,,,no feasible shelter (capacity exhausted)
reactive,166,12,reactive,1,,,,no feasible shelter (capacity exhausted)
reactive,167,12,reactive,1,,,,no feasible shelter (capacity exhausted)
reactive,168,12,reactive,1,,,,no feasible shelter (capacity exhausted)
reactive,169,12,reactive,1,,,,no feasible shelter (capacity exhausted)
reactive,170,12,reactive,1,,,,no feasible shelter (capacity exhausted)
reactive,171,12,reactive,1,,,,no feasible shelter (capacity exhausted)
reactive,172,12,reactive,1,,,,no feasible shelter (capacity exhausted)
reactive,173,12,reactive,1,,,,no feasible shelter (capacity exhausted)
reactive,174,12,reactive,1,,,,no feasible shelter (capacity exhausted)
reactive,175,12,reactive,1,,,,no feasible shelter (capacity exhausted)
reactive,176,12,reactive,1,,,,no feasible shelter (capacity exhausted)
reactive,177,12,reactive,1,,,,no feasible shelter (capacity exhausted)
reactive,178,12,reactive,1,,,,no feasible shelter (capacity exhausted)
reactive,179,12,reactive,1,,,,no feasible shelter (capacity exhausted)
reactive,180,12,reactive,1,,,,no feasible shelter (capacity exhausted)
reactive,181,12,reactive,1,,,,no feasible shelter (capacity exhausted)
reactive,182,12,reactive,1,,,,no feasible shelter (capacity exhausted)
reactive,183,12,reactive,1,,,,no feasible shelter (capacity exhausted)
reactive,184,12,reactive,1,,,,no feasible shelter (capacity exhausted)
reactive,185,12,reactive,1,,,,no feasible shelter (capacity exhausted)
reactive,186,12,reactive,1,,,,no feasible shelter (capacity exhausted)
reactive,187,12,reactive,1,,,,no feasible shelter (capacity exhausted)
reactive,188,12,reactive,1,,,,no feasible shelter (capacity exhausted)
reactive,189,12,reactive,1,,,,no feasible shelter (capacity exhausted)
reactive,190,12,reactive,1,,,,no feasible shelter (capacity exhausted)
reactive,191,12,reactive,1,,,,no feasible shelter (capacity exhausted)
reactive,192,12,reactive,1,,,,no feasible shelter (capacity exhausted)
reactive,193,12,reactive,1,,,,no feasible shelter (capacity exhausted)
reactive,194,12,reactive,1,,,,no feasible shelter (capacity exhausted)
reactive,195,12,reactive,1,,,,no feasible shelter (capacity exhausted)
reactive,196,12,reactive,1,,,,no feasible shelter (capacity exhausted)
reactive,197,12,reactive,1,,,,no feasible shelter (capacity exhausted)
reactive,198,12,reactive,1,,,,no feasible shelter (capacity exhausted)
reactive,199,12,reactive,1,,,,no feasible shelter (capacity exhausted)
reactive,200,12,reactive,1,,,,no feasible shelter (capacity exhausted)
reactive,201,12,reactive,1,,,,no feasible shelter (capacity exhausted)
reactive,202,12,reactive,1,,,,no feasible shelter (capacity exhausted)
reactive,203,12,reactive,1,,,,no feasible shelter (capacity exhausted)
reactive,204,12,reactive,1,,,,no feasible shelter (capacity exhausted)
reactive,205,12,reactive,1,,,,no feasible shelter (capacity exhausted)
reactive,206,12,reactive,1,,,,no feasible shelter (capacity exhausted)
reactive,207,12,reactive,1,,,,no feasible shelter (capacity exhausted)
reactive,208,12,reactive,1,,,,no feasible shelter (capacity exhausted)
reactive,209,12,reactive,1,,,,no feasible shelter (capacity exhausted)
reactive,210,12,reactive,1,,,,no feasible shelter (capacity exhausted)
reactive,211,12,reactive,1,,,,no feasible shelter (capacity exhausted)
reactive,212,12,reactive,1,,,,no feasible shelter (capacity exhausted)
reactive,213,12,reactive,1,,,,no feasible shelter (capacity exhausted)
reactive,214,12,reactive,1,,,,no feasible shelter (capacity exhausted)
reactive,215,12,reactive,1,,,,no feasible shelter (capacity exhausted)
reactive,216,12,reactive,1,,,,no feasible shelter (capacity exhausted)
reactive,217,12,reactive,1,,,,no feasible shelter (capacity exhausted)
reactive,218,12,reactive,1,,,,no feasible shelter (capacity exhausted)
reactive,219,12,reactive,1,,,,no feasible shelter (capacity exhausted)
reactive,220,12,reactive,1,,,,no feasible shelter (capacity exhausted)
reactive,221,12,reactive,1,,,,no feasible shelter (capacity exhausted)
reactive,222,12,reactive,1,,,,no feasible shelter (capacity exhausted)
reactive,223,12,reactive,1,,,,no feasible shelter (capacity exhausted)
reactive,224,12,reactive,1,,,,no feasible shelter (capacity exhausted)
reactive,225,12,reactive,1,,,,no feasible shelter (capacity exhausted)
reactive,226,12,reactive,1,,,,no feasible shelter (capacity exhausted)
reactive,227,12,reactive,1,,,,no feasible shelter (capacity exhausted)
reactive,228,12,reactive,1,,,,no feasible shelter (capacity exhausted)
reactive,229,12,reactive,1,,,,no feasible shelter (capacity exhausted)
reactive,230,12,reactive,1,,,,no feasible shelter (capacity exhausted)
reactive,231,12,reactive,1,,,,no feasible shelter (capacity exhausted)
reactive,232,12,reactive,1,,,,no feasible shelter (capacity exhausted)
reactive,233,12,reactive,1,,,,no feasible shelter (capacity exhausted)
reactive,234,12,reactive,1,,,,no feasible shelter (capacity exhausted)
reactive,235,12,reactive,1,,,,no feasible shelter (capacity exhausted)
reactive,236,12,reactive,1,,,,no feasible shelter (capacity exhausted)
reactive,237,12,reactive,1,,,,no feasible shelter (capacity exhausted)
reactive,238,12,reactive,1,,,,no feasible shelter (capacity exhausted)
reactive,239,12,reactive,1,,,,no feasible shelter (capacity exhausted)
reactive,0,13,reactive,1,SH_COREDO,6.0,2.0,exposure 1.86 > trigger 1.0; routed to SH_COREDO
reactive,1,13,reactive,1,SH_BRIDGE_PLAZA,17.0,6.0,exposure 1.49 > trigger 1.0; routed to SH_BRIDGE_PLAZA
reactive,2,13,reactive,1,SH_COREDO,6.0,2.0,exposure 1.64 > trigger 1.0; routed to SH_COREDO
reactive,3,13,reactive,1,SH_BRIDGE_PLAZA,17.0,6.0,exposure 2.00 > trigger 1.0; routed to SH_BRIDGE_PLAZA
reactive,4,13,reactive,1,SH_COREDO,6.0,2.0,exposure 2.00 > trigger 1.0; routed to SH_COREDO
reactive,5,13,reactive,1,SH_COREDO,6.0,2.0,exposure 1.98 > trigger 1.0; routed to SH_COREDO
reactive,6,13,reactive,1,SH_COREDO,6.0,2.0,exposure 1.95 > trigger 1.0; routed to SH_COREDO
reactive,7,13,reactive,1,SH_SUBWAY_EXIT,13.0,3.0,exposure 1.68 > trigger 1.0; routed to SH_SUBWAY_EXIT
reactive,8,13,reactive,1,SH_COREDO,6.0,2.0,exposure 1.98 > trigger 1.0; routed to SH_COREDO
reactive,9,13,reactive,1,SH_COREDO,6.0,2.0,exposure 1.66 > trigger 1.0; routed to SH_COREDO
reactive,10,13,reactive,1,SH_SUBWAY_EXIT,13.0,3.0,exposure 1.54 > trigger 1.0; routed to SH_SUBWAY_EXIT
reactive,11,13,reactive,1,SH_BANK_HALL,10.0,7.0,exposure 1.60 > trigger 1.0; routed to SH_BANK_HALL
reactive,12,13,reactive,1,SH_BANK_HALL,10.0,7.0,exposure 1.48 > trigger 1.0; routed to SH_BANK_HALL
reactive,13,13,reactive,1,SH_BRIDGE_PLAZA,17.0,6.0,exposure 1.61 > trigger 1.0; routed to SH_BRIDGE_PLAZA
reactive,14,13,reactive,1,SH_BRIDGE_PLAZA,17.0,6.0,exposure 1.48 > trigger 1.0; routed to SH_BRIDGE_PLAZA
reactive,15,13,reactive,1,SH_BRIDGE_PLAZA,17.0,6.0,exposure 1.60 > trigger 1.0; routed to SH_BRIDGE_PLAZA
reactive,16,13,reactive,1,SH_COREDO,6.0,2.0,exposure 1.69 > trigger 1.0; routed to SH_COREDO
reactive,17,13,reactive,1,SH_SUBWAY_EXIT,13.0,3.0,exposure 1.89 > trigger 1.0; routed to SH_SUBWAY_EXIT
reactive,18,13,reactive,1,SH_BRIDGE_PLAZA,17.0,6.0,exposure 1.41 > trigger 1.0; routed to SH_BRIDGE_PLAZA
reactive,19,13,reactive,1,SH_BANK_HALL,10.0,7.0,exposure 1.83 > trigger 1.0; routed to SH_BANK_HALL
reactive,20,13,reactive,1,SH_SUBWAY_EXIT,13.0,3.0,exposure 1.57 > trigger 1.0; routed to SH_SUBWAY_EXIT
reactive,21,13,reactive,1,SH_SUBWAY_EXIT,13.0,3.0,exposure 1.89 > trigger 1.0; routed to SH_SUBWAY_EXIT
reactive,22,13,reactive,1,SH_COREDO,6.0,2.0,exposure 1.44 > trigger 1.0; routed to SH_COREDO
reactive,23,13,reactive,1,SH_BRIDGE_PLAZA,17.0,6.0,exposure 1.43 > trigger 1.0; routed to SH_BRIDGE_PLAZA
reactive,24,13,reactive,1,SH_COREDO,6.0,2.0,exposure 1.69 > trigger 1.0; routed to SH_COREDO
reactive,25,13,reactive,1,SH_COREDO,6.0,2.0,exposure 1.89 > trigger 1.0; routed to SH_COREDO
reactive,26,13,reactive,1,SH_COREDO,6.0,2.0,exposure 1.50 > trigger 1.0; routed to SH_COREDO
reactive,27,13,reactive,1,SH_COREDO,6.0,2.0,exposure 2.00 > trigger 1.0; routed to SH_COREDO
reactive,28,13,reactive,1,SH_COREDO,6.0,2.0,exposure 1.37 > trigger 1.0; routed to SH_COREDO
reactive,29,13,reactive,1,SH_COREDO,6.0,2.0,exposure 1.39 > trigger 1.0; routed to SH_COREDO
reactive,30,13,reactive,1,SH_BRIDGE_PLAZA,17.0,6.0,exposure 1.43 > trigger 1.0; routed to SH_BRIDGE_PLAZA
reactive,31,13,reactive,1,SH_BRIDGE_PLAZA,17.0,6.0,exposure 1.59 > trigger 1.0; routed to SH_BRIDGE_PLAZA
reactive,32,13,reactive,1,SH_COREDO,6.0,2.0,exposure 1.60 > trigger 1.0; routed to SH_COREDO
reactive,33,13,reactive,1,SH_BRIDGE_PLAZA,17.0,6.0,exposure 1.39 > trigger 1.0; routed to SH_BRIDGE_PLAZA
reactive,34,13,reactive,1,SH_BRIDGE_PLAZA,17.0,6.0,exposure 1.39 > trigger 1.0; routed to SH_BRIDGE_PLAZA
reactive,35,13,reactive,1,SH_COREDO,6.0,2.0,exposure 1.44 > trigger 1.0; routed to SH_COREDO
reactive,36,13,reactive,1,SH_COREDO,6.0,2.0,exposure 1.98 > trigger 1.0; routed to SH_COREDO
reactive,37,13,reactive,1,SH_COREDO,6.0,2.0,exposure 1.61 > trigger 1.0; routed to SH_COREDO
reactive,38,13,reactive,1,SH_COREDO,6.0,2.0,exposure 1.69 > trigger 1.0; routed to SH_COREDO
reactive,39,13,reactive,1,SH_COREDO,6.0,2.0,exposure 1.58 > trigger 1.0; routed to SH_COREDO
reactive,40,13,reactive,1,SH_COREDO,6.0,2.0,exposure 1.69 > trigger 1.0; routed to SH_COREDO
reactive,41,13,reactive,1,SH_COREDO,6.0,2.0,exposure 1.64 > trigger 1.0; routed to SH_COREDO
reactive,42,13,reactive,1,SH_SUBWAY_EXIT,13.0,3.0,exposure 1.53 > trigger 1.0; routed to SH_SUBWAY_EXIT
reactive,43,13,reactive,1,SH_SUBWAY_EXIT,13.0,3.0,exposure 1.43 > trigger 1.0; routed to SH_SUBWAY_EXIT
reactive,44,13,reactive,1,SH_SUBWAY_EXIT,13.0,3.0,exposure 1.86 > trigger 1.0; routed to SH_SUBWAY_EXIT
reactive,45,13,reactive,1,SH_COREDO,6.0,2.0,exposure 1.89 > trigger 1.0; routed to SH_COREDO
reactive,46,13,reactive,1,SH_SUBWAY_EXIT,13.0,3.0,exposure 2.00 > trigger 1.0; routed to SH_SUBWAY_EXIT
reactive,47,13,reactive,1,SH_SUBWAY_EXIT,13.0,3.0,exposure 1.92 > trigger 1.0; routed to SH_SUBWAY_EXIT
reactive,48,13,reactive,1,SH_SUBWAY_EXIT,13.0,3.0,exposure 1.36 > trigger 1.0; routed to SH_SUBWAY_EXIT
reactive,49,13,reactive,1,SH_SUBWAY_EXIT,13.0,3.0,exposure 1.62 > trigger 1.0; routed to SH_SUBWAY_EXIT
reactive,50,13,reactive,1,SH_SUBWAY_EXIT,13.0,3.0,exposure 1.38 > trigger 1.0; routed to SH_SUBWAY_EXIT
reactive,51,13,reactive,1,SH_SUBWAY_EXIT,13.0,3.0,exposure 1.97 > trigger 1.0; routed to SH_SUBWAY_EXIT
reactive,52,13,reactive,1,SH_COREDO,6.0,2.0,exposure 1.41 > trigger 1.0; routed to SH_COREDO
reactive,53,13,reactive,1,SH_SUBWAY_EXIT,13.0,3.0,exposure 1.45 > trigger 1.0; routed to SH_SUBWAY_EXIT
reactive,54,13,reactive,1,SH_COREDO,6.0,2.0,exposure 1.63 > trigger 1.0; routed to SH_COREDO
reactive,55,13,reactive,1,SH_COREDO,6.0,2.0,exposure 1.98 > trigger 1.0; routed to SH_COREDO
reactive,56,13,reactive,1,SH_SUBWAY_EXIT,13.0,3.0,exposure 1.97 > trigger 1.0; routed to SH_SUBWAY_EXIT
reactive,57,13,reactive,1,SH_COREDO,6.0,2.0,exposure 1.89 > trigger 1.0; routed to SH_COREDO
reactive,58,13,reactive,1,SH_COREDO,6.0,2.0,exposure 1.67 > trigger 1.0; routed to SH_COREDO
reactive,59,13,reactive,1,SH_SUBWAY_EXIT,13.0,3.0,exposure 1.90 > trigger 1.0; routed to SH_SUBWAY_EXIT
reactive,60,13,reactive,1,SH_SUBWAY_EXIT,13.0,3.0,exposure 1.61 > trigger 1.0; routed to SH_SUBWAY_EXIT
reactive,61,13,reactive,1,SH_SUBWAY_EXIT,13.0,3.0,exposure 1.93 > trigger 1.0; routed to SH_SUBWAY_EXIT
reactive,62,13,reactive,1,SH_COREDO,6.0,2.0,exposure 1.92 > trigger 1.0; routed to SH_COREDO
reactive,63,13,reactive,1,SH_COREDO,6.0,2.0,exposure 1.68 > trigger 1.0; routed to SH_COREDO
reactive,64,13,reactive,1,SH_SUBWAY_EXIT,13.0,3.0,exposure 1.54 > trigger 1.0; routed to SH_SUBWAY_EXIT
reactive,65,13,reactive,1,SH_SUBWAY_EXIT,13.0,3.0,exposure 1.45 > trigger 1.0; routed to SH_SUBWAY_EXIT
reactive,66,13,reactive,1,SH_COREDO,6.0,2.0,exposure 1.45 > trigger 1.0; routed to SH_COREDO
reactive,67,13,reactive,1,SH_COREDO,6.0,2.0,exposure 1.69 > trigger 1.0; routed to SH_COREDO
reactive,68,13,reactive,1,SH_SUBWAY_EXIT,13.0,3.0,exposure 1.94 > trigger 1.0; routed to SH_SUBWAY_EXIT
reactive,69,13,reactive,1,SH_SUBWAY_EXIT,13.0,3.0,exposure 1.91 > trigger 1.0; routed to SH_SUBWAY_EXIT
reactive,70,13,reactive,1,SH_COREDO,6.0,2.0,exposure 1.42 > trigger 1.0; routed to SH_COREDO
reactive,71,13,reactive,1,SH_SUBWAY_EXIT,13.0,3.0,exposure 1.87 > trigger 1.0; routed to SH_SUBWAY_EXIT
reactive,72,13,reactive,1,SH_SUBWAY_EXIT,13.0,3.0,exposure 1.61 > trigger 1.0; routed to SH_SUBWAY_EXIT
reactive,73,13,reactive,1,SH_SUBWAY_EXIT,13.0,3.0,exposure 1.64 > trigger 1.0; routed to SH_SUBWAY_EXIT
reactive,74,13,reactive,1,SH_SUBWAY_EXIT,13.0,3.0,exposure 1.39 > trigger 1.0; routed to SH_SUBWAY_EXIT
reactive,75,13,reactive,1,SH_SUBWAY_EXIT,13.0,3.0,exposure 1.87 > trigger 1.0; routed to SH_SUBWAY_EXIT
reactive,76,13,reactive,1,,,,no feasible shelter (capacity exhausted)
reactive,77,13,reactive,1,,,,no feasible shelter (capacity exhausted)
reactive,78,13,reactive,1,,,,no feasible shelter (capacity exhausted)
reactive,79,13,reactive,1,,,,no feasible shelter (capacity exhausted)
reactive,80,13,reactive,1,,,,no feasible shelter (capacity exhausted)
reactive,81,13,reactive,1,,,,no feasible shelter (capacity exhausted)
reactive,82,13,reactive,1,,,,no feasible shelter (capacity exhausted)
reactive,83,13,reactive,1,,,,no feasible shelter (capacity exhausted)
reactive,84,13,reactive,1,,,,no feasible shelter (capacity exhausted)
reactive,85,13,reactive,1,,,,no feasible shelter (capacity exhausted)
reactive,86,13,reactive,1,,,,no feasible shelter (capacity exhausted)
reactive,87,13,reactive,1,,,,no feasible shelter (capacity exhausted)
reactive,88,13,reactive,1,,,,no feasible shelter (capacity exhausted)
reactive,89,13,reactive,1,,,,no feasible shelter (capacity exhausted)
reactive,90,13,reactive,1,,,,no feasible shelter (capacity exhausted)
reactive,91,13,reactive,1,,,,no feasible shelter (capacity exhausted)
reactive,92,13,reactive,1,,,,no feasible shelter (capacity exhausted)
reactive,93,13,reactive,1,,,,no feasible shelter (capacity exhausted)
reactive,94,13,reactive,1,,,,no feasible shelter (capacity exhausted)
reactive,95,13,reactive,1,,,,no feasible shelter (capacity exhausted)
reactive,96,13,reactive,1,,,,no feasible shelter (capacity exhausted)
reactive,97,13,reactive,1,,,,no feasible shelter (capacity exhausted)
reactive,98,13,reactive,1,,,,no feasible shelter (capacity exhausted)
reactive,99,13,reactive,1,,,,no feasible shelter (capacity exhausted)
reactive,100,13,reactive,1,,,,no feasible shelter (capacity exhausted)
reactive,101,13,reactive,1,,,,no feasible shelter (capacity exhausted)
reactive,102,13,reactive,1,,,,no feasible shelter (capacity exhausted)
reactive,103,13,reactive,1,,,,no feasible shelter (capacity exhausted)
reactive,104,13,reactive,1,,,,no feasible shelter (capacity exhausted)
reactive,105,13,reactive,1,,,,no feasible shelter (capacity exhausted)
reactive,106,13,reactive,1,,,,no feasible shelter (capacity exhausted)
reactive,107,13,reactive,1,,,,no feasible shelter (capacity exhausted)
reactive,108,13,reactive,1,,,,no feasible shelter (capacity exhausted)
reactive,109,13,reactive,1,,,,no feasible shelter (capacity exhausted)
reactive,110,13,reactive,1,,,,no feasible shelter (capacity exhausted)
reactive,111,13,reactive,1,,,,no feasible shelter (capacity exhausted)
reactive,112,13,reactive,1,,,,no feasible shelter (capacity exhausted)
reactive,113,13,reactive,1,,,,no feasible shelter (capacity exhausted)
reactive,114,13,reactive,1,,,,no feasible shelter (capacity exhausted)
reactive,115,13,reactive,1,,,,no feasible shelter (capacity exhausted)
reactive,116,13,reactive,1,,,,no feasible shelter (capacity exhausted)
reactive,117,13,reactive,1,,,,no feasible shelter (capacity exhausted)
reactive,118,13,reactive,1,,,,no feasible shelter (capacity exhausted)
reactive,119,13,reactive,1,,,,no feasible shelter (capacity exhausted)
reactive,120,13,reactive,1,,,,no feasible shelter (capacity exhausted)
reactive,121,13,reactive,1,,,,no feasible shelter (capacity exhausted)
reactive,122,13,reactive,1,,,,no feasible shelter (capacity exhausted)
reactive,123,13,reactive,1,,,,no feasible shelter (capacity exhausted)
reactive,124,13,reactive,1,,,,no feasible shelter (capacity exhausted)
reactive,125,13,reactive,1,,,,no feasible shelter (capacity exhausted)
reactive,126,13,reactive,1,,,,no feasible shelter (capacity exhausted)
reactive,127,13,reactive,1,,,,no feasible shelter (capacity exhausted)
reactive,128,13,reactive,1,,,,no feasible shelter (capacity exhausted)
reactive,129,13,reactive,1,,,,no feasible shelter (capacity exhausted)
reactive,130,13,reactive,1,,,,no feasible shelter (capacity exhausted)
reactive,131,13,reactive,1,,,,no feasible shelter (capacity exhausted)
reactive,132,13,reactive,1,,,,no feasible shelter (capacity exhausted)
reactive,133,13,reactive,1,,,,no feasible shelter (capacity exhausted)
reactive,134,13,reactive,1,,,,no feasible shelter (capacity exhausted)
reactive,135,13,reactive,1,,,,no feasible shelter (capacity exhausted)
reactive,136,13,reactive,1,,,,no feasible shelter (capacity exhausted)
reactive,137,13,reactive,1,,,,no feasible shelter (capacity exhausted)
reactive,138,13,reactive,1,,,,no feasible shelter (capacity exhausted)
reactive,139,13,reactive,1,,,,no feasible shelter (capacity exhausted)
reactive,140,13,reactive,1,,,,no feasible shelter (capacity exhausted)
reactive,141,13,reactive,1,,,,no feasible shelter (capacity exhausted)
reactive,142,13,reactive,1,,,,no feasible shelter (capacity exhausted)
reactive,143,13,reactive,1,,,,no feasible shelter (capacity exhausted)
reactive,144,13,reactive,1,,,,no feasible shelter (capacity exhausted)
reactive,145,13,reactive,1,,,,no feasible shelter (capacity exhausted)
reactive,146,13,reactive,1,,,,no feasible shelter (capacity exhausted)
reactive,147,13,reactive,1,,,,no feasible shelter (capacity exhausted)
reactive,148,13,reactive,1,,,,no feasible shelter (capacity exhausted)
reactive,149,13,reactive,1,,,,no feasible shelter (capacity exhausted)
reactive,150,13,reactive,1,,,,no feasible shelter (capacity exhausted)
reactive,151,13,reactive,1,,,,no feasible shelter (capacity exhausted)
reactive,152,13,reactive,1,,,,no feasible shelter (capacity exhausted)
reactive,153,13,reactive,1,,,,no feasible shelter (capacity exhausted)
reactive,154,13,reactive,1,,,,no feasible shelter (capacity exhausted)
reactive,155,13,reactive,1,,,,no feasible shelter (capacity exhausted)
reactive,156,13,reactive,1,,,,no feasible shelter (capacity exhausted)
reactive,157,13,reactive,1,,,,no feasible shelter (capacity exhausted)
reactive,158,13,reactive,1,,,,no feasible shelter (capacity exhausted)
reactive,159,13,reactive,1,,,,no feasible shelter (capacity exhausted)
reactive,160,13,reactive,1,,,,no feasible shelter (capacity exhausted)
reactive,161,13,reactive,1,,,,no feasible shelter (capacity exhausted)
reactive,162,13,reactive,1,,,,no feasible shelter (capacity exhausted)
reactive,163,13,reactive,1,,,,no feasible shelter (capacity exhausted)
reactive,164,13,reactive,1,,,,no feasible shelter (capacity exhausted)
reactive,165,13,reactive,1,,,,no feasible shelter (capacity exhausted)
reactive,166,13,reactive,1,,,,no feasible shelter (capacity exhausted)
reactive,167,13,reactive,1,,,,no feasible shelter (capacity exhausted)
reactive,168,13,reactive,1,,,,no feasible shelter (capacity exhausted)
reactive,169,13,reactive,1,,,,no feasible shelter (capacity exhausted)
reactive,170,13,reactive,1,,,,no feasible shelter (capacity exhausted)
reactive,171,13,reactive,1,,,,no feasible shelter (capacity exhausted)
reactive,172,13,reactive,1,,,,no feasible shelter (capacity exhausted)
reactive,173,13,reactive,1,,,,no feasible shelter (capacity exhausted)
reactive,174,13,reactive,1,,,,no feasible shelter (capacity exhausted)
reactive,175,13,reactive,1,,,,no feasible shelter (capacity exhausted)
reactive,176,13,reactive,1,,,,no feasible shelter (capacity exhausted)
reactive,177,13,reactive,1,,,,no feasible shelter (capacity exhausted)
reactive,178,13,reactive,1,,,,no feasible shelter (capacity exhausted)
reactive,179,13,reactive,1,,,,no feasible shelter (capacity exhausted)
reactive,180,13,reactive,1,,,,no feasible shelter (capacity exhausted)
reactive,181,13,reactive,1,,,,no feasible shelter (capacity exhausted)
reactive,182,13,reactive,1,,,,no feasible shelter (capacity exhausted)
reactive,183,13,reactive,1,,,,no feasible shelter (capacity exhausted)
reactive,184,13,reactive,1,,,,no feasible shelter (capacity exhausted)
reactive,185,13,reactive,1,,,,no feasible shelter (capacity exhausted)
reactive,186,13,reactive,1,,,,no feasible shelter (capacity exhausted)
reactive,187,13,reactive,1,,,,no feasible shelter (capacity exhausted)
reactive,188,13,reactive,1,,,,no feasible shelter (capacity exhausted)
reactive,189,13,reactive,1,,,,no feasible shelter (capacity exhausted)
reactive,190,13,reactive,1,,,,no feasible shelter (capacity exhausted)
reactive,191,13,reactive,1,,,,no feasible shelter (capacity exhausted)
reactive,192,13,reactive,1,,,,no feasible shelter (capacity exhausted)
reactive,193,13,reactive,1,,,,no feasible shelter (capacity exhausted)
reactive,194,13,reactive,1,,,,no feasible shelter (capacity exhausted)
reactive,195,13,reactive,1,,,,no feasible shelter (capacity exhausted)
reactive,196,13,reactive,1,,,,no feasible shelter (capacity exhausted)
reactive,197,13,reactive,1,,,,no feasible shelter (capacity exhausted)
reactive,198,13,reactive,1,,,,no feasible shelter (capacity exhausted)
reactive,199,13,reactive,1,,,,no feasible shelter (capacity exhausted)
reactive,200,13,reactive,1,,,,no feasible shelter (capacity exhausted)
reactive,201,13,reactive,1,,,,no feasible shelter (capacity exhausted)
reactive,202,13,reactive,1,,,,no feasible shelter (capacity exhausted)
reactive,203,13,reactive,1,,,,no feasible shelter (capacity exhausted)
reactive,204,13,reactive,1,,,,no feasible shelter (capacity exhausted)
reactive,205,13,reactive,1,,,,no feasible shelter (capacity exhausted)
reactive,206,13,reactive,1,,,,no feasible shelter (capacity exhausted)
reactive,207,13,reactive,1,,,,no feasible shelter (capacity exhausted)
reactive,208,13,reactive,1,,,,no feasible shelter (capacity exhausted)
reactive,209,13,reactive,1,,,,no feasible shelter (capacity exhausted)
reactive,210,13,reactive,1,,,,no feasible shelter (capacity exhausted)
reactive,211,13,reactive,1,,,,no feasible shelter (capacity exhausted)
reactive,212,13,reactive,1,,,,no feasible shelter (capacity exhausted)
reactive,213,13,reactive,1,,,,no feasible shelter (capacity exhausted)
reactive,214,13,reactive,1,,,,no feasible shelter (capacity exhausted)
reactive,215,13,reactive,1,,,,no feasible shelter (capacity exhausted)
reactive,216,13,reactive,1,,,,no feasible shelter (capacity exhausted)
reactive,217,13,reactive,1,,,,no feasible shelter (capacity exhausted)
reactive,218,13,reactive,1,,,,no feasible shelter (capacity exhausted)
reactive,219,13,reactive,1,,,,no feasible shelter (capacity exhausted)
reactive,220,13,reactive,1,,,,no feasible shelter (capacity exhausted)
reactive,221,13,reactive,1,,,,no feasible shelter (capacity exhausted)
reactive,222,13,reactive,1,,,,no feasible shelter (capacity exhausted)
reactive,223,13,reactive,1,,,,no feasible shelter (capacity exhausted)
reactive,224,13,reactive,1,,,,no feasible shelter (capacity exhausted)
reactive,225,13,reactive,1,,,,no feasible shelter (capacity exhausted)
reactive,226,13,reactive,1,,,,no feasible shelter (capacity exhausted)
reactive,227,13,reactive,1,,,,no feasible shelter (capacity exhausted)
reactive,228,13,reactive,1,,,,no feasible shelter (capacity exhausted)
reactive,229,13,reactive,1,,,,no feasible shelter (capacity exhausted)
reactive,230,13,reactive,1,,,,no feasible shelter (capacity exhausted)
reactive,231,13,reactive,1,,,,no feasible shelter (capacity exhausted)
reactive,232,13,reactive,1,,,,no feasible shelter (capacity exhausted)
reactive,233,13,reactive,1,,,,no feasible shelter (capacity exhausted)
reactive,234,13,reactive,1,,,,no feasible shelter (capacity exhausted)
reactive,235,13,reactive,1,,,,no feasible shelter (capacity exhausted)
reactive,236,13,reactive,1,,,,no feasible shelter (capacity exhausted)
reactive,237,13,reactive,1,,,,no feasible shelter (capacity exhausted)
reactive,238,13,reactive,1,,,,no feasible shelter (capacity exhausted)
reactive,239,13,reactive,1,,,,no feasible shelter (capacity exhausted)
reactive,0,14,reactive,1,SH_COREDO,6.0,2.0,exposure 2.00 > trigger 1.0; routed to SH_COREDO
reactive,1,14,reactive,1,SH_BRIDGE_PLAZA,17.0,6.0,exposure 1.50 > trigger 1.0; routed to SH_BRIDGE_PLAZA
reactive,2,14,reactive,1,SH_COREDO,6.0,2.0,exposure 1.73 > trigger 1.0; routed to SH_COREDO
reactive,3,14,reactive,1,SH_BRIDGE_PLAZA,17.0,6.0,exposure 2.00 > trigger 1.0; routed to SH_BRIDGE_PLAZA
reactive,4,14,reactive,1,SH_COREDO,6.0,2.0,exposure 2.00 > trigger 1.0; routed to SH_COREDO
reactive,5,14,reactive,1,SH_COREDO,6.0,2.0,exposure 2.00 > trigger 1.0; routed to SH_COREDO
reactive,6,14,reactive,1,SH_COREDO,6.0,2.0,exposure 2.00 > trigger 1.0; routed to SH_COREDO
reactive,7,14,reactive,1,SH_SUBWAY_EXIT,13.0,3.0,exposure 1.80 > trigger 1.0; routed to SH_SUBWAY_EXIT
reactive,8,14,reactive,1,SH_COREDO,6.0,2.0,exposure 1.98 > trigger 1.0; routed to SH_COREDO
reactive,9,14,reactive,1,SH_MITSUKOSHI,2.0,7.0,exposure 1.82 > trigger 1.0; routed to SH_MITSUKOSHI
reactive,10,14,reactive,1,SH_SUBWAY_EXIT,13.0,3.0,exposure 1.78 > trigger 1.0; routed to SH_SUBWAY_EXIT
reactive,11,14,reactive,1,SH_BANK_HALL,10.0,7.0,exposure 1.77 > trigger 1.0; routed to SH_BANK_HALL
reactive,12,14,reactive,1,SH_MITSUKOSHI,2.0,7.0,exposure 1.61 > trigger 1.0; routed to SH_MITSUKOSHI
reactive,13,14,reactive,1,SH_BRIDGE_PLAZA,17.0,6.0,exposure 1.72 > trigger 1.0; routed to SH_BRIDGE_PLAZA
reactive,14,14,reactive,1,SH_BRIDGE_PLAZA,17.0,6.0,exposure 1.60 > trigger 1.0; routed to SH_BRIDGE_PLAZA
reactive,15,14,reactive,1,SH_BRIDGE_PLAZA,17.0,6.0,exposure 1.78 > trigger 1.0; routed to SH_BRIDGE_PLAZA
reactive,16,14,reactive,1,SH_MITSUKOSHI,2.0,7.0,exposure 1.77 > trigger 1.0; routed to SH_MITSUKOSHI
reactive,17,14,reactive,1,SH_SUBWAY_EXIT,13.0,3.0,exposure 2.00 > trigger 1.0; routed to SH_SUBWAY_EXIT
reactive,18,14,reactive,1,SH_BRIDGE_PLAZA,17.0,6.0,exposure 1.53 > trigger 1.0; routed to SH_BRIDGE_PLAZA
reactive,19,14,reactive,1,SH_BANK_HALL,10.0,7.0,exposure 2.00 > trigger 1.0; routed to SH_BANK_HALL
reactive,20,14,reactive,1,SH_SUBWAY_EXIT,13.0,3.0,exposure 1.77 > trigger 1.0; routed to SH_SUBWAY_EXIT
reactive,21,14,reactive,1,SH_SUBWAY_EXIT,13.0,3.0,exposure 2.00 > trigger 1.0; routed to SH_SUBWAY_EXIT
reactive,22,14,reactive,1,SH_MITSUKOSHI,2.0,7.0,exposure 1.59 > trigger 1.0; routed to SH_MITSUKOSHI
reactive,23,14,reactive,1,SH_BANK_HALL,10.0,7.0,exposure 1.48 > trigger 1.0; routed to SH_BANK_HALL
reactive,24,14,reactive,1,SH_MITSUKOSHI,2.0,7.0,exposure 1.75 > trigger 1.0; routed to SH_MITSUKOSHI
reactive,25,14,reactive,1,SH_MITSUKOSHI,2.0,7.0,exposure 2.00 > trigger 1.0; routed to SH_MITSUKOSHI
reactive,26,14,reactive,1,SH_MITSUKOSHI,2.0,7.0,exposure 1.54 > trigger 1.0; routed to SH_MITSUKOSHI
reactive,27,14,reactive,1,SH_SUBWAY_EXIT,13.0,3.0,exposure 2.00 > trigger 1.0; routed to SH_SUBWAY_EXIT
reactive,28,14,reactive,1,SH_MITSUKOSHI,2.0,7.0,exposure 1.62 > trigger 1.0; routed to SH_MITSUKOSHI
reactive,29,14,reactive,1,SH_MITSUKOSHI,2.0,7.0,exposure 1.62 > trigger 1.0; routed to SH_MITSUKOSHI
reactive,30,14,reactive,1,SH_BANK_HALL,10.0,7.0,exposure 1.48 > trigger 1.0; routed to SH_BANK_HALL
reactive,31,14,reactive,1,SH_BRIDGE_PLAZA,17.0,6.0,exposure 1.76 > trigger 1.0; routed to SH_BRIDGE_PLAZA
reactive,32,14,reactive,1,SH_MITSUKOSHI,2.0,7.0,exposure 1.79 > trigger 1.0; routed to SH_MITSUKOSHI
reactive,33,14,reactive,1,SH_BRIDGE_PLAZA,17.0,6.0,exposure 1.60 > trigger 1.0; routed to SH_BRIDGE_PLAZA
reactive,34,14,reactive,1,SH_BRIDGE_PLAZA,17.0,6.0,exposure 1.60 > trigger 1.0; routed to SH_BRIDGE_PLAZA
reactive,35,14,reactive,1,SH_BANK_HALL,10.0,7.0,exposure 1.45 > trigger 1.0; routed to SH_BANK_HALL
reactive,36,14,reactive,1,SH_MITSUKOSHI,2.0,7.0,exposure 2.00 > trigger 1.0; routed to SH_MITSUKOSHI
reactive,37,14,reactive,1,SH_MITSUKOSHI,2.0,7.0,exposure 1.78 > trigger 1.0; routed to SH_MITSUKOSHI
reactive,38,14,reactive,1,SH_MITSUKOSHI,2.0,7.0,exposure 1.75 > trigger 1.0; routed to SH_MITSUKOSHI
reactive,39,14,reactive,1,SH_MITSUKOSHI,2.0,7.0,exposure 1.63 > trigger 1.0; routed to SH_MITSUKOSHI
reactive,40,14,reactive,1,SH_BANK_HALL,10.0,7.0,exposure 1.81 > trigger 1.0; routed to SH_BANK_HALL
reactive,41,14,reactive,1,SH_SUBWAY_EXIT,13.0,3.0,exposure 1.79 > trigger 1.0; routed to SH_SUBWAY_EXIT
reactive,42,14,reactive,1,SH_BANK_HALL,10.0,7.0,exposure 1.61 > trigger 1.0; routed to SH_BANK_HALL
reactive,43,14,reactive,1,SH_BRIDGE_PLAZA,17.0,6.0,exposure 1.68 > trigger 1.0; routed to SH_BRIDGE_PLAZA
reactive,44,14,reactive,1,SH_BANK_HALL,10.0,7.0,exposure 2.00 > trigger 1.0; routed to SH_BANK_HALL
reactive,45,14,reactive,1,SH_MITSUKOSHI,2.0,7.0,exposure 2.00 > trigger 1.0; routed to SH_MITSUKOSHI
reactive,46,14,reactive,1,SH_BRIDGE_PLAZA,17.0,6.0,exposure 2.00 > trigger 1.0; routed to SH_BRIDGE_PLAZA
reactive,47,14,reactive,1,SH_BANK_HALL,10.0,7.0,exposure 2.00 > trigger 1.0; routed to SH_BANK_HALL
reactive,48,14,reactive,1,SH_BANK_HALL,10.0,7.0,exposure 1.52 > trigger 1.0; routed to SH_BANK_HALL
reactive,49,14,reactive,1,SH_BRIDGE_PLAZA,17.0,6.0,exposure 1.70 > trigger 1.0; routed to SH_BRIDGE_PLAZA
reactive,50,14,reactive,1,SH_BANK_HALL,10.0,7.0,exposure 1.58 > trigger 1.0; routed to SH_BANK_HALL
reactive,51,14,reactive,1,SH_BANK_HALL,10.0,7.0,exposure 2.00 > trigger 1.0; routed to SH_BANK_HALL
reactive,52,14,reactive,1,SH_BANK_HALL,10.0,7.0,exposure 1.55 > trigger 1.0; routed to SH_BANK_HALL
reactive,53,14,reactive,1,SH_BRIDGE_PLAZA,17.0,6.0,exposure 1.64 > trigger 1.0; routed to SH_BRIDGE_PLAZA
reactive,54,14,reactive,1,SH_MITSUKOSHI,2.0,7.0,exposure 1.78 > trigger 1.0; routed to SH_MITSUKOSHI
reactive,55,14,reactive,1,SH_MITSUKOSHI,2.0,7.0,exposure 2.00 > trigger 1.0; routed to SH_MITSUKOSHI
reactive,56,14,reactive,1,SH_BANK_HALL,10.0,7.0,exposure 2.00 > trigger 1.0; routed to SH_BANK_HALL
reactive,57,14,reactive,1,SH_BANK_HALL,10.0,7.0,exposure 2.00 > trigger 1.0; routed to SH_BANK_HALL
reactive,58,14,reactive,1,SH_MITSUKOSHI,2.0,7.0,exposure 1.74 > trigger 1.0; routed to SH_MITSUKOSHI
reactive,59,14,reactive,1,SH_BANK_HALL,10.0,7.0,exposure 2.00 > trigger 1.0; routed to SH_BANK_HALL
reactive,60,14,reactive,1,SH_BRIDGE_PLAZA,17.0,6.0,exposure 1.72 > trigger 1.0; routed to SH_BRIDGE_PLAZA
reactive,61,14,reactive,1,SH_BANK_HALL,10.0,7.0,exposure 2.00 > trigger 1.0; routed to SH_BANK_HALL
reactive,62,14,reactive,1,SH_MITSUKOSHI,2.0,7.0,exposure 2.00 > trigger 1.0; routed to SH_MITSUKOSHI
reactive,63,14,reactive,1,SH_MITSUKOSHI,2.0,7.0,exposure 1.81 > trigger 1.0; routed to SH_MITSUKOSHI
reactive,64,14,reactive,1,SH_BRIDGE_PLAZA,17.0,6.0,exposure 1.78 > trigger 1.0; routed to SH_BRIDGE_PLAZA
reactive,65,14,reactive,1,SH_BRIDGE_PLAZA,17.0,6.0,exposure 1.56 > trigger 1.0; routed to SH_BRIDGE_PLAZA
reactive,66,14,reactive,1,SH_BANK_HALL,10.0,7.0,exposure 1.50 > trigger 1.0; routed to SH_BANK_HALL
reactive,67,14,reactive,1,SH_MITSUKOSHI,2.0,7.0,exposure 1.75 > trigger 1.0; routed to SH_MITSUKOSHI
reactive,68,14,reactive,1,SH_BRIDGE_PLAZA,17.0,6.0,exposure 2.00 > trigger 1.0; routed to SH_BRIDGE_PLAZA
reactive,69,14,reactive,1,SH_BANK_HALL,10.0,7.0,exposure 2.00 > trigger 1.0; routed to SH_BANK_HALL
reactive,70,14,reactive,1,SH_BANK_HALL,10.0,7.0,exposure 1.62 > trigger 1.0; routed to SH_BANK_HALL
reactive,71,14,reactive,1,SH_BANK_HALL,10.0,7.0,exposure 2.00 > trigger 1.0; routed to SH_BANK_HALL
reactive,72,14,reactive,1,SH_MITSUKOSHI,2.0,7.0,exposure 1.84 > trigger 1.0; routed to SH_MITSUKOSHI
reactive,73,14,reactive,1,SH_BRIDGE_PLAZA,17.0,6.0,exposure 1.77 > trigger 1.0; routed to SH_BRIDGE_PLAZA
reactive,74,14,reactive,1,SH_MITSUKOSHI,2.0,7.0,exposure 1.62 > trigger 1.0; routed to SH_MITSUKOSHI
reactive,75,14,reactive,1,SH_BANK_HALL,10.0,7.0,exposure 2.00 > trigger 1.0; routed to SH_BANK_HALL
reactive,76,14,reactive,1,SH_MITSUKOSHI,2.0,7.0,exposure 1.77 > trigger 1.0; routed to SH_MITSUKOSHI
reactive,77,14,reactive,1,SH_MITSUKOSHI,2.0,7.0,exposure 1.81 > trigger 1.0; routed to SH_MITSUKOSHI
reactive,78,14,reactive,1,SH_BRIDGE_PLAZA,17.0,6.0,exposure 2.00 > trigger 1.0; routed to SH_BRIDGE_PLAZA
reactive,79,14,reactive,1,SH_MITSUKOSHI,2.0,7.0,exposure 1.79 > trigger 1.0; routed to SH_MITSUKOSHI
reactive,80,14,reactive,1,SH_MITSUKOSHI,2.0,7.0,exposure 2.00 > trigger 1.0; routed to SH_MITSUKOSHI
reactive,81,14,reactive,1,SH_BRIDGE_PLAZA,17.0,6.0,exposure 1.76 > trigger 1.0; routed to SH_BRIDGE_PLAZA
reactive,82,14,reactive,1,SH_BRIDGE_PLAZA,17.0,6.0,exposure 2.00 > trigger 1.0; routed to SH_BRIDGE_PLAZA
reactive,83,14,reactive,1,SH_BANK_HALL,10.0,7.0,exposure 2.00 > trigger 1.0; routed to SH_BANK_HALL
reactive,84,14,reactive,1,SH_MITSUKOSHI,2.0,7.0,exposure 1.55 > trigger 1.0; routed to SH_MITSUKOSHI
reactive,85,14,reactive,1,SH_BANK_HALL,10.0,7.0,exposure 1.55 > trigger 1.0; routed to SH_BANK_HALL
reactive,86,14,reactive,1,SH_BANK_HALL,10.0,7.0,exposure 1.79 > trigger 1.0; routed to SH_BANK_HALL
reactive,87,14,reactive,1,SH_BANK_HALL,10.0,7.0,exposure 1.66 > trigger 1.0; routed to SH_BANK_HALL
reactive,88,14,reactive,1,SH_BRIDGE_PLAZA,17.0,6.0,exposure 1.53 > trigger 1.0; routed to SH_BRIDGE_PLAZA
reactive,89,14,reactive,1,SH_BRIDGE_PLAZA,17.0,6.0,exposure 1.84 > trigger 1.0; routed to SH_BRIDGE_PLAZA
reactive,90,14,reactive,1,SH_BANK_HALL,10.0,7.0,exposure 1.55 > trigger 1.0; routed to SH_BANK_HALL
reactive,91,14,reactive,1,SH_BRIDGE_PLAZA,17.0,6.0,exposure 2.00 > trigger 1.0; routed to SH_BRIDGE_PLAZA
reactive,92,14,reactive,1,SH_BRIDGE_PLAZA,17.0,6.0,exposure 1.72 > trigger 1.0; routed to SH_BRIDGE_PLAZA
reactive,93,14,reactive,1,SH_BANK_HALL,10.0,7.0,exposure 1.70 > trigger 1.0; routed to SH_BANK_HALL
reactive,94,14,reactive,1,SH_BANK_HALL,10.0,7.0,exposure 1.52 > trigger 1.0; routed to SH_BANK_HALL
reactive,95,14,reactive,1,SH_BRIDGE_PLAZA,17.0,6.0,exposure 2.00 > trigger 1.0; routed to SH_BRIDGE_PLAZA
reactive,96,14,reactive,1,SH_BANK_HALL,10.0,7.0,exposure 1.56 > trigger 1.0; routed to SH_BANK_HALL
reactive,97,14,reactive,1,SH_BRIDGE_PLAZA,17.0,6.0,exposure 2.00 > trigger 1.0; routed to SH_BRIDGE_PLAZA
reactive,98,14,reactive,1,SH_BRIDGE_PLAZA,17.0,6.0,exposure 1.64 > trigger 1.0; routed to SH_BRIDGE_PLAZA
reactive,99,14,reactive,1,SH_BANK_HALL,10.0,7.0,exposure 1.64 > trigger 1.0; routed to SH_BANK_HALL
reactive,100,14,reactive,1,SH_BRIDGE_PLAZA,17.0,6.0,exposure 2.00 > trigger 1.0; routed to SH_BRIDGE_PLAZA
reactive,101,14,reactive,1,SH_BRIDGE_PLAZA,17.0,6.0,exposure 1.79 > trigger 1.0; routed to SH_BRIDGE_PLAZA
reactive,102,14,reactive,1,SH_BRIDGE_PLAZA,17.0,6.0,exposure 1.58 > trigger 1.0; routed to SH_BRIDGE_PLAZA
reactive,103,14,reactive,1,SH_BRIDGE_PLAZA,17.0,6.0,exposure 2.00 > trigger 1.0; routed to SH_BRIDGE_PLAZA
reactive,104,14,reactive,1,SH_BRIDGE_PLAZA,17.0,6.0,exposure 1.85 > trigger 1.0; routed to SH_BRIDGE_PLAZA
reactive,105,14,reactive,1,SH_BRIDGE_PLAZA,17.0,6.0,exposure 1.51 > trigger 1.0; routed to SH_BRIDGE_PLAZA
reactive,106,14,reactive,1,,,,no feasible shelter (capacity exhausted)
reactive,107,14,reactive,1,,,,no feasible shelter (capacity exhausted)
reactive,108,14,reactive,1,,,,no feasible shelter (capacity exhausted)
reactive,109,14,reactive,1,,,,no feasible shelter (capacity exhausted)
reactive,110,14,reactive,1,,,,no feasible shelter (capacity exhausted)
reactive,111,14,reactive,1,,,,no feasible shelter (capacity exhausted)
reactive,112,14,reactive,1,,,,no feasible shelter (capacity exhausted)
reactive,113,14,reactive,1,,,,no feasible shelter (capacity exhausted)
reactive,114,14,reactive,1,,,,no feasible shelter (capacity exhausted)
reactive,115,14,reactive,1,,,,no feasible shelter (capacity exhausted)
reactive,116,14,reactive,1,,,,no feasible shelter (capacity exhausted)
reactive,117,14,reactive,1,,,,no feasible shelter (capacity exhausted)
reactive,118,14,reactive,1,,,,no feasible shelter (capacity exhausted)
reactive,119,14,reactive,1,,,,no feasible shelter (capacity exhausted)
reactive,120,14,reactive,1,,,,no feasible shelter (capacity exhausted)
reactive,121,14,reactive,1,,,,no feasible shelter (capacity exhausted)
reactive,122,14,reactive,1,,,,no feasible shelter (capacity exhausted)
reactive,123,14,reactive,1,,,,no feasible shelter (capacity exhausted)
reactive,124,14,reactive,1,,,,no feasible shelter (capacity exhausted)
reactive,125,14,reactive,1,,,,no feasible shelter (capacity exhausted)
reactive,126,14,reactive,1,,,,no feasible shelter (capacity exhausted)
reactive,127,14,reactive,1,,,,no feasible shelter (capacity exhausted)
reactive,128,14,reactive,1,,,,no feasible shelter (capacity exhausted)
reactive,129,14,reactive,1,,,,no feasible shelter (capacity exhausted)
reactive,130,14,reactive,1,,,,no feasible shelter (capacity exhausted)
reactive,131,14,reactive,1,,,,no feasible shelter (capacity exhausted)
reactive,132,14,reactive,1,,,,no feasible shelter (capacity exhausted)
reactive,133,14,reactive,1,,,,no feasible shelter (capacity exhausted)
reactive,134,14,reactive,1,,,,no feasible shelter (capacity exhausted)
reactive,135,14,reactive,1,,,,no feasible shelter (capacity exhausted)
reactive,136,14,reactive,1,,,,no feasible shelter (capacity exhausted)
reactive,137,14,reactive,1,,,,no feasible shelter (capacity exhausted)
reactive,138,14,reactive,1,,,,no feasible shelter (capacity exhausted)
reactive,139,14,reactive,1,,,,no feasible shelter (capacity exhausted)
reactive,140,14,reactive,1,,,,no feasible shelter (capacity exhausted)
reactive,141,14,reactive,1,,,,no feasible shelter (capacity exhausted)
reactive,142,14,reactive,1,,,,no feasible shelter (capacity exhausted)
reactive,143,14,reactive,1,,,,no feasible shelter (capacity exhausted)
reactive,144,14,reactive,1,,,,no feasible shelter (capacity exhausted)
reactive,145,14,reactive,1,,,,no feasible shelter (capacity exhausted)
reactive,146,14,reactive,1,,,,no feasible shelter (capacity exhausted)
reactive,147,14,reactive,1,,,,no feasible shelter (capacity exhausted)
reactive,148,14,reactive,1,,,,no feasible shelter (capacity exhausted)
reactive,149,14,reactive,1,,,,no feasible shelter (capacity exhausted)
reactive,150,14,reactive,1,,,,no feasible shelter (capacity exhausted)
reactive,151,14,reactive,1,,,,no feasible shelter (capacity exhausted)
reactive,152,14,reactive,1,,,,no feasible shelter (capacity exhausted)
reactive,153,14,reactive,1,,,,no feasible shelter (capacity exhausted)
reactive,154,14,reactive,1,,,,no feasible shelter (capacity exhausted)
reactive,155,14,reactive,1,,,,no feasible shelter (capacity exhausted)
reactive,156,14,reactive,1,,,,no feasible shelter (capacity exhausted)
reactive,157,14,reactive,1,,,,no feasible shelter (capacity exhausted)
reactive,158,14,reactive,1,,,,no feasible shelter (capacity exhausted)
reactive,159,14,reactive,1,,,,no feasible shelter (capacity exhausted)
reactive,160,14,reactive,1,,,,no feasible shelter (capacity exhausted)
reactive,161,14,reactive,1,,,,no feasible shelter (capacity exhausted)
reactive,162,14,reactive,1,,,,no feasible shelter (capacity exhausted)
reactive,163,14,reactive,1,,,,no feasible shelter (capacity exhausted)
reactive,164,14,reactive,1,,,,no feasible shelter (capacity exhausted)
reactive,165,14,reactive,1,,,,no feasible shelter (capacity exhausted)
reactive,166,14,reactive,1,,,,no feasible shelter (capacity exhausted)
reactive,167,14,reactive,1,,,,no feasible shelter (capacity exhausted)
reactive,168,14,reactive,1,,,,no feasible shelter (capacity exhausted)
reactive,169,14,reactive,1,,,,no feasible shelter (capacity exhausted)
reactive,170,14,reactive,1,,,,no feasible shelter (capacity exhausted)
reactive,171,14,reactive,1,,,,no feasible shelter (capacity exhausted)
reactive,172,14,reactive,1,,,,no feasible shelter (capacity exhausted)
reactive,173,14,reactive,1,,,,no feasible shelter (capacity exhausted)
reactive,174,14,reactive,1,,,,no feasible shelter (capacity exhausted)
reactive,175,14,reactive,1,,,,no feasible shelter (capacity exhausted)
reactive,176,14,reactive,1,,,,no feasible shelter (capacity exhausted)
reactive,177,14,reactive,1,,,,no feasible shelter (capacity exhausted)
reactive,178,14,reactive,1,,,,no feasible shelter (capacity exhausted)
reactive,179,14,reactive,1,,,,no feasible shelter (capacity exhausted)
reactive,180,14,reactive,1,,,,no feasible shelter (capacity exhausted)
reactive,181,14,reactive,1,,,,no feasible shelter (capacity exhausted)
reactive,182,14,reactive,1,,,,no feasible shelter (capacity exhausted)
reactive,183,14,reactive,1,,,,no feasible shelter (capacity exhausted)
reactive,184,14,reactive,1,,,,no feasible shelter (capacity exhausted)
reactive,185,14,reactive,1,,,,no feasible shelter (capacity exhausted)
reactive,186,14,reactive,1,,,,no feasible shelter (capacity exhausted)
reactive,187,14,reactive,1,,,,no feasible shelter (capacity exhausted)
reactive,188,14,reactive,1,,,,no feasible shelter (capacity exhausted)
reactive,189,14,reactive,1,,,,no feasible shelter (capacity exhausted)
reactive,190,14,reactive,1,,,,no feasible shelter (capacity exhausted)
reactive,191,14,reactive,1,,,,no feasible shelter (capacity exhausted)
reactive,192,14,reactive,1,,,,no feasible shelter (capacity exhausted)
reactive,193,14,reactive,1,,,,no feasible shelter (capacity exhausted)
reactive,194,14,reactive,1,,,,no feasible shelter (capacity exhausted)
reactive,195,14,reactive,1,,,,no feasible shelter (capacity exhausted)
reactive,196,14,reactive,1,,,,no feasible shelter (capacity exhausted)
reactive,197,14,reactive,1,,,,no feasible shelter (capacity exhausted)
reactive,198,14,reactive,1,,,,no feasible shelter (capacity exhausted)
reactive,199,14,reactive,1,,,,no feasible shelter (capacity exhausted)
reactive,200,14,reactive,1,,,,no feasible shelter (capacity exhausted)
reactive,201,14,reactive,1,,,,no feasible shelter (capacity exhausted)
reactive,202,14,reactive,1,,,,no feasible shelter (capacity exhausted)
reactive,203,14,reactive,1,,,,no feasible shelter (capacity exhausted)
reactive,204,14,reactive,1,,,,no feasible shelter (capacity exhausted)
reactive,205,14,reactive,1,,,,no feasible shelter (capacity exhausted)
reactive,206,14,reactive,1,,,,no feasible shelter (capacity exhausted)
reactive,207,14,reactive,1,,,,no feasible shelter (capacity exhausted)
reactive,208,14,reactive,1,,,,no feasible shelter (capacity exhausted)
reactive,209,14,reactive,1,,,,no feasible shelter (capacity exhausted)
reactive,210,14,reactive,1,,,,no feasible shelter (capacity exhausted)
reactive,211,14,reactive,1,,,,no feasible shelter (capacity exhausted)
reactive,212,14,reactive,1,,,,no feasible shelter (capacity exhausted)
reactive,213,14,reactive,1,,,,no feasible shelter (capacity exhausted)
reactive,214,14,reactive,1,,,,no feasible shelter (capacity exhausted)
reactive,215,14,reactive,1,,,,no feasible shelter (capacity exhausted)
reactive,216,14,reactive,1,,,,no feasible shelter (capacity exhausted)
reactive,217,14,reactive,1,,,,no feasible shelter (capacity exhausted)
reactive,218,14,reactive,1,,,,no feasible shelter (capacity exhausted)
reactive,219,14,reactive,1,,,,no feasible shelter (capacity exhausted)
reactive,220,14,reactive,1,,,,no feasible shelter (capacity exhausted)
reactive,221,14,reactive,1,,,,no feasible shelter (capacity exhausted)
reactive,222,14,reactive,1,,,,no feasible shelter (capacity exhausted)
reactive,223,14,reactive,1,,,,no feasible shelter (capacity exhausted)
reactive,224,14,reactive,1,,,,no feasible shelter (capacity exhausted)
reactive,225,14,reactive,1,,,,no feasible shelter (capacity exhausted)
reactive,226,14,reactive,1,,,,no feasible shelter (capacity exhausted)
reactive,227,14,reactive,1,,,,no feasible shelter (capacity exhausted)
reactive,228,14,reactive,1,,,,no feasible shelter (capacity exhausted)
reactive,229,14,reactive,1,,,,no feasible shelter (capacity exhausted)
reactive,230,14,reactive,1,,,,no feasible shelter (capacity exhausted)
reactive,231,14,reactive,1,,,,no feasible shelter (capacity exhausted)
reactive,232,14,reactive,1,,,,no feasible shelter (capacity exhausted)
reactive,233,14,reactive,1,,,,no feasible shelter (capacity exhausted)
reactive,234,14,reactive,1,,,,no feasible shelter (capacity exhausted)
reactive,235,14,reactive,1,,,,no feasible shelter (capacity exhausted)
reactive,236,14,reactive,1,,,,no feasible shelter (capacity exhausted)
reactive,237,14,reactive,1,,,,no feasible shelter (capacity exhausted)
reactive,238,14,reactive,1,,,,no feasible shelter (capacity exhausted)
reactive,239,14,reactive,1,,,,no feasible shelter (capacity exhausted)
reactive,0,15,reactive,1,SH_COREDO,6.0,2.0,exposure 2.00 > trigger 1.0; routed to SH_COREDO
reactive,1,15,reactive,1,SH_BRIDGE_PLAZA,17.0,6.0,exposure 1.66 > trigger 1.0; routed to SH_BRIDGE_PLAZA
reactive,2,15,reactive,1,SH_COREDO,6.0,2.0,exposure 1.83 > trigger 1.0; routed to SH_COREDO
reactive,3,15,reactive,1,SH_BRIDGE_PLAZA,17.0,6.0,exposure 2.00 > trigger 1.0; routed to SH_BRIDGE_PLAZA
reactive,4,15,reactive,1,SH_COREDO,6.0,2.0,exposure 1.96 > trigger 1.0; routed to SH_COREDO
reactive,5,15,reactive,1,SH_COREDO,6.0,2.0,exposure 2.00 > trigger 1.0; routed to SH_COREDO
reactive,6,15,reactive,1,SH_COREDO,6.0,2.0,exposure 2.00 > trigger 1.0; routed to SH_COREDO
reactive,7,15,reactive,1,SH_SUBWAY_EXIT,13.0,3.0,exposure 1.76 > trigger 1.0; routed to SH_SUBWAY_EXIT
reactive,8,15,reactive,1,SH_COREDO,6.0,2.0,exposure 2.00 > trigger 1.0; routed to SH_COREDO
reactive,9,15,reactive,1,SH_COREDO,6.0,2.0,exposure 1.74 > trigger 1.0; routed to SH_COREDO
reactive,10,15,reactive,1,SH_SUBWAY_EXIT,13.0,3.0,exposure 1.75 > trigger 1.0; routed to SH_SUBWAY_EXIT
reactive,11,15,reactive,1,SH_BANK_HALL,10.0,7.0,exposure 1.83 > trigger 1.0; routed to SH_BANK_HALL
reactive,12,15,reactive,1,SH_BANK_HALL,10.0,7.0,exposure 1.62 > trigger 1.0; routed to SH_BANK_HALL
reactive,13,15,reactive,1,SH_BRIDGE_PLAZA,17.0,6.0,exposure 1.76 > trigger 1.0; routed to SH_BRIDGE_PLAZA
reactive,14,15,reactive,1,SH_BRIDGE_PLAZA,17.0,6.0,exposure 1.63 > trigger 1.0; routed to SH_BRIDGE_PLAZA
reactive,15,15,reactive,1,SH_BRIDGE_PLAZA,17.0,6.0,exposure 1.82 > trigger 1.0; routed to SH_BRIDGE_PLAZA
reactive,16,15,reactive,1,SH_COREDO,6.0,2.0,exposure 1.81 > trigger 1.0; routed to SH_COREDO
reactive,17,15,reactive,1,SH_SUBWAY_EXIT,13.0,3.0,exposure 2.00 > trigger 1.0; routed to SH_SUBWAY_EXIT
reactive,18,15,reactive,1,SH_BRIDGE_PLAZA,17.0,6.0,exposure 1.53 > trigger 1.0; routed to SH_BRIDGE_PLAZA
reactive,19,15,reactive,1,SH_BANK_HALL,10.0,7.0,exposure 1.98 > trigger 1.0; routed to SH_BANK_HALL
reactive,20,15,reactive,1,SH_SUBWAY_EXIT,13.0,3.0,exposure 1.82 > trigger 1.0; routed to SH_SUBWAY_EXIT
reactive,21,15,reactive,1,SH_SUBWAY_EXIT,13.0,3.0,exposure 2.00 > trigger 1.0; routed to SH_SUBWAY_EXIT
reactive,22,15,reactive,1,SH_COREDO,6.0,2.0,exposure 1.64 > trigger 1.0; routed to SH_COREDO
reactive,23,15,reactive,1,SH_BRIDGE_PLAZA,17.0,6.0,exposure 1.59 > trigger 1.0; routed to SH_BRIDGE_PLAZA
reactive,24,15,reactive,1,SH_COREDO,6.0,2.0,exposure 1.80 > trigger 1.0; routed to SH_COREDO
reactive,25,15,reactive,1,SH_COREDO,6.0,2.0,exposure 2.00 > trigger 1.0; routed to SH_COREDO
reactive,26,15,reactive,1,SH_COREDO,6.0,2.0,exposure 1.60 > trigger 1.0; routed to SH_COREDO
reactive,27,15,reactive,1,SH_COREDO,6.0,2.0,exposure 1.96 > trigger 1.0; routed to SH_COREDO
reactive,28,15,reactive,1,SH_COREDO,6.0,2.0,exposure 1.64 > trigger 1.0; routed to SH_COREDO
reactive,29,15,reactive,1,SH_COREDO,6.0,2.0,exposure 1.57 > trigger 1.0; routed to SH_COREDO
reactive,30,15,reactive,1,SH_BRIDGE_PLAZA,17.0,6.0,exposure 1.59 > trigger 1.0; routed to SH_BRIDGE_PLAZA
reactive,31,15,reactive,1,SH_BRIDGE_PLAZA,17.0,6.0,exposure 1.80 > trigger 1.0; routed to SH_BRIDGE_PLAZA
reactive,32,15,reactive,1,SH_COREDO,6.0,2.0,exposure 1.79 > trigger 1.0; routed to SH_COREDO
reactive,33,15,reactive,1,SH_BRIDGE_PLAZA,17.0,6.0,exposure 1.64 > trigger 1.0; routed to SH_BRIDGE_PLAZA
reactive,34,15,reactive,1,SH_BRIDGE_PLAZA,17.0,6.0,exposure 1.64 > trigger 1.0; routed to SH_BRIDGE_PLAZA
reactive,35,15,reactive,1,SH_COREDO,6.0,2.0,exposure 1.64 > trigger 1.0; routed to SH_COREDO
reactive,36,15,reactive,1,SH_COREDO,6.0,2.0,exposure 2.00 > trigger 1.0; routed to SH_COREDO
reactive,37,15,reactive,1,SH_COREDO,6.0,2.0,exposure 1.83 > trigger 1.0; routed to SH_COREDO
reactive,38,15,reactive,1,SH_COREDO,6.0,2.0,exposure 1.76 > trigger 1.0; routed to SH_COREDO
reactive,39,15,reactive,1,SH_COREDO,6.0,2.0,exposure 1.60 > trigger 1.0; routed to SH_COREDO
reactive,40,15,reactive,1,SH_COREDO,6.0,2.0,exposure 1.75 > trigger 1.0; routed to SH_COREDO
reactive,41,15,reactive,1,SH_COREDO,6.0,2.0,exposure 1.84 > trigger 1.0; routed to SH_COREDO
reactive,42,15,reactive,1,SH_SUBWAY_EXIT,13.0,3.0,exposure 1.60 > trigger 1.0; routed to SH_SUBWAY_EXIT
reactive,43,15,reactive,1,SH_SUBWAY_EXIT,13.0,3.0,exposure 1.57 > trigger 1.0; routed to SH_SUBWAY_EXIT
reactive,44,15,reactive,1,SH_SUBWAY_EXIT,13.0,3.0,exposure 1.98 > trigger 1.0; routed to SH_SUBWAY_EXIT
reactive,45,15,reactive,1,SH_COREDO,6.0,2.0,exposure 2.00 > trigger 1.0; routed to SH_COREDO
reactive,46,15,reactive,1,SH_SUBWAY_EXIT,13.0,3.0,exposure 2.00 > trigger 1.0; routed to SH_SUBWAY_EXIT
reactive,47,15,reactive,1,SH_SUBWAY_EXIT,13.0,3.0,exposure 2.00 > trigger 1.0; routed to SH_SUBWAY_EXIT
reactive,48,15,reactive,1,SH_SUBWAY_EXIT,13.0,3.0,exposure 1.59 > trigger 1.0; routed to SH_SUBWAY_EXIT
reactive,49,15,reactive,1,SH_SUBWAY_EXIT,13.0,3.0,exposure 1.84 > trigger 1.0; routed to SH_SUBWAY_EXIT
reactive,50,15,reactive,1,SH_SUBWAY_EXIT,13.0,3.0,exposure 1.58 > trigger 1.0; routed to SH_SUBWAY_EXIT
reactive,51,15,reactive,1,SH_SUBWAY_EXIT,13.0,3.0,exposure 2.00 > trigger 1.0; routed to SH_SUBWAY_EXIT
reactive,52,15,reactive,1,SH_COREDO,6.0,2.0,exposure 1.58 > trigger 1.0; routed to SH_COREDO
reactive,53,15,reactive,1,SH_SUBWAY_EXIT,13.0,3.0,exposure 1.65 > trigger 1.0; routed to SH_SUBWAY_EXIT
reactive,54,15,reactive,1,SH_COREDO,6.0,2.0,exposure 1.74 > trigger 1.0; routed to SH_COREDO
reactive,55,15,reactive,1,SH_COREDO,6.0,2.0,exposure 2.00 > trigger 1.0; routed to SH_COREDO
reactive,56,15,reactive,1,SH_SUBWAY_EXIT,13.0,3.0,exposure 2.00 > trigger 1.0; routed to SH_SUBWAY_EXIT
reactive,57,15,reactive,1,SH_COREDO,6.0,2.0,exposure 2.00 > trigger 1.0; routed to SH_COREDO
reactive,58,15,reactive,1,SH_COREDO,6.0,2.0,exposure 1.69 > trigger 1.0; routed to SH_COREDO
reactive,59,15,reactive,1,SH_SUBWAY_EXIT,13.0,3.0,exposure 2.00 > trigger 1.0; routed to SH_SUBWAY_EXIT
reactive,60,15,reactive,1,SH_SUBWAY_EXIT,13.0,3.0,exposure 1.76 > trigger 1.0; routed to SH_SUBWAY_EXIT
reactive,61,15,reactive,1,SH_SUBWAY_EXIT,13.0,3.0,exposure 2.00 > trigger 1.0; routed to SH_SUBWAY_EXIT
reactive,62,15,reactive,1,SH_COREDO,6.0,2.0,exposure 2.00 > trigger 1.0; routed to SH_COREDO
reactive,63,15,reactive,1,SH_COREDO,6.0,2.0,exposure 1.80 > trigger 1.0; routed to SH_COREDO
reactive,64,15,reactive,1,SH_SUBWAY_EXIT,13.0,3.0,exposure 1.75 > trigger 1.0; routed to SH_SUBWAY_EXIT
reactive,65,15,reactive,1,SH_SUBWAY_EXIT,13.0,3.0,exposure 1.59 > trigger 1.0; routed to SH_SUBWAY_EXIT
reactive,66,15,reactive,1,SH_COREDO,6.0,2.0,exposure 1.58 > trigger 1.0; routed to SH_COREDO
reactive,67,15,reactive,1,SH_COREDO,6.0,2.0,exposure 1.76 > trigger 1.0; routed to SH_COREDO
reactive,68,15,reactive,1,SH_SUBWAY_EXIT,13.0,3.0,exposure 2.00 > trigger 1.0; routed to SH_SUBWAY_EXIT
reactive,69,15,reactive,1,SH_SUBWAY_EXIT,13.0,3.0,exposure 2.00 > trigger 1.0; routed to SH_SUBWAY_EXIT
reactive,70,15,reactive,1,SH_COREDO,6.0,2.0,exposure 1.55 > trigger 1.0; routed to SH_COREDO
reactive,71,15,reactive,1,SH_SUBWAY_EXIT,13.0,3.0,exposure 2.00 > trigger 1.0; routed to SH_SUBWAY_EXIT
reactive,72,15,reactive,1,SH_SUBWAY_EXIT,13.0,3.0,exposure 1.83 > trigger 1.0; routed to SH_SUBWAY_EXIT
reactive,73,15,reactive,1,SH_SUBWAY_EXIT,13.0,3.0,exposure 1.82 > trigger 1.0; routed to SH_SUBWAY_EXIT
reactive,74,15,reactive,1,SH_SUBWAY_EXIT,13.0,3.0,exposure 1.57 > trigger 1.0; routed to SH_SUBWAY_EXIT
reactive,75,15,reactive,1,SH_SUBWAY_EXIT,13.0,3.0,exposure 2.00 > trigger 1.0; routed to SH_SUBWAY_EXIT
reactive,76,15,reactive,1,,,,no feasible shelter (capacity exhausted)
reactive,77,15,reactive,1,,,,no feasible shelter (capacity exhausted)
reactive,78,15,reactive,1,,,,no feasible shelter (capacity exhausted)
reactive,79,15,reactive,1,,,,no feasible shelter (capacity exhausted)
reactive,80,15,reactive,1,,,,no feasible shelter (capacity exhausted)
reactive,81,15,reactive,1,,,,no feasible shelter (capacity exhausted)
reactive,82,15,reactive,1,,,,no feasible shelter (capacity exhausted)
reactive,83,15,reactive,1,,,,no feasible shelter (capacity exhausted)
reactive,84,15,reactive,1,,,,no feasible shelter (capacity exhausted)
reactive,85,15,reactive,1,,,,no feasible shelter (capacity exhausted)
reactive,86,15,reactive,1,,,,no feasible shelter (capacity exhausted)
reactive,87,15,reactive,1,,,,no feasible shelter (capacity exhausted)
reactive,88,15,reactive,1,,,,no feasible shelter (capacity exhausted)
reactive,89,15,reactive,1,,,,no feasible shelter (capacity exhausted)
reactive,90,15,reactive,1,,,,no feasible shelter (capacity exhausted)
reactive,91,15,reactive,1,,,,no feasible shelter (capacity exhausted)
reactive,92,15,reactive,1,,,,no feasible shelter (capacity exhausted)
reactive,93,15,reactive,1,,,,no feasible shelter (capacity exhausted)
reactive,94,15,reactive,1,,,,no feasible shelter (capacity exhausted)
reactive,95,15,reactive,1,,,,no feasible shelter (capacity exhausted)
reactive,96,15,reactive,1,,,,no feasible shelter (capacity exhausted)
reactive,97,15,reactive,1,,,,no feasible shelter (capacity exhausted)
reactive,98,15,reactive,1,,,,no feasible shelter (capacity exhausted)
reactive,99,15,reactive,1,,,,no feasible shelter (capacity exhausted)
reactive,100,15,reactive,1,,,,no feasible shelter (capacity exhausted)
reactive,101,15,reactive,1,,,,no feasible shelter (capacity exhausted)
reactive,102,15,reactive,1,,,,no feasible shelter (capacity exhausted)
reactive,103,15,reactive,1,,,,no feasible shelter (capacity exhausted)
reactive,104,15,reactive,1,,,,no feasible shelter (capacity exhausted)
reactive,105,15,reactive,1,,,,no feasible shelter (capacity exhausted)
reactive,106,15,reactive,1,,,,no feasible shelter (capacity exhausted)
reactive,107,15,reactive,1,,,,no feasible shelter (capacity exhausted)
reactive,108,15,reactive,1,,,,no feasible shelter (capacity exhausted)
reactive,109,15,reactive,1,,,,no feasible shelter (capacity exhausted)
reactive,110,15,reactive,1,,,,no feasible shelter (capacity exhausted)
reactive,111,15,reactive,1,,,,no feasible shelter (capacity exhausted)
reactive,112,15,reactive,1,,,,no feasible shelter (capacity exhausted)
reactive,113,15,reactive,1,,,,no feasible shelter (capacity exhausted)
reactive,114,15,reactive,1,,,,no feasible shelter (capacity exhausted)
reactive,115,15,reactive,1,,,,no feasible shelter (capacity exhausted)
reactive,116,15,reactive,1,,,,no feasible shelter (capacity exhausted)
reactive,117,15,reactive,1,,,,no feasible shelter (capacity exhausted)
reactive,118,15,reactive,1,,,,no feasible shelter (capacity exhausted)
reactive,119,15,reactive,1,,,,no feasible shelter (capacity exhausted)
reactive,120,15,reactive,1,,,,no feasible shelter (capacity exhausted)
reactive,121,15,reactive,1,,,,no feasible shelter (capacity exhausted)
reactive,122,15,reactive,1,,,,no feasible shelter (capacity exhausted)
reactive,123,15,reactive,1,,,,no feasible shelter (capacity exhausted)
reactive,124,15,reactive,1,,,,no feasible shelter (capacity exhausted)
reactive,125,15,reactive,1,,,,no feasible shelter (capacity exhausted)
reactive,126,15,reactive,1,,,,no feasible shelter (capacity exhausted)
reactive,127,15,reactive,1,,,,no feasible shelter (capacity exhausted)
reactive,128,15,reactive,1,,,,no feasible shelter (capacity exhausted)
reactive,129,15,reactive,1,,,,no feasible shelter (capacity exhausted)
reactive,130,15,reactive,1,,,,no feasible shelter (capacity exhausted)
reactive,131,15,reactive,1,,,,no feasible shelter (capacity exhausted)
reactive,132,15,reactive,1,,,,no feasible shelter (capacity exhausted)
reactive,133,15,reactive,1,,,,no feasible shelter (capacity exhausted)
reactive,134,15,reactive,1,,,,no feasible shelter (capacity exhausted)
reactive,135,15,reactive,1,,,,no feasible shelter (capacity exhausted)
reactive,136,15,reactive,1,,,,no feasible shelter (capacity exhausted)
reactive,137,15,reactive,1,,,,no feasible shelter (capacity exhausted)
reactive,138,15,reactive,1,,,,no feasible shelter (capacity exhausted)
reactive,139,15,reactive,1,,,,no feasible shelter (capacity exhausted)
reactive,140,15,reactive,1,,,,no feasible shelter (capacity exhausted)
reactive,141,15,reactive,1,,,,no feasible shelter (capacity exhausted)
reactive,142,15,reactive,1,,,,no feasible shelter (capacity exhausted)
reactive,143,15,reactive,1,,,,no feasible shelter (capacity exhausted)
reactive,144,15,reactive,1,,,,no feasible shelter (capacity exhausted)
reactive,145,15,reactive,1,,,,no feasible shelter (capacity exhausted)
reactive,146,15,reactive,1,,,,no feasible shelter (capacity exhausted)
reactive,147,15,reactive,1,,,,no feasible shelter (capacity exhausted)
reactive,148,15,reactive,1,,,,no feasible shelter (capacity exhausted)
reactive,149,15,reactive,1,,,,no feasible shelter (capacity exhausted)
reactive,150,15,reactive,1,,,,no feasible shelter (capacity exhausted)
reactive,151,15,reactive,1,,,,no feasible shelter (capacity exhausted)
reactive,152,15,reactive,1,,,,no feasible shelter (capacity exhausted)
reactive,153,15,reactive,1,,,,no feasible shelter (capacity exhausted)
reactive,154,15,reactive,1,,,,no feasible shelter (capacity exhausted)
reactive,155,15,reactive,1,,,,no feasible shelter (capacity exhausted)
reactive,156,15,reactive,1,,,,no feasible shelter (capacity exhausted)
reactive,157,15,reactive,1,,,,no feasible shelter (capacity exhausted)
reactive,158,15,reactive,1,,,,no feasible shelter (capacity exhausted)
reactive,159,15,reactive,1,,,,no feasible shelter (capacity exhausted)
reactive,160,15,reactive,1,,,,no feasible shelter (capacity exhausted)
reactive,161,15,reactive,1,,,,no feasible shelter (capacity exhausted)
reactive,162,15,reactive,1,,,,no feasible shelter (capacity exhausted)
reactive,163,15,reactive,1,,,,no feasible shelter (capacity exhausted)
reactive,164,15,reactive,1,,,,no feasible shelter (capacity exhausted)
reactive,165,15,reactive,1,,,,no feasible shelter (capacity exhausted)
reactive,166,15,reactive,1,,,,no feasible shelter (capacity exhausted)
reactive,167,15,reactive,1,,,,no feasible shelter (capacity exhausted)
reactive,168,15,reactive,1,,,,no feasible shelter (capacity exhausted)
reactive,169,15,reactive,1,,,,no feasible shelter (capacity exhausted)
reactive,170,15,reactive,1,,,,no feasible shelter (capacity exhausted)
reactive,171,15,reactive,1,,,,no feasible shelter (capacity exhausted)
reactive,172,15,reactive,1,,,,no feasible shelter (capacity exhausted)
reactive,173,15,reactive,1,,,,no feasible shelter (capacity exhausted)
reactive,174,15,reactive,1,,,,no feasible shelter (capacity exhausted)
reactive,175,15,reactive,1,,,,no feasible shelter (capacity exhausted)
reactive,176,15,reactive,1,,,,no feasible shelter (capacity exhausted)
reactive,177,15,reactive,1,,,,no feasible shelter (capacity exhausted)
reactive,178,15,reactive,1,,,,no feasible shelter (capacity exhausted)
reactive,179,15,reactive,1,,,,no feasible shelter (capacity exhausted)
reactive,180,15,reactive,1,,,,no feasible shelter (capacity exhausted)
reactive,181,15,reactive,1,,,,no feasible shelter (capacity exhausted)
reactive,182,15,reactive,1,,,,no feasible shelter (capacity exhausted)
reactive,183,15,reactive,1,,,,no feasible shelter (capacity exhausted)
reactive,184,15,reactive,1,,,,no feasible shelter (capacity exhausted)
reactive,185,15,reactive,1,,,,no feasible shelter (capacity exhausted)
reactive,186,15,reactive,1,,,,no feasible shelter (capacity exhausted)
reactive,187,15,reactive,1,,,,no feasible shelter (capacity exhausted)
reactive,188,15,reactive,1,,,,no feasible shelter (capacity exhausted)
reactive,189,15,reactive,1,,,,no feasible shelter (capacity exhausted)
reactive,190,15,reactive,1,,,,no feasible shelter (capacity exhausted)
reactive,191,15,reactive,1,,,,no feasible shelter (capacity exhausted)
reactive,192,15,reactive,1,,,,no feasible shelter (capacity exhausted)
reactive,193,15,reactive,1,,,,no feasible shelter (capacity exhausted)
reactive,194,15,reactive,1,,,,no feasible shelter (capacity exhausted)
reactive,195,15,reactive,1,,,,no feasible shelter (capacity exhausted)
reactive,196,15,reactive,1,,,,no feasible shelter (capacity exhausted)
reactive,197,15,reactive,1,,,,no feasible shelter (capacity exhausted)
reactive,198,15,reactive,1,,,,no feasible shelter (capacity exhausted)
reactive,199,15,reactive,1,,,,no feasible shelter (capacity exhausted)
reactive,200,15,reactive,1,,,,no feasible shelter (capacity exhausted)
reactive,201,15,reactive,1,,,,no feasible shelter (capacity exhausted)
reactive,202,15,reactive,1,,,,no feasible shelter (capacity exhausted)
reactive,203,15,reactive,1,,,,no feasible shelter (capacity exhausted)
reactive,204,15,reactive,1,,,,no feasible shelter (capacity exhausted)
reactive,205,15,reactive,1,,,,no feasible shelter (capacity exhausted)
reactive,206,15,reactive,1,,,,no feasible shelter (capacity exhausted)
reactive,207,15,reactive,1,,,,no feasible shelter (capacity exhausted)
reactive,208,15,reactive,1,,,,no feasible shelter (capacity exhausted)
reactive,209,15,reactive,1,,,,no feasible shelter (capacity exhausted)
reactive,210,15,reactive,1,,,,no feasible shelter (capacity exhausted)
reactive,211,15,reactive,1,,,,no feasible shelter (capacity exhausted)
reactive,212,15,reactive,1,,,,no feasible shelter (capacity exhausted)
reactive,213,15,reactive,1,,,,no feasible shelter (capacity exhausted)
reactive,214,15,reactive,1,,,,no feasible shelter (capacity exhausted)
reactive,215,15,reactive,1,,,,no feasible shelter (capacity exhausted)
reactive,216,15,reactive,1,,,,no feasible shelter (capacity exhausted)
reactive,217,15,reactive,1,,,,no feasible shelter (capacity exhausted)
reactive,218,15,reactive,1,,,,no feasible shelter (capacity exhausted)
reactive,219,15,reactive,1,,,,no feasible shelter (capacity exhausted)
reactive,220,15,reactive,1,,,,no feasible shelter (capacity exhausted)
reactive,221,15,reactive,1,,,,no feasible shelter (capacity exhausted)
reactive,222,15,reactive,1,,,,no feasible shelter (capacity exhausted)
reactive,223,15,reactive,1,,,,no feasible shelter (capacity exhausted)
reactive,224,15,reactive,1,,,,no feasible shelter (capacity exhausted)
reactive,225,15,reactive,1,,,,no feasible shelter (capacity exhausted)
reactive,226,15,reactive,1,,,,no feasible shelter (capacity exhausted)
reactive,227,15,reactive,1,,,,no feasible shelter (capacity exhausted)
reactive,228,15,reactive,1,,,,no feasible shelter (capacity exhausted)
reactive,229,15,reactive,1,,,,no feasible shelter (capacity exhausted)
reactive,230,15,reactive,1,,,,no feasible shelter (capacity exhausted)
reactive,231,15,reactive,1,,,,no feasible shelter (capacity exhausted)
reactive,232,15,reactive,1,,,,no feasible shelter (capacity exhausted)
reactive,233,15,reactive,1,,,,no feasible shelter (capacity exhausted)
reactive,234,15,reactive,1,,,,no feasible shelter (capacity exhausted)
reactive,235,15,reactive,1,,,,no feasible shelter (capacity exhausted)
reactive,236,15,reactive,1,,,,no feasible shelter (capacity exhausted)
reactive,237,15,reactive,1,,,,no feasible shelter (capacity exhausted)
reactive,238,15,reactive,1,,,,no feasible shelter (capacity exhausted)
reactive,239,15,reactive,1,,,,no feasible shelter (capacity exhausted)
reactive,0,16,reactive,1,SH_COREDO,6.0,2.0,exposure 1.94 > trigger 1.0; routed to SH_COREDO
reactive,1,16,reactive,1,SH_BRIDGE_PLAZA,17.0,6.0,exposure 1.45 > trigger 1.0; routed to SH_BRIDGE_PLAZA
reactive,2,16,reactive,1,SH_COREDO,6.0,2.0,exposure 1.70 > trigger 1.0; routed to SH_COREDO
reactive,3,16,reactive,1,SH_BRIDGE_PLAZA,17.0,6.0,exposure 2.00 > trigger 1.0; routed to SH_BRIDGE_PLAZA
reactive,4,16,reactive,1,SH_COREDO,6.0,2.0,exposure 2.00 > trigger 1.0; routed to SH_COREDO
reactive,5,16,reactive,1,SH_COREDO,6.0,2.0,exposure 1.91 > trigger 1.0; routed to SH_COREDO
reactive,6,16,reactive,1,SH_COREDO,6.0,2.0,exposure 1.96 > trigger 1.0; routed to SH_COREDO
reactive,7,16,reactive,1,SH_SUBWAY_EXIT,13.0,3.0,exposure 1.65 > trigger 1.0; routed to SH_SUBWAY_EXIT
reactive,8,16,reactive,1,SH_COREDO,6.0,2.0,exposure 1.99 > trigger 1.0; routed to SH_COREDO
reactive,9,16,reactive,1,SH_MITSUKOSHI,2.0,7.0,exposure 1.71 > trigger 1.0; routed to SH_MITSUKOSHI
reactive,10,16,reactive,1,SH_SUBWAY_EXIT,13.0,3.0,exposure 1.73 > trigger 1.0; routed to SH_SUBWAY_EXIT
reactive,11,16,reactive,1,SH_BANK_HALL,10.0,7.0,exposure 1.65 > trigger 1.0; routed to SH_BANK_HALL
reactive,12,16,reactive,1,SH_MITSUKOSHI,2.0,7.0,exposure 1.56 > trigger 1.0; routed to SH_MITSUKOSHI
reactive,13,16,reactive,1,SH_BRIDGE_PLAZA,17.0,6.0,exposure 1.72 > trigger 1.0; routed to SH_BRIDGE_PLAZA
reactive,14,16,reactive,1,SH_BRIDGE_PLAZA,17.0,6.0,exposure 1.49 > trigger 1.0; routed to SH_BRIDGE_PLAZA
reactive,15,16,reactive,1,SH_BRIDGE_PLAZA,17.0,6.0,exposure 1.64 > trigger 1.0; routed to SH_BRIDGE_PLAZA
reactive,16,16,reactive,1,SH_MITSUKOSHI,2.0,7.0,exposure 1.75 > trigger 1.0; routed to SH_MITSUKOSHI
reactive,17,16,reactive,1,SH_SUBWAY_EXIT,13.0,3.0,exposure 2.00 > trigger 1.0; routed to SH_SUBWAY_EXIT
reactive,18,16,reactive,1,SH_BRIDGE_PLAZA,17.0,6.0,exposure 1.40 > trigger 1.0; routed to SH_BRIDGE_PLAZA
reactive,19,16,reactive,1,SH_BANK_HALL,10.0,7.0,exposure 2.00 > trigger 1.0; routed to SH_BANK_HALL
reactive,20,16,reactive,1,SH_SUBWAY_EXIT,13.0,3.0,exposure 1.65 > trigger 1.0; routed to SH_SUBWAY_EXIT
reactive,21,16,reactive,1,SH_SUBWAY_EXIT,13.0,3.0,exposure 2.00 > trigger 1.0; routed to SH_SUBWAY_EXIT
reactive,22,16,reactive,1,SH_MITSUKOSHI,2.0,7.0,exposure 1.59 > trigger 1.0; routed to SH_MITSUKOSHI
reactive,23,16,reactive,1,SH_BANK_HALL,10.0,7.0,exposure 1.54 > trigger 1.0; routed to SH_BANK_HALL
reactive,24,16,reactive,1,SH_MITSUKOSHI,2.0,7.0,exposure 1.68 > trigger 1.0; routed to SH_MITSUKOSHI
reactive,25,16,reactive,1,SH_MITSUKOSHI,2.0,7.0,exposure 2.00 > trigger 1.0; routed to SH_MITSUKOSHI
reactive,26,16,reactive,1,SH_MITSUKOSHI,2.0,7.0,exposure 1.53 > trigger 1.0; routed to SH_MITSUKOSHI
reactive,27,16,reactive,1,SH_SUBWAY_EXIT,13.0,3.0,exposure 2.00 > trigger 1.0; routed to SH_SUBWAY_EXIT
reactive,28,16,reactive,1,SH_MITSUKOSHI,2.0,7.0,exposure 1.45 > trigger 1.0; routed to SH_MITSUKOSHI
reactive,29,16,reactive,1,SH_MITSUKOSHI,2.0,7.0,exposure 1.52 > trigger 1.0; routed to SH_MITSUKOSHI
reactive,30,16,reactive,1,SH_BANK_HALL,10.0,7.0,exposure 1.54 > trigger 1.0; routed to SH_BANK_HALL
reactive,31,16,reactive,1,SH_BRIDGE_PLAZA,17.0,6.0,exposure 1.70 > trigger 1.0; routed to SH_BRIDGE_PLAZA
reactive,32,16,reactive,1,SH_MITSUKOSHI,2.0,7.0,exposure 1.69 > trigger 1.0; routed to SH_MITSUKOSHI
reactive,33,16,reactive,1,SH_BRIDGE_PLAZA,17.0,6.0,exposure 1.52 > trigger 1.0; routed to SH_BRIDGE_PLAZA
reactive,34,16,reactive,1,SH_BRIDGE_PLAZA,17.0,6.0,exposure 1.52 > trigger 1.0; routed to SH_BRIDGE_PLAZA
reactive,35,16,reactive,1,SH_BANK_HALL,10.0,7.0,exposure 1.48 > trigger 1.0; routed to SH_BANK_HALL
reactive,36,16,reactive,1,SH_MITSUKOSHI,2.0,7.0,exposure 2.00 > trigger 1.0; routed to SH_MITSUKOSHI
reactive,37,16,reactive,1,SH_MITSUKOSHI,2.0,7.0,exposure 1.70 > trigger 1.0; routed to SH_MITSUKOSHI
reactive,38,16,reactive,1,SH_MITSUKOSHI,2.0,7.0,exposure 1.75 > trigger 1.0; routed to SH_MITSUKOSHI
reactive,39,16,reactive,1,SH_MITSUKOSHI,2.0,7.0,exposure 1.44 > trigger 1.0; routed to SH_MITSUKOSHI
reactive,40,16,reactive,1,SH_BANK_HALL,10.0,7.0,exposure 1.73 > trigger 1.0; routed to SH_BANK_HALL
reactive,41,16,reactive,1,SH_SUBWAY_EXIT,13.0,3.0,exposure 1.67 > trigger 1.0; routed to SH_SUBWAY_EXIT
reactive,42,16,reactive,1,SH_BANK_HALL,10.0,7.0,exposure 1.50 > trigger 1.0; routed to SH_BANK_HALL
reactive,43,16,reactive,1,SH_BRIDGE_PLAZA,17.0,6.0,exposure 1.56 > trigger 1.0; routed to SH_BRIDGE_PLAZA
reactive,44,16,reactive,1,SH_BANK_HALL,10.0,7.0,exposure 1.96 > trigger 1.0; routed to SH_BANK_HALL
reactive,45,16,reactive,1,SH_MITSUKOSHI,2.0,7.0,exposure 2.00 > trigger 1.0; routed to SH_MITSUKOSHI
reactive,46,16,reactive,1,SH_BRIDGE_PLAZA,17.0,6.0,exposure 1.99 > trigger 1.0; routed to SH_BRIDGE_PLAZA
reactive,47,16,reactive,1,SH_BANK_HALL,10.0,7.0,exposure 2.00 > trigger 1.0; routed to SH_BANK_HALL
reactive,48,16,reactive,1,SH_BANK_HALL,10.0,7.0,exposure 1.51 > trigger 1.0; routed to SH_BANK_HALL
reactive,49,16,reactive,1,SH_BRIDGE_PLAZA,17.0,6.0,exposure 1.70 > trigger 1.0; routed to SH_BRIDGE_PLAZA
reactive,50,16,reactive,1,SH_BANK_HALL,10.0,7.0,exposure 1.48 > trigger 1.0; routed to SH_BANK_HALL
reactive,51,16,reactive,1,SH_BANK_HALL,10.0,7.0,exposure 1.98 > trigger 1.0; routed to SH_BANK_HALL
reactive,52,16,reactive,1,SH_BANK_HALL,10.0,7.0,exposure 1.53 > trigger 1.0; routed to SH_BANK_HALL
reactive,53,16,reactive,1,SH_BRIDGE_PLAZA,17.0,6.0,exposure 1.48 > trigger 1.0; routed to SH_BRIDGE_PLAZA
reactive,54,16,reactive,1,SH_MITSUKOSHI,2.0,7.0,exposure 1.83 > trigger 1.0; routed to SH_MITSUKOSHI
reactive,55,16,reactive,1,SH_MITSUKOSHI,2.0,7.0,exposure 2.00 > trigger 1.0; routed to SH_MITSUKOSHI
reactive,56,16,reactive,1,SH_BANK_HALL,10.0,7.0,exposure 1.98 > trigger 1.0; routed to SH_BANK_HALL
reactive,57,16,reactive,1,SH_BANK_HALL,10.0,7.0,exposure 2.00 > trigger 1.0; routed to SH_BANK_HALL
reactive,58,16,reactive,1,SH_MITSUKOSHI,2.0,7.0,exposure 1.72 > trigger 1.0; routed to SH_MITSUKOSHI
reactive,59,16,reactive,1,SH_BANK_HALL,10.0,7.0,exposure 1.95 > trigger 1.0; routed to SH_BANK_HALL
reactive,60,16,reactive,1,SH_BRIDGE_PLAZA,17.0,6.0,exposure 1.72 > trigger 1.0; routed to SH_BRIDGE_PLAZA
reactive,61,16,reactive,1,SH_BANK_HALL,10.0,7.0,exposure 1.96 > trigger 1.0; routed to SH_BANK_HALL
reactive,62,16,reactive,1,SH_MITSUKOSHI,2.0,7.0,exposure 2.00 > trigger 1.0; routed to SH_MITSUKOSHI
reactive,63,16,reactive,1,SH_MITSUKOSHI,2.0,7.0,exposure 1.68 > trigger 1.0; routed to SH_MITSUKOSHI
reactive,64,16,reactive,1,SH_BRIDGE_PLAZA,17.0,6.0,exposure 1.73 > trigger 1.0; routed to SH_BRIDGE_PLAZA
reactive,65,16,reactive,1,SH_BRIDGE_PLAZA,17.0,6.0,exposure 1.51 > trigger 1.0; routed to SH_BRIDGE_PLAZA
reactive,66,16,reactive,1,SH_BANK_HALL,10.0,7.0,exposure 1.57 > trigger 1.0; routed to SH_BANK_HALL
reactive,67,16,reactive,1,SH_MITSUKOSHI,2.0,7.0,exposure 1.75 > trigger 1.0; routed to SH_MITSUKOSHI
reactive,68,16,reactive,1,SH_BRIDGE_PLAZA,17.0,6.0,exposure 2.00 > trigger 1.0; routed to SH_BRIDGE_PLAZA
reactive,69,16,reactive,1,SH_BANK_HALL,10.0,7.0,exposure 1.94 > trigger 1.0; routed to SH_BANK_HALL
reactive,70,16,reactive,1,SH_BANK_HALL,10.0,7.0,exposure 1.47 > trigger 1.0; routed to SH_BANK_HALL
reactive,71,16,reactive,1,SH_BANK_HALL,10.0,7.0,exposure 1.92 > trigger 1.0; routed to SH_BANK_HALL
reactive,72,16,reactive,1,SH_MITSUKOSHI,2.0,7.0,exposure 1.76 > trigger 1.0; routed to SH_MITSUKOSHI
reactive,73,16,reactive,1,SH_BRIDGE_PLAZA,17.0,6.0,exposure 1.75 > trigger 1.0; routed to SH_BRIDGE_PLAZA
reactive,74,16,reactive,1,SH_MITSUKOSHI,2.0,7.0,exposure 1.52 > trigger 1.0; routed to SH_MITSUKOSHI
reactive,75,16,reactive,1,SH_BANK_HALL,10.0,7.0,exposure 2.00 > trigger 1.0; routed to SH_BANK_HALL
reactive,76,16,reactive,1,SH_MITSUKOSHI,2.0,7.0,exposure 1.75 > trigger 1.0; routed to SH_MITSUKOSHI
reactive,77,16,reactive,1,SH_MITSUKOSHI,2.0,7.0,exposure 1.70 > trigger 1.0; routed to SH_MITSUKOSHI
reactive,78,16,reactive,1,SH_BRIDGE_PLAZA,17.0,6.0,exposure 2.00 > trigger 1.0; routed to SH_BRIDGE_PLAZA
reactive,79,16,reactive,1,SH_MITSUKOSHI,2.0,7.0,exposure 1.69 > trigger 1.0; routed to SH_MITSUKOSHI
reactive,80,16,reactive,1,SH_MITSUKOSHI,2.0,7.0,exposure 2.00 > trigger 1.0; routed to SH_MITSUKOSHI
reactive,81,16,reactive,1,SH_BRIDGE_PLAZA,17.0,6.0,exposure 1.63 > trigger 1.0; routed to SH_BRIDGE_PLAZA
reactive,82,16,reactive,1,SH_BRIDGE_PLAZA,17.0,6.0,exposure 2.00 > trigger 1.0; routed to SH_BRIDGE_PLAZA
reactive,83,16,reactive,1,SH_BANK_HALL,10.0,7.0,exposure 1.99 > trigger 1.0; routed to SH_BANK_HALL
reactive,84,16,reactive,1,SH_MITSUKOSHI,2.0,7.0,exposure 1.51 > trigger 1.0; routed to SH_MITSUKOSHI
reactive,85,16,reactive,1,SH_BANK_HALL,10.0,7.0,exposure 1.49 > trigger 1.0; routed to SH_BANK_HALL
reactive,86,16,reactive,1,SH_BANK_HALL,10.0,7.0,exposure 1.67 > trigger 1.0; routed to SH_BANK_HALL
reactive,87,16,reactive,1,SH_BANK_HALL,10.0,7.0,exposure 1.46 > trigger 1.0; routed to SH_BANK_HALL
reactive,88,16,reactive,1,SH_BRIDGE_PLAZA,17.0,6.0,exposure 1.40 > trigger 1.0; routed to SH_BRIDGE_PLAZA
reactive,89,16,reactive,1,SH_BRIDGE_PLAZA,17.0,6.0,exposure 1.67 > trigger 1.0; routed to SH_BRIDGE_PLAZA
reactive,90,16,reactive,1,SH_BANK_HALL,10.0,7.0,exposure 1.50 > trigger 1.0; routed to SH_BANK_HALL
reactive,91,16,reactive,1,SH_BRIDGE_PLAZA,17.0,6.0,exposure 1.96 > trigger 1.0; routed to SH_BRIDGE_PLAZA
reactive,92,16,reactive,1,SH_BRIDGE_PLAZA,17.0,6.0,exposure 1.69 > trigger 1.0; routed to SH_BRIDGE_PLAZA
reactive,93,16,reactive,1,SH_BANK_HALL,10.0,7.0,exposure 1.70 > trigger 1.0; routed to SH_BANK_HALL
reactive,94,16,reactive,1,SH_BANK_HALL,10.0,7.0,exposure 1.50 > trigger 1.0; routed to SH_BANK_HALL
reactive,95,16,reactive,1,SH_BRIDGE_PLAZA,17.0,6.0,exposure 2.00 > trigger 1.0; routed to SH_BRIDGE_PLAZA
reactive,96,16,reactive,1,SH_BANK_HALL,10.0,7.0,exposure 1.45 > trigger 1.0; routed to SH_BANK_HALL
reactive,97,16,reactive,1,SH_BRIDGE_PLAZA,17.0,6.0,exposure 2.00 > trigger 1.0; routed to SH_BRIDGE_PLAZA
reactive,98,16,reactive,1,SH_BRIDGE_PLAZA,17.0,6.0,exposure 1.48 > trigger 1.0; routed to SH_BRIDGE_PLAZA
reactive,99,16,reactive,1,SH_BANK_HALL,10.0,7.0,exposure 1.48 > trigger 1.0; routed to SH_BANK_HALL
reactive,100,16,reactive,1,SH_BRIDGE_PLAZA,17.0,6.0,exposure 2.00 > trigger 1.0; routed to SH_BRIDGE_PLAZA
reactive,101,16,reactive,1,SH_BRIDGE_PLAZA,17.0,6.0,exposure 1.67 > trigger 1.0; routed to SH_BRIDGE_PLAZA
reactive,102,16,reactive,1,SH_BRIDGE_PLAZA,17.0,6.0,exposure 1.50 > trigger 1.0; routed to SH_BRIDGE_PLAZA
reactive,103,16,reactive,1,SH_BRIDGE_PLAZA,17.0,6.0,exposure 2.00 > trigger 1.0; routed to SH_BRIDGE_PLAZA
reactive,104,16,reactive,1,SH_BRIDGE_PLAZA,17.0,6.0,exposure 1.73 > trigger 1.0; routed to SH_BRIDGE_PLAZA
reactive,105,16,reactive,1,SH_BRIDGE_PLAZA,17.0,6.0,exposure 1.50 > trigger 1.0; routed to SH_BRIDGE_PLAZA
reactive,106,16,reactive,1,,,,no feasible shelter (capacity exhausted)
reactive,107,16,reactive,1,,,,no feasible shelter (capacity exhausted)
reactive,108,16,reactive,1,,,,no feasible shelter (capacity exhausted)
reactive,109,16,reactive,1,,,,no feasible shelter (capacity exhausted)
reactive,110,16,reactive,1,,,,no feasible shelter (capacity exhausted)
reactive,111,16,reactive,1,,,,no feasible shelter (capacity exhausted)
reactive,112,16,reactive,1,,,,no feasible shelter (capacity exhausted)
reactive,113,16,reactive,1,,,,no feasible shelter (capacity exhausted)
reactive,114,16,reactive,1,,,,no feasible shelter (capacity exhausted)
reactive,115,16,reactive,1,,,,no feasible shelter (capacity exhausted)
reactive,116,16,reactive,1,,,,no feasible shelter (capacity exhausted)
reactive,117,16,reactive,1,,,,no feasible shelter (capacity exhausted)
reactive,118,16,reactive,1,,,,no feasible shelter (capacity exhausted)
reactive,119,16,reactive,1,,,,no feasible shelter (capacity exhausted)
reactive,120,16,reactive,1,,,,no feasible shelter (capacity exhausted)
reactive,121,16,reactive,1,,,,no feasible shelter (capacity exhausted)
reactive,122,16,reactive,1,,,,no feasible shelter (capacity exhausted)
reactive,123,16,reactive,1,,,,no feasible shelter (capacity exhausted)
reactive,124,16,reactive,1,,,,no feasible shelter (capacity exhausted)
reactive,125,16,reactive,1,,,,no feasible shelter (capacity exhausted)
reactive,126,16,reactive,1,,,,no feasible shelter (capacity exhausted)
reactive,127,16,reactive,1,,,,no feasible shelter (capacity exhausted)
reactive,128,16,reactive,1,,,,no feasible shelter (capacity exhausted)
reactive,129,16,reactive,1,,,,no feasible shelter (capacity exhausted)
reactive,130,16,reactive,1,,,,no feasible shelter (capacity exhausted)
reactive,131,16,reactive,1,,,,no feasible shelter (capacity exhausted)
reactive,132,16,reactive,1,,,,no feasible shelter (capacity exhausted)
reactive,133,16,reactive,1,,,,no feasible shelter (capacity exhausted)
reactive,134,16,reactive,1,,,,no feasible shelter (capacity exhausted)
reactive,135,16,reactive,1,,,,no feasible shelter (capacity exhausted)
reactive,136,16,reactive,1,,,,no feasible shelter (capacity exhausted)
reactive,137,16,reactive,1,,,,no feasible shelter (capacity exhausted)
reactive,138,16,reactive,1,,,,no feasible shelter (capacity exhausted)
reactive,139,16,reactive,1,,,,no feasible shelter (capacity exhausted)
reactive,140,16,reactive,1,,,,no feasible shelter (capacity exhausted)
reactive,141,16,reactive,1,,,,no feasible shelter (capacity exhausted)
reactive,142,16,reactive,1,,,,no feasible shelter (capacity exhausted)
reactive,143,16,reactive,1,,,,no feasible shelter (capacity exhausted)
reactive,144,16,reactive,1,,,,no feasible shelter (capacity exhausted)
reactive,145,16,reactive,1,,,,no feasible shelter (capacity exhausted)
reactive,146,16,reactive,1,,,,no feasible shelter (capacity exhausted)
reactive,147,16,reactive,1,,,,no feasible shelter (capacity exhausted)
reactive,148,16,reactive,1,,,,no feasible shelter (capacity exhausted)
reactive,149,16,reactive,1,,,,no feasible shelter (capacity exhausted)
reactive,150,16,reactive,1,,,,no feasible shelter (capacity exhausted)
reactive,151,16,reactive,1,,,,no feasible shelter (capacity exhausted)
reactive,152,16,reactive,1,,,,no feasible shelter (capacity exhausted)
reactive,153,16,reactive,1,,,,no feasible shelter (capacity exhausted)
reactive,154,16,reactive,1,,,,no feasible shelter (capacity exhausted)
reactive,155,16,reactive,1,,,,no feasible shelter (capacity exhausted)
reactive,156,16,reactive,1,,,,no feasible shelter (capacity exhausted)
reactive,157,16,reactive,1,,,,no feasible shelter (capacity exhausted)
reactive,158,16,reactive,1,,,,no feasible shelter (capacity exhausted)
reactive,159,16,reactive,1,,,,no feasible shelter (capacity exhausted)
reactive,160,16,reactive,1,,,,no feasible shelter (capacity exhausted)
reactive,161,16,reactive,1,,,,no feasible shelter (capacity exhausted)
reactive,162,16,reactive,1,,,,no feasible shelter (capacity exhausted)
reactive,163,16,reactive,1,,,,no feasible shelter (capacity exhausted)
reactive,164,16,reactive,1,,,,no feasible shelter (capacity exhausted)
reactive,165,16,reactive,1,,,,no feasible shelter (capacity exhausted)
reactive,166,16,reactive,1,,,,no feasible shelter (capacity exhausted)
reactive,167,16,reactive,1,,,,no feasible shelter (capacity exhausted)
reactive,168,16,reactive,1,,,,no feasible shelter (capacity exhausted)
reactive,169,16,reactive,1,,,,no feasible shelter (capacity exhausted)
reactive,170,16,reactive,1,,,,no feasible shelter (capacity exhausted)
reactive,171,16,reactive,1,,,,no feasible shelter (capacity exhausted)
reactive,172,16,reactive,1,,,,no feasible shelter (capacity exhausted)
reactive,173,16,reactive,1,,,,no feasible shelter (capacity exhausted)
reactive,174,16,reactive,1,,,,no feasible shelter (capacity exhausted)
reactive,175,16,reactive,1,,,,no feasible shelter (capacity exhausted)
reactive,176,16,reactive,1,,,,no feasible shelter (capacity exhausted)
reactive,177,16,reactive,1,,,,no feasible shelter (capacity exhausted)
reactive,178,16,reactive,1,,,,no feasible shelter (capacity exhausted)
reactive,179,16,reactive,1,,,,no feasible shelter (capacity exhausted)
reactive,180,16,reactive,1,,,,no feasible shelter (capacity exhausted)
reactive,181,16,reactive,1,,,,no feasible shelter (capacity exhausted)
reactive,182,16,reactive,1,,,,no feasible shelter (capacity exhausted)
reactive,183,16,reactive,1,,,,no feasible shelter (capacity exhausted)
reactive,184,16,reactive,1,,,,no feasible shelter (capacity exhausted)
reactive,185,16,reactive,1,,,,no feasible shelter (capacity exhausted)
reactive,186,16,reactive,1,,,,no feasible shelter (capacity exhausted)
reactive,187,16,reactive,1,,,,no feasible shelter (capacity exhausted)
reactive,188,16,reactive,1,,,,no feasible shelter (capacity exhausted)
reactive,189,16,reactive,1,,,,no feasible shelter (capacity exhausted)
reactive,190,16,reactive,1,,,,no feasible shelter (capacity exhausted)
reactive,191,16,reactive,1,,,,no feasible shelter (capacity exhausted)
reactive,192,16,reactive,1,,,,no feasible shelter (capacity exhausted)
reactive,193,16,reactive,1,,,,no feasible shelter (capacity exhausted)
reactive,194,16,reactive,1,,,,no feasible shelter (capacity exhausted)
reactive,195,16,reactive,1,,,,no feasible shelter (capacity exhausted)
reactive,196,16,reactive,1,,,,no feasible shelter (capacity exhausted)
reactive,197,16,reactive,1,,,,no feasible shelter (capacity exhausted)
reactive,198,16,reactive,1,,,,no feasible shelter (capacity exhausted)
reactive,199,16,reactive,1,,,,no feasible shelter (capacity exhausted)
reactive,200,16,reactive,1,,,,no feasible shelter (capacity exhausted)
reactive,201,16,reactive,1,,,,no feasible shelter (capacity exhausted)
reactive,202,16,reactive,1,,,,no feasible shelter (capacity exhausted)
reactive,203,16,reactive,1,,,,no feasible shelter (capacity exhausted)
reactive,204,16,reactive,1,,,,no feasible shelter (capacity exhausted)
reactive,205,16,reactive,1,,,,no feasible shelter (capacity exhausted)
reactive,206,16,reactive,1,,,,no feasible shelter (capacity exhausted)
reactive,207,16,reactive,1,,,,no feasible shelter (capacity exhausted)
reactive,208,16,reactive,1,,,,no feasible shelter (capacity exhausted)
reactive,209,16,reactive,1,,,,no feasible shelter (capacity exhausted)
reactive,210,16,reactive,1,,,,no feasible shelter (capacity exhausted)
reactive,211,16,reactive,1,,,,no feasible shelter (capacity exhausted)
reactive,212,16,reactive,1,,,,no feasible shelter (capacity exhausted)
reactive,213,16,reactive,1,,,,no feasible shelter (capacity exhausted)
reactive,214,16,reactive,1,,,,no feasible shelter (capacity exhausted)
reactive,215,16,reactive,1,,,,no feasible shelter (capacity exhausted)
reactive,216,16,reactive,1,,,,no feasible shelter (capacity exhausted)
reactive,217,16,reactive,1,,,,no feasible shelter (capacity exhausted)
reactive,218,16,reactive,1,,,,no feasible shelter (capacity exhausted)
reactive,219,16,reactive,1,,,,no feasible shelter (capacity exhausted)
reactive,220,16,reactive,1,,,,no feasible shelter (capacity exhausted)
reactive,221,16,reactive,1,,,,no feasible shelter (capacity exhausted)
reactive,222,16,reactive,1,,,,no feasible shelter (capacity exhausted)
reactive,223,16,reactive,1,,,,no feasible shelter (capacity exhausted)
reactive,224,16,reactive,1,,,,no feasible shelter (capacity exhausted)
reactive,225,16,reactive,1,,,,no feasible shelter (capacity exhausted)
reactive,226,16,reactive,1,,,,no feasible shelter (capacity exhausted)
reactive,227,16,reactive,1,,,,no feasible shelter (capacity exhausted)
reactive,228,16,reactive,1,,,,no feasible shelter (capacity exhausted)
reactive,229,16,reactive,1,,,,no feasible shelter (capacity exhausted)
reactive,230,16,reactive,1,,,,no feasible shelter (capacity exhausted)
reactive,231,16,reactive,1,,,,no feasible shelter (capacity exhausted)
reactive,232,16,reactive,1,,,,no feasible shelter (capacity exhausted)
reactive,233,16,reactive,1,,,,no feasible shelter (capacity exhausted)
reactive,234,16,reactive,1,,,,no feasible shelter (capacity exhausted)
reactive,235,16,reactive,1,,,,no feasible shelter (capacity exhausted)
reactive,236,16,reactive,1,,,,no feasible shelter (capacity exhausted)
reactive,237,16,reactive,1,,,,no feasible shelter (capacity exhausted)
reactive,238,16,reactive,1,,,,no feasible shelter (capacity exhausted)
reactive,239,16,reactive,1,,,,no feasible shelter (capacity exhausted)
reactive,0,17,reactive,1,SH_SUBWAY_EXIT,13.0,3.0,exposure 1.87 > trigger 1.0; routed to SH_SUBWAY_EXIT
reactive,1,17,reactive,1,SH_BRIDGE_PLAZA,17.0,6.0,exposure 1.39 > trigger 1.0; routed to SH_BRIDGE_PLAZA
reactive,2,17,reactive,1,SH_COREDO,6.0,2.0,exposure 1.53 > trigger 1.0; routed to SH_COREDO
reactive,3,17,reactive,1,SH_SUBWAY_EXIT,13.0,3.0,exposure 1.82 > trigger 1.0; routed to SH_SUBWAY_EXIT
reactive,4,17,reactive,1,SH_COREDO,6.0,2.0,exposure 1.87 > trigger 1.0; routed to SH_COREDO
reactive,5,17,reactive,1,SH_COREDO,6.0,2.0,exposure 1.58 > trigger 1.0; routed to SH_COREDO
reactive,6,17,reactive,1,SH_COREDO,6.0,2.0,exposure 1.79 > trigger 1.0; routed to SH_COREDO
reactive,7,17,reactive,1,SH_BANK_HALL,10.0,7.0,exposure 1.75 > trigger 1.0; routed to SH_BANK_HALL
reactive,8,17,reactive,1,SH_COREDO,6.0,2.0,exposure 1.80 > trigger 1.0; routed to SH_COREDO
reactive,9,17,reactive,1,SH_COREDO,6.0,2.0,exposure 1.85 > trigger 1.0; routed to SH_COREDO
reactive,10,17,reactive,1,SH_BRIDGE_PLAZA,17.0,6.0,exposure 1.48 > trigger 1.0; routed to SH_BRIDGE_PLAZA
reactive,11,17,reactive,1,SH_BANK_HALL,10.0,7.0,exposure 1.27 > trigger 1.0; routed to SH_BANK_HALL
reactive,12,17,reactive,1,SH_BANK_HALL,10.0,7.0,exposure 1.33 > trigger 1.0; routed to SH_BANK_HALL
reactive,13,17,reactive,1,SH_SUBWAY_EXIT,13.0,3.0,exposure 1.89 > trigger 1.0; routed to SH_SUBWAY_EXIT
reactive,14,17,reactive,1,SH_BRIDGE_PLAZA,17.0,6.0,exposure 1.31 > trigger 1.0; routed to SH_BRIDGE_PLAZA
reactive,15,17,reactive,1,SH_SUBWAY_EXIT,13.0,3.0,exposure 1.51 > trigger 1.0; routed to SH_SUBWAY_EXIT
reactive,16,17,reactive,1,SH_COREDO,6.0,2.0,exposure 1.64 > trigger 1.0; routed to SH_COREDO
reactive,17,17,reactive,1,SH_BRIDGE_PLAZA,17.0,6.0,exposure 1.80 > trigger 1.0; routed to SH_BRIDGE_PLAZA
reactive,18,17,reactive,1,SH_BRIDGE_PLAZA,17.0,6.0,exposure 1.39 > trigger 1.0; routed to SH_BRIDGE_PLAZA
reactive,19,17,reactive,1,SH_COREDO,6.0,2.0,exposure 1.46 > trigger 1.0; routed to SH_COREDO
reactive,20,17,reactive,1,SH_SUBWAY_EXIT,13.0,3.0,exposure 1.54 > trigger 1.0; routed to SH_SUBWAY_EXIT
reactive,21,17,reactive,1,SH_SUBWAY_EXIT,13.0,3.0,exposure 1.81 > trigger 1.0; routed to SH_SUBWAY_EXIT
reactive,22,17,reactive,1,SH_COREDO,6.0,2.0,exposure 1.39 > trigger 1.0; routed to SH_COREDO
reactive,23,17,reactive,1,SH_BRIDGE_PLAZA,17.0,6.0,exposure 1.42 > trigger 1.0; routed to SH_BRIDGE_PLAZA
reactive,24,17,reactive,1,SH_COREDO,6.0,2.0,exposure 1.53 > trigger 1.0; routed to SH_COREDO
reactive,25,17,reactive,1,SH_COREDO,6.0,2.0,exposure 1.52 > trigger 1.0; routed to SH_COREDO
reactive,26,17,reactive,1,SH_COREDO,6.0,2.0,exposure 1.46 > trigger 1.0; routed to SH_COREDO
reactive,27,17,reactive,1,SH_SUBWAY_EXIT,13.0,3.0,exposure 1.88 > trigger 1.0; routed to SH_SUBWAY_EXIT
reactive,28,17,reactive,1,SH_COREDO,6.0,2.0,exposure 1.42 > trigger 1.0; routed to SH_COREDO
reactive,29,17,reactive,1,SH_COREDO,6.0,2.0,exposure 1.39 > trigger 1.0; routed to SH_COREDO
reactive,30,17,reactive,1,SH_BRIDGE_PLAZA,17.0,6.0,exposure 1.56 > trigger 1.0; routed to SH_BRIDGE_PLAZA
reactive,31,17,reactive,1,SH_SUBWAY_EXIT,13.0,3.0,exposure 1.35 > trigger 1.0; routed to SH_SUBWAY_EXIT
reactive,32,17,reactive,1,SH_COREDO,6.0,2.0,exposure 1.43 > trigger 1.0; routed to SH_COREDO
reactive,33,17,reactive,1,SH_BRIDGE_PLAZA,17.0,6.0,exposure 1.34 > trigger 1.0; routed to SH_BRIDGE_PLAZA
reactive,34,17,reactive,1,SH_BRIDGE_PLAZA,17.0,6.0,exposure 1.36 > trigger 1.0; routed to SH_BRIDGE_PLAZA
reactive,35,17,reactive,1,SH_COREDO,6.0,2.0,exposure 1.25 > trigger 1.0; routed to SH_COREDO
reactive,36,17,reactive,1,SH_COREDO,6.0,2.0,exposure 1.79 > trigger 1.0; routed to SH_COREDO
reactive,37,17,reactive,1,SH_COREDO,6.0,2.0,exposure 1.53 > trigger 1.0; routed to SH_COREDO
reactive,38,17,reactive,1,SH_COREDO,6.0,2.0,exposure 1.53 > trigger 1.0; routed to SH_COREDO
reactive,39,17,reactive,1,SH_COREDO,6.0,2.0,exposure 1.34 > trigger 1.0; routed to SH_COREDO
reactive,40,17,reactive,1,SH_COREDO,6.0,2.0,exposure 1.53 > trigger 1.0; routed to SH_COREDO
reactive,41,17,reactive,1,SH_COREDO,6.0,2.0,exposure 1.48 > trigger 1.0; routed to SH_COREDO
reactive,42,17,reactive,1,SH_SUBWAY_EXIT,13.0,3.0,exposure 1.34 > trigger 1.0; routed to SH_SUBWAY_EXIT
reactive,43,17,reactive,1,SH_BRIDGE_PLAZA,17.0,6.0,exposure 1.52 > trigger 1.0; routed to SH_BRIDGE_PLAZA
reactive,44,17,reactive,1,SH_SUBWAY_EXIT,13.0,3.0,exposure 1.84 > trigger 1.0; routed to SH_SUBWAY_EXIT
reactive,45,17,reactive,1,SH_COREDO,6.0,2.0,exposure 1.93 > trigger 1.0; routed to SH_COREDO
reactive,46,17,reactive,1,SH_BRIDGE_PLAZA,17.0,6.0,exposure 1.85 > trigger 1.0; routed to SH_BRIDGE_PLAZA
reactive,47,17,reactive,1,SH_SUBWAY_EXIT,13.0,3.0,exposure 1.78 > trigger 1.0; routed to SH_SUBWAY_EXIT
reactive,48,17,reactive,1,SH_SUBWAY_EXIT,13.0,3.0,exposure 1.24 > trigger 1.0; routed to SH_SUBWAY_EXIT
reactive,49,17,reactive,1,SH_SUBWAY_EXIT,13.0,3.0,exposure 1.50 > trigger 1.0; routed to SH_SUBWAY_EXIT
reactive,50,17,reactive,1,SH_SUBWAY_EXIT,13.0,3.0,exposure 1.36 > trigger 1.0; routed to SH_SUBWAY_EXIT
reactive,51,17,reactive,1,SH_SUBWAY_EXIT,13.0,3.0,exposure 1.77 > trigger 1.0; routed to SH_SUBWAY_EXIT
reactive,52,17,reactive,1,SH_COREDO,6.0,2.0,exposure 1.25 > trigger 1.0; routed to SH_COREDO
reactive,53,17,reactive,1,SH_SUBWAY_EXIT,13.0,3.0,exposure 1.34 > trigger 1.0; routed to SH_SUBWAY_EXIT
reactive,54,17,reactive,1,SH_COREDO,6.0,2.0,exposure 1.57 > trigger 1.0; routed to SH_COREDO
reactive,55,17,reactive,1,SH_COREDO,6.0,2.0,exposure 1.83 > trigger 1.0; routed to SH_COREDO
reactive,56,17,reactive,1,SH_SUBWAY_EXIT,13.0,3.0,exposure 1.87 > trigger 1.0; routed to SH_SUBWAY_EXIT
reactive,57,17,reactive,1,SH_COREDO,6.0,2.0,exposure 1.85 > trigger 1.0; routed to SH_COREDO
reactive,58,17,reactive,1,SH_COREDO,6.0,2.0,exposure 1.38 > trigger 1.0; routed to SH_COREDO
reactive,59,17,reactive,1,SH_SUBWAY_EXIT,13.0,3.0,exposure 1.86 > trigger 1.0; routed to SH_SUBWAY_EXIT
reactive,60,17,reactive,1,SH_SUBWAY_EXIT,13.0,3.0,exposure 1.56 > trigger 1.0; routed to SH_SUBWAY_EXIT
reactive,61,17,reactive,1,SH_SUBWAY_EXIT,13.0,3.0,exposure 1.85 > trigger 1.0; routed to SH_SUBWAY_EXIT
reactive,62,17,reactive,1,SH_COREDO,6.0,2.0,exposure 1.47 > trigger 1.0; routed to SH_COREDO
reactive,63,17,reactive,1,SH_COREDO,6.0,2.0,exposure 1.60 > trigger 1.0; routed to SH_COREDO
reactive,64,17,reactive,1,SH_SUBWAY_EXIT,13.0,3.0,exposure 1.51 > trigger 1.0; routed to SH_SUBWAY_EXIT
reactive,65,17,reactive,1,SH_SUBWAY_EXIT,13.0,3.0,exposure 1.37 > trigger 1.0; routed to SH_SUBWAY_EXIT
reactive,66,17,reactive,1,SH_SUBWAY_EXIT,13.0,3.0,exposure 1.33 > trigger 1.0; routed to SH_SUBWAY_EXIT
reactive,67,17,reactive,1,SH_COREDO,6.0,2.0,exposure 1.56 > trigger 1.0; routed to SH_COREDO
reactive,68,17,reactive,1,SH_SUBWAY_EXIT,13.0,3.0,exposure 1.92 > trigger 1.0; routed to SH_SUBWAY_EXIT
reactive,69,17,reactive,1,SH_SUBWAY_EXIT,13.0,3.0,exposure 1.82 > trigger 1.0; routed to SH_SUBWAY_EXIT
reactive,70,17,reactive,1,SH_COREDO,6.0,2.0,exposure 1.34 > trigger 1.0; routed to SH_COREDO
reactive,71,17,reactive,1,SH_COREDO,6.0,2.0,exposure 1.83 > trigger 1.0; routed to SH_COREDO
reactive,72,17,reactive,1,SH_COREDO,6.0,2.0,exposure 1.57 > trigger 1.0; routed to SH_COREDO
reactive,73,17,reactive,1,SH_SUBWAY_EXIT,13.0,3.0,exposure 1.83 > trigger 1.0; routed to SH_SUBWAY_EXIT
reactive,74,17,reactive,1,SH_SUBWAY_EXIT,13.0,3.0,exposure 1.43 > trigger 1.0; routed to SH_SUBWAY_EXIT
reactive,75,17,reactive,1,SH_SUBWAY_EXIT,13.0,3.0,exposure 1.87 > trigger 1.0; routed to SH_SUBWAY_EXIT
reactive,76,17,reactive,1,,,,no feasible shelter (capacity exhausted)
reactive,77,17,reactive,1,,,,no feasible shelter (capacity exhausted)
reactive,78,17,reactive,1,,,,no feasible shelter (capacity exhausted)
reactive,79,17,reactive,1,,,,no feasible shelter (capacity exhausted)
reactive,80,17,reactive,1,,,,no feasible shelter (capacity exhausted)
reactive,81,17,reactive,1,,,,no feasible shelter (capacity exhausted)
reactive,82,17,reactive,1,,,,no feasible shelter (capacity exhausted)
reactive,83,17,reactive,1,,,,no feasible shelter (capacity exhausted)
reactive,84,17,reactive,1,,,,no feasible shelter (capacity exhausted)
reactive,85,17,reactive,1,,,,no feasible shelter (capacity exhausted)
reactive,86,17,reactive,1,,,,no feasible shelter (capacity exhausted)
reactive,87,17,reactive,1,,,,no feasible shelter (capacity exhausted)
reactive,88,17,reactive,1,,,,no feasible shelter (capacity exhausted)
reactive,89,17,reactive,1,,,,no feasible shelter (capacity exhausted)
reactive,90,17,reactive,1,,,,no feasible shelter (capacity exhausted)
reactive,91,17,reactive,1,,,,no feasible shelter (capacity exhausted)
reactive,92,17,reactive,1,,,,no feasible shelter (capacity exhausted)
reactive,93,17,reactive,1,,,,no feasible shelter (capacity exhausted)
reactive,94,17,reactive,1,,,,no feasible shelter (capacity exhausted)
reactive,95,17,reactive,1,,,,no feasible shelter (capacity exhausted)
reactive,96,17,reactive,1,,,,no feasible shelter (capacity exhausted)
reactive,97,17,reactive,1,,,,no feasible shelter (capacity exhausted)
reactive,98,17,reactive,1,,,,no feasible shelter (capacity exhausted)
reactive,99,17,reactive,1,,,,no feasible shelter (capacity exhausted)
reactive,100,17,reactive,1,,,,no feasible shelter (capacity exhausted)
reactive,101,17,reactive,1,,,,no feasible shelter (capacity exhausted)
reactive,102,17,reactive,1,,,,no feasible shelter (capacity exhausted)
reactive,103,17,reactive,1,,,,no feasible shelter (capacity exhausted)
reactive,104,17,reactive,1,,,,no feasible shelter (capacity exhausted)
reactive,105,17,reactive,1,,,,no feasible shelter (capacity exhausted)
reactive,106,17,reactive,1,,,,no feasible shelter (capacity exhausted)
reactive,107,17,reactive,1,,,,no feasible shelter (capacity exhausted)
reactive,108,17,reactive,1,,,,no feasible shelter (capacity exhausted)
reactive,109,17,reactive,1,,,,no feasible shelter (capacity exhausted)
reactive,110,17,reactive,1,,,,no feasible shelter (capacity exhausted)
reactive,111,17,reactive,1,,,,no feasible shelter (capacity exhausted)
reactive,112,17,reactive,1,,,,no feasible shelter (capacity exhausted)
reactive,113,17,reactive,1,,,,no feasible shelter (capacity exhausted)
reactive,114,17,reactive,1,,,,no feasible shelter (capacity exhausted)
reactive,115,17,reactive,1,,,,no feasible shelter (capacity exhausted)
reactive,116,17,reactive,1,,,,no feasible shelter (capacity exhausted)
reactive,117,17,reactive,1,,,,no feasible shelter (capacity exhausted)
reactive,118,17,reactive,1,,,,no feasible shelter (capacity exhausted)
reactive,119,17,reactive,1,,,,no feasible shelter (capacity exhausted)
reactive,120,17,reactive,1,,,,no feasible shelter (capacity exhausted)
reactive,121,17,reactive,1,,,,no feasible shelter (capacity exhausted)
reactive,122,17,reactive,1,,,,no feasible shelter (capacity exhausted)
reactive,123,17,reactive,1,,,,no feasible shelter (capacity exhausted)
reactive,124,17,reactive,1,,,,no feasible shelter (capacity exhausted)
reactive,125,17,reactive,1,,,,no feasible shelter (capacity exhausted)
reactive,126,17,reactive,1,,,,no feasible shelter (capacity exhausted)
reactive,127,17,reactive,1,,,,no feasible shelter (capacity exhausted)
reactive,128,17,reactive,1,,,,no feasible shelter (capacity exhausted)
reactive,129,17,reactive,1,,,,no feasible shelter (capacity exhausted)
reactive,130,17,reactive,1,,,,no feasible shelter (capacity exhausted)
reactive,131,17,reactive,1,,,,no feasible shelter (capacity exhausted)
reactive,132,17,reactive,1,,,,no feasible shelter (capacity exhausted)
reactive,133,17,reactive,1,,,,no feasible shelter (capacity exhausted)
reactive,134,17,reactive,1,,,,no feasible shelter (capacity exhausted)
reactive,135,17,reactive,1,,,,no feasible shelter (capacity exhausted)
reactive,136,17,reactive,1,,,,no feasible shelter (capacity exhausted)
reactive,137,17,reactive,1,,,,no feasible shelter (capacity exhausted)
reactive,138,17,reactive,1,,,,no feasible shelter (capacity exhausted)
reactive,139,17,reactive,1,,,,no feasible shelter (capacity exhausted)
reactive,140,17,reactive,1,,,,no feasible shelter (capacity exhausted)
reactive,141,17,reactive,1,,,,no feasible shelter (capacity exhausted)
reactive,142,17,reactive,1,,,,no feasible shelter (capacity exhausted)
reactive,143,17,reactive,1,,,,no feasible shelter (capacity exhausted)
reactive,144,17,reactive,1,,,,no feasible shelter (capacity exhausted)
reactive,145,17,reactive,1,,,,no feasible shelter (capacity exhausted)
reactive,146,17,reactive,1,,,,no feasible shelter (capacity exhausted)
reactive,147,17,reactive,1,,,,no feasible shelter (capacity exhausted)
reactive,148,17,reactive,1,,,,no feasible shelter (capacity exhausted)
reactive,149,17,reactive,1,,,,no feasible shelter (capacity exhausted)
reactive,150,17,reactive,1,,,,no feasible shelter (capacity exhausted)
reactive,151,17,reactive,1,,,,no feasible shelter (capacity exhausted)
reactive,152,17,reactive,1,,,,no feasible shelter (capacity exhausted)
reactive,153,17,reactive,1,,,,no feasible shelter (capacity exhausted)
reactive,154,17,reactive,1,,,,no feasible shelter (capacity exhausted)
reactive,155,17,reactive,1,,,,no feasible shelter (capacity exhausted)
reactive,156,17,reactive,1,,,,no feasible shelter (capacity exhausted)
reactive,157,17,reactive,1,,,,no feasible shelter (capacity exhausted)
reactive,158,17,reactive,1,,,,no feasible shelter (capacity exhausted)
reactive,159,17,reactive,1,,,,no feasible shelter (capacity exhausted)
reactive,160,17,reactive,1,,,,no feasible shelter (capacity exhausted)
reactive,161,17,reactive,1,,,,no feasible shelter (capacity exhausted)
reactive,162,17,reactive,1,,,,no feasible shelter (capacity exhausted)
reactive,163,17,reactive,1,,,,no feasible shelter (capacity exhausted)
reactive,164,17,reactive,1,,,,no feasible shelter (capacity exhausted)
reactive,165,17,reactive,1,,,,no feasible shelter (capacity exhausted)
reactive,166,17,reactive,1,,,,no feasible shelter (capacity exhausted)
reactive,167,17,reactive,1,,,,no feasible shelter (capacity exhausted)
reactive,168,17,reactive,1,,,,no feasible shelter (capacity exhausted)
reactive,169,17,reactive,1,,,,no feasible shelter (capacity exhausted)
reactive,170,17,reactive,1,,,,no feasible shelter (capacity exhausted)
reactive,171,17,reactive,1,,,,no feasible shelter (capacity exhausted)
reactive,172,17,reactive,1,,,,no feasible shelter (capacity exhausted)
reactive,173,17,reactive,1,,,,no feasible shelter (capacity exhausted)
reactive,174,17,reactive,1,,,,no feasible shelter (capacity exhausted)
reactive,175,17,reactive,1,,,,no feasible shelter (capacity exhausted)
reactive,176,17,reactive,1,,,,no feasible shelter (capacity exhausted)
reactive,177,17,reactive,1,,,,no feasible shelter (capacity exhausted)
reactive,178,17,reactive,1,,,,no feasible shelter (capacity exhausted)
reactive,179,17,reactive,1,,,,no feasible shelter (capacity exhausted)
reactive,180,17,reactive,1,,,,no feasible shelter (capacity exhausted)
reactive,181,17,reactive,1,,,,no feasible shelter (capacity exhausted)
reactive,182,17,reactive,1,,,,no feasible shelter (capacity exhausted)
reactive,183,17,reactive,1,,,,no feasible shelter (capacity exhausted)
reactive,184,17,reactive,1,,,,no feasible shelter (capacity exhausted)
reactive,185,17,reactive,1,,,,no feasible shelter (capacity exhausted)
reactive,186,17,reactive,1,,,,no feasible shelter (capacity exhausted)
reactive,187,17,reactive,1,,,,no feasible shelter (capacity exhausted)
reactive,188,17,reactive,1,,,,no feasible shelter (capacity exhausted)
reactive,189,17,reactive,1,,,,no feasible shelter (capacity exhausted)
reactive,190,17,reactive,1,,,,no feasible shelter (capacity exhausted)
reactive,191,17,reactive,1,,,,no feasible shelter (capacity exhausted)
reactive,192,17,reactive,1,,,,no feasible shelter (capacity exhausted)
reactive,193,17,reactive,1,,,,no feasible shelter (capacity exhausted)
reactive,194,17,reactive,1,,,,no feasible shelter (capacity exhausted)
reactive,195,17,reactive,1,,,,no feasible shelter (capacity exhausted)
reactive,196,17,reactive,1,,,,no feasible shelter (capacity exhausted)
reactive,197,17,reactive,1,,,,no feasible shelter (capacity exhausted)
reactive,198,17,reactive,1,,,,no feasible shelter (capacity exhausted)
reactive,199,17,reactive,1,,,,no feasible shelter (capacity exhausted)
reactive,200,17,reactive,1,,,,no feasible shelter (capacity exhausted)
reactive,201,17,reactive,1,,,,no feasible shelter (capacity exhausted)
reactive,202,17,reactive,1,,,,no feasible shelter (capacity exhausted)
reactive,203,17,reactive,1,,,,no feasible shelter (capacity exhausted)
reactive,204,17,reactive,1,,,,no feasible shelter (capacity exhausted)
reactive,205,17,reactive,1,,,,no feasible shelter (capacity exhausted)
reactive,206,17,reactive,1,,,,no feasible shelter (capacity exhausted)
reactive,207,17,reactive,1,,,,no feasible shelter (capacity exhausted)
reactive,208,17,reactive,1,,,,no feasible shelter (capacity exhausted)
reactive,209,17,reactive,1,,,,no feasible shelter (capacity exhausted)
reactive,210,17,reactive,1,,,,no feasible shelter (capacity exhausted)
reactive,211,17,reactive,1,,,,no feasible shelter (capacity exhausted)
reactive,212,17,reactive,1,,,,no feasible shelter (capacity exhausted)
reactive,213,17,reactive,1,,,,no feasible shelter (capacity exhausted)
reactive,214,17,reactive,1,,,,no feasible shelter (capacity exhausted)
reactive,215,17,reactive,1,,,,no feasible shelter (capacity exhausted)
reactive,216,17,reactive,1,,,,no feasible shelter (capacity exhausted)
reactive,217,17,reactive,1,,,,no feasible shelter (capacity exhausted)
reactive,218,17,reactive,1,,,,no feasible shelter (capacity exhausted)
reactive,219,17,reactive,1,,,,no feasible shelter (capacity exhausted)
reactive,220,17,reactive,1,,,,no feasible shelter (capacity exhausted)
reactive,221,17,reactive,1,,,,no feasible shelter (capacity exhausted)
reactive,222,17,reactive,1,,,,no feasible shelter (capacity exhausted)
reactive,223,17,reactive,1,,,,no feasible shelter (capacity exhausted)
reactive,224,17,reactive,1,,,,no feasible shelter (capacity exhausted)
reactive,225,17,reactive,1,,,,no feasible shelter (capacity exhausted)
reactive,226,17,reactive,1,,,,no feasible shelter (capacity exhausted)
reactive,227,17,reactive,1,,,,no feasible shelter (capacity exhausted)
reactive,228,17,reactive,1,,,,no feasible shelter (capacity exhausted)
reactive,229,17,reactive,1,,,,no feasible shelter (capacity exhausted)
reactive,230,17,reactive,1,,,,no feasible shelter (capacity exhausted)
reactive,231,17,reactive,1,,,,no feasible shelter (capacity exhausted)
reactive,232,17,reactive,1,,,,no feasible shelter (capacity exhausted)
reactive,233,17,reactive,1,,,,no feasible shelter (capacity exhausted)
reactive,234,17,reactive,1,,,,no feasible shelter (capacity exhausted)
reactive,235,17,reactive,1,,,,no feasible shelter (capacity exhausted)
reactive,236,17,reactive,1,,,,no feasible shelter (capacity exhausted)
reactive,237,17,reactive,1,,,,no feasible shelter (capacity exhausted)
reactive,238,17,reactive,1,,,,no feasible shelter (capacity exhausted)
reactive,239,17,reactive,1,,,,no feasible shelter (capacity exhausted)
reactive,0,18,reactive,1,SH_SUBWAY_EXIT,13.0,3.0,exposure 1.60 > trigger 1.0; routed to SH_SUBWAY_EXIT
reactive,1,18,reactive,1,SH_BRIDGE_PLAZA,17.0,6.0,exposure 1.04 > trigger 1.0; routed to SH_BRIDGE_PLAZA
reactive,2,18,reactive,1,SH_COREDO,6.0,2.0,exposure 1.37 > trigger 1.0; routed to SH_COREDO
reactive,3,18,reactive,1,SH_BRIDGE_PLAZA,17.0,6.0,exposure 1.56 > trigger 1.0; routed to SH_BRIDGE_PLAZA
reactive,4,18,reactive,1,SH_COREDO,6.0,2.0,exposure 1.54 > trigger 1.0; routed to SH_COREDO
reactive,5,18,reactive,1,SH_COREDO,6.0,2.0,exposure 1.54 > trigger 1.0; routed to SH_COREDO
reactive,6,18,reactive,1,SH_COREDO,6.0,2.0,exposure 1.61 > trigger 1.0; routed to SH_COREDO
reactive,7,18,reactive,1,SH_SUBWAY_EXIT,13.0,3.0,exposure 1.56 > trigger 1.0; routed to SH_SUBWAY_EXIT
reactive,8,18,reactive,1,SH_COREDO,6.0,2.0,exposure 1.59 > trigger 1.0; routed to SH_COREDO
reactive,9,18,reactive,1,SH_COREDO,6.0,2.0,exposure 1.57 > trigger 1.0; routed to SH_COREDO
reactive,10,18,reactive,1,SH_BRIDGE_PLAZA,17.0,6.0,exposure 1.16 > trigger 1.0; routed to SH_BRIDGE_PLAZA
reactive,11,18,reactive,1,SH_BANK_HALL,10.0,7.0,exposure 1.57 > trigger 1.0; routed to SH_BANK_HALL
reactive,12,18,reactive,1,SH_BANK_HALL,10.0,7.0,exposure 1.06 > trigger 1.0; routed to SH_BANK_HALL
reactive,13,18,reactive,1,SH_BRIDGE_PLAZA,17.0,6.0,exposure 1.27 > trigger 1.0; routed to SH_BRIDGE_PLAZA
reactive,14,18,reactive,1,SH_BRIDGE_PLAZA,17.0,6.0,exposure 1.15 > trigger 1.0; routed to SH_BRIDGE_PLAZA
reactive,15,18,reactive,1,SH_SUBWAY_EXIT,13.0,3.0,exposure 1.28 > trigger 1.0; routed to SH_SUBWAY_EXIT
reactive,16,18,reactive,1,SH_MITSUKOSHI,2.0,7.0,exposure 1.37 > trigger 1.0; routed to SH_MITSUKOSHI
reactive,17,18,reactive,1,SH_BRIDGE_PLAZA,17.0,6.0,exposure 1.62 > trigger 1.0; routed to SH_BRIDGE_PLAZA
reactive,18,18,reactive,1,SH_BRIDGE_PLAZA,17.0,6.0,exposure 1.02 > trigger 1.0; routed to SH_BRIDGE_PLAZA
reactive,19,18,reactive,1,SH_BANK_HALL,10.0,7.0,exposure 1.34 > trigger 1.0; routed to SH_BANK_HALL
reactive,20,18,reactive,1,SH_SUBWAY_EXIT,13.0,3.0,exposure 1.18 > trigger 1.0; routed to SH_SUBWAY_EXIT
reactive,21,18,reactive,1,SH_SUBWAY_EXIT,13.0,3.0,exposure 1.69 > trigger 1.0; routed to SH_SUBWAY_EXIT
reactive,22,18,reactive,1,SH_MITSUKOSHI,2.0,7.0,exposure 1.10 > trigger 1.0; routed to SH_MITSUKOSHI
reactive,23,18,reactive,1,SH_BANK_HALL,10.0,7.0,exposure 1.35 > trigger 1.0; routed to SH_BANK_HALL
reactive,24,18,reactive,1,SH_BANK_HALL,10.0,7.0,exposure 1.53 > trigger 1.0; routed to SH_BANK_HALL
reactive,25,18,reactive,1,SH_MITSUKOSHI,2.0,7.0,exposure 1.29 > trigger 1.0; routed to SH_MITSUKOSHI
reactive,26,18,reactive,1,SH_MITSUKOSHI,2.0,7.0,exposure 1.17 > trigger 1.0; routed to SH_MITSUKOSHI
reactive,27,18,reactive,1,SH_SUBWAY_EXIT,13.0,3.0,exposure 1.56 > trigger 1.0; routed to SH_SUBWAY_EXIT
reactive,28,18,reactive,1,SH_MITSUKOSHI,2.0,7.0,exposure 1.15 > trigger 1.0; routed to SH_MITSUKOSHI
reactive,29,18,reactive,1,SH_MITSUKOSHI,2.0,7.0,exposure 1.35 > trigger 1.0; routed to SH_MITSUKOSHI
reactive,30,18,reactive,1,SH_SUBWAY_EXIT,13.0,3.0,exposure 1.32 > trigger 1.0; routed to SH_SUBWAY_EXIT
reactive,31,18,reactive,1,SH_BRIDGE_PLAZA,17.0,6.0,exposure 1.28 > trigger 1.0; routed to SH_BRIDGE_PLAZA
reactive,32,18,reactive,1,SH_MITSUKOSHI,2.0,7.0,exposure 1.25 > trigger 1.0; routed to SH_MITSUKOSHI
reactive,33,18,reactive,1,SH_BANK_HALL,10.0,7.0,exposure 1.13 > trigger 1.0; routed to SH_BANK_HALL
reactive,34,18,reactive,1,SH_BRIDGE_PLAZA,17.0,6.0,exposure 1.11 > trigger 1.0; routed to SH_BRIDGE_PLAZA
reactive,35,18,reactive,1,SH_BANK_HALL,10.0,7.0,exposure 1.57 > trigger 1.0; routed to SH_BANK_HALL
reactive,36,18,reactive,1,SH_MITSUKOSHI,2.0,7.0,exposure 1.53 > trigger 1.0; routed to SH_MITSUKOSHI
reactive,37,18,reactive,1,SH_MITSUKOSHI,2.0,7.0,exposure 1.36 > trigger 1.0; routed to SH_MITSUKOSHI
reactive,38,18,reactive,1,SH_MITSUKOSHI,2.0,7.0,exposure 1.36 > trigger 1.0; routed to SH_MITSUKOSHI
reactive,39,18,reactive,1,SH_MITSUKOSHI,2.0,7.0,exposure 1.10 > trigger 1.0; routed to SH_MITSUKOSHI
reactive,40,18,reactive,1,SH_MITSUKOSHI,2.0,7.0,exposure 1.37 > trigger 1.0; routed to SH_MITSUKOSHI
reactive,41,18,reactive,1,SH_MITSUKOSHI,2.0,7.0,exposure 1.63 > trigger 1.0; routed to SH_MITSUKOSHI
reactive,42,18,reactive,1,SH_BRIDGE_PLAZA,17.0,6.0,exposure 1.34 > trigger 1.0; routed to SH_BRIDGE_PLAZA
reactive,43,18,reactive,1,SH_BRIDGE_PLAZA,17.0,6.0,exposure 1.04 > trigger 1.0; routed to SH_BRIDGE_PLAZA
reactive,44,18,reactive,1,SH_BANK_HALL,10.0,7.0,exposure 1.58 > trigger 1.0; routed to SH_BANK_HALL
reactive,45,18,reactive,1,SH_MITSUKOSHI,2.0,7.0,exposure 1.61 > trigger 1.0; routed to SH_MITSUKOSHI
reactive,46,18,reactive,1,SH_BRIDGE_PLAZA,17.0,6.0,exposure 1.62 > trigger 1.0; routed to SH_BRIDGE_PLAZA
reactive,47,18,reactive,1,SH_BANK_HALL,10.0,7.0,exposure 1.32 > trigger 1.0; routed to SH_BANK_HALL
reactive,48,18,reactive,1,SH_BRIDGE_PLAZA,17.0,6.0,exposure 1.22 > trigger 1.0; routed to SH_BRIDGE_PLAZA
reactive,49,18,reactive,1,SH_BRIDGE_PLAZA,17.0,6.0,exposure 1.34 > trigger 1.0; routed to SH_BRIDGE_PLAZA
reactive,50,18,reactive,1,SH_BANK_HALL,10.0,7.0,exposure 1.11 > trigger 1.0; routed to SH_BANK_HALL
reactive,51,18,reactive,1,SH_BANK_HALL,10.0,7.0,exposure 1.66 > trigger 1.0; routed to SH_BANK_HALL
reactive,52,18,reactive,0,,,,exposure 0.97 <= trigger 1.0
reactive,53,18,reactive,1,SH_BRIDGE_PLAZA,17.0,6.0,exposure 1.26 > trigger 1.0; routed to SH_BRIDGE_PLAZA
reactive,54,18,reactive,1,SH_MITSUKOSHI,2.0,7.0,exposure 1.23 > trigger 1.0; routed to SH_MITSUKOSHI
reactive,55,18,reactive,1,SH_MITSUKOSHI,2.0,7.0,exposure 1.61 > trigger 1.0; routed to SH_MITSUKOSHI
reactive,56,18,reactive,1,SH_BANK_HALL,10.0,7.0,exposure 1.55 > trigger 1.0; routed to SH_BANK_HALL
reactive,57,18,reactive,1,SH_MITSUKOSHI,2.0,7.0,exposure 1.53 > trigger 1.0; routed to SH_MITSUKOSHI
reactive,58,18,reactive,1,SH_MITSUKOSHI,2.0,7.0,exposure 1.37 > trigger 1.0; routed to SH_MITSUKOSHI
reactive,59,18,reactive,1,SH_BRIDGE_PLAZA,17.0,6.0,exposure 1.63 > trigger 1.0; routed to SH_BRIDGE_PLAZA
reactive,60,18,reactive,1,SH_BRIDGE_PLAZA,17.0,6.0,exposure 1.33 > trigger 1.0; routed to SH_BRIDGE_PLAZA
reactive,61,18,reactive,1,SH_BANK_HALL,10.0,7.0,exposure 1.55 > trigger 1.0; routed to SH_BANK_HALL
reactive,62,18,reactive,1,SH_MITSUKOSHI,2.0,7.0,exposure 1.61 > trigger 1.0; routed to SH_MITSUKOSHI
reactive,63,18,reactive,1,SH_MITSUKOSHI,2.0,7.0,exposure 1.65 > trigger 1.0; routed to SH_MITSUKOSHI
reactive,64,18,reactive,1,SH_BRIDGE_PLAZA,17.0,6.0,exposure 1.28 > trigger 1.0; routed to SH_BRIDGE_PLAZA
reactive,65,18,reactive,1,SH_BRIDGE_PLAZA,17.0,6.0,exposure 1.18 > trigger 1.0; routed to SH_BRIDGE_PLAZA
reactive,66,18,reactive,1,SH_MITSUKOSHI,2.0,7.0,exposure 1.13 > trigger 1.0; routed to SH_MITSUKOSHI
reactive,67,18,reactive,1,SH_MITSUKOSHI,2.0,7.0,exposure 1.26 > trigger 1.0; routed to SH_MITSUKOSHI
reactive,68,18,reactive,1,SH_BRIDGE_PLAZA,17.0,6.0,exposure 1.56 > trigger 1.0; routed to SH_BRIDGE_PLAZA
reactive,69,18,reactive,1,SH_BANK_HALL,10.0,7.0,exposure 1.32 > trigger 1.0; routed to SH_BANK_HALL
reactive,70,18,reactive,0,,,,exposure 0.97 <= trigger 1.0
reactive,71,18,reactive,1,SH_BANK_HALL,10.0,7.0,exposure 1.57 > trigger 1.0; routed to SH_BANK_HALL
reactive,72,18,reactive,1,SH_MITSUKOSHI,2.0,7.0,exposure 1.02 > trigger 1.0; routed to SH_MITSUKOSHI
reactive,73,18,reactive,1,SH_BRIDGE_PLAZA,17.0,6.0,exposure 1.35 > trigger 1.0; routed to SH_BRIDGE_PLAZA
reactive,74,18,reactive,1,SH_MITSUKOSHI,2.0,7.0,exposure 1.10 > trigger 1.0; routed to SH_MITSUKOSHI
reactive,75,18,reactive,1,SH_BRIDGE_PLAZA,17.0,6.0,exposure 1.62 > trigger 1.0; routed to SH_BRIDGE_PLAZA
reactive,76,18,reactive,1,SH_MITSUKOSHI,2.0,7.0,exposure 1.06 > trigger 1.0; routed to SH_MITSUKOSHI
reactive,77,18,reactive,1,SH_BANK_HALL,10.0,7.0,exposure 1.70 > trigger 1.0; routed to SH_BANK_HALL
reactive,78,18,reactive,1,SH_BRIDGE_PLAZA,17.0,6.0,exposure 1.61 > trigger 1.0; routed to SH_BRIDGE_PLAZA
reactive,79,18,reactive,1,SH_MITSUKOSHI,2.0,7.0,exposure 1.08 > trigger 1.0; routed to SH_MITSUKOSHI
reactive,80,18,reactive,1,SH_MITSUKOSHI,2.0,7.0,exposure 1.60 > trigger 1.0; routed to SH_MITSUKOSHI
reactive,81,18,reactive,1,SH_BRIDGE_PLAZA,17.0,6.0,exposure 1.07 > trigger 1.0; routed to SH_BRIDGE_PLAZA
reactive,82,18,reactive,1,SH_BRIDGE_PLAZA,17.0,6.0,exposure 1.62 > trigger 1.0; routed to SH_BRIDGE_PLAZA
reactive,83,18,reactive,1,SH_BANK_HALL,10.0,7.0,exposure 1.63 > trigger 1.0; routed to SH_BANK_HALL
reactive,84,18,reactive,1,SH_MITSUKOSHI,2.0,7.0,exposure 1.32 > trigger 1.0; routed to SH_MITSUKOSHI
reactive,85,18,reactive,1,SH_BANK_HALL,10.0,7.0,exposure 1.11 > trigger 1.0; routed to SH_BANK_HALL
reactive,86,18,reactive,1,SH_BANK_HALL,10.0,7.0,exposure 1.29 > trigger 1.0; routed to SH_BANK_HALL
reactive,87,18,reactive,1,SH_BANK_HALL,10.0,7.0,exposure 1.17 > trigger 1.0; routed to SH_BANK_HALL
reactive,88,18,reactive,1,SH_BRIDGE_PLAZA,17.0,6.0,exposure 1.18 > trigger 1.0; routed to SH_BRIDGE_PLAZA
reactive,89,18,reactive,1,SH_BANK_HALL,10.0,7.0,exposure 1.66 > trigger 1.0; routed to SH_BANK_HALL
reactive,90,18,reactive,1,SH_BANK_HALL,10.0,7.0,exposure 1.05 > trigger 1.0; routed to SH_BANK_HALL
reactive,91,18,reactive,1,SH_BRIDGE_PLAZA,17.0,6.0,exposure 1.53 > trigger 1.0; routed to SH_BRIDGE_PLAZA
reactive,92,18,reactive,1,SH_BRIDGE_PLAZA,17.0,6.0,exposure 1.36 > trigger 1.0; routed to SH_BRIDGE_PLAZA
reactive,93,18,reactive,1,SH_BANK_HALL,10.0,7.0,exposure 1.03 > trigger 1.0; routed to SH_BANK_HALL
reactive,94,18,reactive,1,SH_BANK_HALL,10.0,7.0,exposure 1.15 > trigger 1.0; routed to SH_BANK_HALL
reactive,95,18,reactive,1,SH_BRIDGE_PLAZA,17.0,6.0,exposure 1.55 > trigger 1.0; routed to SH_BRIDGE_PLAZA
reactive,96,18,reactive,1,SH_BANK_HALL,10.0,7.0,exposure 1.08 > trigger 1.0; routed to SH_BANK_HALL
reactive,97,18,reactive,1,SH_BRIDGE_PLAZA,17.0,6.0,exposure 1.58 > trigger 1.0; routed to SH_BRIDGE_PLAZA
reactive,98,18,reactive,1,SH_BRIDGE_PLAZA,17.0,6.0,exposure 1.25 > trigger 1.0; routed to SH_BRIDGE_PLAZA
reactive,99,18,reactive,1,SH_BANK_HALL,10.0,7.0,exposure 1.34 > trigger 1.0; routed to SH_BANK_HALL
reactive,100,18,reactive,1,SH_BRIDGE_PLAZA,17.0,6.0,exposure 1.27 > trigger 1.0; routed to SH_BRIDGE_PLAZA
reactive,101,18,reactive,1,SH_BANK_HALL,10.0,7.0,exposure 1.69 > trigger 1.0; routed to SH_BANK_HALL
reactive,102,18,reactive,1,SH_BANK_HALL,10.0,7.0,exposure 1.06 > trigger 1.0; routed to SH_BANK_HALL
reactive,103,18,reactive,1,SH_BANK_HALL,10.0,7.0,exposure 1.61 > trigger 1.0; routed to SH_BANK_HALL
reactive,104,18,reactive,1,SH_BANK_HALL,10.0,7.0,exposure 1.38 > trigger 1.0; routed to SH_BANK_HALL
reactive,105,18,reactive,1,SH_BRIDGE_PLAZA,17.0,6.0,exposure 1.28 > trigger 1.0; routed to SH_BRIDGE_PLAZA
reactive,106,18,reactive,1,SH_BANK_HALL,10.0,7.0,exposure 1.35 > trigger 1.0; routed to SH_BANK_HALL
reactive,107,18,reactive,1,SH_BRIDGE_PLAZA,17.0,6.0,exposure 1.33 > trigger 1.0; routed to SH_BRIDGE_PLAZA
reactive,108,18,reactive,1,,,,no feasible shelter (capacity exhausted)
reactive,109,18,reactive,1,,,,no feasible shelter (capacity exhausted)
reactive,110,18,reactive,1,,,,no feasible shelter (capacity exhausted)
reactive,111,18,reactive,1,,,,no feasible shelter (capacity exhausted)
reactive,112,18,reactive,1,,,,no feasible shelter (capacity exhausted)
reactive,113,18,reactive,0,,,,exposure 0.97 <= trigger 1.0
reactive,114,18,reactive,1,,,,no feasible shelter (capacity exhausted)
reactive,115,18,reactive,1,,,,no feasible shelter (capacity exhausted)
reactive,116,18,reactive,1,,,,no feasible shelter (capacity exhausted)
reactive,117,18,reactive,1,,,,no feasible shelter (capacity exhausted)
reactive,118,18,reactive,1,,,,no feasible shelter (capacity exhausted)
reactive,119,18,reactive,1,,,,no feasible shelter (capacity exhausted)
reactive,120,18,reactive,1,,,,no feasible shelter (capacity exhausted)
reactive,121,18,reactive,1,,,,no feasible shelter (capacity exhausted)
reactive,122,18,reactive,1,,,,no feasible shelter (capacity exhausted)
reactive,123,18,reactive,1,,,,no feasible shelter (capacity exhausted)
reactive,124,18,reactive,1,,,,no feasible shelter (capacity exhausted)
reactive,125,18,reactive,1,,,,no feasible shelter (capacity exhausted)
reactive,126,18,reactive,1,,,,no feasible shelter (capacity exhausted)
reactive,127,18,reactive,1,,,,no feasible shelter (capacity exhausted)
reactive,128,18,reactive,1,,,,no feasible shelter (capacity exhausted)
reactive,129,18,reactive,1,,,,no feasible shelter (capacity exhausted)
reactive,130,18,reactive,1,,,,no feasible shelter (capacity exhausted)
reactive,131,18,reactive,1,,,,no feasible shelter (capacity exhausted)
reactive,132,18,reactive,1,,,,no feasible shelter (capacity exhausted)
reactive,133,18,reactive,1,,,,no feasible shelter (capacity exhausted)
reactive,134,18,reactive,1,,,,no feasible shelter (capacity exhausted)
reactive,135,18,reactive,1,,,,no feasible shelter (capacity exhausted)
reactive,136,18,reactive,1,,,,no feasible shelter (capacity exhausted)
reactive,137,18,reactive,1,,,,no feasible shelter (capacity exhausted)
reactive,138,18,reactive,1,,,,no feasible shelter (capacity exhausted)
reactive,139,18,reactive,1,,,,no feasible shelter (capacity exhausted)
reactive,140,18,reactive,1,,,,no feasible shelter (capacity exhausted)
reactive,141,18,reactive,1,,,,no feasible shelter (capacity exhausted)
reactive,142,18,reactive,1,,,,no feasible shelter (capacity exhausted)
reactive,143,18,reactive,1,,,,no feasible shelter (capacity exhausted)
reactive,144,18,reactive,1,,,,no feasible shelter (capacity exhausted)
reactive,145,18,reactive,1,,,,no feasible shelter (capacity exhausted)
reactive,146,18,reactive,1,,,,no feasible shelter (capacity exhausted)
reactive,147,18,reactive,1,,,,no feasible shelter (capacity exhausted)
reactive,148,18,reactive,1,,,,no feasible shelter (capacity exhausted)
reactive,149,18,reactive,1,,,,no feasible shelter (capacity exhausted)
reactive,150,18,reactive,1,,,,no feasible shelter (capacity exhausted)
reactive,151,18,reactive,1,,,,no feasible shelter (capacity exhausted)
reactive,152,18,reactive,1,,,,no feasible shelter (capacity exhausted)
reactive,153,18,reactive,1,,,,no feasible shelter (capacity exhausted)
reactive,154,18,reactive,1,,,,no feasible shelter (capacity exhausted)
reactive,155,18,reactive,1,,,,no feasible shelter (capacity exhausted)
reactive,156,18,reactive,1,,,,no feasible shelter (capacity exhausted)
reactive,157,18,reactive,1,,,,no feasible shelter (capacity exhausted)
reactive,158,18,reactive,1,,,,no feasible shelter (capacity exhausted)
reactive,159,18,reactive,1,,,,no feasible shelter (capacity exhausted)
reactive,160,18,reactive,1,,,,no feasible shelter (capacity exhausted)
reactive,161,18,reactive,1,,,,no feasible shelter (capacity exhausted)
reactive,162,18,reactive,1,,,,no feasible shelter (capacity exhausted)
reactive,163,18,reactive,1,,,,no feasible shelter (capacity exhausted)
reactive,164,18,reactive,1,,,,no feasible shelter (capacity exhausted)
reactive,165,18,reactive,1,,,,no feasible shelter (capacity exhausted)
reactive,166,18,reactive,1,,,,no feasible shelter (capacity exhausted)
reactive,167,18,reactive,1,,,,no feasible shelter (capacity exhausted)
reactive,168,18,reactive,1,,,,no feasible shelter (capacity exhausted)
reactive,169,18,reactive,1,,,,no feasible shelter (capacity exhausted)
reactive,170,18,reactive,1,,,,no feasible shelter (capacity exhausted)
reactive,171,18,reactive,1,,,,no feasible shelter (capacity exhausted)
reactive,172,18,reactive,1,,,,no feasible shelter (capacity exhausted)
reactive,173,18,reactive,1,,,,no feasible shelter (capacity exhausted)
reactive,174,18,reactive,1,,,,no feasible shelter (capacity exhausted)
reactive,175,18,reactive,1,,,,no feasible shelter (capacity exhausted)
reactive,176,18,reactive,1,,,,no feasible shelter (capacity exhausted)
reactive,177,18,reactive,1,,,,no feasible shelter (capacity exhausted)
reactive,178,18,reactive,1,,,,no feasible shelter (capacity exhausted)
reactive,179,18,reactive,1,,,,no feasible shelter (capacity exhausted)
reactive,180,18,reactive,1,,,,no feasible shelter (capacity exhausted)
reactive,181,18,reactive,1,,,,no feasible shelter (capacity exhausted)
reactive,182,18,reactive,1,,,,no feasible shelter (capacity exhausted)
reactive,183,18,reactive,1,,,,no feasible shelter (capacity exhausted)
reactive,184,18,reactive,1,,,,no feasible shelter (capacity exhausted)
reactive,185,18,reactive,1,,,,no feasible shelter (capacity exhausted)
reactive,186,18,reactive,1,,,,no feasible shelter (capacity exhausted)
reactive,187,18,reactive,1,,,,no feasible shelter (capacity exhausted)
reactive,188,18,reactive,1,,,,no feasible shelter (capacity exhausted)
reactive,189,18,reactive,1,,,,no feasible shelter (capacity exhausted)
reactive,190,18,reactive,1,,,,no feasible shelter (capacity exhausted)
reactive,191,18,reactive,1,,,,no feasible shelter (capacity exhausted)
reactive,192,18,reactive,1,,,,no feasible shelter (capacity exhausted)
reactive,193,18,reactive,1,,,,no feasible shelter (capacity exhausted)
reactive,194,18,reactive,1,,,,no feasible shelter (capacity exhausted)
reactive,195,18,reactive,1,,,,no feasible shelter (capacity exhausted)
reactive,196,18,reactive,1,,,,no feasible shelter (capacity exhausted)
reactive,197,18,reactive,1,,,,no feasible shelter (capacity exhausted)
reactive,198,18,reactive,1,,,,no feasible shelter (capacity exhausted)
reactive,199,18,reactive,1,,,,no feasible shelter (capacity exhausted)
reactive,200,18,reactive,1,,,,no feasible shelter (capacity exhausted)
reactive,201,18,reactive,1,,,,no feasible shelter (capacity exhausted)
reactive,202,18,reactive,1,,,,no feasible shelter (capacity exhausted)
reactive,203,18,reactive,1,,,,no feasible shelter (capacity exhausted)
reactive,204,18,reactive,1,,,,no feasible shelter (capacity exhausted)
reactive,205,18,reactive,1,,,,no feasible shelter (capacity exhausted)
reactive,206,18,reactive,1,,,,no feasible shelter (capacity exhausted)
reactive,207,18,reactive,1,,,,no feasible shelter (capacity exhausted)
reactive,208,18,reactive,1,,,,no feasible shelter (capacity exhausted)
reactive,209,18,reactive,1,,,,no feasible shelter (capacity exhausted)
reactive,210,18,reactive,1,,,,no feasible shelter (capacity exhausted)
reactive,211,18,reactive,1,,,,no feasible shelter (capacity exhausted)
reactive,212,18,reactive,1,,,,no feasible shelter (capacity exhausted)
reactive,213,18,reactive,1,,,,no feasible shelter (capacity exhausted)
reactive,214,18,reactive,1,,,,no feasible shelter (capacity exhausted)
reactive,215,18,reactive,1,,,,no feasible shelter (capacity exhausted)
reactive,216,18,reactive,1,,,,no feasible shelter (capacity exhausted)
reactive,217,18,reactive,1,,,,no feasible shelter (capacity exhausted)
reactive,218,18,reactive,1,,,,no feasible shelter (capacity exhausted)
reactive,219,18,reactive,1,,,,no feasible shelter (capacity exhausted)
reactive,220,18,reactive,1,,,,no feasible shelter (capacity exhausted)
reactive,221,18,reactive,1,,,,no feasible shelter (capacity exhausted)
reactive,222,18,reactive,1,,,,no feasible shelter (capacity exhausted)
reactive,223,18,reactive,1,,,,no feasible shelter (capacity exhausted)
reactive,224,18,reactive,1,,,,no feasible shelter (capacity exhausted)
reactive,225,18,reactive,1,,,,no feasible shelter (capacity exhausted)
reactive,226,18,reactive,1,,,,no feasible shelter (capacity exhausted)
reactive,227,18,reactive,1,,,,no feasible shelter (capacity exhausted)
reactive,228,18,reactive,1,,,,no feasible shelter (capacity exhausted)
reactive,229,18,reactive,1,,,,no feasible shelter (capacity exhausted)
reactive,230,18,reactive,1,,,,no feasible shelter (capacity exhausted)
reactive,231,18,reactive,1,,,,no feasible shelter (capacity exhausted)
reactive,232,18,reactive,1,,,,no feasible shelter (capacity exhausted)
reactive,233,18,reactive,1,,,,no feasible shelter (capacity exhausted)
reactive,234,18,reactive,1,,,,no feasible shelter (capacity exhausted)
reactive,235,18,reactive,1,,,,no feasible shelter (capacity exhausted)
reactive,236,18,reactive,1,,,,no feasible shelter (capacity exhausted)
reactive,237,18,reactive,1,,,,no feasible shelter (capacity exhausted)
reactive,238,18,reactive,1,,,,no feasible shelter (capacity exhausted)
reactive,239,18,reactive,1,,,,no feasible shelter (capacity exhausted)
reactive,0,19,reactive,1,SH_COREDO,6.0,2.0,exposure 1.29 > trigger 1.0; routed to SH_COREDO
reactive,1,19,reactive,0,,,,exposure 0.81 <= trigger 1.0
reactive,2,19,reactive,1,SH_COREDO,6.0,2.0,exposure 1.34 > trigger 1.0; routed to SH_COREDO
reactive,3,19,reactive,1,SH_BRIDGE_PLAZA,17.0,6.0,exposure 1.23 > trigger 1.0; routed to SH_BRIDGE_PLAZA
reactive,4,19,reactive,1,SH_SUBWAY_EXIT,13.0,3.0,exposure 1.27 > trigger 1.0; routed to SH_SUBWAY_EXIT
reactive,5,19,reactive,1,SH_COREDO,6.0,2.0,exposure 1.32 > trigger 1.0; routed to SH_COREDO
reactive,6,19,reactive,1,SH_COREDO,6.0,2.0,exposure 1.22 > trigger 1.0; routed to SH_COREDO
reactive,7,19,reactive,1,SH_SUBWAY_EXIT,13.0,3.0,exposure 1.20 > trigger 1.0; routed to SH_SUBWAY_EXIT
reactive,8,19,reactive,1,SH_COREDO,6.0,2.0,exposure 1.30 > trigger 1.0; routed to SH_COREDO
reactive,9,19,reactive,1,SH_COREDO,6.0,2.0,exposure 1.02 > trigger 1.0; routed to SH_COREDO
reactive,10,19,reactive,1,SH_BRIDGE_PLAZA,17.0,6.0,exposure 1.03 > trigger 1.0; routed to SH_BRIDGE_PLAZA
reactive,11,19,reactive,0,,,,exposure 0.81 <= trigger 1.0
reactive,12,19,reactive,0,,,,exposure 0.83 <= trigger 1.0
reactive,13,19,reactive,1,SH_SUBWAY_EXIT,13.0,3.0,exposure 1.04 > trigger 1.0; routed to SH_SUBWAY_EXIT
reactive,14,19,reactive,0,,,,exposure 0.96 <= trigger 1.0
reactive,15,19,reactive,0,,,,exposure 0.96 <= trigger 1.0
reactive,16,19,reactive,0,,,,exposure 0.99 <= trigger 1.0
reactive,17,19,reactive,1,SH_BRIDGE_PLAZA,17.0,6.0,exposure 1.38 > trigger 1.0; routed to SH_BRIDGE_PLAZA
reactive,18,19,reactive,0,,,,exposure 0.79 <= trigger 1.0
reactive,19,19,reactive,1,SH_COREDO,6.0,2.0,exposure 1.25 > trigger 1.0; routed to SH_COREDO
reactive,20,19,reactive,0,,,,exposure 0.91 <= trigger 1.0
reactive,21,19,reactive,1,SH_SUBWAY_EXIT,13.0,3.0,exposure 1.35 > trigger 1.0; routed to SH_SUBWAY_EXIT
reactive,22,19,reactive,0,,,,exposure 0.71 <= trigger 1.0
reactive,23,19,reactive,1,SH_SUBWAY_EXIT,13.0,3.0,exposure 1.24 > trigger 1.0; routed to SH_SUBWAY_EXIT
reactive,24,19,reactive,1,SH_COREDO,6.0,2.0,exposure 1.06 > trigger 1.0; routed to SH_COREDO
reactive,25,19,reactive,1,SH_COREDO,6.0,2.0,exposure 1.09 > trigger 1.0; routed to SH_COREDO
reactive,26,19,reactive,0,,,,exposure 0.81 <= trigger 1.0
reactive,27,19,reactive,1,SH_COREDO,6.0,2.0,exposure 1.25 > trigger 1.0; routed to SH_COREDO
reactive,28,19,reactive,0,,,,exposure 0.85 <= trigger 1.0
reactive,29,19,reactive,0,,,,exposure 0.83 <= trigger 1.0
reactive,30,19,reactive,0,,,,exposure 0.82 <= trigger 1.0
reactive,31,19,reactive,0,,,,exposure 0.85 <= trigger 1.0
reactive,32,19,reactive,0,,,,exposure 0.93 <= trigger 1.0
reactive,33,19,reactive,0,,,,exposure 0.75 <= trigger 1.0
reactive,34,19,reactive,0,,,,exposure 0.85 <= trigger 1.0
reactive,35,19,reactive,1,SH_BANK_HALL,10.0,7.0,exposure 1.03 > trigger 1.0; routed to SH_BANK_HALL
reactive,36,19,reactive,1,SH_COREDO,6.0,2.0,exposure 1.37 > trigger 1.0; routed to SH_COREDO
reactive,37,19,reactive,1,SH_COREDO,6.0,2.0,exposure 1.06 > trigger 1.0; routed to SH_COREDO
reactive,38,19,reactive,0,,,,exposure 0.76 <= trigger 1.0
reactive,39,19,reactive,0,,,,exposure 0.83 <= trigger 1.0
reactive,40,19,reactive,1,SH_BANK_HALL,10.0,7.0,exposure 1.03 > trigger 1.0; routed to SH_BANK_HALL
reactive,41,19,reactive,1,SH_COREDO,6.0,2.0,exposure 1.24 > trigger 1.0; routed to SH_COREDO
reactive,42,19,reactive,0,,,,exposure 0.94 <= trigger 1.0
reactive,43,19,reactive,0,,,,exposure 0.96 <= trigger 1.0
reactive,44,19,reactive,1,SH_SUBWAY_EXIT,13.0,3.0,exposure 1.00 > trigger 1.0; routed to SH_SUBWAY_EXIT
reactive,45,19,reactive,1,SH_COREDO,6.0,2.0,exposure 1.32 > trigger 1.0; routed to SH_COREDO
reactive,46,19,reactive,1,SH_BRIDGE_PLAZA,17.0,6.0,exposure 1.33 > trigger 1.0; routed to SH_BRIDGE_PLAZA
reactive,47,19,reactive,1,SH_BRIDGE_PLAZA,17.0,6.0,exposure 1.00 > trigger 1.0; routed to SH_BRIDGE_PLAZA
reactive,48,19,reactive,0,,,,exposure 0.85 <= trigger 1.0
reactive,49,19,reactive,1,SH_SUBWAY_EXIT,13.0,3.0,exposure 1.00 > trigger 1.0; routed to SH_SUBWAY_EXIT
reactive,50,19,reactive,0,,,,exposure 0.73 <= trigger 1.0
reactive,51,19,reactive,1,SH_SUBWAY_EXIT,13.0,3.0,exposure 1.27 > trigger 1.0; routed to SH_SUBWAY_EXIT
reactive,52,19,reactive,0,,,,exposure 0.78 <= trigger 1.0
reactive,53,19,reactive,0,,,,exposure 0.76 <= trigger 1.0
reactive,54,19,reactive,0,,,,exposure 0.98 <= trigger 1.0
reactive,55,19,reactive,1,SH_COREDO,6.0,2.0,exposure 1.28 > trigger 1.0; routed to SH_COREDO
reactive,56,19,reactive,1,SH_SUBWAY_EXIT,13.0,3.0,exposure 1.23 > trigger 1.0; routed to SH_SUBWAY_EXIT
reactive,57,19,reactive,1,SH_COREDO,6.0,2.0,exposure 1.34 > trigger 1.0; routed to SH_COREDO
reactive,58,19,reactive,0,,,,exposure 0.99 <= trigger 1.0
reactive,59,19,reactive,1,SH_SUBWAY_EXIT,13.0,3.0,exposure 1.27 > trigger 1.0; routed to SH_SUBWAY_EXIT
reactive,60,19,reactive,0,,,,exposure 0.96 <= trigger 1.0
reactive,61,19,reactive,1,SH_SUBWAY_EXIT,13.0,3.0,exposure 1.41 > trigger 1.0; routed to SH_SUBWAY_EXIT
reactive,62,19,reactive,1,SH_COREDO,6.0,2.0,exposure 1.32 > trigger 1.0; routed to SH_COREDO
reactive,63,19,reactive,1,,,,exposure 0.98 <= trigger 1.0
reactive,64,19,reactive,1,SH_BRIDGE_PLAZA,17.0,6.0,exposure 1.03 > trigger 1.0; routed to SH_BRIDGE_PLAZA
reactive,65,19,reactive,0,,,,exposure 0.75 <= trigger 1.0
reactive,66,19,reactive,0,,,,exposure 0.77 <= trigger 1.0
reactive,67,19,reactive,1,SH_COREDO,6.0,2.0,exposure 1.01 > trigger 1.0; routed to SH_COREDO
reactive,68,19,reactive,1,SH_SUBWAY_EXIT,13.0,3.0,exposure 1.20 > trigger 1.0; routed to SH_SUBWAY_EXIT
reactive,69,19,reactive,0,,,,exposure 0.94 <= trigger 1.0
reactive,70,19,reactive,0,,,,exposure 0.77 <= trigger 1.0
reactive,71,19,reactive,0,,,,exposure 0.96 <= trigger 1.0
reactive,72,19,reactive,0,,,,exposure 0.76 <= trigger 1.0
reactive,73,19,reactive,1,SH_BRIDGE_PLAZA,17.0,6.0,exposure 1.35 > trigger 1.0; routed to SH_BRIDGE_PLAZA
reactive,74,19,reactive,0,,,,exposure 0.83 <= trigger 1.0
reactive,75,19,reactive,1,SH_SUBWAY_EXIT,13.0,3.0,exposure 1.07 > trigger 1.0; routed to SH_SUBWAY_EXIT
reactive,76,19,reactive,1,SH_COREDO,6.0,2.0,exposure 1.05 > trigger 1.0; routed to SH_COREDO
reactive,77,19,reactive,1,SH_COREDO,6.0,2.0,exposure 1.22 > trigger 1.0; routed to SH_COREDO
reactive,78,19,reactive,1,SH_BRIDGE_PLAZA,17.0,6.0,exposure 1.23 > trigger 1.0; routed to SH_BRIDGE_PLAZA
reactive,79,19,reactive,0,,,,exposure 0.99 <= trigger 1.0
reactive,80,19,reactive,1,SH_COREDO,6.0,2.0,exposure 1.27 > trigger 1.0; routed to SH_COREDO
reactive,81,19,reactive,1,SH_BRIDGE_PLAZA,17.0,6.0,exposure 1.00 > trigger 1.0; routed to SH_BRIDGE_PLAZA
reactive,82,19,reactive,1,SH_SUBWAY_EXIT,13.0,3.0,exposure 1.32 > trigger 1.0; routed to SH_SUBWAY_EXIT
reactive,83,19,reactive,1,SH_SUBWAY_EXIT,13.0,3.0,exposure 1.28 > trigger 1.0; routed to SH_SUBWAY_EXIT
reactive,84,19,reactive,0,,,,exposure 0.81 <= trigger 1.0
reactive,85,19,reactive,0,,,,exposure 0.96 <= trigger 1.0
reactive,86,19,reactive,1,SH_COREDO,6.0,2.0,exposure 1.06 > trigger 1.0; routed to SH_COREDO
reactive,87,19,reactive,0,,,,exposure 0.78 <= trigger 1.0
reactive,88,19,reactive,0,,,,exposure 0.81 <= trigger 1.0
reactive,89,19,reactive,1,SH_SUBWAY_EXIT,13.0,3.0,exposure 1.28 > trigger 1.0; routed to SH_SUBWAY_EXIT
reactive,90,19,reactive,0,,,,exposure 0.76 <= trigger 1.0
reactive,91,19,reactive,1,SH_BRIDGE_PLAZA,17.0,6.0,exposure 1.00 > trigger 1.0; routed to SH_BRIDGE_PLAZA
reactive,92,19,reactive,1,SH_SUBWAY_EXIT,13.0,3.0,exposure 1.07 > trigger 1.0; routed to SH_SUBWAY_EXIT
reactive,93,19,reactive,0,,,,exposure 0.80 <= trigger 1.0
reactive,94,19,reactive,0,,,,exposure 0.83 <= trigger 1.0
reactive,95,19,reactive,1,SH_SUBWAY_EXIT,13.0,3.0,exposure 1.20 > trigger 1.0; routed to SH_SUBWAY_EXIT
reactive,96,19,reactive,0,,,,exposure 0.99 <= trigger 1.0
reactive,97,19,reactive,1,SH_BRIDGE_PLAZA,17.0,6.0,exposure 1.35 > trigger 1.0; routed to SH_BRIDGE_PLAZA
reactive,98,19,reactive,0,,,,exposure 0.79 <= trigger 1.0
reactive,99,19,reactive,0,,,,exposure 0.98 <= trigger 1.0
reactive,100,19,reactive,1,SH_SUBWAY_EXIT,13.0,3.0,exposure 1.00 > trigger 1.0; routed to SH_SUBWAY_EXIT
reactive,101,19,reactive,1,SH_COREDO,6.0,2.0,exposure 1.32 > trigger 1.0; routed to SH_COREDO
reactive,102,19,reactive,0,,,,exposure 0.83 <= trigger 1.0
reactive,103,19,reactive,1,SH_COREDO,6.0,2.0,exposure 1.37 > trigger 1.0; routed to SH_COREDO
reactive,104,19,reactive,0,,,,exposure 0.99 <= trigger 1.0
reactive,105,19,reactive,0,,,,exposure 0.85 <= trigger 1.0
reactive,106,19,reactive,1,SH_COREDO,6.0,2.0,exposure 1.06 > trigger 1.0; routed to SH_COREDO
reactive,107,19,reactive,1,SH_COREDO,6.0,2.0,exposure 1.26 > trigger 1.0; routed to SH_COREDO
reactive,108,19,reactive,1,SH_COREDO,6.0,2.0,exposure 1.25 > trigger 1.0; routed to SH_COREDO
reactive,109,19,reactive,0,,,,exposure 0.91 <= trigger 1.0
reactive,110,19,reactive,0,,,,exposure 0.85 <= trigger 1.0
reactive,111,19,reactive,1,SH_SUBWAY_EXIT,13.0,3.0,exposure 1.06 > trigger 1.0; routed to SH_SUBWAY_EXIT
reactive,112,19,reactive,1,SH_BANK_HALL,10.0,7.0,exposure 1.29 > trigger 1.0; routed to SH_BANK_HALL
reactive,113,19,reactive,0,,,,exposure 0.77 <= trigger 1.0
reactive,114,19,reactive,1,SH_SUBWAY_EXIT,13.0,3.0,exposure 1.03 > trigger 1.0; routed to SH_SUBWAY_EXIT
reactive,115,19,reactive,1,SH_SUBWAY_EXIT,13.0,3.0,exposure 1.03 > trigger 1.0; routed to SH_SUBWAY_EXIT
reactive,116,19,reactive,0,,,,exposure 0.86 <= trigger 1.0
reactive,117,19,reactive,0,,,,exposure 0.96 <= trigger 1.0
reactive,118,19,reactive,1,SH_SUBWAY_EXIT,13.0,3.0,exposure 1.26 > trigger 1.0; routed to SH_SUBWAY_EXIT
reactive,119,19,reactive,1,,,,exposure 0.96 <= trigger 1.0
reactive,120,19,reactive,1,SH_SUBWAY_EXIT,13.0,3.0,exposure 1.07 > trigger 1.0; routed to SH_SUBWAY_EXIT
reactive,121,19,reactive,0,,,,exposure 0.97 <= trigger 1.0
reactive,122,19,reactive,0,,,,exposure 0.83 <= trigger 1.0
reactive,123,19,reactive,0,,,,exposure 0.81 <= trigger 1.0
reactive,124,19,reactive,1,,,,exposure 0.99 <= trigger 1.0
reactive,125,19,reactive,1,SH_COREDO,6.0,2.0,exposure 1.29 > trigger 1.0; routed to SH_COREDO
reactive,126,19,reactive,1,SH_SUBWAY_EXIT,13.0,3.0,exposure 1.00 > trigger 1.0; routed to SH_SUBWAY_EXIT
reactive,127,19,reactive,1,SH_SUBWAY_EXIT,13.0,3.0,exposure 1.05 > trigger 1.0; routed to SH_SUBWAY_EXIT
reactive,128,19,reactive,0,,,,exposure 0.82 <= trigger 1.0
reactive,129,19,reactive,0,,,,exposure 0.83 <= trigger 1.0
reactive,130,19,reactive,1,SH_SUBWAY_EXIT,13.0,3.0,exposure 1.38 > trigger 1.0; routed to SH_SUBWAY_EXIT
reactive,131,19,reactive,0,,,,exposure 0.88 <= trigger 1.0
reactive,132,19,reactive,1,SH_COREDO,6.0,2.0,exposure 1.33 > trigger 1.0; routed to SH_COREDO
reactive,133,19,reactive,1,SH_SUBWAY_EXIT,13.0,3.0,exposure 1.00 > trigger 1.0; routed to SH_SUBWAY_EXIT
reactive,134,19,reactive,1,SH_COREDO,6.0,2.0,exposure 1.08 > trigger 1.0; routed to SH_COREDO
reactive,135,19,reactive,0,,,,exposure 0.85 <= trigger 1.0
reactive,136,19,reactive,0,,,,exposure 0.76 <= trigger 1.0
reactive,137,19,reactive,0,,,,exposure 0.98 <= trigger 1.0
reactive,138,19,reactive,0,,,,exposure 0.98 <= trigger 1.0
reactive,139,19,reactive,1,SH_COREDO,6.0,2.0,exposure 1.33 > trigger 1.0; routed to SH_COREDO
reactive,140,19,reactive,0,,,,exposure 0.86 <= trigger 1.0
reactive,141,19,reactive,0,,,,exposure 0.95 <= trigger 1.0
reactive,142,19,reactive,0,,,,exposure 0.98 <= trigger 1.0
reactive,143,19,reactive,0,,,,exposure 0.76 <= trigger 1.0
reactive,144,19,reactive,0,,,,exposure 0.98 <= trigger 1.0
reactive,145,19,reactive,1,SH_COREDO,6.0,2.0,exposure 1.35 > trigger 1.0; routed to SH_COREDO
reactive,146,19,reactive,1,SH_COREDO,6.0,2.0,exposure 1.32 > trigger 1.0; routed to SH_COREDO
reactive,147,19,reactive,1,SH_COREDO,6.0,2.0,exposure 1.28 > trigger 1.0; routed to SH_COREDO
reactive,148,19,reactive,1,,,,no feasible shelter (capacity exhausted)
reactive,149,19,reactive,1,,,,no feasible shelter (capacity exhausted)
reactive,150,19,reactive,1,,,,no feasible shelter (capacity exhausted)
reactive,151,19,reactive,1,,,,no feasible shelter (capacity exhausted)
reactive,152,19,reactive,1,,,,no feasible shelter (capacity exhausted)
reactive,153,19,reactive,0,,,,exposure 0.77 <= trigger 1.0
reactive,154,19,reactive,0,,,,exposure 0.98 <= trigger 1.0
reactive,155,19,reactive,1,,,,no feasible shelter (capacity exhausted)
reactive,156,19,reactive,0,,,,exposure 0.79 <= trigger 1.0
reactive,157,19,reactive,1,,,,no feasible shelter (capacity exhausted)
reactive,158,19,reactive,0,,,,exposure 0.79 <= trigger 1.0
reactive,159,19,reactive,1,,,,no feasible shelter (capacity exhausted)
reactive,160,19,reactive,1,,,,no feasible shelter (capacity exhausted)
reactive,161,19,reactive,1,,,,no feasible shelter (capacity exhausted)
reactive,162,19,reactive,1,,,,no feasible shelter (capacity exhausted)
reactive,163,19,reactive,0,,,,exposure 0.91 <= trigger 1.0
reactive,164,19,reactive,0,,,,exposure 0.91 <= trigger 1.0
reactive,165,19,reactive,1,,,,no feasible shelter (capacity exhausted)
reactive,166,19,reactive,1,,,,no feasible shelter (capacity exhausted)
reactive,167,19,reactive,1,,,,no feasible shelter (capacity exhausted)
reactive,168,19,reactive,1,,,,no feasible shelter (capacity exhausted)
reactive,169,19,reactive,1,,,,no feasible shelter (capacity exhausted)
reactive,170,19,reactive,0,,,,exposure 0.72 <= trigger 1.0
reactive,171,19,reactive,1,,,,no feasible shelter (capacity exhausted)
reactive,172,19,reactive,1,,,,no feasible shelter (capacity exhausted)
reactive,173,19,reactive,0,,,,exposure 0.86 <= trigger 1.0
reactive,174,19,reactive,1,,,,no feasible shelter (capacity exhausted)
reactive,175,19,reactive,1,,,,no feasible shelter (capacity exhausted)
reactive,176,19,reactive,1,,,,no feasible shelter (capacity exhausted)
reactive,177,19,reactive,0,,,,exposure 0.76 <= trigger 1.0
reactive,178,19,reactive,0,,,,exposure 0.99 <= trigger 1.0
reactive,179,19,reactive,0,,,,exposure 0.98 <= trigger 1.0
reactive,180,19,reactive,0,,,,exposure 0.77 <= trigger 1.0
reactive,181,19,reactive,1,,,,no feasible shelter (capacity exhausted)
reactive,182,19,reactive,1,,,,no feasible shelter (capacity exhausted)
reactive,183,19,reactive,0,,,,exposure 0.85 <= trigger 1.0
reactive,184,19,reactive,0,,,,exposure 0.81 <= trigger 1.0
reactive,185,19,reactive,1,,,,no feasible shelter (capacity exhausted)
reactive,186,19,reactive,1,,,,no feasible shelter (capacity exhausted)
reactive,187,19,reactive,1,,,,no feasible shelter (capacity exhausted)
reactive,188,19,reactive,1,,,,no feasible shelter (capacity exhausted)
reactive,189,19,reactive,0,,,,exposure 0.85 <= trigger 1.0
reactive,190,19,reactive,1,,,,no feasible shelter (capacity exhausted)
reactive,191,19,reactive,0,,,,exposure 0.83 <= trigger 1.0
reactive,192,19,reactive,1,,,,no feasible shelter (capacity exhausted)
reactive,193,19,reactive,0,,,,exposure 0.81 <= trigger 1.0
reactive,194,19,reactive,1,,,,no feasible shelter (capacity exhausted)
reactive,195,19,reactive,0,,,,exposure 0.72 <= trigger 1.0
reactive,196,19,reactive,0,,,,exposure 0.96 <= trigger 1.0
reactive,197,19,reactive,0,,,,exposure 0.82 <= trigger 1.0
reactive,198,19,reactive,0,,,,exposure 0.98 <= trigger 1.0
reactive,199,19,reactive,1,,,,no feasible shelter (capacity exhausted)
reactive,200,19,reactive,0,,,,exposure 0.96 <= trigger 1.0
reactive,201,19,reactive,1,,,,no feasible shelter (capacity exhausted)
reactive,202,19,reactive,0,,,,exposure 0.95 <= trigger 1.0
reactive,203,19,reactive,1,,,,no feasible shelter (capacity exhausted)
reactive,204,19,reactive,0,,,,exposure 0.69 <= trigger 1.0
reactive,205,19,reactive,0,,,,exposure 0.77 <= trigger 1.0
reactive,206,19,reactive,1,,,,no feasible shelter (capacity exhausted)
reactive,207,19,reactive,1,,,,no feasible shelter (capacity exhausted)
reactive,208,19,reactive,1,,,,no feasible shelter (capacity exhausted)
reactive,209,19,reactive,0,,,,exposure 0.94 <= trigger 1.0
reactive,210,19,reactive,0,,,,exposure 0.76 <= trigger 1.0
reactive,211,19,reactive,1,,,,no feasible shelter (capacity exhausted)
reactive,212,19,reactive,0,,,,exposure 0.79 <= trigger 1.0
reactive,213,19,reactive,1,,,,no feasible shelter (capacity exhausted)
reactive,214,19,reactive,1,,,,no feasible shelter (capacity exhausted)
reactive,215,19,reactive,1,,,,no feasible shelter (capacity exhausted)
reactive,216,19,reactive,1,,,,no feasible shelter (capacity exhausted)
reactive,217,19,reactive,1,,,,no feasible shelter (capacity exhausted)
reactive,218,19,reactive,1,,,,no feasible shelter (capacity exhausted)
reactive,219,19,reactive,1,,,,no feasible shelter (capacity exhausted)
reactive,220,19,reactive,0,,,,exposure 0.81 <= trigger 1.0
reactive,221,19,reactive,0,,,,exposure 0.96 <= trigger 1.0
reactive,222,19,reactive,0,,,,exposure 0.83 <= trigger 1.0
reactive,223,19,reactive,1,,,,no feasible shelter (capacity exhausted)
reactive,224,19,reactive,0,,,,exposure 0.81 <= trigger 1.0
reactive,225,19,reactive,0,,,,exposure 0.82 <= trigger 1.0
reactive,226,19,reactive,0,,,,exposure 0.88 <= trigger 1.0
reactive,227,19,reactive,0,,,,exposure 0.76 <= trigger 1.0
reactive,228,19,reactive,1,,,,no feasible shelter (capacity exhausted)
reactive,229,19,reactive,0,,,,exposure 0.98 <= trigger 1.0
reactive,230,19,reactive,1,,,,no feasible shelter (capacity exhausted)
reactive,231,19,reactive,0,,,,exposure 0.76 <= trigger 1.0
reactive,232,19,reactive,1,,,,no feasible shelter (capacity exhausted)
reactive,233,19,reactive,1,,,,no feasible shelter (capacity exhausted)
reactive,234,19,reactive,1,,,,no feasible shelter (capacity exhausted)
reactive,235,19,reactive,0,,,,exposure 0.73 <= trigger 1.0
reactive,236,19,reactive,1,,,,no feasible shelter (capacity exhausted)
reactive,237,19,reactive,1,,,,no feasible shelter (capacity exhausted)
reactive,238,19,reactive,1,,,,no feasible shelter (capacity exhausted)
reactive,239,19,reactive,1,,,,no feasible shelter (capacity exhausted)
reactive,0,20,reactive,1,SH_COREDO,6.0,2.0,exposure 1.08 > trigger 1.0; routed to SH_COREDO
reactive,1,20,reactive,0,,,,exposure 0.53 <= trigger 1.0
reactive,2,20,reactive,1,SH_COREDO,6.0,2.0,exposure 1.09 > trigger 1.0; routed to SH_COREDO
reactive,3,20,reactive,1,SH_BRIDGE_PLAZA,17.0,6.0,exposure 1.12 > trigger 1.0; routed to SH_BRIDGE_PLAZA
reactive,4,20,reactive,1,SH_SUBWAY_EXIT,13.0,3.0,exposure 1.07 > trigger 1.0; routed to SH_SUBWAY_EXIT
reactive,5,20,reactive,1,SH_COREDO,6.0,2.0,exposure 1.00 > trigger 1.0; routed to SH_COREDO
reactive,6,20,reactive,1,SH_COREDO,6.0,2.0,exposure 1.10 > trigger 1.0; routed to SH_COREDO
reactive,7,20,reactive,1,SH_SUBWAY_EXIT,13.0,3.0,exposure 1.01 > trigger 1.0; routed to SH_SUBWAY_EXIT
reactive,8,20,reactive,0,,,,exposure 0.99 <= trigger 1.0
reactive,9,20,reactive,0,,,,exposure 0.78 <= trigger 1.0
reactive,10,20,reactive,0,,,,exposure 0.79 <= trigger 1.0
reactive,11,20,reactive,1,SH_BANK_HALL,10.0,7.0,exposure 1.02 > trigger 1.0; routed to SH_BANK_HALL
reactive,12,20,reactive,0,,,,exposure 0.51 <= trigger 1.0
reactive,13,20,reactive,0,,,,exposure 0.84 <= trigger 1.0
reactive,14,20,reactive,0,,,,exposure 0.61 <= trigger 1.0
reactive,15,20,reactive,0,,,,exposure 0.60 <= trigger 1.0
reactive,16,20,reactive,0,,,,exposure 0.68 <= trigger 1.0
reactive,17,20,reactive,1,SH_SUBWAY_EXIT,13.0,3.0,exposure 1.05 > trigger 1.0; routed to SH_SUBWAY_EXIT
reactive,18,20,reactive,0,,,,exposure 0.57 <= trigger 1.0
reactive,19,20,reactive,0,,,,exposure 0.82 <= trigger 1.0
reactive,20,20,reactive,0,,,,exposure 0.55 <= trigger 1.0
reactive,21,20,reactive,1,SH_SUBWAY_EXIT,13.0,3.0,exposure 1.07 > trigger 1.0; routed to SH_SUBWAY_EXIT
reactive,22,20,reactive,0,,,,exposure 0.74 <= trigger 1.0
reactive,23,20,reactive,0,,,,exposure 0.77 <= trigger 1.0
reactive,24,20,reactive,0,,,,exposure 0.82 <= trigger 1.0
reactive,25,20,reactive,1,SH_COREDO,6.0,2.0,exposure 1.04 > trigger 1.0; routed to SH_COREDO
reactive,26,20,reactive,0,,,,exposure 0.55 <= trigger 1.0
reactive,27,20,reactive,1,SH_COREDO,6.0,2.0,exposure 1.02 > trigger 1.0; routed to SH_COREDO
reactive,28,20,reactive,0,,,,exposure 0.55 <= trigger 1.0
reactive,29,20,reactive,0,,,,exposure 0.55 <= trigger 1.0
reactive,30,20,reactive,0,,,,exposure 0.65 <= trigger 1.0
reactive,31,20,reactive,0,,,,exposure 0.73 <= trigger 1.0
reactive,32,20,reactive,0,,,,exposure 0.65 <= trigger 1.0
reactive,33,20,reactive,0,,,,exposure 0.53 <= trigger 1.0
reactive,34,20,reactive,0,,,,exposure 0.60 <= trigger 1.0
reactive,35,20,reactive,0,,,,exposure 0.83 <= trigger 1.0
reactive,36,20,reactive,1,SH_MITSUKOSHI,2.0,7.0,exposure 1.00 > trigger 1.0; routed to SH_MITSUKOSHI
reactive,37,20,reactive,0,,,,exposure 0.74 <= trigger 1.0
reactive,38,20,reactive,0,,,,exposure 0.74 <= trigger 1.0
reactive,39,20,reactive,0,,,,exposure 0.53 <= trigger 1.0
reactive,40,20,reactive,1,SH_SUBWAY_EXIT,13.0,3.0,exposure 1.13 > trigger 1.0; routed to SH_SUBWAY_EXIT
reactive,41,20,reactive,0,,,,exposure 0.78 <= trigger 1.0
reactive,42,20,reactive,0,,,,exposure 0.51 <= trigger 1.0
reactive,43,20,reactive,0,,,,exposure 0.53 <= trigger 1.0
reactive,44,20,reactive,1,SH_SUBWAY_EXIT,13.0,3.0,exposure 1.05 > trigger 1.0; routed to SH_SUBWAY_EXIT
reactive,45,20,reactive,1,SH_MITSUKOSHI,2.0,7.0,exposure 1.10 > trigger 1.0; routed to SH_MITSUKOSHI
reactive,46,20,reactive,1,SH_BRIDGE_PLAZA,17.0,6.0,exposure 1.05 > trigger 1.0; routed to SH_BRIDGE_PLAZA
reactive,47,20,reactive,1,SH_SUBWAY_EXIT,13.0,3.0,exposure 1.08 > trigger 1.0; routed to SH_SUBWAY_EXIT
reactive,48,20,reactive,0,,,,exposure 0.51 <= trigger 1.0
reactive,49,20,reactive,0,,,,exposure 0.81 <= trigger 1.0
reactive,50,20,reactive,0,,,,exposure 0.48 <= trigger 1.0
reactive,51,20,reactive,1,SH_BANK_HALL,10.0,7.0,exposure 1.09 > trigger 1.0; routed to SH_BANK_HALL
reactive,52,20,reactive,0,,,,exposure 0.53 <= trigger 1.0
reactive,53,20,reactive,0,,,,exposure 0.58 <= trigger 1.0
reactive,54,20,reactive,1,SH_MITSUKOSHI,2.0,7.0,exposure 1.10 > trigger 1.0; routed to SH_MITSUKOSHI
reactive,55,20,reactive,1,SH_MITSUKOSHI,2.0,7.0,exposure 1.10 > trigger 1.0; routed to SH_MITSUKOSHI
reactive,56,20,reactive,1,SH_BANK_HALL,10.0,7.0,exposure 1.02 > trigger 1.0; routed to SH_BANK_HALL
reactive,57,20,reactive,1,SH_MITSUKOSHI,2.0,7.0,exposure 1.06 > trigger 1.0; routed to SH_MITSUKOSHI
reactive,58,20,reactive,0,,,,exposure 0.56 <= trigger 1.0
reactive,59,20,reactive,1,SH_BRIDGE_PLAZA,17.0,6.0,exposure 1.05 > trigger 1.0; routed to SH_BRIDGE_PLAZA
reactive,60,20,reactive,1,SH_BRIDGE_PLAZA,17.0,6.0,exposure 1.01 > trigger 1.0; routed to SH_BRIDGE_PLAZA
reactive,61,20,reactive,1,SH_BANK_HALL,10.0,7.0,exposure 1.10 > trigger 1.0; routed to SH_BANK_HALL
reactive,62,20,reactive,1,SH_MITSUKOSHI,2.0,7.0,exposure 1.10 > trigger 1.0; routed to SH_MITSUKOSHI
reactive,63,20,reactive,0,,,,exposure 0.80 <= trigger 1.0
reactive,64,20,reactive,0,,,,exposure 0.71 <= trigger 1.0
reactive,65,20,reactive,0,,,,exposure 0.67 <= trigger 1.0
reactive,66,20,reactive,0,,,,exposure 0.51 <= trigger 1.0
reactive,67,20,reactive,0,,,,exposure 0.70 <= trigger 1.0
reactive,68,20,reactive,1,SH_BRIDGE_PLAZA,17.0,6.0,exposure 1.05 > trigger 1.0; routed to SH_BRIDGE_PLAZA
reactive,69,20,reactive,1,SH_BRIDGE_PLAZA,17.0,6.0,exposure 1.01 > trigger 1.0; routed to SH_BRIDGE_PLAZA
reactive,70,20,reactive,0,,,,exposure 0.60 <= trigger 1.0
reactive,71,20,reactive,0,,,,exposure 0.80 <= trigger 1.0
reactive,72,20,reactive,0,,,,exposure 0.75 <= trigger 1.0
reactive,73,20,reactive,0,,,,exposure 0.70 <= trigger 1.0
reactive,74,20,reactive,0,,,,exposure 0.56 <= trigger 1.0
reactive,75,20,reactive,1,,,,exposure 0.93 <= trigger 1.0
reactive,76,20,reactive,0,,,,exposure 0.75 <= trigger 1.0
reactive,77,20,reactive,0,,,,exposure 0.81 <= trigger 1.0
reactive,78,20,reactive,1,SH_BRIDGE_PLAZA,17.0,6.0,exposure 1.05 > trigger 1.0; routed to SH_BRIDGE_PLAZA
reactive,79,20,reactive,0,,,,exposure 0.78 <= trigger 1.0
reactive,80,20,reactive,1,SH_MITSUKOSHI,2.0,7.0,exposure 1.09 > trigger 1.0; routed to SH_MITSUKOSHI
reactive,81,20,reactive,0,,,,exposure 0.57 <= trigger 1.0
reactive,82,20,reactive,1,SH_BRIDGE_PLAZA,17.0,6.0,exposure 1.05 > trigger 1.0; routed to SH_BRIDGE_PLAZA
reactive,83,20,reactive,1,SH_BRIDGE_PLAZA,17.0,6.0,exposure 1.05 > trigger 1.0; routed to SH_BRIDGE_PLAZA
reactive,84,20,reactive,0,,,,exposure 0.55 <= trigger 1.0
reactive,85,20,reactive,0,,,,exposure 0.83 <= trigger 1.0
reactive,86,20,reactive,1,SH_BANK_HALL,10.0,7.0,exposure 1.10 > trigger 1.0; routed to SH_BANK_HALL
reactive,87,20,reactive,0,,,,exposure 0.51 <= trigger 1.0
reactive,88,20,reactive,0,,,,exposure 0.67 <= trigger 1.0
reactive,89,20,reactive,1,SH_BANK_HALL,10.0,7.0,exposure 1.07 > trigger 1.0; routed to SH_BANK_HALL
reactive,90,20,reactive,0,,,,exposure 0.46 <= trigger 1.0
reactive,91,20,reactive,1,SH_BRIDGE_PLAZA,17.0,6.0,exposure 1.07 > trigger 1.0; routed to SH_BRIDGE_PLAZA
reactive,92,20,reactive,0,,,,exposure 0.65 <= trigger 1.0
reactive,93,20,reactive,0,,,,exposure 0.74 <= trigger 1.0
reactive,94,20,reactive,0,,,,exposure 0.48 <= trigger 1.0
reactive,95,20,reactive,0,,,,exposure 0.98 <= trigger 1.0
reactive,96,20,reactive,0,,,,exposure 0.87 <= trigger 1.0
reactive,97,20,reactive,1,SH_BRIDGE_PLAZA,17.0,6.0,exposure 1.12 > trigger 1.0; routed to SH_BRIDGE_PLAZA
reactive,98,20,reactive,0,,,,exposure 0.71 <= trigger 1.0
reactive,99,20,reactive,0,,,,exposure 0.56 <= trigger 1.0
reactive,100,20,reactive,1,SH_BANK_HALL,10.0,7.0,exposure 1.06 > trigger 1.0; routed to SH_BANK_HALL
reactive,101,20,reactive,1,SH_BANK_HALL,10.0,7.0,exposure 1.13 > trigger 1.0; routed to SH_BANK_HALL
reactive,102,20,reactive,0,,,,exposure 0.56 <= trigger 1.0
reactive,103,20,reactive,0,,,,exposure 0.97 <= trigger 1.0
reactive,104,20,reactive,0,,,,exposure 0.86 <= trigger 1.0
reactive,105,20,reactive,0,,,,exposure 0.57 <= trigger 1.0
reactive,106,20,reactive,1,SH_MITSUKOSHI,2.0,7.0,exposure 1.03 > trigger 1.0; routed to SH_MITSUKOSHI
reactive,107,20,reactive,0,,,,exposure 0.77 <= trigger 1.0
reactive,108,20,reactive,1,SH_BANK_HALL,10.0,7.0,exposure 1.07 > trigger 1.0; routed to SH_BANK_HALL
reactive,109,20,reactive,0,,,,exposure 0.74 <= trigger 1.0
reactive,110,20,reactive,0,,,,exposure 0.48 <= trigger 1.0
reactive,111,20,reactive,0,,,,exposure 0.59 <= trigger 1.0
reactive,112,20,reactive,0,,,,exposure 0.87 <= trigger 1.0
reactive,113,20,reactive,0,,,,exposure 0.56 <= trigger 1.0
reactive,114,20,reactive,0,,,,exposure 0.60 <= trigger 1.0
reactive,115,20,reactive,0,,,,exposure 0.99 <= trigger 1.0
reactive,116,20,reactive,0,,,,exposure 0.54 <= trigger 1.0
reactive,117,20,reactive,0,,,,exposure 0.58 <= trigger 1.0
reactive,118,20,reactive,1,SH_BANK_HALL,10.0,7.0,exposure 1.10 > trigger 1.0; routed to SH_BANK_HALL
reactive,119,20,reactive,0,,,,exposure 0.80 <= trigger 1.0
reactive,120,20,reactive,1,SH_BRIDGE_PLAZA,17.0,6.0,exposure 1.07 > trigger 1.0; routed to SH_BRIDGE_PLAZA
reactive,121,20,reactive,1,SH_BANK_HALL,10.0,7.0,exposure 1.09 > trigger 1.0; routed to SH_BANK_HALL
reactive,122,20,reactive,0,,,,exposure 0.56 <= trigger 1.0
reactive,123,20,reactive,0,,,,exposure 0.57 <= trigger 1.0
reactive,124,20,reactive,0,,,,exposure 0.69 <= trigger 1.0
reactive,125,20,reactive,1,,,,exposure 0.97 <= trigger 1.0
reactive,126,20,reactive,0,,,,exposure 0.46 <= trigger 1.0
reactive,127,20,reactive,1,SH_BRIDGE_PLAZA,17.0,6.0,exposure 1.05 > trigger 1.0; routed to SH_BRIDGE_PLAZA
reactive,128,20,reactive,0,,,,exposure 0.54 <= trigger 1.0
reactive,129,20,reactive,0,,,,exposure 0.78 <= trigger 1.0
reactive,130,20,reactive,0,,,,exposure 0.79 <= trigger 1.0
reactive,131,20,reactive,1,SH_BRIDGE_PLAZA,17.0,6.0,exposure 1.07 > trigger 1.0; routed to SH_BRIDGE_PLAZA
reactive,132,20,reactive,1,SH_MITSUKOSHI,2.0,7.0,exposure 1.06 > trigger 1.0; routed to SH_MITSUKOSHI
reactive,133,20,reactive,0,,,,exposure 0.55 <= trigger 1.0
reactive,134,20,reactive,1,SH_MITSUKOSHI,2.0,7.0,exposure 1.03 > trigger 1.0; routed to SH_MITSUKOSHI
reactive,135,20,reactive,0,,,,exposure 0.73 <= trigger 1.0
reactive,136,20,reactive,0,,,,exposure 0.78 <= trigger 1.0
reactive,137,20,reactive,0,,,,exposure 0.80 <= trigger 1.0
reactive,138,20,reactive,0,,,,exposure 0.81 <= trigger 1.0
reactive,139,20,reactive,0,,,,exposure 0.84 <= trigger 1.0
reactive,140,20,reactive,0,,,,exposure 0.54 <= trigger 1.0
reactive,141,20,reactive,0,,,,exposure 0.72 <= trigger 1.0
reactive,142,20,reactive,0,,,,exposure 0.78 <= trigger 1.0
reactive,143,20,reactive,0,,,,exposure 0.51 <= trigger 1.0
reactive,144,20,reactive,0,,,,exposure 0.83 <= trigger 1.0
reactive,145,20,reactive,0,,,,exposure 0.79 <= trigger 1.0
reactive,146,20,reactive,1,SH_MITSUKOSHI,2.0,7.0,exposure 1.09 > trigger 1.0; routed to SH_MITSUKOSHI
reactive,147,20,reactive,1,SH_BRIDGE_PLAZA,17.0,6.0,exposure 1.05 > trigger 1.0; routed to SH_BRIDGE_PLAZA
reactive,148,20,reactive,1,SH_BRIDGE_PLAZA,17.0,6.0,exposure 1.05 > trigger 1.0; routed to SH_BRIDGE_PLAZA
reactive,149,20,reactive,0,,,,exposure 0.74 <= trigger 1.0
reactive,150,20,reactive,1,SH_BANK_HALL,10.0,7.0,exposure 1.13 > trigger 1.0; routed to SH_BANK_HALL
reactive,151,20,reactive,1,SH_BRIDGE_PLAZA,17.0,6.0,exposure 1.05 > trigger 1.0; routed to SH_BRIDGE_PLAZA
reactive,152,20,reactive,0,,,,exposure 0.72 <= trigger 1.0
reactive,153,20,reactive,0,,,,exposure 0.61 <= trigger 1.0
reactive,154,20,reactive,1,SH_BRIDGE_PLAZA,17.0,6.0,exposure 1.05 > trigger 1.0; routed to SH_BRIDGE_PLAZA
reactive,155,20,reactive,1,SH_BANK_HALL,10.0,7.0,exposure 1.05 > trigger 1.0; routed to SH_BANK_HALL
reactive,156,20,reactive,0,,,,exposure 0.73 <= trigger 1.0
reactive,157,20,reactive,0,,,,exposure 0.68 <= trigger 1.0
reactive,158,20,reactive,0,,,,exposure 0.52 <= trigger 1.0
reactive,159,20,reactive,1,SH_BANK_HALL,10.0,7.0,exposure 1.12 > trigger 1.0; routed to SH_BANK_HALL
reactive,160,20,reactive,0,,,,exposure 0.78 <= trigger 1.0
reactive,161,20,reactive,1,SH_BANK_HALL,10.0,7.0,exposure 1.06 > trigger 1.0; routed to SH_BANK_HALL
reactive,162,20,reactive,0,,,,exposure 0.92 <= trigger 1.0
reactive,163,20,reactive,0,,,,exposure 0.81 <= trigger 1.0
reactive,164,20,reactive,0,,,,exposure 0.65 <= trigger 1.0
reactive,165,20,reactive,0,,,,exposure 0.74 <= trigger 1.0
reactive,166,20,reactive,0,,,,exposure 0.76 <= trigger 1.0
reactive,167,20,reactive,0,,,,exposure 0.83 <= trigger 1.0
reactive,168,20,reactive,0,,,,exposure 0.49 <= trigger 1.0
reactive,169,20,reactive,0,,,,exposure 0.76 <= trigger 1.0
reactive,170,20,reactive,0,,,,exposure 0.56 <= trigger 1.0
reactive,171,20,reactive,1,SH_MITSUKOSHI,2.0,7.0,exposure 1.04 > trigger 1.0; routed to SH_MITSUKOSHI
reactive,172,20,reactive,0,,,,exposure 0.84 <= trigger 1.0
reactive,173,20,reactive,0,,,,exposure 0.86 <= trigger 1.0
reactive,174,20,reactive,0,,,,exposure 0.77 <= trigger 1.0
reactive,175,20,reactive,0,,,,exposure 0.77 <= trigger 1.0
reactive,176,20,reactive,1,SH_BANK_HALL,10.0,7.0,exposure 1.10 > trigger 1.0; routed to SH_BANK_HALL
reactive,177,20,reactive,0,,,,exposure 0.77 <= trigger 1.0
reactive,178,20,reactive,0,,,,exposure 0.76 <= trigger 1.0
reactive,179,20,reactive,0,,,,exposure 0.98 <= trigger 1.0
reactive,180,20,reactive,0,,,,exposure 0.50 <= trigger 1.0
reactive,181,20,reactive,1,SH_BRIDGE_PLAZA,17.0,6.0,exposure 1.05 > trigger 1.0; routed to SH_BRIDGE_PLAZA
reactive,182,20,reactive,1,SH_BANK_HALL,10.0,7.0,exposure 1.06 > trigger 1.0; routed to SH_BANK_HALL
reactive,183,20,reactive,0,,,,exposure 0.73 <= trigger 1.0
reactive,184,20,reactive,0,,,,exposure 0.71 <= trigger 1.0
reactive,185,20,reactive,1,SH_BANK_HALL,10.0,7.0,exposure 1.10 > trigger 1.0; routed to SH_BANK_HALL
reactive,186,20,reactive,1,SH_BANK_HALL,10.0,7.0,exposure 1.02 > trigger 1.0; routed to SH_BANK_HALL
reactive,187,20,reactive,0,,,,exposure 0.81 <= trigger 1.0
reactive,188,20,reactive,1,SH_BANK_HALL,10.0,7.0,exposure 1.04 > trigger 1.0; routed to SH_BANK_HALL
reactive,189,20,reactive,0,,,,exposure 0.60 <= trigger 1.0
reactive,190,20,reactive,0,,,,exposure 0.56 <= trigger 1.0
reactive,191,20,reactive,0,,,,exposure 0.56 <= trigger 1.0
reactive,192,20,reactive,0,,,,exposure 0.48 <= trigger 1.0
reactive,193,20,reactive,0,,,,exposure 0.74 <= trigger 1.0
reactive,194,20,reactive,0,,,,exposure 0.72 <= trigger 1.0
reactive,195,20,reactive,0,,,,exposure 0.78 <= trigger 1.0
reactive,196,20,reactive,0,,,,exposure 0.51 <= trigger 1.0
reactive,197,20,reactive,0,,,,exposure 0.58 <= trigger 1.0
reactive,198,20,reactive,0,,,,exposure 0.96 <= trigger 1.0
reactive,199,20,reactive,0,,,,exposure 0.98 <= trigger 1.0
reactive,200,20,reactive,1,SH_BANK_HALL,10.0,7.0,exposure 1.08 > trigger 1.0; routed to SH_BANK_HALL
reactive,201,20,reactive,1,SH_BRIDGE_PLAZA,17.0,6.0,exposure 1.02 > trigger 1.0; routed to SH_BRIDGE_PLAZA
reactive,202,20,reactive,0,,,,exposure 0.81 <= trigger 1.0
reactive,203,20,reactive,1,SH_BRIDGE_PLAZA,17.0,6.0,exposure 1.07 > trigger 1.0; routed to SH_BRIDGE_PLAZA
reactive,204,20,reactive,0,,,,exposure 0.53 <= trigger 1.0
reactive,205,20,reactive,0,,,,exposure 0.57 <= trigger 1.0
reactive,206,20,reactive,0,,,,exposure 0.77 <= trigger 1.0
reactive,207,20,reactive,0,,,,exposure 0.74 <= trigger 1.0
reactive,208,20,reactive,0,,,,exposure 0.83 <= trigger 1.0
reactive,209,20,reactive,1,SH_MITSUKOSHI,2.0,7.0,exposure 1.03 > trigger 1.0; routed to SH_MITSUKOSHI
reactive,210,20,reactive,0,,,,exposure 0.79 <= trigger 1.0
reactive,211,20,reactive,0,,,,exposure 0.58 <= trigger 1.0
reactive,212,20,reactive,0,,,,exposure 0.59 <= trigger 1.0
reactive,213,20,reactive,0,,,,exposure 0.81 <= trigger 1.0
reactive,214,20,reactive,1,SH_MITSUKOSHI,2.0,7.0,exposure 1.03 > trigger 1.0; routed to SH_MITSUKOSHI
reactive,215,20,reactive,1,SH_BRIDGE_PLAZA,17.0,6.0,exposure 1.05 > trigger 1.0; routed to SH_BRIDGE_PLAZA
reactive,216,20,reactive,0,,,,exposure 0.75 <= trigger 1.0
reactive,217,20,reactive,1,SH_MITSUKOSHI,2.0,7.0,exposure 1.08 > trigger 1.0; routed to SH_MITSUKOSHI
reactive,218,20,reactive,0,,,,exposure 0.70 <= trigger 1.0
reactive,219,20,reactive,0,,,,exposure 0.80 <= trigger 1.0
reactive,220,20,reactive,0,,,,exposure 0.62 <= trigger 1.0
reactive,221,20,reactive,1,SH_BANK_HALL,10.0,7.0,exposure 1.08 > trigger 1.0; routed to SH_BANK_HALL
reactive,222,20,reactive,0,,,,exposure 0.56 <= trigger 1.0
reactive,223,20,reactive,1,SH_MITSUKOSHI,2.0,7.0,exposure 1.08 > trigger 1.0; routed to SH_MITSUKOSHI
reactive,224,20,reactive,0,,,,exposure 0.58 <= trigger 1.0
reactive,225,20,reactive,0,,,,exposure 0.58 <= trigger 1.0
reactive,226,20,reactive,0,,,,exposure 0.70 <= trigger 1.0
reactive,227,20,reactive,0,,,,exposure 0.52 <= trigger 1.0
reactive,228,20,reactive,1,SH_BANK_HALL,10.0,7.0,exposure 1.10 > trigger 1.0; routed to SH_BANK_HALL
reactive,229,20,reactive,1,SH_MITSUKOSHI,2.0,7.0,exposure 1.03 > trigger 1.0; routed to SH_MITSUKOSHI
reactive,230,20,reactive,0,,,,exposure 0.80 <= trigger 1.0
reactive,231,20,reactive,0,,,,exposure 0.71 <= trigger 1.0
reactive,232,20,reactive,0,,,,exposure 0.93 <= trigger 1.0
reactive,233,20,reactive,1,SH_BANK_HALL,10.0,7.0,exposure 1.04 > trigger 1.0; routed to SH_BANK_HALL
reactive,234,20,reactive,0,,,,exposure 0.77 <= trigger 1.0
reactive,235,20,reactive,0,,,,exposure 0.63 <= trigger 1.0
reactive,236,20,reactive,1,SH_BANK_HALL,10.0,7.0,exposure 1.03 > trigger 1.0; routed to SH_BANK_HALL
reactive,237,20,reactive,1,SH_MITSUKOSHI,2.0,7.0,exposure 1.03 > trigger 1.0; routed to SH_MITSUKOSHI
reactive,238,20,reactive,1,SH_BANK_HALL,10.0,7.0,exposure 1.09 > trigger 1.0; routed to SH_BANK_HALL
reactive,239,20,reactive,1,SH_BANK_HALL,10.0,7.0,exposure 1.09 > trigger 1.0; routed to SH_BANK_HALL
reactive,0,21,reactive,0,,,,exposure 0.84 <= trigger 1.0
reactive,1,21,reactive,0,,,,exposure 0.29 <= trigger 1.0
reactive,2,21,reactive,0,,,,exposure 0.59 <= trigger 1.0
reactive,3,21,reactive,0,,,,exposure 0.85 <= trigger 1.0
reactive,4,21,reactive,0,,,,exposure 0.84 <= trigger 1.0
reactive,5,21,reactive,0,,,,exposure 0.48 <= trigger 1.0
reactive,6,21,reactive,0,,,,exposure 0.87 <= trigger 1.0
reactive,7,21,reactive,0,,,,exposure 0.50 <= trigger 1.0
reactive,8,21,reactive,0,,,,exposure 0.94 <= trigger 1.0
reactive,9,21,reactive,0,,,,exposure 0.49 <= trigger 1.0
reactive,10,21,reactive,0,,,,exposure 0.46 <= trigger 1.0
reactive,11,21,reactive,0,,,,exposure 0.30 <= trigger 1.0
reactive,12,21,reactive,0,,,,exposure 0.38 <= trigger 1.0
reactive,13,21,reactive,0,,,,exposure 0.52 <= trigger 1.0
reactive,14,21,reactive,0,,,,exposure 0.31 <= trigger 1.0
reactive,15,21,reactive,0,,,,exposure 0.48 <= trigger 1.0
reactive,16,21,reactive,0,,,,exposure 0.53 <= trigger 1.0
reactive,17,21,reactive,0,,,,exposure 0.88 <= trigger 1.0
reactive,18,21,reactive,0,,,,exposure 0.31 <= trigger 1.0
reactive,19,21,reactive,0,,,,exposure 0.59 <= trigger 1.0
reactive,20,21,reactive,0,,,,exposure 0.58 <= trigger 1.0
reactive,21,21,reactive,0,,,,exposure 0.82 <= trigger 1.0
reactive,22,21,reactive,0,,,,exposure 0.32 <= trigger 1.0
reactive,23,21,reactive,0,,,,exposure 0.50 <= trigger 1.0
reactive,24,21,reactive,0,,,,exposure 0.49 <= trigger 1.0
reactive,25,21,reactive,0,,,,exposure 0.80 <= trigger 1.0
reactive,26,21,reactive,0,,,,exposure 0.34 <= trigger 1.0
reactive,27,21,reactive,0,,,,exposure 0.84 <= trigger 1.0
reactive,28,21,reactive,0,,,,exposure 0.28 <= trigger 1.0
reactive,29,21,reactive,0,,,,exposure 0.35 <= trigger 1.0
reactive,30,21,reactive,0,,,,exposure 0.36 <= trigger 1.0
reactive,31,21,reactive,0,,,,exposure 0.55 <= trigger 1.0
reactive,32,21,reactive,0,,,,exposure 0.29 <= trigger 1.0
reactive,33,21,reactive,0,,,,exposure 0.31 <= trigger 1.0
reactive,34,21,reactive,0,,,,exposure 0.27 <= trigger 1.0
reactive,35,21,reactive,0,,,,exposure 0.53 <= trigger 1.0
reactive,36,21,reactive,0,,,,exposure 0.80 <= trigger 1.0
reactive,37,21,reactive,0,,,,exposure 0.58 <= trigger 1.0
reactive,38,21,reactive,0,,,,exposure 0.27 <= trigger 1.0
reactive,39,21,reactive,0,,,,exposure 0.53 <= trigger 1.0
reactive,40,21,reactive,0,,,,exposure 0.85 <= trigger 1.0
reactive,41,21,reactive,0,,,,exposure 0.51 <= trigger 1.0
reactive,42,21,reactive,0,,,,exposure 0.37 <= trigger 1.0
reactive,43,21,reactive,0,,,,exposure 0.31 <= trigger 1.0
reactive,44,21,reactive,0,,,,exposure 0.83 <= trigger 1.0
reactive,45,21,reactive,0,,,,exposure 0.90 <= trigger 1.0
reactive,46,21,reactive,0,,,,exposure 0.78 <= trigger 1.0
reactive,47,21,reactive,0,,,,exposure 0.50 <= trigger 1.0
reactive,48,21,reactive,0,,,,exposure 0.36 <= trigger 1.0
reactive,49,21,reactive,0,,,,exposure 0.62 <= trigger 1.0
reactive,50,21,reactive,0,,,,exposure 0.38 <= trigger 1.0
reactive,51,21,reactive,0,,,,exposure 0.83 <= trigger 1.0
reactive,52,21,reactive,0,,,,exposure 0.30 <= trigger 1.0
reactive,53,21,reactive,0,,,,exposure 0.50 <= trigger 1.0
reactive,54,21,reactive,0,,,,exposure 0.62 <= trigger 1.0
reactive,55,21,reactive,0,,,,exposure 0.83 <= trigger 1.0
reactive,56,21,reactive,0,,,,exposure 0.85 <= trigger 1.0
reactive,57,21,reactive,0,,,,exposure 0.83 <= trigger 1.0
reactive,58,21,reactive,0,,,,exposure 0.47 <= trigger 1.0
reactive,59,21,reactive,0,,,,exposure 0.82 <= trigger 1.0
reactive,60,21,reactive,0,,,,exposure 0.84 <= trigger 1.0
reactive,61,21,reactive,0,,,,exposure 0.85 <= trigger 1.0
reactive,62,21,reactive,0,,,,exposure 0.75 <= trigger 1.0
reactive,63,21,reactive,0,,,,exposure 0.39 <= trigger 1.0
reactive,64,21,reactive,0,,,,exposure 0.48 <= trigger 1.0
reactive,65,21,reactive,0,,,,exposure 0.39 <= trigger 1.0
reactive,66,21,reactive,0,,,,exposure 0.30 <= trigger 1.0
reactive,67,21,reactive,0,,,,exposure 0.27 <= trigger 1.0
reactive,68,21,reactive,0,,,,exposure 0.87 <= trigger 1.0
reactive,69,21,reactive,0,,,,exposure 0.48 <= trigger 1.0
reactive,70,21,reactive,0,,,,exposure 0.36 <= trigger 1.0
reactive,71,21,reactive,0,,,,exposure 0.48 <= trigger 1.0
reactive,72,21,reactive,0,,,,exposure 0.35 <= trigger 1.0
reactive,73,21,reactive,0,,,,exposure 0.81 <= trigger 1.0
reactive,74,21,reactive,0,,,,exposure 0.34 <= trigger 1.0
reactive,75,21,reactive,0,,,,exposure 0.91 <= trigger 1.0
reactive,76,21,reactive,0,,,,exposure 0.39 <= trigger 1.0
reactive,77,21,reactive,0,,,,exposure 0.59 <= trigger 1.0
reactive,78,21,reactive,0,,,,exposure 0.51 <= trigger 1.0
reactive,79,21,reactive,0,,,,exposure 0.53 <= trigger 1.0
reactive,80,21,reactive,0,,,,exposure 0.90 <= trigger 1.0
reactive,81,21,reactive,0,,,,exposure 0.56 <= trigger 1.0
reactive,82,21,reactive,0,,,,exposure 0.75 <= trigger 1.0
reactive,83,21,reactive,0,,,,exposure 0.86 <= trigger 1.0
reactive,84,21,reactive,0,,,,exposure 0.34 <= trigger 1.0
reactive,85,21,reactive,0,,,,exposure 0.38 <= trigger 1.0
reactive,86,21,reactive,0,,,,exposure 0.71 <= trigger 1.0
reactive,87,21,reactive,0,,,,exposure 0.30 <= trigger 1.0
reactive,88,21,reactive,0,,,,exposure 0.38 <= trigger 1.0
reactive,89,21,reactive,0,,,,exposure 0.57 <= trigger 1.0
reactive,90,21,reactive,0,,,,exposure 0.32 <= trigger 1.0
reactive,91,21,reactive,0,,,,exposure 0.47 <= trigger 1.0
reactive,92,21,reactive,0,,,,exposure 0.52 <= trigger 1.0
reactive,93,21,reactive,0,,,,exposure 0.29 <= trigger 1.0
reactive,94,21,reactive,0,,,,exposure 0.32 <= trigger 1.0
reactive,95,21,reactive,0,,,,exposure 0.82 <= trigger 1.0
reactive,96,21,reactive,0,,,,exposure 0.29 <= trigger 1.0
reactive,97,21,reactive,0,,,,exposure 0.91 <= trigger 1.0
reactive,98,21,reactive,0,,,,exposure 0.42 <= trigger 1.0
reactive,99,21,reactive,0,,,,exposure 0.29 <= trigger 1.0
reactive,100,21,reactive,0,,,,exposure 0.89 <= trigger 1.0
reactive,101,21,reactive,0,,,,exposure 0.82 <= trigger 1.0
reactive,102,21,reactive,0,,,,exposure 0.40 <= trigger 1.0
reactive,103,21,reactive,0,,,,exposure 0.53 <= trigger 1.0
reactive,104,21,reactive,0,,,,exposure 0.44 <= trigger 1.0
reactive,105,21,reactive,0,,,,exposure 0.31 <= trigger 1.0
reactive,106,21,reactive,0,,,,exposure 0.86 <= trigger 1.0
reactive,107,21,reactive,0,,,,exposure 0.44 <= trigger 1.0
reactive,108,21,reactive,0,,,,exposure 0.82 <= trigger 1.0
reactive,109,21,reactive,0,,,,exposure 0.58 <= trigger 1.0
reactive,110,21,reactive,0,,,,exposure 0.34 <= trigger 1.0
reactive,111,21,reactive,0,,,,exposure 0.40 <= trigger 1.0
reactive,112,21,reactive,0,,,,exposure 0.86 <= trigger 1.0
reactive,113,21,reactive,0,,,,exposure 0.34 <= trigger 1.0
reactive,114,21,reactive,0,,,,exposure 0.50 <= trigger 1.0
reactive,115,21,reactive,0,,,,exposure 0.48 <= trigger 1.0
reactive,116,21,reactive,0,,,,exposure 0.46 <= trigger 1.0
reactive,117,21,reactive,0,,,,exposure 0.78 <= trigger 1.0
reactive,118,21,reactive,0,,,,exposure 0.84 <= trigger 1.0
reactive,119,21,reactive,0,,,,exposure 0.59 <= trigger 1.0
reactive,120,21,reactive,0,,,,exposure 0.62 <= trigger 1.0
reactive,121,21,reactive,0,,,,exposure 0.79 <= trigger 1.0
reactive,122,21,reactive,0,,,,exposure 0.34 <= trigger 1.0
reactive,123,21,reactive,0,,,,exposure 0.39 <= trigger 1.0
reactive,124,21,reactive,0,,,,exposure 0.50 <= trigger 1.0
reactive,125,21,reactive,0,,,,exposure 0.52 <= trigger 1.0
reactive,126,21,reactive,0,,,,exposure 0.27 <= trigger 1.0
reactive,127,21,reactive,0,,,,exposure 0.62 <= trigger 1.0
reactive,128,21,reactive,0,,,,exposure 0.59 <= trigger 1.0
reactive,129,21,reactive,0,,,,exposure 0.25 <= trigger 1.0
reactive,130,21,reactive,0,,,,exposure 0.78 <= trigger 1.0
reactive,131,21,reactive,0,,,,exposure 0.56 <= trigger 1.0
reactive,132,21,reactive,0,,,,exposure 0.62 <= trigger 1.0
reactive,133,21,reactive,0,,,,exposure 0.38 <= trigger 1.0
reactive,134,21,reactive,0,,,,exposure 0.44 <= trigger 1.0
reactive,135,21,reactive,0,,,,exposure 0.75 <= trigger 1.0
reactive,136,21,reactive,0,,,,exposure 0.39 <= trigger 1.0
reactive,137,21,reactive,0,,,,exposure 0.82 <= trigger 1.0
reactive,138,21,reactive,0,,,,exposure 0.56 <= trigger 1.0
reactive,139,21,reactive,0,,,,exposure 0.79 <= trigger 1.0
reactive,140,21,reactive,0,,,,exposure 0.38 <= trigger 1.0
reactive,141,21,reactive,0,,,,exposure 0.52 <= trigger 1.0
reactive,142,21,reactive,0,,,,exposure 0.90 <= trigger 1.0
reactive,143,21,reactive,0,,,,exposure 0.55 <= trigger 1.0
reactive,144,21,reactive,0,,,,exposure 0.51 <= trigger 1.0
reactive,145,21,reactive,0,,,,exposure 0.85 <= trigger 1.0
reactive,146,21,reactive,0,,,,exposure 0.87 <= trigger 1.0
reactive,147,21,reactive,0,,,,exposure 0.75 <= trigger 1.0
reactive,148,21,reactive,0,,,,exposure 0.82 <= trigger 1.0
reactive,149,21,reactive,0,,,,exposure 0.85 <= trigger 1.0
reactive,150,21,reactive,0,,,,exposure 0.79 <= trigger 1.0
reactive,151,21,reactive,0,,,,exposure 0.90 <= trigger 1.0
reactive,152,21,reactive,0,,,,exposure 0.42 <= trigger 1.0
reactive,153,21,reactive,0,,,,exposure 0.39 <= trigger 1.0
reactive,154,21,reactive,0,,,,exposure 0.62 <= trigger 1.0
reactive,155,21,reactive,0,,,,exposure 0.86 <= trigger 1.0
reactive,156,21,reactive,0,,,,exposure 0.53 <= trigger 1.0
reactive,157,21,reactive,0,,,,exposure 0.44 <= trigger 1.0
reactive,158,21,reactive,0,,,,exposure 0.38 <= trigger 1.0
reactive,159,21,reactive,0,,,,exposure 0.87 <= trigger 1.0
reactive,160,21,reactive,0,,,,exposure 0.56 <= trigger 1.0
reactive,161,21,reactive,0,,,,exposure 0.86 <= trigger 1.0
reactive,162,21,reactive,0,,,,exposure 0.82 <= trigger 1.0
reactive,163,21,reactive,0,,,,exposure 0.49 <= trigger 1.0
reactive,164,21,reactive,0,,,,exposure 0.58 <= trigger 1.0
reactive,165,21,reactive,0,,,,exposure 0.58 <= trigger 1.0
reactive,166,21,reactive,0,,,,exposure 0.77 <= trigger 1.0
reactive,167,21,reactive,0,,,,exposure 0.57 <= trigger 1.0
reactive,168,21,reactive,0,,,,exposure 0.30 <= trigger 1.0
reactive,169,21,reactive,0,,,,exposure 0.36 <= trigger 1.0
reactive,170,21,reactive,0,,,,exposure 0.32 <= trigger 1.0
reactive,171,21,reactive,0,,,,exposure 0.54 <= trigger 1.0
reactive,172,21,reactive,0,,,,exposure 0.57 <= trigger 1.0
reactive,173,21,reactive,0,,,,exposure 0.37 <= trigger 1.0
reactive,174,21,reactive,0,,,,exposure 0.51 <= trigger 1.0
reactive,175,21,reactive,0,,,,exposure 0.80 <= trigger 1.0
reactive,176,21,reactive,0,,,,exposure 0.83 <= trigger 1.0
reactive,177,21,reactive,0,,,,exposure 0.55 <= trigger 1.0
reactive,178,21,reactive,0,,,,exposure 0.49 <= trigger 1.0
reactive,179,21,reactive,0,,,,exposure 0.62 <= trigger 1.0
reactive,180,21,reactive,0,,,,exposure 0.36 <= trigger 1.0
reactive,181,21,reactive,0,,,,exposure 0.87 <= trigger 1.0
reactive,182,21,reactive,0,,,,exposure 0.57 <= trigger 1.0
reactive,183,21,reactive,0,,,,exposure 0.49 <= trigger 1.0
reactive,184,21,reactive,0,,,,exposure 0.56 <= trigger 1.0
reactive,185,21,reactive,0,,,,exposure 0.89 <= trigger 1.0
reactive,186,21,reactive,0,,,,exposure 0.85 <= trigger 1.0
reactive,187,21,reactive,0,,,,exposure 0.86 <= trigger 1.0
reactive,188,21,reactive,0,,,,exposure 0.82 <= trigger 1.0
reactive,189,21,reactive,0,,,,exposure 0.32 <= trigger 1.0
reactive,190,21,reactive,0,,,,exposure 0.28 <= trigger 1.0
reactive,191,21,reactive,0,,,,exposure 0.59 <= trigger 1.0
reactive,192,21,reactive,0,,,,exposure 0.52 <= trigger 1.0
reactive,193,21,reactive,0,,,,exposure 0.53 <= trigger 1.0
reactive,194,21,reactive,0,,,,exposure 0.52 <= trigger 1.0
reactive,195,21,reactive,0,,,,exposure 0.51 <= trigger 1.0
reactive,196,21,reactive,0,,,,exposure 0.77 <= trigger 1.0
reactive,197,21,reactive,0,,,,exposure 0.38 <= trigger 1.0
reactive,198,21,reactive,0,,,,exposure 0.55 <= trigger 1.0
reactive,199,21,reactive,0,,,,exposure 0.48 <= trigger 1.0
reactive,200,21,reactive,0,,,,exposure 0.80 <= trigger 1.0
reactive,201,21,reactive,0,,,,exposure 0.86 <= trigger 1.0
reactive,202,21,reactive,0,,,,exposure 0.40 <= trigger 1.0
reactive,203,21,reactive,0,,,,exposure 0.87 <= trigger 1.0
reactive,204,21,reactive,0,,,,exposure 0.41 <= trigger 1.0
reactive,205,21,reactive,0,,,,exposure 0.38 <= trigger 1.0
reactive,206,21,reactive,0,,,,exposure 0.39 <= trigger 1.0
reactive,207,21,reactive,0,,,,exposure 0.27 <= trigger 1.0
reactive,208,21,reactive,0,,,,exposure 0.55 <= trigger 1.0
reactive,209,21,reactive,0,,,,exposure 0.83 <= trigger 1.0
reactive,210,21,reactive,0,,,,exposure 0.58 <= trigger 1.0
reactive,211,21,reactive,0,,,,exposure 0.35 <= trigger 1.0
reactive,212,21,reactive,0,,,,exposure 0.78 <= trigger 1.0
reactive,213,21,reactive,0,,,,exposure 0.52 <= trigger 1.0
reactive,214,21,reactive,0,,,,exposure 0.77 <= trigger 1.0
reactive,215,21,reactive,0,,,,exposure 0.86 <= trigger 1.0
reactive,216,21,reactive,0,,,,exposure 0.58 <= trigger 1.0
reactive,217,21,reactive,0,,,,exposure 0.60 <= trigger 1.0
reactive,218,21,reactive,0,,,,exposure 0.58 <= trigger 1.0
reactive,219,21,reactive,0,,,,exposure 0.55 <= trigger 1.0
reactive,220,21,reactive,0,,,,exposure 0.85 <= trigger 1.0
reactive,221,21,reactive,0,,,,exposure 0.81 <= trigger 1.0
reactive,222,21,reactive,0,,,,exposure 0.30 <= trigger 1.0
reactive,223,21,reactive,0,,,,exposure 0.91 <= trigger 1.0
reactive,224,21,reactive,0,,,,exposure 0.50 <= trigger 1.0
reactive,225,21,reactive,0,,,,exposure 0.30 <= trigger 1.0
reactive,226,21,reactive,0,,,,exposure 0.79 <= trigger 1.0
reactive,227,21,reactive,0,,,,exposure 0.34 <= trigger 1.0
reactive,228,21,reactive,0,,,,exposure 0.85 <= trigger 1.0
reactive,229,21,reactive,0,,,,exposure 0.86 <= trigger 1.0
reactive,230,21,reactive,0,,,,exposure 0.75 <= trigger 1.0
reactive,231,21,reactive,0,,,,exposure 0.27 <= trigger 1.0
reactive,232,21,reactive,0,,,,exposure 0.85 <= trigger 1.0
reactive,233,21,reactive,0,,,,exposure 0.59 <= trigger 1.0
reactive,234,21,reactive,0,,,,exposure 0.46 <= trigger 1.0
reactive,235,21,reactive,0,,,,exposure 0.41 <= trigger 1.0
reactive,236,21,reactive,0,,,,exposure 0.83 <= trigger 1.0
reactive,237,21,reactive,0,,,,exposure 0.83 <= trigger 1.0
reactive,238,21,reactive,0,,,,exposure 0.57 <= trigger 1.0
reactive,239,21,reactive,0,,,,exposure 0.85 <= trigger 1.0
reactive,0,22,reactive,0,,,,exposure 0.15 <= trigger 1.0
reactive,1,22,reactive,0,,,,exposure 0.43 <= trigger 1.0
reactive,2,22,reactive,0,,,,exposure 0.17 <= trigger 1.0
reactive,3,22,reactive,0,,,,exposure 0.41 <= trigger 1.0
reactive,4,22,reactive,0,,,,exposure 0.68 <= trigger 1.0
reactive,5,22,reactive,0,,,,exposure 0.70 <= trigger 1.0
reactive,6,22,reactive,0,,,,exposure 0.72 <= trigger 1.0
reactive,7,22,reactive,0,,,,exposure 0.69 <= trigger 1.0
reactive,8,22,reactive,0,,,,exposure 0.43 <= trigger 1.0
reactive,9,22,reactive,0,,,,exposure 0.71 <= trigger 1.0
reactive,10,22,reactive,0,,,,exposure 0.70 <= trigger 1.0
reactive,11,22,reactive,0,,,,exposure 0.69 <= trigger 1.0
reactive,12,22,reactive,0,,,,exposure 0.75 <= trigger 1.0
reactive,13,22,reactive,0,,,,exposure 0.43 <= trigger 1.0
reactive,14,22,reactive,0,,,,exposure 0.34 <= trigger 1.0
reactive,15,22,reactive,0,,,,exposure 0.78 <= trigger 1.0
reactive,16,22,reactive,0,,,,exposure 0.24 <= trigger 1.0
reactive,17,22,reactive,0,,,,exposure 0.27 <= trigger 1.0
reactive,18,22,reactive,0,,,,exposure 0.63 <= trigger 1.0
reactive,19,22,reactive,0,,,,exposure 0.31 <= trigger 1.0
reactive,20,22,reactive,0,,,,exposure 0.43 <= trigger 1.0
reactive,21,22,reactive,0,,,,exposure 0.70 <= trigger 1.0
reactive,22,22,reactive,0,,,,exposure 0.78 <= trigger 1.0
reactive,23,22,reactive,0,,,,exposure 0.38 <= trigger 1.0
reactive,24,22,reactive,0,,,,exposure 0.72 <= trigger 1.0
reactive,25,22,reactive,0,,,,exposure 0.52 <= trigger 1.0
reactive,26,22,reactive,0,,,,exposure 0.39 <= trigger 1.0
reactive,27,22,reactive,0,,,,exposure 0.69 <= trigger 1.0
reactive,28,22,reactive,0,,,,exposure 0.78 <= trigger 1.0
reactive,29,22,reactive,0,,,,exposure 0.13 <= trigger 1.0
reactive,30,22,reactive,0,,,,exposure 0.52 <= trigger 1.0
reactive,31,22,reactive,0,,,,exposure 0.71 <= trigger 1.0
reactive,32,22,reactive,0,,,,exposure 0.43 <= trigger 1.0
reactive,33,22,reactive,0,,,,exposure 0.71 <= trigger 1.0
reactive,34,22,reactive,0,,,,exposure 0.20 <= trigger 1.0
reactive,35,22,reactive,0,,,,exposure 0.41 <= trigger 1.0
reactive,36,22,reactive,0,,,,exposure 0.24 <= trigger 1.0
reactive,37,22,reactive,0,,,,exposure 0.78 <= trigger 1.0
reactive,38,22,reactive,0,,,,exposure 0.53 <= trigger 1.0
reactive,39,22,reactive,0,,,,exposure 0.40 <= trigger 1.0
reactive,40,22,reactive,0,,,,exposure 0.63 <= trigger 1.0
reactive,41,22,reactive,0,,,,exposure 0.16 <= trigger 1.0
reactive,42,22,reactive,0,,,,exposure 0.69 <= trigger 1.0
reactive,43,22,reactive,0,,,,exposure 0.34 <= trigger 1.0
reactive,44,22,reactive,0,,,,exposure 0.44 <= trigger 1.0
reactive,45,22,reactive,0,,,,exposure 0.67 <= trigger 1.0
reactive,46,22,reactive,0,,,,exposure 0.78 <= trigger 1.0
reactive,47,22,reactive,0,,,,exposure 0.43 <= trigger 1.0
reactive,48,22,reactive,0,,,,exposure 0.25 <= trigger 1.0
reactive,49,22,reactive,0,,,,exposure 0.63 <= trigger 1.0
reactive,50,22,reactive,0,,,,exposure 0.24 <= trigger 1.0
reactive,51,22,reactive,0,,,,exposure 0.71 <= trigger 1.0
reactive,52,22,reactive,0,,,,exposure 0.72 <= trigger 1.0
reactive,53,22,reactive,0,,,,exposure 0.28 <= trigger 1.0
reactive,54,22,reactive,0,,,,exposure 0.65 <= trigger 1.0
reactive,55,22,reactive,0,,,,exposure 0.36 <= trigger 1.0
reactive,56,22,reactive,0,,,,exposure 0.65 <= trigger 1.0
reactive,57,22,reactive,0,,,,exposure 0.15 <= trigger 1.0
reactive,58,22,reactive,0,,,,exposure 0.70 <= trigger 1.0
reactive,59,22,reactive,0,,,,exposure 0.42 <= trigger 1.0
reactive,60,22,reactive,0,,,,exposure 0.61 <= trigger 1.0
reactive,61,22,reactive,0,,,,exposure 0.39 <= trigger 1.0
reactive,62,22,reactive,0,,,,exposure 0.32 <= trigger 1.0
reactive,63,22,reactive,0,,,,exposure 0.21 <= trigger 1.0
reactive,64,22,reactive,0,,,,exposure 0.29 <= trigger 1.0
reactive,65,22,reactive,0,,,,exposure 0.41 <= trigger 1.0
reactive,66,22,reactive,0,,,,exposure 0.66 <= trigger 1.0
reactive,67,22,reactive,0,,,,exposure 0.67 <= trigger 1.0
reactive,68,22,reactive,0,,,,exposure 0.40 <= trigger 1.0
reactive,69,22,reactive,0,,,,exposure 0.40 <= trigger 1.0
reactive,70,22,reactive,0,,,,exposure 0.40 <= trigger 1.0
reactive,71,22,reactive,0,,,,exposure 0.25 <= trigger 1.0
reactive,72,22,reactive,0,,,,exposure 0.61 <= trigger 1.0
reactive,73,22,reactive,0,,,,exposure 0.43 <= trigger 1.0
reactive,74,22,reactive,0,,,,exposure 0.68 <= trigger 1.0
reactive,75,22,reactive,0,,,,exposure 0.17 <= trigger 1.0
reactive,76,22,reactive,0,,,,exposure 0.40 <= trigger 1.0
reactive,77,22,reactive,0,,,,exposure 0.31 <= trigger 1.0
reactive,78,22,reactive,0,,,,exposure 0.22 <= trigger 1.0
reactive,79,22,reactive,0,,,,exposure 0.22 <= trigger 1.0
reactive,80,22,reactive,0,,,,exposure 0.22 <= trigger 1.0
reactive,81,22,reactive,0,,,,exposure 0.61 <= trigger 1.0
reactive,82,22,reactive,0,,,,exposure 0.75 <= trigger 1.0
reactive,83,22,reactive,0,,,,exposure 0.70 <= trigger 1.0
reactive,84,22,reactive,0,,,,exposure 0.71 <= trigger 1.0
reactive,85,22,reactive,0,,,,exposure 0.24 <= trigger 1.0
reactive,86,22,reactive,0,,,,exposure 0.66 <= trigger 1.0
reactive,87,22,reactive,0,,,,exposure 0.70 <= trigger 1.0
reactive,88,22,reactive,0,,,,exposure 0.43 <= trigger 1.0
reactive,89,22,reactive,0,,,,exposure 0.81 <= trigger 1.0
reactive,90,22,reactive,0,,,,exposure 0.10 <= trigger 1.0
reactive,91,22,reactive,0,,,,exposure 0.25 <= trigger 1.0
reactive,92,22,reactive,0,,,,exposure 0.23 <= trigger 1.0
reactive,93,22,reactive,0,,,,exposure 0.21 <= trigger 1.0
reactive,94,22,reactive,0,,,,exposure 0.79 <= trigger 1.0
reactive,95,22,reactive,0,,,,exposure 0.43 <= trigger 1.0
reactive,96,22,reactive,0,,,,exposure 0.68 <= trigger 1.0
reactive,97,22,reactive,0,,,,exposure 0.14 <= trigger 1.0
reactive,98,22,reactive,0,,,,exposure 0.63 <= trigger 1.0
reactive,99,22,reactive,0,,,,exposure 0.29 <= trigger 1.0
reactive,100,22,reactive,0,,,,exposure 0.18 <= trigger 1.0
reactive,101,22,reactive,0,,,,exposure 0.19 <= trigger 1.0
reactive,102,22,reactive,0,,,,exposure 0.21 <= trigger 1.0
reactive,103,22,reactive,0,,,,exposure 0.23 <= trigger 1.0
reactive,104,22,reactive,0,,,,exposure 0.70 <= trigger 1.0
reactive,105,22,reactive,0,,,,exposure 0.78 <= trigger 1.0
reactive,106,22,reactive,0,,,,exposure 0.53 <= trigger 1.0
reactive,107,22,reactive,0,,,,exposure 0.65 <= trigger 1.0
reactive,108,22,reactive,0,,,,exposure 0.25 <= trigger 1.0
reactive,109,22,reactive,0,,,,exposure 0.22 <= trigger 1.0
reactive,110,22,reactive,0,,,,exposure 0.37 <= trigger 1.0
reactive,111,22,reactive,0,,,,exposure 0.39 <= trigger 1.0
reactive,112,22,reactive,0,,,,exposure 0.78 <= trigger 1.0
reactive,113,22,reactive,0,,,,exposure 0.63 <= trigger 1.0
reactive,114,22,reactive,0,,,,exposure 0.16 <= trigger 1.0
reactive,115,22,reactive,0,,,,exposure 0.40 <= trigger 1.0
reactive,116,22,reactive,0,,,,exposure 0.68 <= trigger 1.0
reactive,117,22,reactive,0,,,,exposure 0.64 <= trigger 1.0
reactive,118,22,reactive,0,,,,exposure 0.11 <= trigger 1.0
reactive,119,22,reactive,0,,,,exposure 0.24 <= trigger 1.0
reactive,120,22,reactive,0,,,,exposure 0.30 <= trigger 1.0
reactive,121,22,reactive,0,,,,exposure 0.37 <= trigger 1.0
reactive,122,22,reactive,0,,,,exposure 0.43 <= trigger 1.0
reactive,123,22,reactive,0,,,,exposure 0.75 <= trigger 1.0
reactive,124,22,reactive,0,,,,exposure 0.17 <= trigger 1.0
reactive,125,22,reactive,0,,,,exposure 0.67 <= trigger 1.0
reactive,126,22,reactive,0,,,,exposure 0.32 <= trigger 1.0
reactive,127,22,reactive,0,,,,exposure 0.18 <= trigger 1.0
reactive,128,22,reactive,0,,,,exposure 0.20 <= trigger 1.0
reactive,129,22,reactive,0,,,,exposure 0.65 <= trigger 1.0
reactive,130,22,reactive,0,,,,exposure 0.25 <= trigger 1.0
reactive,131,22,reactive,0,,,,exposure 0.19 <= trigger 1.0
reactive,132,22,reactive,0,,,,exposure 0.41 <= trigger 1.0
reactive,133,22,reactive,0,,,,exposure 0.26 <= trigger 1.0
reactive,134,22,reactive,0,,,,exposure 0.61 <= trigger 1.0
reactive,135,22,reactive,0,,,,exposure 0.69 <= trigger 1.0
reactive,136,22,reactive,0,,,,exposure 0.17 <= trigger 1.0
reactive,137,22,reactive,0,,,,exposure 0.60 <= trigger 1.0
reactive,138,22,reactive,0,,,,exposure 0.37 <= trigger 1.0
reactive,139,22,reactive,0,,,,exposure 0.78 <= trigger 1.0
reactive,140,22,reactive,0,,,,exposure 0.37 <= trigger 1.0
reactive,141,22,reactive,0,,,,exposure 0.61 <= trigger 1.0
reactive,142,22,reactive,0,,,,exposure 0.21 <= trigger 1.0
reactive,143,22,reactive,0,,,,exposure 0.14 <= trigger 1.0
reactive,144,22,reactive,0,,,,exposure 0.44 <= trigger 1.0
reactive,145,22,reactive,0,,,,exposure 0.29 <= trigger 1.0
reactive,146,22,reactive,0,,,,exposure 0.71 <= trigger 1.0
reactive,147,22,reactive,0,,,,exposure 0.43 <= trigger 1.0
reactive,148,22,reactive,0,,,,exposure 0.64 <= trigger 1.0
reactive,149,22,reactive,0,,,,exposure 0.39 <= trigger 1.0
reactive,150,22,reactive,0,,,,exposure 0.21 <= trigger 1.0
reactive,151,22,reactive,0,,,,exposure 0.69 <= trigger 1.0
reactive,152,22,reactive,0,,,,exposure 0.47 <= trigger 1.0
reactive,153,22,reactive,0,,,,exposure 0.24 <= trigger 1.0
reactive,154,22,reactive,0,,,,exposure 0.22 <= trigger 1.0
reactive,155,22,reactive,0,,,,exposure 0.69 <= trigger 1.0
reactive,156,22,reactive,0,,,,exposure 0.42 <= trigger 1.0
reactive,157,22,reactive,0,,,,exposure 0.70 <= trigger 1.0
reactive,158,22,reactive,0,,,,exposure 0.17 <= trigger 1.0
reactive,159,22,reactive,0,,,,exposure 0.38 <= trigger 1.0
reactive,160,22,reactive,0,,,,exposure 0.66 <= trigger 1.0
reactive,161,22,reactive,0,,,,exposure 0.18 <= trigger 1.0
reactive,162,22,reactive,0,,,,exposure 0.64 <= trigger 1.0
reactive,163,22,reactive,0,,,,exposure 0.25 <= trigger 1.0
reactive,164,22,reactive,0,,,,exposure 0.13 <= trigger 1.0
reactive,165,22,reactive,0,,,,exposure 0.68 <= trigger 1.0
reactive,166,22,reactive,0,,,,exposure 0.40 <= trigger 1.0
reactive,167,22,reactive,0,,,,exposure 0.15 <= trigger 1.0
reactive,168,22,reactive,0,,,,exposure 0.73 <= trigger 1.0
reactive,169,22,reactive,0,,,,exposure 0.27 <= trigger 1.0
reactive,170,22,reactive,0,,,,exposure 0.30 <= trigger 1.0
reactive,171,22,reactive,0,,,,exposure 0.78 <= trigger 1.0
reactive,172,22,reactive,0,,,,exposure 0.25 <= trigger 1.0
reactive,173,22,reactive,0,,,,exposure 0.28 <= trigger 1.0
reactive,174,22,reactive,0,,,,exposure 0.23 <= trigger 1.0
reactive,175,22,reactive,0,,,,exposure 0.24 <= trigger 1.0
reactive,176,22,reactive,0,,,,exposure 0.34 <= trigger 1.0
reactive,177,22,reactive,0,,,,exposure 0.15 <= trigger 1.0
reactive,178,22,reactive,0,,,,exposure 0.70 <= trigger 1.0
reactive,179,22,reactive,0,,,,exposure 0.32 <= trigger 1.0
reactive,180,22,reactive,0,,,,exposure 0.23 <= trigger 1.0
reactive,181,22,reactive,0,,,,exposure 0.29 <= trigger 1.0
reactive,182,22,reactive,0,,,,exposure 0.64 <= trigger 1.0
reactive,183,22,reactive,0,,,,exposure 0.15 <= trigger 1.0
reactive,184,22,reactive,0,,,,exposure 0.67 <= trigger 1.0
reactive,185,22,reactive,0,,,,exposure 0.12 <= trigger 1.0
reactive,186,22,reactive,0,,,,exposure 0.38 <= trigger 1.0
reactive,187,22,reactive,0,,,,exposure 0.17 <= trigger 1.0
reactive,188,22,reactive,0,,,,exposure 0.75 <= trigger 1.0
reactive,189,22,reactive,0,,,,exposure 0.24 <= trigger 1.0
reactive,190,22,reactive,0,,,,exposure 0.68 <= trigger 1.0
reactive,191,22,reactive,0,,,,exposure 0.67 <= trigger 1.0
reactive,192,22,reactive,0,,,,exposure 0.63 <= trigger 1.0
reactive,193,22,reactive,0,,,,exposure 0.31 <= trigger 1.0
reactive,194,22,reactive,0,,,,exposure 0.67 <= trigger 1.0
reactive,195,22,reactive,0,,,,exposure 0.67 <= trigger 1.0
reactive,196,22,reactive,0,,,,exposure 0.34 <= trigger 1.0
reactive,197,22,reactive,0,,,,exposure 0.16 <= trigger 1.0
reactive,198,22,reactive,0,,,,exposure 0.43 <= trigger 1.0
reactive,199,22,reactive,0,,,,exposure 0.44 <= trigger 1.0
reactive,200,22,reactive,0,,,,exposure 0.72 <= trigger 1.0
reactive,201,22,reactive,0,,,,exposure 0.64 <= trigger 1.0
reactive,202,22,reactive,0,,,,exposure 0.28 <= trigger 1.0
reactive,203,22,reactive,0,,,,exposure 0.47 <= trigger 1.0
reactive,204,22,reactive,0,,,,exposure 0.31 <= trigger 1.0
reactive,205,22,reactive,0,,,,exposure 0.34 <= trigger 1.0
reactive,206,22,reactive,0,,,,exposure 0.71 <= trigger 1.0
reactive,207,22,reactive,0,,,,exposure 0.15 <= trigger 1.0
reactive,208,22,reactive,0,,,,exposure 0.27 <= trigger 1.0
reactive,209,22,reactive,0,,,,exposure 0.11 <= trigger 1.0
reactive,210,22,reactive,0,,,,exposure 0.43 <= trigger 1.0
reactive,211,22,reactive,0,,,,exposure 0.37 <= trigger 1.0
reactive,212,22,reactive,0,,,,exposure 0.66 <= trigger 1.0
reactive,213,22,reactive,0,,,,exposure 0.70 <= trigger 1.0
reactive,214,22,reactive,0,,,,exposure 0.21 <= trigger 1.0
reactive,215,22,reactive,0,,,,exposure 0.62 <= trigger 1.0
reactive,216,22,reactive,0,,,,exposure 0.38 <= trigger 1.0
reactive,217,22,reactive,0,,,,exposure 0.25 <= trigger 1.0
reactive,218,22,reactive,0,,,,exposure 0.44 <= trigger 1.0
reactive,219,22,reactive,0,,,,exposure 0.71 <= trigger 1.0
reactive,220,22,reactive,0,,,,exposure 0.74 <= trigger 1.0
reactive,221,22,reactive,0,,,,exposure 0.47 <= trigger 1.0
reactive,222,22,reactive,0,,,,exposure 0.29 <= trigger 1.0
reactive,223,22,reactive,0,,,,exposure 0.16 <= trigger 1.0
reactive,224,22,reactive,0,,,,exposure 0.72 <= trigger 1.0
reactive,225,22,reactive,0,,,,exposure 0.34 <= trigger 1.0
reactive,226,22,reactive,0,,,,exposure 0.70 <= trigger 1.0
reactive,227,22,reactive,0,,,,exposure 0.75 <= trigger 1.0
reactive,228,22,reactive,0,,,,exposure 0.71 <= trigger 1.0
reactive,229,22,reactive,0,,,,exposure 0.39 <= trigger 1.0
reactive,230,22,reactive,0,,,,exposure 0.41 <= trigger 1.0
reactive,231,22,reactive,0,,,,exposure 0.18 <= trigger 1.0
reactive,232,22,reactive,0,,,,exposure 0.65 <= trigger 1.0
reactive,233,22,reactive,0,,,,exposure 0.22 <= trigger 1.0
reactive,234,22,reactive,0,,,,exposure 0.16 <= trigger 1.0
reactive,235,22,reactive,0,,,,exposure 0.40 <= trigger 1.0
reactive,236,22,reactive,0,,,,exposure 0.24 <= trigger 1.0
reactive,237,22,reactive,0,,,,exposure 0.52 <= trigger 1.0
reactive,238,22,reactive,0,,,,exposure 0.66 <= trigger 1.0
reactive,239,22,reactive,0,,,,exposure 0.39 <= trigger 1.0
reactive,0,23,reactive,0,,,,exposure 0.16 <= trigger 1.0
reactive,1,23,reactive,0,,,,exposure 0.28 <= trigger 1.0
reactive,2,23,reactive,0,,,,exposure 0.05 <= trigger 1.0
reactive,3,23,reactive,0,,,,exposure 0.31 <= trigger 1.0
reactive,4,23,reactive,0,,,,exposure 0.65 <= trigger 1.0
reactive,5,23,reactive,0,,,,exposure 0.63 <= trigger 1.0
reactive,6,23,reactive,0,,,,exposure 0.51 <= trigger 1.0
reactive,7,23,reactive,0,,,,exposure 0.59 <= trigger 1.0
reactive,8,23,reactive,0,,,,exposure 0.37 <= trigger 1.0
reactive,9,23,reactive,0,,,,exposure 0.63 <= trigger 1.0
reactive,10,23,reactive,0,,,,exposure 0.63 <= trigger 1.0
reactive,11,23,reactive,0,,,,exposure 0.50 <= trigger 1.0
reactive,12,23,reactive,0,,,,exposure 0.57 <= trigger 1.0
reactive,13,23,reactive,0,,,,exposure 0.27 <= trigger 1.0
reactive,14,23,reactive,0,,,,exposure 0.29 <= trigger 1.0
reactive,15,23,reactive,0,,,,exposure 0.59 <= trigger 1.0
reactive,16,23,reactive,0,,,,exposure 0.03 <= trigger 1.0
reactive,17,23,reactive,0,,,,exposure 0.04 <= trigger 1.0
reactive,18,23,reactive,0,,,,exposure 0.49 <= trigger 1.0
reactive,19,23,reactive,0,,,,exposure 0.07 <= trigger 1.0
reactive,20,23,reactive,0,,,,exposure 0.37 <= trigger 1.0
reactive,21,23,reactive,0,,,,exposure 0.63 <= trigger 1.0
reactive,22,23,reactive,0,,,,exposure 0.54 <= trigger 1.0
reactive,23,23,reactive,0,,,,exposure 0.20 <= trigger 1.0
reactive,24,23,reactive,0,,,,exposure 0.54 <= trigger 1.0
reactive,25,23,reactive,0,,,,exposure 0.32 <= trigger 1.0
reactive,26,23,reactive,0,,,,exposure 0.32 <= trigger 1.0
reactive,27,23,reactive,0,,,,exposure 0.50 <= trigger 1.0
reactive,28,23,reactive,0,,,,exposure 0.57 <= trigger 1.0
reactive,29,23,reactive,0,,,,exposure 0.14 <= trigger 1.0
reactive,30,23,reactive,0,,,,exposure 0.32 <= trigger 1.0
reactive,31,23,reactive,0,,,,exposure 0.66 <= trigger 1.0
reactive,32,23,reactive,0,,,,exposure 0.36 <= trigger 1.0
reactive,33,23,reactive,0,,,,exposure 0.56 <= trigger 1.0
reactive,34,23,reactive,0,,,,exposure 0.07 <= trigger 1.0
reactive,35,23,reactive,0,,,,exposure 0.34 <= trigger 1.0
reactive,36,23,reactive,0,,,,exposure 0.13 <= trigger 1.0
reactive,37,23,reactive,0,,,,exposure 0.57 <= trigger 1.0
reactive,38,23,reactive,0,,,,exposure 0.54 <= trigger 1.0
reactive,39,23,reactive,0,,,,exposure 0.24 <= trigger 1.0
reactive,40,23,reactive,0,,,,exposure 0.53 <= trigger 1.0
reactive,41,23,reactive,0,,,,exposure 0.14 <= trigger 1.0
reactive,42,23,reactive,0,,,,exposure 0.59 <= trigger 1.0
reactive,43,23,reactive,0,,,,exposure 0.33 <= trigger 1.0
reactive,44,23,reactive,0,,,,exposure 0.35 <= trigger 1.0
reactive,45,23,reactive,0,,,,exposure 0.62 <= trigger 1.0
reactive,46,23,reactive,0,,,,exposure 0.54 <= trigger 1.0
reactive,47,23,reactive,0,,,,exposure 0.24 <= trigger 1.0
reactive,48,23,reactive,0,,,,exposure 0.04 <= trigger 1.0
reactive,49,23,reactive,0,,,,exposure 0.67 <= trigger 1.0
reactive,50,23,reactive,0,,,,exposure 0.13 <= trigger 1.0
reactive,51,23,reactive,0,,,,exposure 0.63 <= trigger 1.0
reactive,52,23,reactive,0,,,,exposure 0.48 <= trigger 1.0
reactive,53,23,reactive,0,,,,exposure 0.15 <= trigger 1.0
reactive,54,23,reactive,0,,,,exposure 0.53 <= trigger 1.0
reactive,55,23,reactive,0,,,,exposure 0.26 <= trigger 1.0
reactive,56,23,reactive,0,,,,exposure 0.53 <= trigger 1.0
reactive,57,23,reactive,0,,,,exposure 0.13 <= trigger 1.0
reactive,58,23,reactive,0,,,,exposure 0.62 <= trigger 1.0
reactive,59,23,reactive,0,,,,exposure 0.27 <= trigger 1.0
reactive,60,23,reactive,0,,,,exposure 0.51 <= trigger 1.0
reactive,61,23,reactive,0,,,,exposure 0.33 <= trigger 1.0
reactive,62,23,reactive,0,,,,exposure 0.35 <= trigger 1.0
reactive,63,23,reactive,0,,,,exposure 0.12 <= trigger 1.0
reactive,64,23,reactive,0,,,,exposure 0.07 <= trigger 1.0
reactive,65,23,reactive,0,,,,exposure 0.32 <= trigger 1.0
reactive,66,23,reactive,0,,,,exposure 0.62 <= trigger 1.0
reactive,67,23,reactive,0,,,,exposure 0.70 <= trigger 1.0
reactive,68,23,reactive,0,,,,exposure 0.19 <= trigger 1.0
reactive,69,23,reactive,0,,,,exposure 0.19 <= trigger 1.0
reactive,70,23,reactive,0,,,,exposure 0.29 <= trigger 1.0
reactive,71,23,reactive,0,,,,exposure 0.15 <= trigger 1.0
reactive,72,23,reactive,0,,,,exposure 0.58 <= trigger 1.0
reactive,73,23,reactive,0,,,,exposure 0.28 <= trigger 1.0
reactive,74,23,reactive,0,,,,exposure 0.48 <= trigger 1.0
reactive,75,23,reactive,0,,,,exposure 0.05 <= trigger 1.0
reactive,76,23,reactive,0,,,,exposure 0.29 <= trigger 1.0
reactive,77,23,reactive,0,,,,exposure 0.35 <= trigger 1.0
reactive,78,23,reactive,0,,,,exposure 0.11 <= trigger 1.0
reactive,79,23,reactive,0,,,,exposure 0.14 <= trigger 1.0
reactive,80,23,reactive,0,,,,exposure 0.09 <= trigger 1.0
reactive,81,23,reactive,0,,,,exposure 0.56 <= trigger 1.0
reactive,82,23,reactive,0,,,,exposure 0.59 <= trigger 1.0
reactive,83,23,reactive,0,,,,exposure 0.63 <= trigger 1.0
reactive,84,23,reactive,0,,,,exposure 0.57 <= trigger 1.0
reactive,85,23,reactive,0,,,,exposure 0.04 <= trigger 1.0
reactive,86,23,reactive,0,,,,exposure 0.67 <= trigger 1.0
reactive,87,23,reactive,0,,,,exposure 0.61 <= trigger 1.0
reactive,88,23,reactive,0,,,,exposure 0.26 <= trigger 1.0
reactive,89,23,reactive,0,,,,exposure 0.64 <= trigger 1.0
reactive,90,23,reactive,0,,,,exposure 0.08 <= trigger 1.0
reactive,91,23,reactive,0,,,,exposure 0.30 <= trigger 1.0
reactive,92,23,reactive,0,,,,exposure 0.09 <= trigger 1.0
reactive,93,23,reactive,0,,,,exposure 0.12 <= trigger 1.0
reactive,94,23,reactive,0,,,,exposure 0.55 <= trigger 1.0
reactive,95,23,reactive,0,,,,exposure 0.29 <= trigger 1.0
reactive,96,23,reactive,0,,,,exposure 0.65 <= trigger 1.0
reactive,97,23,reactive,0,,,,exposure 0.02 <= trigger 1.0
reactive,98,23,reactive,0,,,,exposure 0.53 <= trigger 1.0
reactive,99,23,reactive,0,,,,exposure 0.15 <= trigger 1.0
reactive,100,23,reactive,0,,,,exposure 0.08 <= trigger 1.0
reactive,101,23,reactive,0,,,,exposure 0.19 <= trigger 1.0
reactive,102,23,reactive,0,,,,exposure 0.12 <= trigger 1.0
reactive,103,23,reactive,0,,,,exposure 0.09 <= trigger 1.0
reactive,104,23,reactive,0,,,,exposure 0.62 <= trigger 1.0
reactive,105,23,reactive,0,,,,exposure 0.57 <= trigger 1.0
reactive,106,23,reactive,0,,,,exposure 0.54 <= trigger 1.0
reactive,107,23,reactive,0,,,,exposure 0.53 <= trigger 1.0
reactive,108,23,reactive,0,,,,exposure 0.15 <= trigger 1.0
reactive,109,23,reactive,0,,,,exposure 0.05 <= trigger 1.0
reactive,110,23,reactive,0,,,,exposure 0.32 <= trigger 1.0
reactive,111,23,reactive,0,,,,exposure 0.32 <= trigger 1.0
reactive,112,23,reactive,0,,,,exposure 0.59 <= trigger 1.0
reactive,113,23,reactive,0,,,,exposure 0.49 <= trigger 1.0
reactive,114,23,reactive,0,,,,exposure 0.09 <= trigger 1.0
reactive,115,23,reactive,0,,,,exposure 0.30 <= trigger 1.0
reactive,116,23,reactive,0,,,,exposure 0.50 <= trigger 1.0
reactive,117,23,reactive,0,,,,exposure 0.59 <= trigger 1.0
reactive,118,23,reactive,0,,,,exposure 0.14 <= trigger 1.0
reactive,119,23,reactive,0,,,,exposure 0.03 <= trigger 1.0
reactive,120,23,reactive,0,,,,exposure 0.35 <= trigger 1.0
reactive,121,23,reactive,0,,,,exposure 0.31 <= trigger 1.0
reactive,122,23,reactive,0,,,,exposure 0.24 <= trigger 1.0
reactive,123,23,reactive,0,,,,exposure 0.58 <= trigger 1.0
reactive,124,23,reactive,0,,,,exposure 0.10 <= trigger 1.0
reactive,125,23,reactive,0,,,,exposure 0.62 <= trigger 1.0
reactive,126,23,reactive,0,,,,exposure 0.35 <= trigger 1.0
reactive,127,23,reactive,0,,,,exposure 0.09 <= trigger 1.0
reactive,128,23,reactive,0,,,,exposure 0.21 <= trigger 1.0
reactive,129,23,reactive,0,,,,exposure 0.53 <= trigger 1.0
reactive,130,23,reactive,0,,,,exposure 0.15 <= trigger 1.0
reactive,131,23,reactive,0,,,,exposure 0.19 <= trigger 1.0
reactive,132,23,reactive,0,,,,exposure 0.31 <= trigger 1.0
reactive,133,23,reactive,0,,,,exposure 0.13 <= trigger 1.0
reactive,134,23,reactive,0,,,,exposure 0.51 <= trigger 1.0
reactive,135,23,reactive,0,,,,exposure 0.48 <= trigger 1.0
reactive,136,23,reactive,0,,,,exposure 0.17 <= trigger 1.0
reactive,137,23,reactive,0,,,,exposure 0.65 <= trigger 1.0
reactive,138,23,reactive,0,,,,exposure 0.34 <= trigger 1.0
reactive,139,23,reactive,0,,,,exposure 0.54 <= trigger 1.0
reactive,140,23,reactive,0,,,,exposure 0.34 <= trigger 1.0
reactive,141,23,reactive,0,,,,exposure 0.51 <= trigger 1.0
reactive,142,23,reactive,0,,,,exposure 0.06 <= trigger 1.0
reactive,143,23,reactive,0,,,,exposure 0.02 <= trigger 1.0
reactive,144,23,reactive,0,,,,exposure 0.37 <= trigger 1.0
reactive,145,23,reactive,0,,,,exposure 0.15 <= trigger 1.0
reactive,146,23,reactive,0,,,,exposure 0.63 <= trigger 1.0
reactive,147,23,reactive,0,,,,exposure 0.29 <= trigger 1.0
reactive,148,23,reactive,0,,,,exposure 0.56 <= trigger 1.0
reactive,149,23,reactive,0,,,,exposure 0.33 <= trigger 1.0
reactive,150,23,reactive,0,,,,exposure 0.12 <= trigger 1.0
reactive,151,23,reactive,0,,,,exposure 0.48 <= trigger 1.0
reactive,152,23,reactive,0,,,,exposure 0.24 <= trigger 1.0
reactive,153,23,reactive,0,,,,exposure 0.04 <= trigger 1.0
reactive,154,23,reactive,0,,,,exposure 0.11 <= trigger 1.0
reactive,155,23,reactive,0,,,,exposure 0.48 <= trigger 1.0
reactive,156,23,reactive,0,,,,exposure 0.27 <= trigger 1.0
reactive,157,23,reactive,0,,,,exposure 0.68 <= trigger 1.0
reactive,158,23,reactive,0,,,,exposure 0.17 <= trigger 1.0
reactive,159,23,reactive,0,,,,exposure 0.34 <= trigger 1.0
reactive,160,23,reactive,0,,,,exposure 0.53 <= trigger 1.0
reactive,161,23,reactive,0,,,,exposure 0.09 <= trigger 1.0
reactive,162,23,reactive,0,,,,exposure 0.59 <= trigger 1.0
reactive,163,23,reactive,0,,,,exposure 0.04 <= trigger 1.0
reactive,164,23,reactive,0,,,,exposure 0.16 <= trigger 1.0
reactive,165,23,reactive,0,,,,exposure 0.59 <= trigger 1.0
reactive,166,23,reactive,0,,,,exposure 0.30 <= trigger 1.0
reactive,167,23,reactive,0,,,,exposure 0.16 <= trigger 1.0
reactive,168,23,reactive,0,,,,exposure 0.62 <= trigger 1.0
reactive,169,23,reactive,0,,,,exposure 0.04 <= trigger 1.0
reactive,170,23,reactive,0,,,,exposure 0.35 <= trigger 1.0
reactive,171,23,reactive,0,,,,exposure 0.54 <= trigger 1.0
reactive,172,23,reactive,0,,,,exposure 0.30 <= trigger 1.0
reactive,173,23,reactive,0,,,,exposure 0.15 <= trigger 1.0
reactive,174,23,reactive,0,,,,exposure 0.09 <= trigger 1.0
reactive,175,23,reactive,0,,,,exposure 0.04 <= trigger 1.0
reactive,176,23,reactive,0,,,,exposure 0.29 <= trigger 1.0
reactive,177,23,reactive,0,,,,exposure 0.16 <= trigger 1.0
reactive,178,23,reactive,0,,,,exposure 0.54 <= trigger 1.0
reactive,179,23,reactive,0,,,,exposure 0.35 <= trigger 1.0
reactive,180,23,reactive,0,,,,exposure 0.09 <= trigger 1.0
reactive,181,23,reactive,0,,,,exposure 0.15 <= trigger 1.0
reactive,182,23,reactive,0,,,,exposure 0.51 <= trigger 1.0
reactive,183,23,reactive,0,,,,exposure 0.13 <= trigger 1.0
reactive,184,23,reactive,0,,,,exposure 0.62 <= trigger 1.0
reactive,185,23,reactive,0,,,,exposure 0.15 <= trigger 1.0
reactive,186,23,reactive,0,,,,exposure 0.33 <= trigger 1.0
reactive,187,23,reactive,0,,,,exposure 0.10 <= trigger 1.0
reactive,188,23,reactive,0,,,,exposure 0.59 <= trigger 1.0
reactive,189,23,reactive,0,,,,exposure 0.04 <= trigger 1.0
reactive,190,23,reactive,0,,,,exposure 0.65 <= trigger 1.0
reactive,191,23,reactive,0,,,,exposure 0.59 <= trigger 1.0
reactive,192,23,reactive,0,,,,exposure 0.49 <= trigger 1.0
reactive,193,23,reactive,0,,,,exposure 0.35 <= trigger 1.0
reactive,194,23,reactive,0,,,,exposure 0.59 <= trigger 1.0
reactive,195,23,reactive,0,,,,exposure 0.59 <= trigger 1.0
reactive,196,23,reactive,0,,,,exposure 0.33 <= trigger 1.0
reactive,197,23,reactive,0,,,,exposure 0.13 <= trigger 1.0
reactive,198,23,reactive,0,,,,exposure 0.24 <= trigger 1.0
reactive,199,23,reactive,0,,,,exposure 0.37 <= trigger 1.0
reactive,200,23,reactive,0,,,,exposure 0.48 <= trigger 1.0
reactive,201,23,reactive,0,,,,exposure 0.56 <= trigger 1.0
reactive,202,23,reactive,0,,,,exposure 0.15 <= trigger 1.0
reactive,203,23,reactive,0,,,,exposure 0.24 <= trigger 1.0
reactive,204,23,reactive,0,,,,exposure 0.32 <= trigger 1.0
reactive,205,23,reactive,0,,,,exposure 0.29 <= trigger 1.0
reactive,206,23,reactive,0,,,,exposure 0.56 <= trigger 1.0
reactive,207,23,reactive,0,,,,exposure 0.13 <= trigger 1.0
reactive,208,23,reactive,0,,,,exposure 0.04 <= trigger 1.0
reactive,209,23,reactive,0,,,,exposure 0.14 <= trigger 1.0
reactive,210,23,reactive,0,,,,exposure 0.27 <= trigger 1.0
reactive,211,23,reactive,0,,,,exposure 0.34 <= trigger 1.0
reactive,212,23,reactive,0,,,,exposure 0.59 <= trigger 1.0
reactive,213,23,reactive,0,,,,exposure 0.54 <= trigger 1.0
reactive,214,23,reactive,0,,,,exposure 0.12 <= trigger 1.0
reactive,215,23,reactive,0,,,,exposure 0.52 <= trigger 1.0
reactive,216,23,reactive,0,,,,exposure 0.34 <= trigger 1.0
reactive,217,23,reactive,0,,,,exposure 0.04 <= trigger 1.0
reactive,218,23,reactive,0,,,,exposure 0.22 <= trigger 1.0
reactive,219,23,reactive,0,,,,exposure 0.63 <= trigger 1.0
reactive,220,23,reactive,0,,,,exposure 0.59 <= trigger 1.0
reactive,221,23,reactive,0,,,,exposure 0.28 <= trigger 1.0
reactive,222,23,reactive,0,,,,exposure 0.07 <= trigger 1.0
reactive,223,23,reactive,0,,,,exposure 0.13 <= trigger 1.0
reactive,224,23,reactive,0,,,,exposure 0.54 <= trigger 1.0
reactive,225,23,reactive,0,,,,exposure 0.33 <= trigger 1.0
reactive,226,23,reactive,0,,,,exposure 0.62 <= trigger 1.0
reactive,227,23,reactive,0,,,,exposure 0.57 <= trigger 1.0
reactive,228,23,reactive,0,,,,exposure 0.53 <= trigger 1.0
reactive,229,23,reactive,0,,,,exposure 0.28 <= trigger 1.0
reactive,230,23,reactive,0,,,,exposure 0.31 <= trigger 1.0
reactive,231,23,reactive,0,,,,exposure 0.08 <= trigger 1.0
reactive,232,23,reactive,0,,,,exposure 0.64 <= trigger 1.0
reactive,233,23,reactive,0,,,,exposure 0.05 <= trigger 1.0
reactive,234,23,reactive,0,,,,exposure 0.13 <= trigger 1.0
reactive,235,23,reactive,0,,,,exposure 0.19 <= trigger 1.0
reactive,236,23,reactive,0,,,,exposure 0.09 <= trigger 1.0
reactive,237,23,reactive,0,,,,exposure 0.32 <= trigger 1.0
reactive,238,23,reactive,0,,,,exposure 0.62 <= trigger 1.0
reactive,239,23,reactive,0,,,,exposure 0.33 <= trigger 1.0
