scenario,agent_id,hour,vulnerability_score,age_bucket,cell_x,cell_y,raw_heat,effective_exposure,in_shelter,shelter_building_id
baseline,0,0,0.5380812195557422,child,8,9,0.0327,0.0327,0,
baseline,1,0,0.5438885528571922,child,16,5,0.1684,0.1684,0,
baseline,2,0,0.7202561588196462,elderly,19,8,0.0,0.0,0,
baseline,3,0,0.216473321571373,adult,14,3,0.1603,0.1603,0,
baseline,4,0,0.179291256914281,adult,15,1,0.4837,0.4837,0,
baseline,5,0,0.7742080791371789,elderly,13,0,0.4577,0.4577,0,
baseline,6,0,0.6860132284779408,elderly,17,0,0.4624,0.4624,0,
baseline,7,0,0.24933523196076668,adult,3,1,0.4761,0.4761,0,
baseline,8,0,0.6343234811450121,child,6,6,0.2449,0.2449,0,
baseline,9,0,0.2937927377360272,adult,1,1,0.5178,0.5178,0,
baseline,10,0,0.29067965400666446,adult,9,1,0.5334,0.5334,0,
baseline,11,0,0.29337902378575376,adult,11,2,0.4483,0.4483,0,
baseline,12,0,0.2580821854764632,adult,8,2,0.5176,0.5176,0,
baseline,13,0,0.23208808428151181,adult,7,6,0.1836,0.1836,0,
baseline,14,0,0.22746461649058938,adult,5,5,0.2341,0.2341,0,
baseline,15,0,0.4919996898463789,child,16,1,0.5169,0.5169,0,
baseline,16,0,0.7297879386484595,child,14,9,0.0007,0.0007,0,
baseline,17,0,0.6910243835711712,elderly,9,9,0.0,0.0,0,
baseline,18,0,0.27290224990437284,adult,12,4,0.3934,0.3934,0,
baseline,19,0,0.5918994514851882,child,11,9,0.0096,0.0096,0,
baseline,20,0,0.20000931813748296,adult,6,6,0.2449,0.2449,0,
baseline,21,0,0.2566225962051309,adult,9,1,0.5334,0.5334,0,
baseline,22,0,0.2636593411524598,adult,11,0,0.5351,0.5351,0,
baseline,23,0,0.6949427075347202,child,0,4,0.1773,0.1773,0,
baseline,24,0,0.36652485810151314,adult,13,1,0.5389,0.5389,0,
baseline,25,0,0.2443193234562278,adult,6,4,0.171,0.171,0,
baseline,26,0,0.3010033863387559,adult,13,5,0.2721,0.2721,0,
baseline,27,0,0.264862699158784,adult,11,2,0.4483,0.4483,0,
baseline,28,0,0.25879019854094,adult,3,2,0.4511,0.4511,0,
baseline,29,0,0.31974955111962444,adult,1,7,0.0,0.0,0,
baseline,30,0,0.1555928571749553,adult,6,4,0.171,0.171,0,
baseline,31,0,0.548458082951535,child,8,1,0.4848,0.4848,0,
baseline,32,0,0.2544761312097897,adult,18,3,0.1849,0.1849,0,
baseline,33,0,0.3227939887511161,adult,12,1,0.4704,0.4704,0,
baseline,34,0,0.6558716694259125,child,6,8,0.0,0.0,0,
baseline,35,0,0.5492700374659585,child,4,4,0.2679,0.2679,0,
baseline,36,0,0.28742961388729216,adult,9,8,0.0,0.0,0,
baseline,37,0,0.862770385621313,elderly,3,2,0.4511,0.4511,0,
baseline,38,0,0.23693857704201632,adult,9,5,0.4792,0.4792,0,
baseline,39,0,0.2454791545887237,adult,5,4,0.1906,0.1906,0,
baseline,40,0,0.583334998890488,child,10,1,0.455,0.455,0,
baseline,41,0,0.2636638551640602,adult,13,9,0.0,0.0,0,
baseline,42,0,0.9350941601422765,elderly,3,1,0.4761,0.4761,0,
baseline,43,0,0.21562936030731708,adult,1,6,0.1328,0.1328,0,
baseline,44,0,0.5397436170004551,child,19,3,0.193,0.193,0,
baseline,45,0,0.18354442553252845,adult,17,2,0.473,0.473,0,
baseline,46,0,0.27255587776068274,adult,11,0,0.5351,0.5351,0,
baseline,47,0,0.30152879677991906,adult,6,5,0.1902,0.1902,0,
baseline,48,0,0.2424720207354753,adult,12,8,0.0,0.0,0,
baseline,49,0,0.7645513584523809,elderly,18,1,0.4746,0.4746,0,
baseline,50,0,0.41514306586559097,adult,9,8,0.0,0.0,0,
baseline,51,0,0.2061884568547753,adult,1,1,0.5178,0.5178,0,
baseline,52,0,0.31853752554381776,adult,12,3,0.3501,0.3501,0,
baseline,53,0,0.2638404878487771,adult,17,7,0.0,0.0,0,
baseline,54,0,0.21400695401395703,adult,4,0,0.5055,0.5055,0,
baseline,55,0,0.3026292881022382,adult,17,3,0.1929,0.1929,0,
baseline,56,0,0.7372548908762495,elderly,4,0,0.5055,0.5055,0,
baseline,57,0,0.2208870448850433,adult,18,8,0.0191,0.0191,0,
baseline,58,0,0.3144823244892736,adult,7,2,0.4768,0.4768,0,
baseline,59,0,0.22063955497119142,adult,14,6,0.2629,0.2629,0,
baseline,60,0,0.5166058535491507,child,10,5,0.4188,0.4188,0,
baseline,61,0,0.23464792877787313,adult,7,3,0.1951,0.1951,0,
baseline,62,0,0.7780271499327811,elderly,15,3,0.2004,0.2004,0,
baseline,63,0,0.7701272985546185,elderly,15,7,0.0,0.0,0,
baseline,64,0,0.260395348860413,adult,3,9,0.0,0.0,0,
baseline,65,0,0.18124989624959473,adult,0,6,0.203,0.203,0,
baseline,66,0,0.7479987221088478,elderly,14,2,0.4974,0.4974,0,
baseline,67,0,0.2747694705910339,adult,19,0,0.4309,0.4309,0,
baseline,68,0,0.2623728676439467,adult,13,3,0.1232,0.1232,0,
baseline,69,0,0.3475954363017591,adult,13,3,0.1232,0.1232,0,
baseline,70,0,0.18683697056304266,adult,17,4,0.1446,0.1446,0,
baseline,71,0,0.2252873014963322,adult,4,8,0.0,0.0,0,
baseline,72,0,0.3073174185068305,adult,11,5,0.3973,0.3973,0,
baseline,73,0,0.28651314785661347,adult,16,5,0.1684,0.1684,0,
baseline,74,0,0.7497164804572996,elderly,10,3,0.5622,0.5622,0,
baseline,75,0,0.8576126643135189,elderly,19,8,0.0,0.0,0,
baseline,76,0,0.24339714453787592,adult,17,4,0.1446,0.1446,0,
baseline,77,0,0.5658695094941405,child,16,3,0.1273,0.1273,0,
baseline,78,0,0.2557292455827229,adult,8,8,0.0583,0.0583,0,
baseline,79,0,0.31274852127145286,adult,2,8,0.0,0.0,0,
baseline,80,0,0.24192319037630758,adult,0,9,0.0,0.0,0,
baseline,81,0,0.7495257436955758,elderly,12,2,0.4941,0.4941,0,
baseline,82,0,0.2094635281564155,adult,13,2,0.5065,0.5065,0,
baseline,83,0,0.2368250785688548,adult,13,0,0.4577,0.4577,0,
baseline,84,0,0.7597628712547879,elderly,14,1,0.4729,0.4729,0,
baseline,85,0,0.2134449412553841,adult,12,7,0.0423,0.0423,0,
baseline,86,0,0.26029034175119803,adult,8,0,0.4786,0.4786,0,
baseline,87,0,0.8739793646798583,elderly,10,0,0.4848,0.4848,0,
baseline,88,0,0.23068402377938965,adult,16,6,0.1119,0.1119,0,
baseline,89,0,0.21593278881496686,adult,11,1,0.526,0.526,0,
baseline,90,0,0.7286621276353521,elderly,8,7,0.0,0.0,0,
baseline,91,0,0.2651344904420061,adult,5,7,0.0334,0.0334,0,
baseline,92,0,0.20377115206369537,adult,14,7,0.0,0.0,0,
baseline,93,0,0.20132533923371512,adult,15,7,0.0,0.0,0,
baseline,94,0,0.7049720665964455,elderly,15,0,0.4653,0.4653,0,
baseline,95,0,0.25100462370739207,adult,1,3,0.1535,0.1535,0,
baseline,96,0,0.4955828490431283,child,15,1,0.4837,0.4837,0,
baseline,97,0,0.27283994893939245,adult,7,8,0.0,0.0,0,
baseline,98,0,0.21712454129440448,adult,10,1,0.455,0.455,0,
baseline,99,0,0.7185461557640977,elderly,9,7,0.0173,0.0173,0,
baseline,100,0,0.4754623971272218,child,4,9,0.1,0.1,0,
baseline,101,0,0.814329171491318,elderly,1,9,0.0,0.0,0,
baseline,102,0,0.9382392363354756,elderly,15,7,0.0,0.0,0,
baseline,103,0,0.30010692589416543,adult,14,7,0.0,0.0,0,
baseline,104,0,0.8126300272600911,elderly,7,2,0.4768,0.4768,0,
baseline,105,0,0.23441354547710377,adult,3,2,0.4511,0.4511,0,
baseline,106,0,0.5066140359967927,child,9,5,0.4792,0.4792,0,
baseline,107,0,0.5631658536919568,child,4,0,0.5055,0.5055,0,
baseline,108,0,0.23073770055214435,adult,4,8,0.0,0.0,0,
baseline,109,0,0.29657377246189087,adult,2,9,0.0057,0.0057,0,
baseline,110,0,0.27279255604127917,adult,7,4,0.2629,0.2629,0,
baseline,111,0,0.5291861555650081,child,13,5,0.2721,0.2721,0,
baseline,112,0,0.8908951292054481,elderly,16,1,0.5169,0.5169,0,
baseline,113,0,0.5158957569432061,child,12,4,0.3934,0.3934,0,
baseline,114,0,0.8593264155201461,elderly,14,8,0.0483,0.0483,0,
baseline,115,0,0.32052011433136096,adult,18,6,0.2588,0.2588,0,
baseline,116,0,0.5844185905950111,child,19,1,0.5475,0.5475,0,
baseline,117,0,0.24225311600942953,adult,12,5,0.4681,0.4681,0,
baseline,118,0,0.2089072670144541,adult,10,8,0.0,0.0,0,
baseline,119,0,0.9022295288833049,elderly,14,9,0.0007,0.0007,0,
baseline,120,0,0.5289935218684951,child,14,4,0.1687,0.1687,0,
baseline,121,0,0.42582414868915897,adult,5,3,0.2288,0.2288,0,
baseline,122,0,0.321155028793213,adult,6,5,0.1902,0.1902,0,
baseline,123,0,0.6995000220419753,child,14,0,0.5549,0.5549,0,
baseline,124,0,0.562529225395729,child,5,9,0.0,0.0,0,
baseline,125,0,0.8475195178808403,elderly,17,2,0.473,0.473,0,
baseline,126,0,0.5540215869676903,child,15,3,0.2004,0.2004,0,
baseline,127,0,0.766520446349269,elderly,10,9,0.0,0.0,0,
baseline,128,0,0.7416409671545062,elderly,16,9,0.0036,0.0036,0,
baseline,129,0,0.1865474786824886,adult,4,0,0.5055,0.5055,0,
baseline,130,0,0.5991072876975088,child,4,8,0.0,0.0,0,
baseline,131,0,0.6713434192845964,child,1,9,0.0,0.0,0,
baseline,132,0,0.26809246029419453,adult,14,3,0.1603,0.1603,0,
baseline,133,0,0.22890676933880374,adult,3,8,0.0,0.0,0,
baseline,134,0,0.21223556584054845,adult,10,5,0.4188,0.4188,0,
baseline,135,0,0.4871906993496808,child,10,4,0.4084,0.4084,0,
baseline,136,0,0.5813838397364346,child,19,9,0.0757,0.0757,0,
baseline,137,0,0.1834367475007917,adult,17,1,0.5227,0.5227,0,
baseline,138,0,0.30240291417804127,adult,13,6,0.1967,0.1967,0,
baseline,139,0,0.28188702499195395,adult,11,0,0.5351,0.5351,0,
baseline,140,0,0.3042444979413341,adult,13,6,0.1967,0.1967,0,
baseline,141,0,0.2410183959966361,adult,10,5,0.4188,0.4188,0,
baseline,142,0,0.25779477773074466,adult,18,7,0.034,0.034,0,
baseline,143,0,0.2024052019176551,adult,7,8,0.0,0.0,0,
baseline,144,0,0.8349906142726966,elderly,2,5,0.1907,0.1907,0,
baseline,145,0,0.23016660216907392,adult,9,7,0.0173,0.0173,0,
baseline,146,0,0.22633729077264053,adult,12,0,0.5045,0.5045,0,
baseline,147,0,0.18671782350320223,adult,15,5,0.185,0.185,0,
baseline,148,0,0.3265717377596302,adult,9,0,0.4988,0.4988,0,
baseline,149,0,0.5931363866533521,child,7,3,0.1951,0.1951,0,
baseline,150,0,0.33786967348278196,adult,10,7,0.0247,0.0247,0,
baseline,151,0,0.24434311120662164,adult,10,4,0.4084,0.4084,0,
baseline,152,0,0.3131721899623074,adult,3,3,0.1596,0.1596,0,
baseline,153,0,0.30482733918353766,adult,12,7,0.0423,0.0423,0,
baseline,154,0,0.5207407229993698,child,8,8,0.0583,0.0583,0,
baseline,155,0,0.2698840835350667,adult,10,4,0.4084,0.4084,0,
baseline,156,0,0.21854549526592404,adult,14,6,0.2629,0.2629,0,
baseline,157,0,0.7800885741958227,elderly,2,2,0.4366,0.4366,0,
baseline,158,0,0.22376698635368497,adult,19,9,0.0757,0.0757,0,
baseline,159,0,0.2490942753506871,adult,14,5,0.1361,0.1361,0,
baseline,160,0,0.23909707064169694,adult,8,3,0.444,0.444,0,
baseline,161,0,0.26816184340335836,adult,10,9,0.0,0.0,0,
baseline,162,0,0.5590101392326462,child,12,5,0.4681,0.4681,0,
baseline,163,0,0.2586620552478868,adult,12,8,0.0,0.0,0,
baseline,164,0,0.21874748549033007,adult,0,8,0.0,0.0,0,
baseline,165,0,0.26806801780654776,adult,4,2,0.4387,0.4387,0,
baseline,166,0,0.31453748099041595,adult,18,6,0.2588,0.2588,0,
baseline,167,0,0.5571003562232809,child,8,9,0.0327,0.0327,0,
baseline,168,0,0.28556981755657285,adult,18,2,0.5315,0.5315,0,
baseline,169,0,0.20289864310003097,adult,9,9,0.0,0.0,0,
baseline,170,0,0.2591235835153987,adult,14,4,0.1687,0.1687,0,
baseline,171,0,0.5403518780488572,child,11,0,0.5351,0.5351,0,
baseline,172,0,0.19710832762003697,adult,5,7,0.0334,0.0334,0,
baseline,173,0,0.7370654202189683,elderly,17,7,0.0,0.0,0,
baseline,174,0,0.5944522686442528,child,14,7,0.0,0.0,0,
baseline,175,0,0.27508362578769247,adult,12,7,0.0423,0.0423,0,
baseline,176,0,0.19711151507617047,adult,5,5,0.2341,0.2341,0,
baseline,177,0,0.2626617426734974,adult,8,9,0.0327,0.0327,0,
baseline,178,0,0.2950995521960962,adult,0,0,0.5001,0.5001,0,
baseline,179,0,0.3774069229558558,adult,15,3,0.2004,0.2004,0,
baseline,180,0,0.7054964868146433,elderly,14,7,0.0,0.0,0,
baseline,181,0,0.5168708354178837,child,9,7,0.0173,0.0173,0,
baseline,182,0,0.22452710037794926,adult,6,2,0.5064,0.5064,0,
baseline,183,0,0.24281444929542967,adult,18,8,0.0191,0.0191,0,
baseline,184,0,0.20656651882118987,adult,17,2,0.473,0.473,0,
baseline,185,0,0.895735664587469,elderly,6,7,0.0573,0.0573,0,
baseline,186,0,0.26608149821206883,adult,18,4,0.1924,0.1924,0,
baseline,187,0,0.22885027121419005,adult,5,9,0.0,0.0,0,
baseline,188,0,0.25818280463696514,adult,13,2,0.5065,0.5065,0,
baseline,189,0,0.25124888164635667,adult,12,7,0.0423,0.0423,0,
baseline,190,0,0.7388637748744878,elderly,15,1,0.4837,0.4837,0,
baseline,191,0,0.24355609940976028,adult,19,2,0.5483,0.5483,0,
baseline,192,0,0.2622858672661557,adult,12,4,0.3934,0.3934,0,
baseline,193,0,0.3114225338599181,adult,16,3,0.1273,0.1273,0,
baseline,194,0,0.7432938913438611,child,19,2,0.5483,0.5483,0,
baseline,195,0,0.26317722516719005,adult,19,2,0.5483,0.5483,0,
baseline,196,0,0.2246770526955429,adult,1,6,0.1328,0.1328,0,
baseline,197,0,0.5584044178321356,child,5,8,0.0719,0.0719,0,
baseline,198,0,0.2514953170246483,adult,6,5,0.1902,0.1902,0,
baseline,199,0,0.2899733601941726,adult,2,5,0.1907,0.1907,0,
baseline,200,0,0.25622285847923476,adult,12,3,0.3501,0.3501,0,
baseline,201,0,0.4521031631709903,adult,10,2,0.5082,0.5082,0,
baseline,202,0,0.1634121024151908,adult,17,7,0.0,0.0,0,
baseline,203,0,0.5626995559129596,child,3,3,0.1596,0.1596,0,
baseline,204,0,0.327120941806494,adult,2,6,0.0742,0.0742,0,
baseline,205,0,0.7857123878054436,elderly,5,5,0.2341,0.2341,0,
baseline,206,0,0.5939394270629585,child,12,1,0.4704,0.4704,0,
baseline,207,0,0.28709923820747085,adult,18,8,0.0191,0.0191,0,
baseline,208,0,0.39542716557746904,adult,9,9,0.0,0.0,0,
baseline,209,0,0.27359697560694635,adult,10,8,0.0,0.0,0,
baseline,210,0,0.9020130166851742,elderly,7,6,0.1836,0.1836,0,
baseline,211,0,0.2713101047676122,adult,13,6,0.1967,0.1967,0,
baseline,212,0,0.24736743242291168,adult,1,0,0.5245,0.5245,0,
baseline,213,0,0.6794396779816514,elderly,0,0,0.5001,0.5001,0,
baseline,214,0,0.30091251551864373,adult,15,7,0.0,0.0,0,
baseline,215,0,0.21670540748307351,adult,2,0,0.4079,0.4079,0,
baseline,216,0,0.3687606793764565,adult,14,5,0.1361,0.1361,0,
baseline,217,0,0.2538767051714499,adult,12,8,0.0,0.0,0,
baseline,218,0,0.2824197149857894,adult,8,6,0.1994,0.1994,0,
baseline,219,0,0.5636693672210529,child,1,1,0.5178,0.5178,0,
baseline,220,0,0.6948217456126036,child,16,0,0.4473,0.4473,0,
baseline,221,0,0.8780226911713226,elderly,2,3,0.2136,0.2136,0,
baseline,222,0,0.30180138271631185,adult,3,9,0.0,0.0,0,
baseline,223,0,0.19113770908623962,adult,5,8,0.0719,0.0719,0,
baseline,224,0,0.22956484340680797,adult,13,1,0.5389,0.5389,0,
baseline,225,0,0.2188924625952585,adult,1,6,0.1328,0.1328,0,
baseline,226,0,0.688413136429157,elderly,7,2,0.4768,0.4768,0,
baseline,227,0,0.7561906848382751,elderly,8,2,0.5176,0.5176,0,
baseline,228,0,0.566836488720734,child,4,1,0.5032,0.5032,0,
baseline,229,0,0.5049212893202911,child,9,6,0.1355,0.1355,0,
baseline,230,0,0.2379441270070261,adult,14,3,0.1603,0.1603,0,
baseline,231,0,0.21828841423349848,adult,15,9,0.0,0.0,0,
baseline,232,0,0.1839452306394218,adult,8,5,0.3943,0.3943,0,
baseline,233,0,0.29492040259128455,adult,2,9,0.0057,0.0057,0,
baseline,234,0,0.29013491932937124,adult,5,8,0.0719,0.0719,0,
baseline,235,0,0.34669130855252334,adult,13,3,0.1232,0.1232,0,
baseline,236,0,0.28232450555661204,adult,11,7,0.0,0.0,0,
baseline,237,0,0.5757509116895175,child,6,4,0.171,0.171,0,
baseline,238,0,0.5403723756597331,child,8,4,0.4401,0.4401,0,
baseline,239,0,0.5952182201485263,child,7,3,0.1951,0.1951,0,
baseline,0,1,0.5380812195557422,child,8,9,0.0,0.0,0,
baseline,1,1,0.5438885528571922,child,16,5,0.1994,0.1994,0,
baseline,2,1,0.7202561588196462,elderly,19,8,0.0,0.0,0,
baseline,3,1,0.216473321571373,adult,14,3,0.1702,0.1702,0,
baseline,4,1,0.179291256914281,adult,15,1,0.4548,0.4548,0,
baseline,5,1,0.7742080791371789,elderly,13,0,0.4671,0.4671,0,
baseline,6,1,0.6860132284779408,elderly,17,0,0.4725,0.4725,0,
baseline,7,1,0.24933523196076668,adult,3,1,0.4409,0.4409,0,
baseline,8,1,0.6343234811450121,child,6,6,0.1458,0.1458,0,
baseline,9,1,0.2937927377360272,adult,1,1,0.522,0.522,0,
baseline,10,1,0.29067965400666446,adult,9,1,0.5585,0.5585,0,
baseline,11,1,0.29337902378575376,adult,11,2,0.4604,0.4604,0,
baseline,12,1,0.2580821854764632,adult,8,2,0.4665,0.4665,0,
baseline,13,1,0.23208808428151181,adult,7,6,0.1989,0.1989,0,
baseline,14,1,0.22746461649058938,adult,5,5,0.133,0.133,0,
baseline,15,1,0.4919996898463789,child,16,1,0.5735,0.5735,0,
baseline,16,1,0.7297879386484595,child,14,9,0.0,0.0,0,
baseline,17,1,0.6910243835711712,elderly,9,9,0.0,0.0,0,
baseline,18,1,0.27290224990437284,adult,12,4,0.3999,0.3999,0,
baseline,19,1,0.5918994514851882,child,11,9,0.0242,0.0242,0,
baseline,20,1,0.20000931813748296,adult,6,6,0.1458,0.1458,0,
baseline,21,1,0.2566225962051309,adult,9,1,0.5585,0.5585,0,
baseline,22,1,0.2636593411524598,adult,11,0,0.4767,0.4767,0,
baseline,23,1,0.6949427075347202,child,0,4,0.274,0.274,0,
baseline,24,1,0.36652485810151314,adult,13,1,0.4699,0.4699,0,
baseline,25,1,0.2443193234562278,adult,6,4,0.1279,0.1279,0,
baseline,26,1,0.3010033863387559,adult,13,5,0.1247,0.1247,0,
baseline,27,1,0.264862699158784,adult,11,2,0.4604,0.4604,0,
baseline,28,1,0.25879019854094,adult,3,2,0.4978,0.4978,0,
baseline,29,1,0.31974955111962444,adult,1,7,0.0,0.0,0,
baseline,30,1,0.1555928571749553,adult,6,4,0.1279,0.1279,0,
baseline,31,1,0.548458082951535,child,8,1,0.4262,0.4262,0,
baseline,32,1,0.2544761312097897,adult,18,3,0.1225,0.1225,0,
baseline,33,1,0.3227939887511161,adult,12,1,0.5089,0.5089,0,
baseline,34,1,0.6558716694259125,child,6,8,0.0,0.0,0,
baseline,35,1,0.5492700374659585,child,4,4,0.1655,0.1655,0,
baseline,36,1,0.28742961388729216,adult,9,8,0.0,0.0,0,
baseline,37,1,0.862770385621313,elderly,3,2,0.4978,0.4978,0,
baseline,38,1,0.23693857704201632,adult,9,5,0.4355,0.4355,0,
baseline,39,1,0.2454791545887237,adult,5,4,0.1214,0.1214,0,
baseline,40,1,0.583334998890488,child,10,1,0.5078,0.5078,0,
baseline,41,1,0.2636638551640602,adult,13,9,0.0562,0.0562,0,
baseline,42,1,0.9350941601422765,elderly,3,1,0.4409,0.4409,0,
baseline,43,1,0.21562936030731708,adult,1,6,0.1677,0.1677,0,
baseline,44,1,0.5397436170004551,child,19,3,0.1078,0.1078,0,
baseline,45,1,0.18354442553252845,adult,17,2,0.4614,0.4614,0,
baseline,46,1,0.27255587776068274,adult,11,0,0.4767,0.4767,0,
baseline,47,1,0.30152879677991906,adult,6,5,0.2056,0.2056,0,
baseline,48,1,0.2424720207354753,adult,12,8,0.003,0.003,0,
baseline,49,1,0.7645513584523809,elderly,18,1,0.4224,0.4224,0,
baseline,50,1,0.41514306586559097,adult,9,8,0.0,0.0,0,
baseline,51,1,0.2061884568547753,adult,1,1,0.522,0.522,0,
baseline,52,1,0.31853752554381776,adult,12,3,0.4143,0.4143,0,
baseline,53,1,0.2638404878487771,adult,17,7,0.0,0.0,0,
baseline,54,1,0.21400695401395703,adult,4,0,0.457,0.457,0,
baseline,55,1,0.3026292881022382,adult,17,3,0.1461,0.1461,0,
baseline,56,1,0.7372548908762495,elderly,4,0,0.457,0.457,0,
baseline,57,1,0.2208870448850433,adult,18,8,0.0057,0.0057,0,
baseline,58,1,0.3144823244892736,adult,7,2,0.5661,0.5661,0,
baseline,59,1,0.22063955497119142,adult,14,6,0.1821,0.1821,0,
baseline,60,1,0.5166058535491507,child,10,5,0.5101,0.5101,0,
baseline,61,1,0.23464792877787313,adult,7,3,0.253,0.253,0,
baseline,62,1,0.7780271499327811,elderly,15,3,0.1697,0.1697,0,
baseline,63,1,0.7701272985546185,elderly,15,7,0.0,0.0,0,
baseline,64,1,0.260395348860413,adult,3,9,0.0,0.0,0,
baseline,65,1,0.18124989624959473,adult,0,6,0.1227,0.1227,0,
baseline,66,1,0.7479987221088478,elderly,14,2,0.5776,0.5776,0,
baseline,67,1,0.2747694705910339,adult,19,0,0.4606,0.4606,0,
baseline,68,1,0.2623728676439467,adult,13,3,0.196,0.196,0,
baseline,69,1,0.3475954363017591,adult,13,3,0.196,0.196,0,
baseline,70,1,0.18683697056304266,adult,17,4,0.2118,0.2118,0,
baseline,71,1,0.2252873014963322,adult,4,8,0.0,0.0,0,
baseline,72,1,0.3073174185068305,adult,11,5,0.4355,0.4355,0,
baseline,73,1,0.28651314785661347,adult,16,5,0.1994,0.1994,0,
baseline,74,1,0.7497164804572996,elderly,10,3,0.401,0.401,0,
baseline,75,1,0.8576126643135189,elderly,19,8,0.0,0.0,0,
baseline,76,1,0.24339714453787592,adult,17,4,0.2118,0.2118,0,
baseline,77,1,0.5658695094941405,child,16,3,0.1828,0.1828,0,
baseline,78,1,0.2557292455827229,adult,8,8,0.0,0.0,0,
baseline,79,1,0.31274852127145286,adult,2,8,0.0,0.0,0,
baseline,80,1,0.24192319037630758,adult,0,9,0.0,0.0,0,
baseline,81,1,0.7495257436955758,elderly,12,2,0.5562,0.5562,0,
baseline,82,1,0.2094635281564155,adult,13,2,0.4278,0.4278,0,
baseline,83,1,0.2368250785688548,adult,13,0,0.4671,0.4671,0,
baseline,84,1,0.7597628712547879,elderly,14,1,0.5077,0.5077,0,
baseline,85,1,0.2134449412553841,adult,12,7,0.0,0.0,0,
baseline,86,1,0.26029034175119803,adult,8,0,0.4842,0.4842,0,
baseline,87,1,0.8739793646798583,elderly,10,0,0.5556,0.5556,0,
baseline,88,1,0.23068402377938965,adult,16,6,0.0827,0.0827,0,
baseline,89,1,0.21593278881496686,adult,11,1,0.5237,0.5237,0,
baseline,90,1,0.7286621276353521,elderly,8,7,0.0564,0.0564,0,
baseline,91,1,0.2651344904420061,adult,5,7,0.0,0.0,0,
baseline,92,1,0.20377115206369537,adult,14,7,0.054,0.054,0,
baseline,93,1,0.20132533923371512,adult,15,7,0.0,0.0,0,
baseline,94,1,0.7049720665964455,elderly,15,0,0.4372,0.4372,0,
baseline,95,1,0.25100462370739207,adult,1,3,0.0745,0.0745,0,
baseline,96,1,0.4955828490431283,child,15,1,0.4548,0.4548,0,
baseline,97,1,0.27283994893939245,adult,7,8,0.0,0.0,0,
baseline,98,1,0.21712454129440448,adult,10,1,0.5078,0.5078,0,
baseline,99,1,0.7185461557640977,elderly,9,7,0.0,0.0,0,
baseline,100,1,0.4754623971272218,child,4,9,0.0,0.0,0,
baseline,101,1,0.814329171491318,elderly,1,9,0.0,0.0,0,
baseline,102,1,0.9382392363354756,elderly,15,7,0.0,0.0,0,
baseline,103,1,0.30010692589416543,adult,14,7,0.054,0.054,0,
baseline,104,1,0.8126300272600911,elderly,7,2,0.5661,0.5661,0,
baseline,105,1,0.23441354547710377,adult,3,2,0.4978,0.4978,0,
baseline,106,1,0.5066140359967927,child,9,5,0.4355,0.4355,0,
baseline,107,1,0.5631658536919568,child,4,0,0.457,0.457,0,
baseline,108,1,0.23073770055214435,adult,4,8,0.0,0.0,0,
baseline,109,1,0.29657377246189087,adult,2,9,0.0,0.0,0,
baseline,110,1,0.27279255604127917,adult,7,4,0.1568,0.1568,0,
baseline,111,1,0.5291861555650081,child,13,5,0.1247,0.1247,0,
baseline,112,1,0.8908951292054481,elderly,16,1,0.5735,0.5735,0,
baseline,113,1,0.5158957569432061,child,12,4,0.3999,0.3999,0,
baseline,114,1,0.8593264155201461,elderly,14,8,0.028,0.028,0,
baseline,115,1,0.32052011433136096,adult,18,6,0.2342,0.2342,0,
baseline,116,1,0.5844185905950111,child,19,1,0.463,0.463,0,
baseline,117,1,0.24225311600942953,adult,12,5,0.4396,0.4396,0,
baseline,118,1,0.2089072670144541,adult,10,8,0.0,0.0,0,
baseline,119,1,0.9022295288833049,elderly,14,9,0.0,0.0,0,
baseline,120,1,0.5289935218684951,child,14,4,0.1503,0.1503,0,
baseline,121,1,0.42582414868915897,adult,5,3,0.1824,0.1824,0,
baseline,122,1,0.321155028793213,adult,6,5,0.2056,0.2056,0,
baseline,123,1,0.6995000220419753,child,14,0,0.493,0.493,0,
baseline,124,1,0.562529225395729,child,5,9,0.0,0.0,0,
baseline,125,1,0.8475195178808403,elderly,17,2,0.4614,0.4614,0,
baseline,126,1,0.5540215869676903,child,15,3,0.1697,0.1697,0,
baseline,127,1,0.766520446349269,elderly,10,9,0.0,0.0,0,
baseline,128,1,0.7416409671545062,elderly,16,9,0.0153,0.0153,0,
baseline,129,1,0.1865474786824886,adult,4,0,0.457,0.457,0,
baseline,130,1,0.5991072876975088,child,4,8,0.0,0.0,0,
baseline,131,1,0.6713434192845964,child,1,9,0.0,0.0,0,
baseline,132,1,0.26809246029419453,adult,14,3,0.1702,0.1702,0,
baseline,133,1,0.22890676933880374,adult,3,8,0.0,0.0,0,
baseline,134,1,0.21223556584054845,adult,10,5,0.5101,0.5101,0,
baseline,135,1,0.4871906993496808,child,10,4,0.3983,0.3983,0,
baseline,136,1,0.5813838397364346,child,19,9,0.0,0.0,0,
baseline,137,1,0.1834367475007917,adult,17,1,0.3945,0.3945,0,
baseline,138,1,0.30240291417804127,adult,13,6,0.244,0.244,0,
baseline,139,1,0.28188702499195395,adult,11,0,0.4767,0.4767,0,
baseline,140,1,0.3042444979413341,adult,13,6,0.244,0.244,0,
baseline,141,1,0.2410183959966361,adult,10,5,0.5101,0.5101,0,
baseline,142,1,0.25779477773074466,adult,18,7,0.0,0.0,0,
baseline,143,1,0.2024052019176551,adult,7,8,0.0,0.0,0,
baseline,144,1,0.8349906142726966,elderly,2,5,0.2003,0.2003,0,
baseline,145,1,0.23016660216907392,adult,9,7,0.0,0.0,0,
baseline,146,1,0.22633729077264053,adult,12,0,0.4415,0.4415,0,
baseline,147,1,0.18671782350320223,adult,15,5,0.1948,0.1948,0,
baseline,148,1,0.3265717377596302,adult,9,0,0.3892,0.3892,0,
baseline,149,1,0.5931363866533521,child,7,3,0.253,0.253,0,
baseline,150,1,0.33786967348278196,adult,10,7,0.0,0.0,0,
baseline,151,1,0.24434311120662164,adult,10,4,0.3983,0.3983,0,
baseline,152,1,0.3131721899623074,adult,3,3,0.197,0.197,0,
baseline,153,1,0.30482733918353766,adult,12,7,0.0,0.0,0,
baseline,154,1,0.5207407229993698,child,8,8,0.0,0.0,0,
baseline,155,1,0.2698840835350667,adult,10,4,0.3983,0.3983,0,
baseline,156,1,0.21854549526592404,adult,14,6,0.1821,0.1821,0,
baseline,157,1,0.7800885741958227,elderly,2,2,0.3978,0.3978,0,
baseline,158,1,0.22376698635368497,adult,19,9,0.0,0.0,0,
baseline,159,1,0.2490942753506871,adult,14,5,0.1123,0.1123,0,
baseline,160,1,0.23909707064169694,adult,8,3,0.4211,0.4211,0,
baseline,161,1,0.26816184340335836,adult,10,9,0.0,0.0,0,
baseline,162,1,0.5590101392326462,child,12,5,0.4396,0.4396,0,
baseline,163,1,0.2586620552478868,adult,12,8,0.003,0.003,0,
baseline,164,1,0.21874748549033007,adult,0,8,0.0208,0.0208,0,
baseline,165,1,0.26806801780654776,adult,4,2,0.4759,0.4759,0,
baseline,166,1,0.31453748099041595,adult,18,6,0.2342,0.2342,0,
baseline,167,1,0.5571003562232809,child,8,9,0.0,0.0,0,
baseline,168,1,0.28556981755657285,adult,18,2,0.4858,0.4858,0,
baseline,169,1,0.20289864310003097,adult,9,9,0.0,0.0,0,
baseline,170,1,0.2591235835153987,adult,14,4,0.1503,0.1503,0,
baseline,171,1,0.5403518780488572,child,11,0,0.4767,0.4767,0,
baseline,172,1,0.19710832762003697,adult,5,7,0.0,0.0,0,
baseline,173,1,0.7370654202189683,elderly,17,7,0.0,0.0,0,
baseline,174,1,0.5944522686442528,child,14,7,0.054,0.054,0,
baseline,175,1,0.27508362578769247,adult,12,7,0.0,0.0,0,
baseline,176,1,0.19711151507617047,adult,5,5,0.133,0.133,0,
baseline,177,1,0.2626617426734974,adult,8,9,0.0,0.0,0,
baseline,178,1,0.2950995521960962,adult,0,0,0.4177,0.4177,0,
baseline,179,1,0.3774069229558558,adult,15,3,0.1697,0.1697,0,
baseline,180,1,0.7054964868146433,elderly,14,7,0.054,0.054,0,
baseline,181,1,0.5168708354178837,child,9,7,0.0,0.0,0,
baseline,182,1,0.22452710037794926,adult,6,2,0.5076,0.5076,0,
baseline,183,1,0.24281444929542967,adult,18,8,0.0057,0.0057,0,
baseline,184,1,0.20656651882118987,adult,17,2,0.4614,0.4614,0,
baseline,185,1,0.895735664587469,elderly,6,7,0.0347,0.0347,0,
baseline,186,1,0.26608149821206883,adult,18,4,0.2356,0.2356,0,
baseline,187,1,0.22885027121419005,adult,5,9,0.0,0.0,0,
baseline,188,1,0.25818280463696514,adult,13,2,0.4278,0.4278,0,
baseline,189,1,0.25124888164635667,adult,12,7,0.0,0.0,0,
baseline,190,1,0.7388637748744878,elderly,15,1,0.4548,0.4548,0,
baseline,191,1,0.24355609940976028,adult,19,2,0.415,0.415,0,
baseline,192,1,0.2622858672661557,adult,12,4,0.3999,0.3999,0,
baseline,193,1,0.3114225338599181,adult,16,3,0.1828,0.1828,0,
baseline,194,1,0.7432938913438611,child,19,2,0.415,0.415,0,
baseline,195,1,0.26317722516719005,adult,19,2,0.415,0.415,0,
baseline,196,1,0.2246770526955429,adult,1,6,0.1677,0.1677,0,
baseline,197,1,0.5584044178321356,child,5,8,0.0,0.0,0,
baseline,198,1,0.2514953170246483,adult,6,5,0.2056,0.2056,0,
baseline,199,1,0.2899733601941726,adult,2,5,0.2003,0.2003,0,
baseline,200,1,0.25622285847923476,adult,12,3,0.4143,0.4143,0,
baseline,201,1,0.4521031631709903,adult,10,2,0.4771,0.4771,0,
baseline,202,1,0.1634121024151908,adult,17,7,0.0,0.0,0,
baseline,203,1,0.5626995559129596,child,3,3,0.197,0.197,0,
baseline,204,1,0.327120941806494,adult,2,6,0.1305,0.1305,0,
baseline,205,1,0.7857123878054436,elderly,5,5,0.133,0.133,0,
baseline,206,1,0.5939394270629585,child,12,1,0.5089,0.5089,0,
baseline,207,1,0.28709923820747085,adult,18,8,0.0057,0.0057,0,
baseline,208,1,0.39542716557746904,adult,9,9,0.0,0.0,0,
baseline,209,1,0.27359697560694635,adult,10,8,0.0,0.0,0,
baseline,210,1,0.9020130166851742,elderly,7,6,0.1989,0.1989,0,
baseline,211,1,0.2713101047676122,adult,13,6,0.244,0.244,0,
baseline,212,1,0.24736743242291168,adult,1,0,0.4794,0.4794,0,
baseline,213,1,0.6794396779816514,elderly,0,0,0.4177,0.4177,0,
baseline,214,1,0.30091251551864373,adult,15,7,0.0,0.0,0,
baseline,215,1,0.21670540748307351,adult,2,0,0.4717,0.4717,0,
baseline,216,1,0.3687606793764565,adult,14,5,0.1123,0.1123,0,
baseline,217,1,0.2538767051714499,adult,12,8,0.003,0.003,0,
baseline,218,1,0.2824197149857894,adult,8,6,0.1797,0.1797,0,
baseline,219,1,0.5636693672210529,child,1,1,0.522,0.522,0,
baseline,220,1,0.6948217456126036,child,16,0,0.5052,0.5052,0,
baseline,221,1,0.8780226911713226,elderly,2,3,0.2053,0.2053,0,
baseline,222,1,0.30180138271631185,adult,3,9,0.0,0.0,0,
baseline,223,1,0.19113770908623962,adult,5,8,0.0,0.0,0,
baseline,224,1,0.22956484340680797,adult,13,1,0.4699,0.4699,0,
baseline,225,1,0.2188924625952585,adult,1,6,0.1677,0.1677,0,
baseline,226,1,0.688413136429157,elderly,7,2,0.5661,0.5661,0,
baseline,227,1,0.7561906848382751,elderly,8,2,0.4665,0.4665,0,
baseline,228,1,0.566836488720734,child,4,1,0.5172,0.5172,0,
baseline,229,1,0.5049212893202911,child,9,6,0.1908,0.1908,0,
baseline,230,1,0.2379441270070261,adult,14,3,0.1702,0.1702,0,
baseline,231,1,0.21828841423349848,adult,15,9,0.0,0.0,0,
baseline,232,1,0.1839452306394218,adult,8,5,0.4467,0.4467,0,
baseline,233,1,0.29492040259128455,adult,2,9,0.0,0.0,0,
baseline,234,1,0.29013491932937124,adult,5,8,0.0,0.0,0,
baseline,235,1,0.34669130855252334,adult,13,3,0.196,0.196,0,
baseline,236,1,0.28232450555661204,adult,11,7,0.0,0.0,0,
baseline,237,1,0.5757509116895175,child,6,4,0.1279,0.1279,0,
baseline,238,1,0.5403723756597331,child,8,4,0.4894,0.4894,0,
baseline,239,1,0.5952182201485263,child,7,3,0.253,0.253,0,
baseline,0,2,0.5380812195557422,child,8,9,0.0,0.0,0,
baseline,1,2,0.5438885528571922,child,16,5,0.0743,0.0743,0,
baseline,2,2,0.7202561588196462,elderly,19,8,0.0,0.0,0,
baseline,3,2,0.216473321571373,adult,14,3,0.1288,0.1288,0,
baseline,4,2,0.179291256914281,adult,15,1,0.4572,0.4572,0,
baseline,5,2,0.7742080791371789,elderly,13,0,0.4381,0.4381,0,
baseline,6,2,0.6860132284779408,elderly,17,0,0.3721,0.3721,0,
baseline,7,2,0.24933523196076668,adult,3,1,0.4232,0.4232,0,
baseline,8,2,0.6343234811450121,child,6,6,0.0956,0.0956,0,
baseline,9,2,0.2937927377360272,adult,1,1,0.4799,0.4799,0,
baseline,10,2,0.29067965400666446,adult,9,1,0.4019,0.4019,0,
baseline,11,2,0.29337902378575376,adult,11,2,0.3939,0.3939,0,
baseline,12,2,0.2580821854764632,adult,8,2,0.458,0.458,0,
baseline,13,2,0.23208808428151181,adult,7,6,0.0894,0.0894,0,
baseline,14,2,0.22746461649058938,adult,5,5,0.1526,0.1526,0,
baseline,15,2,0.4919996898463789,child,16,1,0.437,0.437,0,
baseline,16,2,0.7297879386484595,child,14,9,0.0,0.0,0,
baseline,17,2,0.6910243835711712,elderly,9,9,0.0,0.0,0,
baseline,18,2,0.27290224990437284,adult,12,4,0.4303,0.4303,0,
baseline,19,2,0.5918994514851882,child,11,9,0.0,0.0,0,
baseline,20,2,0.20000931813748296,adult,6,6,0.0956,0.0956,0,
baseline,21,2,0.2566225962051309,adult,9,1,0.4019,0.4019,0,
baseline,22,2,0.2636593411524598,adult,11,0,0.4458,0.4458,0,
baseline,23,2,0.6949427075347202,child,0,4,0.1605,0.1605,0,
baseline,24,2,0.36652485810151314,adult,13,1,0.4226,0.4226,0,
baseline,25,2,0.2443193234562278,adult,6,4,0.2053,0.2053,0,
baseline,26,2,0.3010033863387559,adult,13,5,0.1534,0.1534,0,
baseline,27,2,0.264862699158784,adult,11,2,0.3939,0.3939,0,
baseline,28,2,0.25879019854094,adult,3,2,0.4086,0.4086,0,
baseline,29,2,0.31974955111962444,adult,1,7,0.0,0.0,0,
baseline,30,2,0.1555928571749553,adult,6,4,0.2053,0.2053,0,
baseline,31,2,0.548458082951535,child,8,1,0.4484,0.4484,0,
baseline,32,2,0.2544761312097897,adult,18,3,0.1448,0.1448,0,
baseline,33,2,0.3227939887511161,adult,12,1,0.4129,0.4129,0,
baseline,34,2,0.6558716694259125,child,6,8,0.0,0.0,0,
baseline,35,2,0.5492700374659585,child,4,4,0.2249,0.2249,0,
baseline,36,2,0.28742961388729216,adult,9,8,0.002,0.002,0,
baseline,37,2,0.862770385621313,elderly,3,2,0.4086,0.4086,0,
baseline,38,2,0.23693857704201632,adult,9,5,0.259,0.259,0,
baseline,39,2,0.2454791545887237,adult,5,4,0.1449,0.1449,0,
baseline,40,2,0.583334998890488,child,10,1,0.3747,0.3747,0,
baseline,41,2,0.2636638551640602,adult,13,9,0.0,0.0,0,
baseline,42,2,0.9350941601422765,elderly,3,1,0.4232,0.4232,0,
baseline,43,2,0.21562936030731708,adult,1,6,0.2768,0.2768,0,
baseline,44,2,0.5397436170004551,child,19,3,0.1866,0.1866,0,
baseline,45,2,0.18354442553252845,adult,17,2,0.4426,0.4426,0,
baseline,46,2,0.27255587776068274,adult,11,0,0.4458,0.4458,0,
baseline,47,2,0.30152879677991906,adult,6,5,0.0738,0.0738,0,
baseline,48,2,0.2424720207354753,adult,12,8,0.0,0.0,0,
baseline,49,2,0.7645513584523809,elderly,18,1,0.5374,0.5374,0,
baseline,50,2,0.41514306586559097,adult,9,8,0.002,0.002,0,
baseline,51,2,0.2061884568547753,adult,1,1,0.4799,0.4799,0,
baseline,52,2,0.31853752554381776,adult,12,3,0.3478,0.3478,0,
baseline,53,2,0.2638404878487771,adult,17,7,0.0,0.0,0,
baseline,54,2,0.21400695401395703,adult,4,0,0.4175,0.4175,0,
baseline,55,2,0.3026292881022382,adult,17,3,0.0234,0.0234,0,
baseline,56,2,0.7372548908762495,elderly,4,0,0.4175,0.4175,0,
baseline,57,2,0.2208870448850433,adult,18,8,0.0,0.0,0,
baseline,58,2,0.3144823244892736,adult,7,2,0.4792,0.4792,0,
baseline,59,2,0.22063955497119142,adult,14,6,0.1365,0.1365,0,
baseline,60,2,0.5166058535491507,child,10,5,0.3799,0.3799,0,
baseline,61,2,0.23464792877787313,adult,7,3,0.1122,0.1122,0,
baseline,62,2,0.7780271499327811,elderly,15,3,0.128,0.128,0,
baseline,63,2,0.7701272985546185,elderly,15,7,0.0,0.0,0,
baseline,64,2,0.260395348860413,adult,3,9,0.0,0.0,0,
baseline,65,2,0.18124989624959473,adult,0,6,0.1035,0.1035,0,
baseline,66,2,0.7479987221088478,elderly,14,2,0.4421,0.4421,0,
baseline,67,2,0.2747694705910339,adult,19,0,0.4997,0.4997,0,
baseline,68,2,0.2623728676439467,adult,13,3,0.1498,0.1498,0,
baseline,69,2,0.3475954363017591,adult,13,3,0.1498,0.1498,0,
baseline,70,2,0.18683697056304266,adult,17,4,0.1689,0.1689,0,
baseline,71,2,0.2252873014963322,adult,4,8,0.0,0.0,0,
baseline,72,2,0.3073174185068305,adult,11,5,0.4645,0.4645,0,
baseline,73,2,0.28651314785661347,adult,16,5,0.0743,0.0743,0,
baseline,74,2,0.7497164804572996,elderly,10,3,0.4693,0.4693,0,
baseline,75,2,0.8576126643135189,elderly,19,8,0.0,0.0,0,
baseline,76,2,0.24339714453787592,adult,17,4,0.1689,0.1689,0,
baseline,77,2,0.5658695094941405,child,16,3,0.1715,0.1715,0,
baseline,78,2,0.2557292455827229,adult,8,8,0.0,0.0,0,
baseline,79,2,0.31274852127145286,adult,2,8,0.0,0.0,0,
baseline,80,2,0.24192319037630758,adult,0,9,0.0,0.0,0,
baseline,81,2,0.7495257436955758,elderly,12,2,0.4471,0.4471,0,
baseline,82,2,0.2094635281564155,adult,13,2,0.4617,0.4617,0,
baseline,83,2,0.2368250785688548,adult,13,0,0.4381,0.4381,0,
baseline,84,2,0.7597628712547879,elderly,14,1,0.4575,0.4575,0,
baseline,85,2,0.2134449412553841,adult,12,7,0.0,0.0,0,
baseline,86,2,0.26029034175119803,adult,8,0,0.4622,0.4622,0,
baseline,87,2,0.8739793646798583,elderly,10,0,0.4357,0.4357,0,
baseline,88,2,0.23068402377938965,adult,16,6,0.1769,0.1769,0,
baseline,89,2,0.21593278881496686,adult,11,1,0.4453,0.4453,0,
baseline,90,2,0.7286621276353521,elderly,8,7,0.0,0.0,0,
baseline,91,2,0.2651344904420061,adult,5,7,0.0,0.0,0,
baseline,92,2,0.20377115206369537,adult,14,7,0.0,0.0,0,
baseline,93,2,0.20132533923371512,adult,15,7,0.0,0.0,0,
baseline,94,2,0.7049720665964455,elderly,15,0,0.4618,0.4618,0,
baseline,95,2,0.25100462370739207,adult,1,3,0.1308,0.1308,0,
baseline,96,2,0.4955828490431283,child,15,1,0.4572,0.4572,0,
baseline,97,2,0.27283994893939245,adult,7,8,0.0431,0.0431,0,
baseline,98,2,0.21712454129440448,adult,10,1,0.3747,0.3747,0,
baseline,99,2,0.7185461557640977,elderly,9,7,0.0,0.0,0,
baseline,100,2,0.4754623971272218,child,4,9,0.0,0.0,0,
baseline,101,2,0.814329171491318,elderly,1,9,0.0,0.0,0,
baseline,102,2,0.9382392363354756,elderly,15,7,0.0,0.0,0,
baseline,103,2,0.30010692589416543,adult,14,7,0.0,0.0,0,
baseline,104,2,0.8126300272600911,elderly,7,2,0.4792,0.4792,0,
baseline,105,2,0.23441354547710377,adult,3,2,0.4086,0.4086,0,
baseline,106,2,0.5066140359967927,child,9,5,0.259,0.259,0,
baseline,107,2,0.5631658536919568,child,4,0,0.4175,0.4175,0,
baseline,108,2,0.23073770055214435,adult,4,8,0.0,0.0,0,
baseline,109,2,0.29657377246189087,adult,2,9,0.0,0.0,0,
baseline,110,2,0.27279255604127917,adult,7,4,0.1716,0.1716,0,
baseline,111,2,0.5291861555650081,child,13,5,0.1534,0.1534,0,
baseline,112,2,0.8908951292054481,elderly,16,1,0.437,0.437,0,
baseline,113,2,0.5158957569432061,child,12,4,0.4303,0.4303,0,
baseline,114,2,0.8593264155201461,elderly,14,8,0.0,0.0,0,
baseline,115,2,0.32052011433136096,adult,18,6,0.1153,0.1153,0,
baseline,116,2,0.5844185905950111,child,19,1,0.4114,0.4114,0,
baseline,117,2,0.24225311600942953,adult,12,5,0.3948,0.3948,0,
baseline,118,2,0.2089072670144541,adult,10,8,0.0,0.0,0,
baseline,119,2,0.9022295288833049,elderly,14,9,0.0,0.0,0,
baseline,120,2,0.5289935218684951,child,14,4,0.1313,0.1313,0,
baseline,121,2,0.42582414868915897,adult,5,3,0.0957,0.0957,0,
baseline,122,2,0.321155028793213,adult,6,5,0.0738,0.0738,0,
baseline,123,2,0.6995000220419753,child,14,0,0.4546,0.4546,0,
baseline,124,2,0.562529225395729,child,5,9,0.0,0.0,0,
baseline,125,2,0.8475195178808403,elderly,17,2,0.4426,0.4426,0,
baseline,126,2,0.5540215869676903,child,15,3,0.128,0.128,0,
baseline,127,2,0.766520446349269,elderly,10,9,0.0,0.0,0,
baseline,128,2,0.7416409671545062,elderly,16,9,0.0,0.0,0,
baseline,129,2,0.1865474786824886,adult,4,0,0.4175,0.4175,0,
baseline,130,2,0.5991072876975088,child,4,8,0.0,0.0,0,
baseline,131,2,0.6713434192845964,child,1,9,0.0,0.0,0,
baseline,132,2,0.26809246029419453,adult,14,3,0.1288,0.1288,0,
baseline,133,2,0.22890676933880374,adult,3,8,0.0,0.0,0,
baseline,134,2,0.21223556584054845,adult,10,5,0.3799,0.3799,0,
baseline,135,2,0.4871906993496808,child,10,4,0.441,0.441,0,
baseline,136,2,0.5813838397364346,child,19,9,0.0,0.0,0,
baseline,137,2,0.1834367475007917,adult,17,1,0.4971,0.4971,0,
baseline,138,2,0.30240291417804127,adult,13,6,0.0829,0.0829,0,
baseline,139,2,0.28188702499195395,adult,11,0,0.4458,0.4458,0,
baseline,140,2,0.3042444979413341,adult,13,6,0.0829,0.0829,0,
baseline,141,2,0.2410183959966361,adult,10,5,0.3799,0.3799,0,
baseline,142,2,0.25779477773074466,adult,18,7,0.0,0.0,0,
baseline,143,2,0.2024052019176551,adult,7,8,0.0431,0.0431,0,
baseline,144,2,0.8349906142726966,elderly,2,5,0.2036,0.2036,0,
baseline,145,2,0.23016660216907392,adult,9,7,0.0,0.0,0,
baseline,146,2,0.22633729077264053,adult,12,0,0.4196,0.4196,0,
baseline,147,2,0.18671782350320223,adult,15,5,0.0668,0.0668,0,
baseline,148,2,0.3265717377596302,adult,9,0,0.491,0.491,0,
baseline,149,2,0.5931363866533521,child,7,3,0.1122,0.1122,0,
baseline,150,2,0.33786967348278196,adult,10,7,0.0,0.0,0,
baseline,151,2,0.24434311120662164,adult,10,4,0.441,0.441,0,
baseline,152,2,0.3131721899623074,adult,3,3,0.1348,0.1348,0,
baseline,153,2,0.30482733918353766,adult,12,7,0.0,0.0,0,
baseline,154,2,0.5207407229993698,child,8,8,0.0,0.0,0,
baseline,155,2,0.2698840835350667,adult,10,4,0.441,0.441,0,
baseline,156,2,0.21854549526592404,adult,14,6,0.1365,0.1365,0,
baseline,157,2,0.7800885741958227,elderly,2,2,0.4309,0.4309,0,
baseline,158,2,0.22376698635368497,adult,19,9,0.0,0.0,0,
baseline,159,2,0.2490942753506871,adult,14,5,0.1012,0.1012,0,
baseline,160,2,0.23909707064169694,adult,8,3,0.4025,0.4025,0,
baseline,161,2,0.26816184340335836,adult,10,9,0.0,0.0,0,
baseline,162,2,0.5590101392326462,child,12,5,0.3948,0.3948,0,
baseline,163,2,0.2586620552478868,adult,12,8,0.0,0.0,0,
baseline,164,2,0.21874748549033007,adult,0,8,0.0,0.0,0,
baseline,165,2,0.26806801780654776,adult,4,2,0.4927,0.4927,0,
baseline,166,2,0.31453748099041595,adult,18,6,0.1153,0.1153,0,
baseline,167,2,0.5571003562232809,child,8,9,0.0,0.0,0,
baseline,168,2,0.28556981755657285,adult,18,2,0.5297,0.5297,0,
baseline,169,2,0.20289864310003097,adult,9,9,0.0,0.0,0,
baseline,170,2,0.2591235835153987,adult,14,4,0.1313,0.1313,0,
baseline,171,2,0.5403518780488572,child,11,0,0.4458,0.4458,0,
baseline,172,2,0.19710832762003697,adult,5,7,0.0,0.0,0,
baseline,173,2,0.7370654202189683,elderly,17,7,0.0,0.0,0,
baseline,174,2,0.5944522686442528,child,14,7,0.0,0.0,0,
baseline,175,2,0.27508362578769247,adult,12,7,0.0,0.0,0,
baseline,176,2,0.19711151507617047,adult,5,5,0.1526,0.1526,0,
baseline,177,2,0.2626617426734974,adult,8,9,0.0,0.0,0,
baseline,178,2,0.2950995521960962,adult,0,0,0.4588,0.4588,0,
baseline,179,2,0.3774069229558558,adult,15,3,0.128,0.128,0,
baseline,180,2,0.7054964868146433,elderly,14,7,0.0,0.0,0,
baseline,181,2,0.5168708354178837,child,9,7,0.0,0.0,0,
baseline,182,2,0.22452710037794926,adult,6,2,0.3597,0.3597,0,
baseline,183,2,0.24281444929542967,adult,18,8,0.0,0.0,0,
baseline,184,2,0.20656651882118987,adult,17,2,0.4426,0.4426,0,
baseline,185,2,0.895735664587469,elderly,6,7,0.0,0.0,0,
baseline,186,2,0.26608149821206883,adult,18,4,0.1379,0.1379,0,
baseline,187,2,0.22885027121419005,adult,5,9,0.0,0.0,0,
baseline,188,2,0.25818280463696514,adult,13,2,0.4617,0.4617,0,
baseline,189,2,0.25124888164635667,adult,12,7,0.0,0.0,0,
baseline,190,2,0.7388637748744878,elderly,15,1,0.4572,0.4572,0,
baseline,191,2,0.24355609940976028,adult,19,2,0.4472,0.4472,0,
baseline,192,2,0.2622858672661557,adult,12,4,0.4303,0.4303,0,
baseline,193,2,0.3114225338599181,adult,16,3,0.1715,0.1715,0,
baseline,194,2,0.7432938913438611,child,19,2,0.4472,0.4472,0,
baseline,195,2,0.26317722516719005,adult,19,2,0.4472,0.4472,0,
baseline,196,2,0.2246770526955429,adult,1,6,0.2768,0.2768,0,
baseline,197,2,0.5584044178321356,child,5,8,0.0,0.0,0,
baseline,198,2,0.2514953170246483,adult,6,5,0.0738,0.0738,0,
baseline,199,2,0.2899733601941726,adult,2,5,0.2036,0.2036,0,
baseline,200,2,0.25622285847923476,adult,12,3,0.3478,0.3478,0,
baseline,201,2,0.4521031631709903,adult,10,2,0.4011,0.4011,0,
baseline,202,2,0.1634121024151908,adult,17,7,0.0,0.0,0,
baseline,203,2,0.5626995559129596,child,3,3,0.1348,0.1348,0,
baseline,204,2,0.327120941806494,adult,2,6,0.1669,0.1669,0,
baseline,205,2,0.7857123878054436,elderly,5,5,0.1526,0.1526,0,
baseline,206,2,0.5939394270629585,child,12,1,0.4129,0.4129,0,
baseline,207,2,0.28709923820747085,adult,18,8,0.0,0.0,0,
baseline,208,2,0.39542716557746904,adult,9,9,0.0,0.0,0,
baseline,209,2,0.27359697560694635,adult,10,8,0.0,0.0,0,
baseline,210,2,0.9020130166851742,elderly,7,6,0.0894,0.0894,0,
baseline,211,2,0.2713101047676122,adult,13,6,0.0829,0.0829,0,
baseline,212,2,0.24736743242291168,adult,1,0,0.5174,0.5174,0,
baseline,213,2,0.6794396779816514,elderly,0,0,0.4588,0.4588,0,
baseline,214,2,0.30091251551864373,adult,15,7,0.0,0.0,0,
baseline,215,2,0.21670540748307351,adult,2,0,0.4582,0.4582,0,
baseline,216,2,0.3687606793764565,adult,14,5,0.1012,0.1012,0,
baseline,217,2,0.2538767051714499,adult,12,8,0.0,0.0,0,
baseline,218,2,0.2824197149857894,adult,8,6,0.0721,0.0721,0,
baseline,219,2,0.5636693672210529,child,1,1,0.4799,0.4799,0,
baseline,220,2,0.6948217456126036,child,16,0,0.4173,0.4173,0,
baseline,221,2,0.8780226911713226,elderly,2,3,0.1992,0.1992,0,
baseline,222,2,0.30180138271631185,adult,3,9,0.0,0.0,0,
baseline,223,2,0.19113770908623962,adult,5,8,0.0,0.0,0,
baseline,224,2,0.22956484340680797,adult,13,1,0.4226,0.4226,0,
baseline,225,2,0.2188924625952585,adult,1,6,0.2768,0.2768,0,
baseline,226,2,0.688413136429157,elderly,7,2,0.4792,0.4792,0,
baseline,227,2,0.7561906848382751,elderly,8,2,0.458,0.458,0,
baseline,228,2,0.566836488720734,child,4,1,0.4011,0.4011,0,
baseline,229,2,0.5049212893202911,child,9,6,0.1763,0.1763,0,
baseline,230,2,0.2379441270070261,adult,14,3,0.1288,0.1288,0,
baseline,231,2,0.21828841423349848,adult,15,9,0.0,0.0,0,
baseline,232,2,0.1839452306394218,adult,8,5,0.3481,0.3481,0,
baseline,233,2,0.29492040259128455,adult,2,9,0.0,0.0,0,
baseline,234,2,0.29013491932937124,adult,5,8,0.0,0.0,0,
baseline,235,2,0.34669130855252334,adult,13,3,0.1498,0.1498,0,
baseline,236,2,0.28232450555661204,adult,11,7,0.0,0.0,0,
baseline,237,2,0.5757509116895175,child,6,4,0.2053,0.2053,0,
baseline,238,2,0.5403723756597331,child,8,4,0.4954,0.4954,0,
baseline,239,2,0.5952182201485263,child,7,3,0.1122,0.1122,0,
baseline,0,3,0.5380812195557422,child,8,9,0.0,0.0,0,
baseline,1,3,0.5438885528571922,child,16,5,0.1659,0.1659,0,
baseline,2,3,0.7202561588196462,elderly,19,8,0.0,0.0,0,
baseline,3,3,0.216473321571373,adult,14,3,0.1185,0.1185,0,
baseline,4,3,0.179291256914281,adult,15,1,0.4166,0.4166,0,
baseline,5,3,0.7742080791371789,elderly,13,0,0.3597,0.3597,0,
baseline,6,3,0.6860132284779408,elderly,17,0,0.4241,0.4241,0,
baseline,7,3,0.24933523196076668,adult,3,1,0.4872,0.4872,0,
baseline,8,3,0.6343234811450121,child,6,6,0.1232,0.1232,0,
baseline,9,3,0.2937927377360272,adult,1,1,0.439,0.439,0,
baseline,10,3,0.29067965400666446,adult,9,1,0.455,0.455,0,
baseline,11,3,0.29337902378575376,adult,11,2,0.4103,0.4103,0,
baseline,12,3,0.2580821854764632,adult,8,2,0.4449,0.4449,0,
baseline,13,3,0.23208808428151181,adult,7,6,0.1533,0.1533,0,
baseline,14,3,0.22746461649058938,adult,5,5,0.1538,0.1538,0,
baseline,15,3,0.4919996898463789,child,16,1,0.4466,0.4466,0,
baseline,16,3,0.7297879386484595,child,14,9,0.0,0.0,0,
baseline,17,3,0.6910243835711712,elderly,9,9,0.0229,0.0229,0,
baseline,18,3,0.27290224990437284,adult,12,4,0.3827,0.3827,0,
baseline,19,3,0.5918994514851882,child,11,9,0.0,0.0,0,
baseline,20,3,0.20000931813748296,adult,6,6,0.1232,0.1232,0,
baseline,21,3,0.2566225962051309,adult,9,1,0.455,0.455,0,
baseline,22,3,0.2636593411524598,adult,11,0,0.3186,0.3186,0,
baseline,23,3,0.6949427075347202,child,0,4,0.0351,0.0351,0,
baseline,24,3,0.36652485810151314,adult,13,1,0.3949,0.3949,0,
baseline,25,3,0.2443193234562278,adult,6,4,0.2319,0.2319,0,
baseline,26,3,0.3010033863387559,adult,13,5,0.0445,0.0445,0,
baseline,27,3,0.264862699158784,adult,11,2,0.4103,0.4103,0,
baseline,28,3,0.25879019854094,adult,3,2,0.4185,0.4185,0,
baseline,29,3,0.31974955111962444,adult,1,7,0.0,0.0,0,
baseline,30,3,0.1555928571749553,adult,6,4,0.2319,0.2319,0,
baseline,31,3,0.548458082951535,child,8,1,0.4033,0.4033,0,
baseline,32,3,0.2544761312097897,adult,18,3,0.147,0.147,0,
baseline,33,3,0.3227939887511161,adult,12,1,0.4029,0.4029,0,
baseline,34,3,0.6558716694259125,child,6,8,0.0,0.0,0,
baseline,35,3,0.5492700374659585,child,4,4,0.1719,0.1719,0,
baseline,36,3,0.28742961388729216,adult,9,8,0.0,0.0,0,
baseline,37,3,0.862770385621313,elderly,3,2,0.4185,0.4185,0,
baseline,38,3,0.23693857704201632,adult,9,5,0.4966,0.4966,0,
baseline,39,3,0.2454791545887237,adult,5,4,0.0849,0.0849,0,
baseline,40,3,0.583334998890488,child,10,1,0.4017,0.4017,0,
baseline,41,3,0.2636638551640602,adult,13,9,0.0,0.0,0,
baseline,42,3,0.9350941601422765,elderly,3,1,0.4872,0.4872,0,
baseline,43,3,0.21562936030731708,adult,1,6,0.1138,0.1138,0,
baseline,44,3,0.5397436170004551,child,19,3,0.0433,0.0433,0,
baseline,45,3,0.18354442553252845,adult,17,2,0.4945,0.4945,0,
baseline,46,3,0.27255587776068274,adult,11,0,0.3186,0.3186,0,
baseline,47,3,0.30152879677991906,adult,6,5,0.22,0.22,0,
baseline,48,3,0.2424720207354753,adult,12,8,0.0,0.0,0,
baseline,49,3,0.7645513584523809,elderly,18,1,0.4053,0.4053,0,
baseline,50,3,0.41514306586559097,adult,9,8,0.0,0.0,0,
baseline,51,3,0.2061884568547753,adult,1,1,0.439,0.439,0,
baseline,52,3,0.31853752554381776,adult,12,3,0.4308,0.4308,0,
baseline,53,3,0.2638404878487771,adult,17,7,0.0,0.0,0,
baseline,54,3,0.21400695401395703,adult,4,0,0.3742,0.3742,0,
baseline,55,3,0.3026292881022382,adult,17,3,0.0224,0.0224,0,
baseline,56,3,0.7372548908762495,elderly,4,0,0.3742,0.3742,0,
baseline,57,3,0.2208870448850433,adult,18,8,0.0,0.0,0,
baseline,58,3,0.3144823244892736,adult,7,2,0.4426,0.4426,0,
baseline,59,3,0.22063955497119142,adult,14,6,0.1861,0.1861,0,
baseline,60,3,0.5166058535491507,child,10,5,0.3446,0.3446,0,
baseline,61,3,0.23464792877787313,adult,7,3,0.0785,0.0785,0,
baseline,62,3,0.7780271499327811,elderly,15,3,0.1246,0.1246,0,
baseline,63,3,0.7701272985546185,elderly,15,7,0.0,0.0,0,
baseline,64,3,0.260395348860413,adult,3,9,0.0,0.0,0,
baseline,65,3,0.18124989624959473,adult,0,6,0.09,0.09,0,
baseline,66,3,0.7479987221088478,elderly,14,2,0.3359,0.3359,0,
baseline,67,3,0.2747694705910339,adult,19,0,0.4356,0.4356,0,
baseline,68,3,0.2623728676439467,adult,13,3,0.0199,0.0199,0,
baseline,69,3,0.3475954363017591,adult,13,3,0.0199,0.0199,0,
baseline,70,3,0.18683697056304266,adult,17,4,0.0865,0.0865,0,
baseline,71,3,0.2252873014963322,adult,4,8,0.0,0.0,0,
baseline,72,3,0.3073174185068305,adult,11,5,0.3529,0.3529,0,
baseline,73,3,0.28651314785661347,adult,16,5,0.1659,0.1659,0,
baseline,74,3,0.7497164804572996,elderly,10,3,0.3947,0.3947,0,
baseline,75,3,0.8576126643135189,elderly,19,8,0.0,0.0,0,
baseline,76,3,0.24339714453787592,adult,17,4,0.0865,0.0865,0,
baseline,77,3,0.5658695094941405,child,16,3,0.0643,0.0643,0,
baseline,78,3,0.2557292455827229,adult,8,8,0.0,0.0,0,
baseline,79,3,0.31274852127145286,adult,2,8,0.0,0.0,0,
baseline,80,3,0.24192319037630758,adult,0,9,0.0,0.0,0,
baseline,81,3,0.7495257436955758,elderly,12,2,0.3045,0.3045,0,
baseline,82,3,0.2094635281564155,adult,13,2,0.424,0.424,0,
baseline,83,3,0.2368250785688548,adult,13,0,0.3597,0.3597,0,
baseline,84,3,0.7597628712547879,elderly,14,1,0.3894,0.3894,0,
baseline,85,3,0.2134449412553841,adult,12,7,0.0,0.0,0,
baseline,86,3,0.26029034175119803,adult,8,0,0.451,0.451,0,
baseline,87,3,0.8739793646798583,elderly,10,0,0.4083,0.4083,0,
baseline,88,3,0.23068402377938965,adult,16,6,0.1335,0.1335,0,
baseline,89,3,0.21593278881496686,adult,11,1,0.4519,0.4519,0,
baseline,90,3,0.7286621276353521,elderly,8,7,0.0,0.0,0,
baseline,91,3,0.2651344904420061,adult,5,7,0.0,0.0,0,
baseline,92,3,0.20377115206369537,adult,14,7,0.0,0.0,0,
baseline,93,3,0.20132533923371512,adult,15,7,0.0,0.0,0,
baseline,94,3,0.7049720665964455,elderly,15,0,0.4172,0.4172,0,
baseline,95,3,0.25100462370739207,adult,1,3,0.1193,0.1193,0,
baseline,96,3,0.4955828490431283,child,15,1,0.4166,0.4166,0,
baseline,97,3,0.27283994893939245,adult,7,8,0.0,0.0,0,
baseline,98,3,0.21712454129440448,adult,10,1,0.4017,0.4017,0,
baseline,99,3,0.7185461557640977,elderly,9,7,0.0,0.0,0,
baseline,100,3,0.4754623971272218,child,4,9,0.0,0.0,0,
baseline,101,3,0.814329171491318,elderly,1,9,0.005,0.005,0,
baseline,102,3,0.9382392363354756,elderly,15,7,0.0,0.0,0,
baseline,103,3,0.30010692589416543,adult,14,7,0.0,0.0,0,
baseline,104,3,0.8126300272600911,elderly,7,2,0.4426,0.4426,0,
baseline,105,3,0.23441354547710377,adult,3,2,0.4185,0.4185,0,
baseline,106,3,0.5066140359967927,child,9,5,0.4966,0.4966,0,
baseline,107,3,0.5631658536919568,child,4,0,0.3742,0.3742,0,
baseline,108,3,0.23073770055214435,adult,4,8,0.0,0.0,0,
baseline,109,3,0.29657377246189087,adult,2,9,0.0,0.0,0,
baseline,110,3,0.27279255604127917,adult,7,4,0.0377,0.0377,0,
baseline,111,3,0.5291861555650081,child,13,5,0.0445,0.0445,0,
baseline,112,3,0.8908951292054481,elderly,16,1,0.4466,0.4466,0,
baseline,113,3,0.5158957569432061,child,12,4,0.3827,0.3827,0,
baseline,114,3,0.8593264155201461,elderly,14,8,0.0,0.0,0,
baseline,115,3,0.32052011433136096,adult,18,6,0.1015,0.1015,0,
baseline,116,3,0.5844185905950111,child,19,1,0.4993,0.4993,0,
baseline,117,3,0.24225311600942953,adult,12,5,0.4256,0.4256,0,
baseline,118,3,0.2089072670144541,adult,10,8,0.0,0.0,0,
baseline,119,3,0.9022295288833049,elderly,14,9,0.0,0.0,0,
baseline,120,3,0.5289935218684951,child,14,4,0.2123,0.2123,0,
baseline,121,3,0.42582414868915897,adult,5,3,0.1302,0.1302,0,
baseline,122,3,0.321155028793213,adult,6,5,0.22,0.22,0,
baseline,123,3,0.6995000220419753,child,14,0,0.393,0.393,0,
baseline,124,3,0.562529225395729,child,5,9,0.0,0.0,0,
baseline,125,3,0.8475195178808403,elderly,17,2,0.4945,0.4945,0,
baseline,126,3,0.5540215869676903,child,15,3,0.1246,0.1246,0,
baseline,127,3,0.766520446349269,elderly,10,9,0.0,0.0,0,
baseline,128,3,0.7416409671545062,elderly,16,9,0.0,0.0,0,
baseline,129,3,0.1865474786824886,adult,4,0,0.3742,0.3742,0,
baseline,130,3,0.5991072876975088,child,4,8,0.0,0.0,0,
baseline,131,3,0.6713434192845964,child,1,9,0.005,0.005,0,
baseline,132,3,0.26809246029419453,adult,14,3,0.1185,0.1185,0,
baseline,133,3,0.22890676933880374,adult,3,8,0.0,0.0,0,
baseline,134,3,0.21223556584054845,adult,10,5,0.3446,0.3446,0,
baseline,135,3,0.4871906993496808,child,10,4,0.4036,0.4036,0,
baseline,136,3,0.5813838397364346,child,19,9,0.0,0.0,0,
baseline,137,3,0.1834367475007917,adult,17,1,0.394,0.394,0,
baseline,138,3,0.30240291417804127,adult,13,6,0.1349,0.1349,0,
baseline,139,3,0.28188702499195395,adult,11,0,0.3186,0.3186,0,
baseline,140,3,0.3042444979413341,adult,13,6,0.1349,0.1349,0,
baseline,141,3,0.2410183959966361,adult,10,5,0.3446,0.3446,0,
baseline,142,3,0.25779477773074466,adult,18,7,0.0,0.0,0,
baseline,143,3,0.2024052019176551,adult,7,8,0.0,0.0,0,
baseline,144,3,0.8349906142726966,elderly,2,5,0.118,0.118,0,
baseline,145,3,0.23016660216907392,adult,9,7,0.0,0.0,0,
baseline,146,3,0.22633729077264053,adult,12,0,0.3898,0.3898,0,
baseline,147,3,0.18671782350320223,adult,15,5,0.1158,0.1158,0,
baseline,148,3,0.3265717377596302,adult,9,0,0.4089,0.4089,0,
baseline,149,3,0.5931363866533521,child,7,3,0.0785,0.0785,0,
baseline,150,3,0.33786967348278196,adult,10,7,0.0055,0.0055,0,
baseline,151,3,0.24434311120662164,adult,10,4,0.4036,0.4036,0,
baseline,152,3,0.3131721899623074,adult,3,3,0.1935,0.1935,0,
baseline,153,3,0.30482733918353766,adult,12,7,0.0,0.0,0,
baseline,154,3,0.5207407229993698,child,8,8,0.0,0.0,0,
baseline,155,3,0.2698840835350667,adult,10,4,0.4036,0.4036,0,
baseline,156,3,0.21854549526592404,adult,14,6,0.1861,0.1861,0,
baseline,157,3,0.7800885741958227,elderly,2,2,0.4351,0.4351,0,
baseline,158,3,0.22376698635368497,adult,19,9,0.0,0.0,0,
baseline,159,3,0.2490942753506871,adult,14,5,0.219,0.219,0,
baseline,160,3,0.23909707064169694,adult,8,3,0.3255,0.3255,0,
baseline,161,3,0.26816184340335836,adult,10,9,0.0,0.0,0,
baseline,162,3,0.5590101392326462,child,12,5,0.4256,0.4256,0,
baseline,163,3,0.2586620552478868,adult,12,8,0.0,0.0,0,
baseline,164,3,0.21874748549033007,adult,0,8,0.0,0.0,0,
baseline,165,3,0.26806801780654776,adult,4,2,0.3871,0.3871,0,
baseline,166,3,0.31453748099041595,adult,18,6,0.1015,0.1015,0,
baseline,167,3,0.5571003562232809,child,8,9,0.0,0.0,0,
baseline,168,3,0.28556981755657285,adult,18,2,0.3867,0.3867,0,
baseline,169,3,0.20289864310003097,adult,9,9,0.0229,0.0229,0,
baseline,170,3,0.2591235835153987,adult,14,4,0.2123,0.2123,0,
baseline,171,3,0.5403518780488572,child,11,0,0.3186,0.3186,0,
baseline,172,3,0.19710832762003697,adult,5,7,0.0,0.0,0,
baseline,173,3,0.7370654202189683,elderly,17,7,0.0,0.0,0,
baseline,174,3,0.5944522686442528,child,14,7,0.0,0.0,0,
baseline,175,3,0.27508362578769247,adult,12,7,0.0,0.0,0,
baseline,176,3,0.19711151507617047,adult,5,5,0.1538,0.1538,0,
baseline,177,3,0.2626617426734974,adult,8,9,0.0,0.0,0,
baseline,178,3,0.2950995521960962,adult,0,0,0.338,0.338,0,
baseline,179,3,0.3774069229558558,adult,15,3,0.1246,0.1246,0,
baseline,180,3,0.7054964868146433,elderly,14,7,0.0,0.0,0,
baseline,181,3,0.5168708354178837,child,9,7,0.0,0.0,0,
baseline,182,3,0.22452710037794926,adult,6,2,0.398,0.398,0,
baseline,183,3,0.24281444929542967,adult,18,8,0.0,0.0,0,
baseline,184,3,0.20656651882118987,adult,17,2,0.4945,0.4945,0,
baseline,185,3,0.895735664587469,elderly,6,7,0.0,0.0,0,
baseline,186,3,0.26608149821206883,adult,18,4,0.074,0.074,0,
baseline,187,3,0.22885027121419005,adult,5,9,0.0,0.0,0,
baseline,188,3,0.25818280463696514,adult,13,2,0.424,0.424,0,
baseline,189,3,0.25124888164635667,adult,12,7,0.0,0.0,0,
baseline,190,3,0.7388637748744878,elderly,15,1,0.4166,0.4166,0,
baseline,191,3,0.24355609940976028,adult,19,2,0.41,0.41,0,
baseline,192,3,0.2622858672661557,adult,12,4,0.3827,0.3827,0,
baseline,193,3,0.3114225338599181,adult,16,3,0.0643,0.0643,0,
baseline,194,3,0.7432938913438611,child,19,2,0.41,0.41,0,
baseline,195,3,0.26317722516719005,adult,19,2,0.41,0.41,0,
baseline,196,3,0.2246770526955429,adult,1,6,0.1138,0.1138,0,
baseline,197,3,0.5584044178321356,child,5,8,0.0,0.0,0,
baseline,198,3,0.2514953170246483,adult,6,5,0.22,0.22,0,
baseline,199,3,0.2899733601941726,adult,2,5,0.118,0.118,0,
baseline,200,3,0.25622285847923476,adult,12,3,0.4308,0.4308,0,
baseline,201,3,0.4521031631709903,adult,10,2,0.4806,0.4806,0,
baseline,202,3,0.1634121024151908,adult,17,7,0.0,0.0,0,
baseline,203,3,0.5626995559129596,child,3,3,0.1935,0.1935,0,
baseline,204,3,0.327120941806494,adult,2,6,0.1653,0.1653,0,
baseline,205,3,0.7857123878054436,elderly,5,5,0.1538,0.1538,0,
baseline,206,3,0.5939394270629585,child,12,1,0.4029,0.4029,0,
baseline,207,3,0.28709923820747085,adult,18,8,0.0,0.0,0,
baseline,208,3,0.39542716557746904,adult,9,9,0.0229,0.0229,0,
baseline,209,3,0.27359697560694635,adult,10,8,0.0,0.0,0,
baseline,210,3,0.9020130166851742,elderly,7,6,0.1533,0.1533,0,
baseline,211,3,0.2713101047676122,adult,13,6,0.1349,0.1349,0,
baseline,212,3,0.24736743242291168,adult,1,0,0.4649,0.4649,0,
baseline,213,3,0.6794396779816514,elderly,0,0,0.338,0.338,0,
baseline,214,3,0.30091251551864373,adult,15,7,0.0,0.0,0,
baseline,215,3,0.21670540748307351,adult,2,0,0.4768,0.4768,0,
baseline,216,3,0.3687606793764565,adult,14,5,0.219,0.219,0,
baseline,217,3,0.2538767051714499,adult,12,8,0.0,0.0,0,
baseline,218,3,0.2824197149857894,adult,8,6,0.1766,0.1766,0,
baseline,219,3,0.5636693672210529,child,1,1,0.439,0.439,0,
baseline,220,3,0.6948217456126036,child,16,0,0.4081,0.4081,0,
baseline,221,3,0.8780226911713226,elderly,2,3,0.1593,0.1593,0,
baseline,222,3,0.30180138271631185,adult,3,9,0.0,0.0,0,
baseline,223,3,0.19113770908623962,adult,5,8,0.0,0.0,0,
baseline,224,3,0.22956484340680797,adult,13,1,0.3949,0.3949,0,
baseline,225,3,0.2188924625952585,adult,1,6,0.1138,0.1138,0,
baseline,226,3,0.688413136429157,elderly,7,2,0.4426,0.4426,0,
baseline,227,3,0.7561906848382751,elderly,8,2,0.4449,0.4449,0,
baseline,228,3,0.566836488720734,child,4,1,0.4368,0.4368,0,
baseline,229,3,0.5049212893202911,child,9,6,0.1678,0.1678,0,
baseline,230,3,0.2379441270070261,adult,14,3,0.1185,0.1185,0,
baseline,231,3,0.21828841423349848,adult,15,9,0.0,0.0,0,
baseline,232,3,0.1839452306394218,adult,8,5,0.3188,0.3188,0,
baseline,233,3,0.29492040259128455,adult,2,9,0.0,0.0,0,
baseline,234,3,0.29013491932937124,adult,5,8,0.0,0.0,0,
baseline,235,3,0.34669130855252334,adult,13,3,0.0199,0.0199,0,
baseline,236,3,0.28232450555661204,adult,11,7,0.0,0.0,0,
baseline,237,3,0.5757509116895175,child,6,4,0.2319,0.2319,0,
baseline,238,3,0.5403723756597331,child,8,4,0.3519,0.3519,0,
baseline,239,3,0.5952182201485263,child,7,3,0.0785,0.0785,0,
baseline,0,4,0.5380812195557422,child,8,9,0.0,0.0,0,
baseline,1,4,0.5438885528571922,child,16,5,0.1395,0.1395,0,
baseline,2,4,0.7202561588196462,elderly,19,8,0.0,0.0,0,
baseline,3,4,0.216473321571373,adult,14,3,0.1178,0.1178,0,
baseline,4,4,0.179291256914281,adult,15,1,0.4557,0.4557,0,
baseline,5,4,0.7742080791371789,elderly,13,0,0.4596,0.4596,0,
baseline,6,4,0.6860132284779408,elderly,17,0,0.3961,0.3961,0,
baseline,7,4,0.24933523196076668,adult,3,1,0.358,0.358,0,
baseline,8,4,0.6343234811450121,child,6,6,0.1605,0.1605,0,
baseline,9,4,0.2937927377360272,adult,1,1,0.3918,0.3918,0,
baseline,10,4,0.29067965400666446,adult,9,1,0.3429,0.3429,0,
baseline,11,4,0.29337902378575376,adult,11,2,0.4094,0.4094,0,
baseline,12,4,0.2580821854764632,adult,8,2,0.3536,0.3536,0,
baseline,13,4,0.23208808428151181,adult,7,6,0.1434,0.1434,0,
baseline,14,4,0.22746461649058938,adult,5,5,0.111,0.111,0,
baseline,15,4,0.4919996898463789,child,16,1,0.485,0.485,0,
baseline,16,4,0.7297879386484595,child,14,9,0.0,0.0,0,
baseline,17,4,0.6910243835711712,elderly,9,9,0.0,0.0,0,
baseline,18,4,0.27290224990437284,adult,12,4,0.4018,0.4018,0,
baseline,19,4,0.5918994514851882,child,11,9,0.0,0.0,0,
baseline,20,4,0.20000931813748296,adult,6,6,0.1605,0.1605,0,
baseline,21,4,0.2566225962051309,adult,9,1,0.3429,0.3429,0,
baseline,22,4,0.2636593411524598,adult,11,0,0.3976,0.3976,0,
baseline,23,4,0.6949427075347202,child,0,4,0.1316,0.1316,0,
baseline,24,4,0.36652485810151314,adult,13,1,0.368,0.368,0,
baseline,25,4,0.2443193234562278,adult,6,4,0.0958,0.0958,0,
baseline,26,4,0.3010033863387559,adult,13,5,0.035,0.035,0,
baseline,27,4,0.264862699158784,adult,11,2,0.4094,0.4094,0,
baseline,28,4,0.25879019854094,adult,3,2,0.4392,0.4392,0,
baseline,29,4,0.31974955111962444,adult,1,7,0.0,0.0,0,
baseline,30,4,0.1555928571749553,adult,6,4,0.0958,0.0958,0,
baseline,31,4,0.548458082951535,child,8,1,0.4894,0.4894,0,
baseline,32,4,0.2544761312097897,adult,18,3,0.1248,0.1248,0,
baseline,33,4,0.3227939887511161,adult,12,1,0.435,0.435,0,
baseline,34,4,0.6558716694259125,child,6,8,0.0,0.0,0,
baseline,35,4,0.5492700374659585,child,4,4,0.0113,0.0113,0,
baseline,36,4,0.28742961388729216,adult,9,8,0.0,0.0,0,
baseline,37,4,0.862770385621313,elderly,3,2,0.4392,0.4392,0,
baseline,38,4,0.23693857704201632,adult,9,5,0.3379,0.3379,0,
baseline,39,4,0.2454791545887237,adult,5,4,0.1724,0.1724,0,
baseline,40,4,0.583334998890488,child,10,1,0.5156,0.5156,0,
baseline,41,4,0.2636638551640602,adult,13,9,0.0,0.0,0,
baseline,42,4,0.9350941601422765,elderly,3,1,0.358,0.358,0,
baseline,43,4,0.21562936030731708,adult,1,6,0.1052,0.1052,0,
baseline,44,4,0.5397436170004551,child,19,3,0.092,0.092,0,
baseline,45,4,0.18354442553252845,adult,17,2,0.287,0.287,0,
baseline,46,4,0.27255587776068274,adult,11,0,0.3976,0.3976,0,
baseline,47,4,0.30152879677991906,adult,6,5,0.1163,0.1163,0,
baseline,48,4,0.2424720207354753,adult,12,8,0.0,0.0,0,
baseline,49,4,0.7645513584523809,elderly,18,1,0.3216,0.3216,0,
baseline,50,4,0.41514306586559097,adult,9,8,0.0,0.0,0,
baseline,51,4,0.2061884568547753,adult,1,1,0.3918,0.3918,0,
baseline,52,4,0.31853752554381776,adult,12,3,0.3534,0.3534,0,
baseline,53,4,0.2638404878487771,adult,17,7,0.0,0.0,0,
baseline,54,4,0.21400695401395703,adult,4,0,0.3277,0.3277,0,
baseline,55,4,0.3026292881022382,adult,17,3,0.1317,0.1317,0,
baseline,56,4,0.7372548908762495,elderly,4,0,0.3277,0.3277,0,
baseline,57,4,0.2208870448850433,adult,18,8,0.0,0.0,0,
baseline,58,4,0.3144823244892736,adult,7,2,0.4658,0.4658,0,
baseline,59,4,0.22063955497119142,adult,14,6,0.0754,0.0754,0,
baseline,60,4,0.5166058535491507,child,10,5,0.356,0.356,0,
baseline,61,4,0.23464792877787313,adult,7,3,0.1158,0.1158,0,
baseline,62,4,0.7780271499327811,elderly,15,3,0.1443,0.1443,0,
baseline,63,4,0.7701272985546185,elderly,15,7,0.0,0.0,0,
baseline,64,4,0.260395348860413,adult,3,9,0.0,0.0,0,
baseline,65,4,0.18124989624959473,adult,0,6,0.1618,0.1618,0,
baseline,66,4,0.7479987221088478,elderly,14,2,0.3678,0.3678,0,
baseline,67,4,0.2747694705910339,adult,19,0,0.4529,0.4529,0,
baseline,68,4,0.2623728676439467,adult,13,3,0.163,0.163,0,
baseline,69,4,0.3475954363017591,adult,13,3,0.163,0.163,0,
baseline,70,4,0.18683697056304266,adult,17,4,0.0483,0.0483,0,
baseline,71,4,0.2252873014963322,adult,4,8,0.0,0.0,0,
baseline,72,4,0.3073174185068305,adult,11,5,0.3868,0.3868,0,
baseline,73,4,0.28651314785661347,adult,16,5,0.1395,0.1395,0,
baseline,74,4,0.7497164804572996,elderly,10,3,0.339,0.339,0,
baseline,75,4,0.8576126643135189,elderly,19,8,0.0,0.0,0,
baseline,76,4,0.24339714453787592,adult,17,4,0.0483,0.0483,0,
baseline,77,4,0.5658695094941405,child,16,3,0.0516,0.0516,0,
baseline,78,4,0.2557292455827229,adult,8,8,0.0,0.0,0,
baseline,79,4,0.31274852127145286,adult,2,8,0.0286,0.0286,0,
baseline,80,4,0.24192319037630758,adult,0,9,0.0,0.0,0,
baseline,81,4,0.7495257436955758,elderly,12,2,0.4074,0.4074,0,
baseline,82,4,0.2094635281564155,adult,13,2,0.345,0.345,0,
baseline,83,4,0.2368250785688548,adult,13,0,0.4596,0.4596,0,
baseline,84,4,0.7597628712547879,elderly,14,1,0.4357,0.4357,0,
baseline,85,4,0.2134449412553841,adult,12,7,0.0,0.0,0,
baseline,86,4,0.26029034175119803,adult,8,0,0.4077,0.4077,0,
baseline,87,4,0.8739793646798583,elderly,10,0,0.4567,0.4567,0,
baseline,88,4,0.23068402377938965,adult,16,6,0.1368,0.1368,0,
baseline,89,4,0.21593278881496686,adult,11,1,0.4704,0.4704,0,
baseline,90,4,0.7286621276353521,elderly,8,7,0.0,0.0,0,
baseline,91,4,0.2651344904420061,adult,5,7,0.0,0.0,0,
baseline,92,4,0.20377115206369537,adult,14,7,0.0,0.0,0,
baseline,93,4,0.20132533923371512,adult,15,7,0.0,0.0,0,
baseline,94,4,0.7049720665964455,elderly,15,0,0.3787,0.3787,0,
baseline,95,4,0.25100462370739207,adult,1,3,0.1104,0.1104,0,
baseline,96,4,0.4955828490431283,child,15,1,0.4557,0.4557,0,
baseline,97,4,0.27283994893939245,adult,7,8,0.0,0.0,0,
baseline,98,4,0.21712454129440448,adult,10,1,0.5156,0.5156,0,
baseline,99,4,0.7185461557640977,elderly,9,7,0.0,0.0,0,
baseline,100,4,0.4754623971272218,child,4,9,0.0,0.0,0,
baseline,101,4,0.814329171491318,elderly,1,9,0.0,0.0,0,
baseline,102,4,0.9382392363354756,elderly,15,7,0.0,0.0,0,
baseline,103,4,0.30010692589416543,adult,14,7,0.0,0.0,0,
baseline,104,4,0.8126300272600911,elderly,7,2,0.4658,0.4658,0,
baseline,105,4,0.23441354547710377,adult,3,2,0.4392,0.4392,0,
baseline,106,4,0.5066140359967927,child,9,5,0.3379,0.3379,0,
baseline,107,4,0.5631658536919568,child,4,0,0.3277,0.3277,0,
baseline,108,4,0.23073770055214435,adult,4,8,0.0,0.0,0,
baseline,109,4,0.29657377246189087,adult,2,9,0.0,0.0,0,
baseline,110,4,0.27279255604127917,adult,7,4,0.1406,0.1406,0,
baseline,111,4,0.5291861555650081,child,13,5,0.035,0.035,0,
baseline,112,4,0.8908951292054481,elderly,16,1,0.485,0.485,0,
baseline,113,4,0.5158957569432061,child,12,4,0.4018,0.4018,0,
baseline,114,4,0.8593264155201461,elderly,14,8,0.0,0.0,0,
baseline,115,4,0.32052011433136096,adult,18,6,0.1524,0.1524,0,
baseline,116,4,0.5844185905950111,child,19,1,0.3829,0.3829,0,
baseline,117,4,0.24225311600942953,adult,12,5,0.3271,0.3271,0,
baseline,118,4,0.2089072670144541,adult,10,8,0.0,0.0,0,
baseline,119,4,0.9022295288833049,elderly,14,9,0.0,0.0,0,
baseline,120,4,0.5289935218684951,child,14,4,0.0984,0.0984,0,
baseline,121,4,0.42582414868915897,adult,5,3,0.0599,0.0599,0,
baseline,122,4,0.321155028793213,adult,6,5,0.1163,0.1163,0,
baseline,123,4,0.6995000220419753,child,14,0,0.4203,0.4203,0,
baseline,124,4,0.562529225395729,child,5,9,0.0,0.0,0,
baseline,125,4,0.8475195178808403,elderly,17,2,0.287,0.287,0,
baseline,126,4,0.5540215869676903,child,15,3,0.1443,0.1443,0,
baseline,127,4,0.766520446349269,elderly,10,9,0.0,0.0,0,
baseline,128,4,0.7416409671545062,elderly,16,9,0.0,0.0,0,
baseline,129,4,0.1865474786824886,adult,4,0,0.3277,0.3277,0,
baseline,130,4,0.5991072876975088,child,4,8,0.0,0.0,0,
baseline,131,4,0.6713434192845964,child,1,9,0.0,0.0,0,
baseline,132,4,0.26809246029419453,adult,14,3,0.1178,0.1178,0,
baseline,133,4,0.22890676933880374,adult,3,8,0.0,0.0,0,
baseline,134,4,0.21223556584054845,adult,10,5,0.356,0.356,0,
baseline,135,4,0.4871906993496808,child,10,4,0.387,0.387,0,
baseline,136,4,0.5813838397364346,child,19,9,0.0,0.0,0,
baseline,137,4,0.1834367475007917,adult,17,1,0.4514,0.4514,0,
baseline,138,4,0.30240291417804127,adult,13,6,0.0821,0.0821,0,
baseline,139,4,0.28188702499195395,adult,11,0,0.3976,0.3976,0,
baseline,140,4,0.3042444979413341,adult,13,6,0.0821,0.0821,0,
baseline,141,4,0.2410183959966361,adult,10,5,0.356,0.356,0,
baseline,142,4,0.25779477773074466,adult,18,7,0.0,0.0,0,
baseline,143,4,0.2024052019176551,adult,7,8,0.0,0.0,0,
baseline,144,4,0.8349906142726966,elderly,2,5,0.0638,0.0638,0,
baseline,145,4,0.23016660216907392,adult,9,7,0.0,0.0,0,
baseline,146,4,0.22633729077264053,adult,12,0,0.445,0.445,0,
baseline,147,4,0.18671782350320223,adult,15,5,0.1294,0.1294,0,
baseline,148,4,0.3265717377596302,adult,9,0,0.3934,0.3934,0,
baseline,149,4,0.5931363866533521,child,7,3,0.1158,0.1158,0,
baseline,150,4,0.33786967348278196,adult,10,7,0.0,0.0,0,
baseline,151,4,0.24434311120662164,adult,10,4,0.387,0.387,0,
baseline,152,4,0.3131721899623074,adult,3,3,0.0426,0.0426,0,
baseline,153,4,0.30482733918353766,adult,12,7,0.0,0.0,0,
baseline,154,4,0.5207407229993698,child,8,8,0.0,0.0,0,
baseline,155,4,0.2698840835350667,adult,10,4,0.387,0.387,0,
baseline,156,4,0.21854549526592404,adult,14,6,0.0754,0.0754,0,
baseline,157,4,0.7800885741958227,elderly,2,2,0.4046,0.4046,0,
baseline,158,4,0.22376698635368497,adult,19,9,0.0,0.0,0,
baseline,159,4,0.2490942753506871,adult,14,5,0.0732,0.0732,0,
baseline,160,4,0.23909707064169694,adult,8,3,0.3444,0.3444,0,
baseline,161,4,0.26816184340335836,adult,10,9,0.0,0.0,0,
baseline,162,4,0.5590101392326462,child,12,5,0.3271,0.3271,0,
baseline,163,4,0.2586620552478868,adult,12,8,0.0,0.0,0,
baseline,164,4,0.21874748549033007,adult,0,8,0.0,0.0,0,
baseline,165,4,0.26806801780654776,adult,4,2,0.4074,0.4074,0,
baseline,166,4,0.31453748099041595,adult,18,6,0.1524,0.1524,0,
baseline,167,4,0.5571003562232809,child,8,9,0.0,0.0,0,
baseline,168,4,0.28556981755657285,adult,18,2,0.3987,0.3987,0,
baseline,169,4,0.20289864310003097,adult,9,9,0.0,0.0,0,
baseline,170,4,0.2591235835153987,adult,14,4,0.0984,0.0984,0,
baseline,171,4,0.5403518780488572,child,11,0,0.3976,0.3976,0,
baseline,172,4,0.19710832762003697,adult,5,7,0.0,0.0,0,
baseline,173,4,0.7370654202189683,elderly,17,7,0.0,0.0,0,
baseline,174,4,0.5944522686442528,child,14,7,0.0,0.0,0,
baseline,175,4,0.27508362578769247,adult,12,7,0.0,0.0,0,
baseline,176,4,0.19711151507617047,adult,5,5,0.111,0.111,0,
baseline,177,4,0.2626617426734974,adult,8,9,0.0,0.0,0,
baseline,178,4,0.2950995521960962,adult,0,0,0.4348,0.4348,0,
baseline,179,4,0.3774069229558558,adult,15,3,0.1443,0.1443,0,
baseline,180,4,0.7054964868146433,elderly,14,7,0.0,0.0,0,
baseline,181,4,0.5168708354178837,child,9,7,0.0,0.0,0,
baseline,182,4,0.22452710037794926,adult,6,2,0.4384,0.4384,0,
baseline,183,4,0.24281444929542967,adult,18,8,0.0,0.0,0,
baseline,184,4,0.20656651882118987,adult,17,2,0.287,0.287,0,
baseline,185,4,0.895735664587469,elderly,6,7,0.0,0.0,0,
baseline,186,4,0.26608149821206883,adult,18,4,0.1512,0.1512,0,
baseline,187,4,0.22885027121419005,adult,5,9,0.0,0.0,0,
baseline,188,4,0.25818280463696514,adult,13,2,0.345,0.345,0,
baseline,189,4,0.25124888164635667,adult,12,7,0.0,0.0,0,
baseline,190,4,0.7388637748744878,elderly,15,1,0.4557,0.4557,0,
baseline,191,4,0.24355609940976028,adult,19,2,0.3878,0.3878,0,
baseline,192,4,0.2622858672661557,adult,12,4,0.4018,0.4018,0,
baseline,193,4,0.3114225338599181,adult,16,3,0.0516,0.0516,0,
baseline,194,4,0.7432938913438611,child,19,2,0.3878,0.3878,0,
baseline,195,4,0.26317722516719005,adult,19,2,0.3878,0.3878,0,
baseline,196,4,0.2246770526955429,adult,1,6,0.1052,0.1052,0,
baseline,197,4,0.5584044178321356,child,5,8,0.0,0.0,0,
baseline,198,4,0.2514953170246483,adult,6,5,0.1163,0.1163,0,
baseline,199,4,0.2899733601941726,adult,2,5,0.0638,0.0638,0,
baseline,200,4,0.25622285847923476,adult,12,3,0.3534,0.3534,0,
baseline,201,4,0.4521031631709903,adult,10,2,0.5011,0.5011,0,
baseline,202,4,0.1634121024151908,adult,17,7,0.0,0.0,0,
baseline,203,4,0.5626995559129596,child,3,3,0.0426,0.0426,0,
baseline,204,4,0.327120941806494,adult,2,6,0.0981,0.0981,0,
baseline,205,4,0.7857123878054436,elderly,5,5,0.111,0.111,0,
baseline,206,4,0.5939394270629585,child,12,1,0.435,0.435,0,
baseline,207,4,0.28709923820747085,adult,18,8,0.0,0.0,0,
baseline,208,4,0.39542716557746904,adult,9,9,0.0,0.0,0,
baseline,209,4,0.27359697560694635,adult,10,8,0.0,0.0,0,
baseline,210,4,0.9020130166851742,elderly,7,6,0.1434,0.1434,0,
baseline,211,4,0.2713101047676122,adult,13,6,0.0821,0.0821,0,
baseline,212,4,0.24736743242291168,adult,1,0,0.3272,0.3272,0,
baseline,213,4,0.6794396779816514,elderly,0,0,0.4348,0.4348,0,
baseline,214,4,0.30091251551864373,adult,15,7,0.0,0.0,0,
baseline,215,4,0.21670540748307351,adult,2,0,0.3955,0.3955,0,
baseline,216,4,0.3687606793764565,adult,14,5,0.0732,0.0732,0,
baseline,217,4,0.2538767051714499,adult,12,8,0.0,0.0,0,
baseline,218,4,0.2824197149857894,adult,8,6,0.0781,0.0781,0,
baseline,219,4,0.5636693672210529,child,1,1,0.3918,0.3918,0,
baseline,220,4,0.6948217456126036,child,16,0,0.4928,0.4928,0,
baseline,221,4,0.8780226911713226,elderly,2,3,0.0679,0.0679,0,
baseline,222,4,0.30180138271631185,adult,3,9,0.0,0.0,0,
baseline,223,4,0.19113770908623962,adult,5,8,0.0,0.0,0,
baseline,224,4,0.22956484340680797,adult,13,1,0.368,0.368,0,
baseline,225,4,0.2188924625952585,adult,1,6,0.1052,0.1052,0,
baseline,226,4,0.688413136429157,elderly,7,2,0.4658,0.4658,0,
baseline,227,4,0.7561906848382751,elderly,8,2,0.3536,0.3536,0,
baseline,228,4,0.566836488720734,child,4,1,0.3793,0.3793,0,
baseline,229,4,0.5049212893202911,child,9,6,0.1332,0.1332,0,
baseline,230,4,0.2379441270070261,adult,14,3,0.1178,0.1178,0,
baseline,231,4,0.21828841423349848,adult,15,9,0.0,0.0,0,
baseline,232,4,0.1839452306394218,adult,8,5,0.3872,0.3872,0,
baseline,233,4,0.29492040259128455,adult,2,9,0.0,0.0,0,
baseline,234,4,0.29013491932937124,adult,5,8,0.0,0.0,0,
baseline,235,4,0.34669130855252334,adult,13,3,0.163,0.163,0,
baseline,236,4,0.28232450555661204,adult,11,7,0.0,0.0,0,
baseline,237,4,0.5757509116895175,child,6,4,0.0958,0.0958,0,
baseline,238,4,0.5403723756597331,child,8,4,0.373,0.373,0,
baseline,239,4,0.5952182201485263,child,7,3,0.1158,0.1158,0,
baseline,0,5,0.5380812195557422,child,8,9,0.0,0.0,0,
baseline,1,5,0.5438885528571922,child,16,5,0.0537,0.0537,0,
baseline,2,5,0.7202561588196462,elderly,19,8,0.0,0.0,0,
baseline,3,5,0.216473321571373,adult,14,3,0.1002,0.1002,0,
baseline,4,5,0.179291256914281,adult,15,1,0.3471,0.3471,0,
baseline,5,5,0.7742080791371789,elderly,13,0,0.3641,0.3641,0,
baseline,6,5,0.6860132284779408,elderly,17,0,0.4016,0.4016,0,
baseline,7,5,0.24933523196076668,adult,3,1,0.384,0.384,0,
baseline,8,5,0.6343234811450121,child,6,6,0.1375,0.1375,0,
baseline,9,5,0.2937927377360272,adult,1,1,0.4025,0.4025,0,
baseline,10,5,0.29067965400666446,adult,9,1,0.411,0.411,0,
baseline,11,5,0.29337902378575376,adult,11,2,0.3975,0.3975,0,
baseline,12,5,0.2580821854764632,adult,8,2,0.3886,0.3886,0,
baseline,13,5,0.23208808428151181,adult,7,6,0.0945,0.0945,0,
baseline,14,5,0.22746461649058938,adult,5,5,0.0798,0.0798,0,
baseline,15,5,0.4919996898463789,child,16,1,0.4523,0.4523,0,
baseline,16,5,0.7297879386484595,child,14,9,0.0,0.0,0,
baseline,17,5,0.6910243835711712,elderly,9,9,0.0,0.0,0,
baseline,18,5,0.27290224990437284,adult,12,4,0.417,0.417,0,
baseline,19,5,0.5918994514851882,child,11,9,0.0,0.0,0,
baseline,20,5,0.20000931813748296,adult,6,6,0.1375,0.1375,0,
baseline,21,5,0.2566225962051309,adult,9,1,0.411,0.411,0,
baseline,22,5,0.2636593411524598,adult,11,0,0.3779,0.3779,0,
baseline,23,5,0.6949427075347202,child,0,4,0.1186,0.1186,0,
baseline,24,5,0.36652485810151314,adult,13,1,0.4571,0.4571,0,
baseline,25,5,0.2443193234562278,adult,6,4,0.0651,0.0651,0,
baseline,26,5,0.3010033863387559,adult,13,5,0.0,0.0,0,
baseline,27,5,0.264862699158784,adult,11,2,0.3975,0.3975,0,
baseline,28,5,0.25879019854094,adult,3,2,0.397,0.397,0,
baseline,29,5,0.31974955111962444,adult,1,7,0.0,0.0,0,
baseline,30,5,0.1555928571749553,adult,6,4,0.0651,0.0651,0,
baseline,31,5,0.548458082951535,child,8,1,0.3865,0.3865,0,
baseline,32,5,0.2544761312097897,adult,18,3,0.0998,0.0998,0,
baseline,33,5,0.3227939887511161,adult,12,1,0.3846,0.3846,0,
baseline,34,5,0.6558716694259125,child,6,8,0.0,0.0,0,
baseline,35,5,0.5492700374659585,child,4,4,0.0852,0.0852,0,
baseline,36,5,0.28742961388729216,adult,9,8,0.0155,0.0155,0,
baseline,37,5,0.862770385621313,elderly,3,2,0.397,0.397,0,
baseline,38,5,0.23693857704201632,adult,9,5,0.3675,0.3675,0,
baseline,39,5,0.2454791545887237,adult,5,4,0.0563,0.0563,0,
baseline,40,5,0.583334998890488,child,10,1,0.5254,0.5254,0,
baseline,41,5,0.2636638551640602,adult,13,9,0.0,0.0,0,
baseline,42,5,0.9350941601422765,elderly,3,1,0.384,0.384,0,
baseline,43,5,0.21562936030731708,adult,1,6,0.1186,0.1186,0,
baseline,44,5,0.5397436170004551,child,19,3,0.1462,0.1462,0,
baseline,45,5,0.18354442553252845,adult,17,2,0.3703,0.3703,0,
baseline,46,5,0.27255587776068274,adult,11,0,0.3779,0.3779,0,
baseline,47,5,0.30152879677991906,adult,6,5,0.0,0.0,0,
baseline,48,5,0.2424720207354753,adult,12,8,0.0,0.0,0,
baseline,49,5,0.7645513584523809,elderly,18,1,0.3596,0.3596,0,
baseline,50,5,0.41514306586559097,adult,9,8,0.0155,0.0155,0,
baseline,51,5,0.2061884568547753,adult,1,1,0.4025,0.4025,0,
baseline,52,5,0.31853752554381776,adult,12,3,0.2958,0.2958,0,
baseline,53,5,0.2638404878487771,adult,17,7,0.0,0.0,0,
baseline,54,5,0.21400695401395703,adult,4,0,0.4416,0.4416,0,
baseline,55,5,0.3026292881022382,adult,17,3,0.0875,0.0875,0,
baseline,56,5,0.7372548908762495,elderly,4,0,0.4416,0.4416,0,
baseline,57,5,0.2208870448850433,adult,18,8,0.0,0.0,0,
baseline,58,5,0.3144823244892736,adult,7,2,0.4435,0.4435,0,
baseline,59,5,0.22063955497119142,adult,14,6,0.1648,0.1648,0,
baseline,60,5,0.5166058535491507,child,10,5,0.3229,0.3229,0,
baseline,61,5,0.23464792877787313,adult,7,3,0.1579,0.1579,0,
baseline,62,5,0.7780271499327811,elderly,15,3,0.0526,0.0526,0,
baseline,63,5,0.7701272985546185,elderly,15,7,0.0,0.0,0,
baseline,64,5,0.260395348860413,adult,3,9,0.0,0.0,0,
baseline,65,5,0.18124989624959473,adult,0,6,0.148,0.148,0,
baseline,66,5,0.7479987221088478,elderly,14,2,0.4159,0.4159,0,
baseline,67,5,0.2747694705910339,adult,19,0,0.432,0.432,0,
baseline,68,5,0.2623728676439467,adult,13,3,0.0,0.0,0,
baseline,69,5,0.3475954363017591,adult,13,3,0.0,0.0,0,
baseline,70,5,0.18683697056304266,adult,17,4,0.0091,0.0091,0,
baseline,71,5,0.2252873014963322,adult,4,8,0.0,0.0,0,
baseline,72,5,0.3073174185068305,adult,11,5,0.4021,0.4021,0,
baseline,73,5,0.28651314785661347,adult,16,5,0.0537,0.0537,0,
baseline,74,5,0.7497164804572996,elderly,10,3,0.3611,0.3611,0,
baseline,75,5,0.8576126643135189,elderly,19,8,0.0,0.0,0,
baseline,76,5,0.24339714453787592,adult,17,4,0.0091,0.0091,0,
baseline,77,5,0.5658695094941405,child,16,3,0.0589,0.0589,0,
baseline,78,5,0.2557292455827229,adult,8,8,0.0,0.0,0,
baseline,79,5,0.31274852127145286,adult,2,8,0.0,0.0,0,
baseline,80,5,0.24192319037630758,adult,0,9,0.0,0.0,0,
baseline,81,5,0.7495257436955758,elderly,12,2,0.438,0.438,0,
baseline,82,5,0.2094635281564155,adult,13,2,0.3609,0.3609,0,
baseline,83,5,0.2368250785688548,adult,13,0,0.3641,0.3641,0,
baseline,84,5,0.7597628712547879,elderly,14,1,0.4889,0.4889,0,
baseline,85,5,0.2134449412553841,adult,12,7,0.0,0.0,0,
baseline,86,5,0.26029034175119803,adult,8,0,0.3447,0.3447,0,
baseline,87,5,0.8739793646798583,elderly,10,0,0.4151,0.4151,0,
baseline,88,5,0.23068402377938965,adult,16,6,0.1268,0.1268,0,
baseline,89,5,0.21593278881496686,adult,11,1,0.3399,0.3399,0,
baseline,90,5,0.7286621276353521,elderly,8,7,0.0,0.0,0,
baseline,91,5,0.2651344904420061,adult,5,7,0.0,0.0,0,
baseline,92,5,0.20377115206369537,adult,14,7,0.0,0.0,0,
baseline,93,5,0.20132533923371512,adult,15,7,0.0,0.0,0,
baseline,94,5,0.7049720665964455,elderly,15,0,0.3694,0.3694,0,
baseline,95,5,0.25100462370739207,adult,1,3,0.0096,0.0096,0,
baseline,96,5,0.4955828490431283,child,15,1,0.3471,0.3471,0,
baseline,97,5,0.27283994893939245,adult,7,8,0.0,0.0,0,
baseline,98,5,0.21712454129440448,adult,10,1,0.5254,0.5254,0,
baseline,99,5,0.7185461557640977,elderly,9,7,0.002,0.002,0,
baseline,100,5,0.4754623971272218,child,4,9,0.0,0.0,0,
baseline,101,5,0.814329171491318,elderly,1,9,0.0,0.0,0,
baseline,102,5,0.9382392363354756,elderly,15,7,0.0,0.0,0,
baseline,103,5,0.30010692589416543,adult,14,7,0.0,0.0,0,
baseline,104,5,0.8126300272600911,elderly,7,2,0.4435,0.4435,0,
baseline,105,5,0.23441354547710377,adult,3,2,0.397,0.397,0,
baseline,106,5,0.5066140359967927,child,9,5,0.3675,0.3675,0,
baseline,107,5,0.5631658536919568,child,4,0,0.4416,0.4416,0,
baseline,108,5,0.23073770055214435,adult,4,8,0.0,0.0,0,
baseline,109,5,0.29657377246189087,adult,2,9,0.0,0.0,0,
baseline,110,5,0.27279255604127917,adult,7,4,0.0627,0.0627,0,
baseline,111,5,0.5291861555650081,child,13,5,0.0,0.0,0,
baseline,112,5,0.8908951292054481,elderly,16,1,0.4523,0.4523,0,
baseline,113,5,0.5158957569432061,child,12,4,0.417,0.417,0,
baseline,114,5,0.8593264155201461,elderly,14,8,0.0,0.0,0,
baseline,115,5,0.32052011433136096,adult,18,6,0.0926,0.0926,0,
baseline,116,5,0.5844185905950111,child,19,1,0.4448,0.4448,0,
baseline,117,5,0.24225311600942953,adult,12,5,0.3517,0.3517,0,
baseline,118,5,0.2089072670144541,adult,10,8,0.0,0.0,0,
baseline,119,5,0.9022295288833049,elderly,14,9,0.0,0.0,0,
baseline,120,5,0.5289935218684951,child,14,4,0.1528,0.1528,0,
baseline,121,5,0.42582414868915897,adult,5,3,0.0445,0.0445,0,
baseline,122,5,0.321155028793213,adult,6,5,0.0,0.0,0,
baseline,123,5,0.6995000220419753,child,14,0,0.3619,0.3619,0,
baseline,124,5,0.562529225395729,child,5,9,0.0,0.0,0,
baseline,125,5,0.8475195178808403,elderly,17,2,0.3703,0.3703,0,
baseline,126,5,0.5540215869676903,child,15,3,0.0526,0.0526,0,
baseline,127,5,0.766520446349269,elderly,10,9,0.0,0.0,0,
baseline,128,5,0.7416409671545062,elderly,16,9,0.0,0.0,0,
baseline,129,5,0.1865474786824886,adult,4,0,0.4416,0.4416,0,
baseline,130,5,0.5991072876975088,child,4,8,0.0,0.0,0,
baseline,131,5,0.6713434192845964,child,1,9,0.0,0.0,0,
baseline,132,5,0.26809246029419453,adult,14,3,0.1002,0.1002,0,
baseline,133,5,0.22890676933880374,adult,3,8,0.0,0.0,0,
baseline,134,5,0.21223556584054845,adult,10,5,0.3229,0.3229,0,
baseline,135,5,0.4871906993496808,child,10,4,0.3396,0.3396,0,
baseline,136,5,0.5813838397364346,child,19,9,0.0,0.0,0,
baseline,137,5,0.1834367475007917,adult,17,1,0.4252,0.4252,0,
baseline,138,5,0.30240291417804127,adult,13,6,0.098,0.098,0,
baseline,139,5,0.28188702499195395,adult,11,0,0.3779,0.3779,0,
baseline,140,5,0.3042444979413341,adult,13,6,0.098,0.098,0,
baseline,141,5,0.2410183959966361,adult,10,5,0.3229,0.3229,0,
baseline,142,5,0.25779477773074466,adult,18,7,0.0,0.0,0,
baseline,143,5,0.2024052019176551,adult,7,8,0.0,0.0,0,
baseline,144,5,0.8349906142726966,elderly,2,5,0.0517,0.0517,0,
baseline,145,5,0.23016660216907392,adult,9,7,0.002,0.002,0,
baseline,146,5,0.22633729077264053,adult,12,0,0.3936,0.3936,0,
baseline,147,5,0.18671782350320223,adult,15,5,0.1048,0.1048,0,
baseline,148,5,0.3265717377596302,adult,9,0,0.4066,0.4066,0,
baseline,149,5,0.5931363866533521,child,7,3,0.1579,0.1579,0,
baseline,150,5,0.33786967348278196,adult,10,7,0.0,0.0,0,
baseline,151,5,0.24434311120662164,adult,10,4,0.3396,0.3396,0,
baseline,152,5,0.3131721899623074,adult,3,3,0.1284,0.1284,0,
baseline,153,5,0.30482733918353766,adult,12,7,0.0,0.0,0,
baseline,154,5,0.5207407229993698,child,8,8,0.0,0.0,0,
baseline,155,5,0.2698840835350667,adult,10,4,0.3396,0.3396,0,
baseline,156,5,0.21854549526592404,adult,14,6,0.1648,0.1648,0,
baseline,157,5,0.7800885741958227,elderly,2,2,0.3126,0.3126,0,
baseline,158,5,0.22376698635368497,adult,19,9,0.0,0.0,0,
baseline,159,5,0.2490942753506871,adult,14,5,0.2226,0.2226,0,
baseline,160,5,0.23909707064169694,adult,8,3,0.3583,0.3583,0,
baseline,161,5,0.26816184340335836,adult,10,9,0.0,0.0,0,
baseline,162,5,0.5590101392326462,child,12,5,0.3517,0.3517,0,
baseline,163,5,0.2586620552478868,adult,12,8,0.0,0.0,0,
baseline,164,5,0.21874748549033007,adult,0,8,0.0,0.0,0,
baseline,165,5,0.26806801780654776,adult,4,2,0.487,0.487,0,
baseline,166,5,0.31453748099041595,adult,18,6,0.0926,0.0926,0,
baseline,167,5,0.5571003562232809,child,8,9,0.0,0.0,0,
baseline,168,5,0.28556981755657285,adult,18,2,0.3969,0.3969,0,
baseline,169,5,0.20289864310003097,adult,9,9,0.0,0.0,0,
baseline,170,5,0.2591235835153987,adult,14,4,0.1528,0.1528,0,
baseline,171,5,0.5403518780488572,child,11,0,0.3779,0.3779,0,
baseline,172,5,0.19710832762003697,adult,5,7,0.0,0.0,0,
baseline,173,5,0.7370654202189683,elderly,17,7,0.0,0.0,0,
baseline,174,5,0.5944522686442528,child,14,7,0.0,0.0,0,
baseline,175,5,0.27508362578769247,adult,12,7,0.0,0.0,0,
baseline,176,5,0.19711151507617047,adult,5,5,0.0798,0.0798,0,
baseline,177,5,0.2626617426734974,adult,8,9,0.0,0.0,0,
baseline,178,5,0.2950995521960962,adult,0,0,0.4179,0.4179,0,
baseline,179,5,0.3774069229558558,adult,15,3,0.0526,0.0526,0,
baseline,180,5,0.7054964868146433,elderly,14,7,0.0,0.0,0,
baseline,181,5,0.5168708354178837,child,9,7,0.002,0.002,0,
baseline,182,5,0.22452710037794926,adult,6,2,0.3441,0.3441,0,
baseline,183,5,0.24281444929542967,adult,18,8,0.0,0.0,0,
baseline,184,5,0.20656651882118987,adult,17,2,0.3703,0.3703,0,
baseline,185,5,0.895735664587469,elderly,6,7,0.0,0.0,0,
baseline,186,5,0.26608149821206883,adult,18,4,0.0959,0.0959,0,
baseline,187,5,0.22885027121419005,adult,5,9,0.0,0.0,0,
baseline,188,5,0.25818280463696514,adult,13,2,0.3609,0.3609,0,
baseline,189,5,0.25124888164635667,adult,12,7,0.0,0.0,0,
baseline,190,5,0.7388637748744878,elderly,15,1,0.3471,0.3471,0,
baseline,191,5,0.24355609940976028,adult,19,2,0.3752,0.3752,0,
baseline,192,5,0.2622858672661557,adult,12,4,0.417,0.417,0,
baseline,193,5,0.3114225338599181,adult,16,3,0.0589,0.0589,0,
baseline,194,5,0.7432938913438611,child,19,2,0.3752,0.3752,0,
baseline,195,5,0.26317722516719005,adult,19,2,0.3752,0.3752,0,
baseline,196,5,0.2246770526955429,adult,1,6,0.1186,0.1186,0,
baseline,197,5,0.5584044178321356,child,5,8,0.0,0.0,0,
baseline,198,5,0.2514953170246483,adult,6,5,0.0,0.0,0,
baseline,199,5,0.2899733601941726,adult,2,5,0.0517,0.0517,0,
baseline,200,5,0.25622285847923476,adult,12,3,0.2958,0.2958,0,
baseline,201,5,0.4521031631709903,adult,10,2,0.4392,0.4392,0,
baseline,202,5,0.1634121024151908,adult,17,7,0.0,0.0,0,
baseline,203,5,0.5626995559129596,child,3,3,0.1284,0.1284,0,
baseline,204,5,0.327120941806494,adult,2,6,0.1795,0.1795,0,
baseline,205,5,0.7857123878054436,elderly,5,5,0.0798,0.0798,0,
baseline,206,5,0.5939394270629585,child,12,1,0.3846,0.3846,0,
baseline,207,5,0.28709923820747085,adult,18,8,0.0,0.0,0,
baseline,208,5,0.39542716557746904,adult,9,9,0.0,0.0,0,
baseline,209,5,0.27359697560694635,adult,10,8,0.0,0.0,0,
baseline,210,5,0.9020130166851742,elderly,7,6,0.0945,0.0945,0,
baseline,211,5,0.2713101047676122,adult,13,6,0.098,0.098,0,
baseline,212,5,0.24736743242291168,adult,1,0,0.4031,0.4031,0,
baseline,213,5,0.6794396779816514,elderly,0,0,0.4179,0.4179,0,
baseline,214,5,0.30091251551864373,adult,15,7,0.0,0.0,0,
baseline,215,5,0.21670540748307351,adult,2,0,0.4136,0.4136,0,
baseline,216,5,0.3687606793764565,adult,14,5,0.2226,0.2226,0,
baseline,217,5,0.2538767051714499,adult,12,8,0.0,0.0,0,
baseline,218,5,0.2824197149857894,adult,8,6,0.1568,0.1568,0,
baseline,219,5,0.5636693672210529,child,1,1,0.4025,0.4025,0,
baseline,220,5,0.6948217456126036,child,16,0,0.4219,0.4219,0,
baseline,221,5,0.8780226911713226,elderly,2,3,0.0467,0.0467,0,
baseline,222,5,0.30180138271631185,adult,3,9,0.0,0.0,0,
baseline,223,5,0.19113770908623962,adult,5,8,0.0,0.0,0,
baseline,224,5,0.22956484340680797,adult,13,1,0.4571,0.4571,0,
baseline,225,5,0.2188924625952585,adult,1,6,0.1186,0.1186,0,
baseline,226,5,0.688413136429157,elderly,7,2,0.4435,0.4435,0,
baseline,227,5,0.7561906848382751,elderly,8,2,0.3886,0.3886,0,
baseline,228,5,0.566836488720734,child,4,1,0.3978,0.3978,0,
baseline,229,5,0.5049212893202911,child,9,6,0.066,0.066,0,
baseline,230,5,0.2379441270070261,adult,14,3,0.1002,0.1002,0,
baseline,231,5,0.21828841423349848,adult,15,9,0.0,0.0,0,
baseline,232,5,0.1839452306394218,adult,8,5,0.3393,0.3393,0,
baseline,233,5,0.29492040259128455,adult,2,9,0.0,0.0,0,
baseline,234,5,0.29013491932937124,adult,5,8,0.0,0.0,0,
baseline,235,5,0.34669130855252334,adult,13,3,0.0,0.0,0,
baseline,236,5,0.28232450555661204,adult,11,7,0.0,0.0,0,
baseline,237,5,0.5757509116895175,child,6,4,0.0651,0.0651,0,
baseline,238,5,0.5403723756597331,child,8,4,0.3636,0.3636,0,
baseline,239,5,0.5952182201485263,child,7,3,0.1579,0.1579,0,
baseline,0,6,0.5380812195557422,child,8,9,0.0,0.0,0,
baseline,1,6,0.5438885528571922,child,16,5,0.1653,0.1653,0,
baseline,2,6,0.7202561588196462,elderly,19,8,0.0277,0.0277,0,
baseline,3,6,0.216473321571373,adult,14,3,0.0855,0.0855,0,
baseline,4,6,0.179291256914281,adult,15,1,0.3682,0.3682,0,
baseline,5,6,0.7742080791371789,elderly,13,0,0.5851,0.5851,0,
baseline,6,6,0.6860132284779408,elderly,17,0,0.4178,0.4178,0,
baseline,7,6,0.24933523196076668,adult,3,1,0.5091,0.5091,0,
baseline,8,6,0.6343234811450121,child,6,6,0.1589,0.1589,0,
baseline,9,6,0.2937927377360272,adult,1,1,0.4085,0.4085,0,
baseline,10,6,0.29067965400666446,adult,9,1,0.3781,0.3781,0,
baseline,11,6,0.29337902378575376,adult,11,2,0.3705,0.3705,0,
baseline,12,6,0.2580821854764632,adult,8,2,0.4755,0.4755,0,
baseline,13,6,0.23208808428151181,adult,7,6,0.1861,0.1861,0,
baseline,14,6,0.22746461649058938,adult,5,5,0.1258,0.1258,0,
baseline,15,6,0.4919996898463789,child,16,1,0.4331,0.4331,0,
baseline,16,6,0.7297879386484595,child,14,9,0.0,0.0,0,
baseline,17,6,0.6910243835711712,elderly,9,9,0.0,0.0,0,
baseline,18,6,0.27290224990437284,adult,12,4,0.4716,0.4716,0,
baseline,19,6,0.5918994514851882,child,11,9,0.0,0.0,0,
baseline,20,6,0.20000931813748296,adult,6,6,0.1589,0.1589,0,
baseline,21,6,0.2566225962051309,adult,9,1,0.3781,0.3781,0,
baseline,22,6,0.2636593411524598,adult,11,0,0.4471,0.4471,0,
baseline,23,6,0.6949427075347202,child,0,4,0.0629,0.0629,0,
baseline,24,6,0.36652485810151314,adult,13,1,0.4859,0.4859,0,
baseline,25,6,0.2443193234562278,adult,6,4,0.1256,0.1256,0,
baseline,26,6,0.3010033863387559,adult,13,5,0.2168,0.2168,0,
baseline,27,6,0.264862699158784,adult,11,2,0.3705,0.3705,0,
baseline,28,6,0.25879019854094,adult,3,2,0.5106,0.5106,0,
baseline,29,6,0.31974955111962444,adult,1,7,0.0,0.0,0,
baseline,30,6,0.1555928571749553,adult,6,4,0.1256,0.1256,0,
baseline,31,6,0.548458082951535,child,8,1,0.4231,0.4231,0,
baseline,32,6,0.2544761312097897,adult,18,3,0.0936,0.0936,0,
baseline,33,6,0.3227939887511161,adult,12,1,0.4644,0.4644,0,
baseline,34,6,0.6558716694259125,child,6,8,0.0,0.0,0,
baseline,35,6,0.5492700374659585,child,4,4,0.1833,0.1833,0,
baseline,36,6,0.28742961388729216,adult,9,8,0.0,0.0,0,
baseline,37,6,0.862770385621313,elderly,3,2,0.5106,0.5106,0,
baseline,38,6,0.23693857704201632,adult,9,5,0.4293,0.4293,0,
baseline,39,6,0.2454791545887237,adult,5,4,0.2096,0.2096,0,
baseline,40,6,0.583334998890488,child,10,1,0.4588,0.4588,0,
baseline,41,6,0.2636638551640602,adult,13,9,0.0,0.0,0,
baseline,42,6,0.9350941601422765,elderly,3,1,0.5091,0.5091,0,
baseline,43,6,0.21562936030731708,adult,1,6,0.1484,0.1484,0,
baseline,44,6,0.5397436170004551,child,19,3,0.1854,0.1854,0,
baseline,45,6,0.18354442553252845,adult,17,2,0.4786,0.4786,0,
baseline,46,6,0.27255587776068274,adult,11,0,0.4471,0.4471,0,
baseline,47,6,0.30152879677991906,adult,6,5,0.1039,0.1039,0,
baseline,48,6,0.2424720207354753,adult,12,8,0.0,0.0,0,
baseline,49,6,0.7645513584523809,elderly,18,1,0.3405,0.3405,0,
baseline,50,6,0.41514306586559097,adult,9,8,0.0,0.0,0,
baseline,51,6,0.2061884568547753,adult,1,1,0.4085,0.4085,0,
baseline,52,6,0.31853752554381776,adult,12,3,0.3294,0.3294,0,
baseline,53,6,0.2638404878487771,adult,17,7,0.0,0.0,0,
baseline,54,6,0.21400695401395703,adult,4,0,0.4956,0.4956,0,
baseline,55,6,0.3026292881022382,adult,17,3,0.0608,0.0608,0,
baseline,56,6,0.7372548908762495,elderly,4,0,0.4956,0.4956,0,
baseline,57,6,0.2208870448850433,adult,18,8,0.0,0.0,0,
baseline,58,6,0.3144823244892736,adult,7,2,0.4146,0.4146,0,
baseline,59,6,0.22063955497119142,adult,14,6,0.0846,0.0846,0,
baseline,60,6,0.5166058535491507,child,10,5,0.3149,0.3149,0,
baseline,61,6,0.23464792877787313,adult,7,3,0.2192,0.2192,0,
baseline,62,6,0.7780271499327811,elderly,15,3,0.1704,0.1704,0,
baseline,63,6,0.7701272985546185,elderly,15,7,0.0,0.0,0,
baseline,64,6,0.260395348860413,adult,3,9,0.0,0.0,0,
baseline,65,6,0.18124989624959473,adult,0,6,0.149,0.149,0,
baseline,66,6,0.7479987221088478,elderly,14,2,0.4119,0.4119,0,
baseline,67,6,0.2747694705910339,adult,19,0,0.4142,0.4142,0,
baseline,68,6,0.2623728676439467,adult,13,3,0.1771,0.1771,0,
baseline,69,6,0.3475954363017591,adult,13,3,0.1771,0.1771,0,
baseline,70,6,0.18683697056304266,adult,17,4,0.1344,0.1344,0,
baseline,71,6,0.2252873014963322,adult,4,8,0.0,0.0,0,
baseline,72,6,0.3073174185068305,adult,11,5,0.4311,0.4311,0,
baseline,73,6,0.28651314785661347,adult,16,5,0.1653,0.1653,0,
baseline,74,6,0.7497164804572996,elderly,10,3,0.3984,0.3984,0,
baseline,75,6,0.8576126643135189,elderly,19,8,0.0277,0.0277,0,
baseline,76,6,0.24339714453787592,adult,17,4,0.1344,0.1344,0,
baseline,77,6,0.5658695094941405,child,16,3,0.0842,0.0842,0,
baseline,78,6,0.2557292455827229,adult,8,8,0.0,0.0,0,
baseline,79,6,0.31274852127145286,adult,2,8,0.0,0.0,0,
baseline,80,6,0.24192319037630758,adult,0,9,0.0,0.0,0,
baseline,81,6,0.7495257436955758,elderly,12,2,0.4629,0.4629,0,
baseline,82,6,0.2094635281564155,adult,13,2,0.5132,0.5132,0,
baseline,83,6,0.2368250785688548,adult,13,0,0.5851,0.5851,0,
baseline,84,6,0.7597628712547879,elderly,14,1,0.4693,0.4693,0,
baseline,85,6,0.2134449412553841,adult,12,7,0.0,0.0,0,
baseline,86,6,0.26029034175119803,adult,8,0,0.42,0.42,0,
baseline,87,6,0.8739793646798583,elderly,10,0,0.4543,0.4543,0,
baseline,88,6,0.23068402377938965,adult,16,6,0.0814,0.0814,0,
baseline,89,6,0.21593278881496686,adult,11,1,0.4886,0.4886,0,
baseline,90,6,0.7286621276353521,elderly,8,7,0.0258,0.0258,0,
baseline,91,6,0.2651344904420061,adult,5,7,0.0514,0.0514,0,
baseline,92,6,0.20377115206369537,adult,14,7,0.0,0.0,0,
baseline,93,6,0.20132533923371512,adult,15,7,0.0,0.0,0,
baseline,94,6,0.7049720665964455,elderly,15,0,0.3826,0.3826,0,
baseline,95,6,0.25100462370739207,adult,1,3,0.1376,0.1376,0,
baseline,96,6,0.4955828490431283,child,15,1,0.3682,0.3682,0,
baseline,97,6,0.27283994893939245,adult,7,8,0.0134,0.0134,0,
baseline,98,6,0.21712454129440448,adult,10,1,0.4588,0.4588,0,
baseline,99,6,0.7185461557640977,elderly,9,7,0.0002,0.0002,0,
baseline,100,6,0.4754623971272218,child,4,9,0.0,0.0,0,
baseline,101,6,0.814329171491318,elderly,1,9,0.0,0.0,0,
baseline,102,6,0.9382392363354756,elderly,15,7,0.0,0.0,0,
baseline,103,6,0.30010692589416543,adult,14,7,0.0,0.0,0,
baseline,104,6,0.8126300272600911,elderly,7,2,0.4146,0.4146,0,
baseline,105,6,0.23441354547710377,adult,3,2,0.5106,0.5106,0,
baseline,106,6,0.5066140359967927,child,9,5,0.4293,0.4293,0,
baseline,107,6,0.5631658536919568,child,4,0,0.4956,0.4956,0,
baseline,108,6,0.23073770055214435,adult,4,8,0.0,0.0,0,
baseline,109,6,0.29657377246189087,adult,2,9,0.0,0.0,0,
baseline,110,6,0.27279255604127917,adult,7,4,0.1474,0.1474,0,
baseline,111,6,0.5291861555650081,child,13,5,0.2168,0.2168,0,
baseline,112,6,0.8908951292054481,elderly,16,1,0.4331,0.4331,0,
baseline,113,6,0.5158957569432061,child,12,4,0.4716,0.4716,0,
baseline,114,6,0.8593264155201461,elderly,14,8,0.0,0.0,0,
baseline,115,6,0.32052011433136096,adult,18,6,0.1992,0.1992,0,
baseline,116,6,0.5844185905950111,child,19,1,0.3239,0.3239,0,
baseline,117,6,0.24225311600942953,adult,12,5,0.4904,0.4904,0,
baseline,118,6,0.2089072670144541,adult,10,8,0.0,0.0,0,
baseline,119,6,0.9022295288833049,elderly,14,9,0.0,0.0,0,
baseline,120,6,0.5289935218684951,child,14,4,0.1531,0.1531,0,
baseline,121,6,0.42582414868915897,adult,5,3,0.1599,0.1599,0,
baseline,122,6,0.321155028793213,adult,6,5,0.1039,0.1039,0,
baseline,123,6,0.6995000220419753,child,14,0,0.4708,0.4708,0,
baseline,124,6,0.562529225395729,child,5,9,0.0,0.0,0,
baseline,125,6,0.8475195178808403,elderly,17,2,0.4786,0.4786,0,
baseline,126,6,0.5540215869676903,child,15,3,0.1704,0.1704,0,
baseline,127,6,0.766520446349269,elderly,10,9,0.0,0.0,0,
baseline,128,6,0.7416409671545062,elderly,16,9,0.0,0.0,0,
baseline,129,6,0.1865474786824886,adult,4,0,0.4956,0.4956,0,
baseline,130,6,0.5991072876975088,child,4,8,0.0,0.0,0,
baseline,131,6,0.6713434192845964,child,1,9,0.0,0.0,0,
baseline,132,6,0.26809246029419453,adult,14,3,0.0855,0.0855,0,
baseline,133,6,0.22890676933880374,adult,3,8,0.0,0.0,0,
baseline,134,6,0.21223556584054845,adult,10,5,0.3149,0.3149,0,
baseline,135,6,0.4871906993496808,child,10,4,0.4805,0.4805,0,
baseline,136,6,0.5813838397364346,child,19,9,0.0,0.0,0,
baseline,137,6,0.1834367475007917,adult,17,1,0.4811,0.4811,0,
baseline,138,6,0.30240291417804127,adult,13,6,0.0883,0.0883,0,
baseline,139,6,0.28188702499195395,adult,11,0,0.4471,0.4471,0,
baseline,140,6,0.3042444979413341,adult,13,6,0.0883,0.0883,0,
baseline,141,6,0.2410183959966361,adult,10,5,0.3149,0.3149,0,
baseline,142,6,0.25779477773074466,adult,18,7,0.0,0.0,0,
baseline,143,6,0.2024052019176551,adult,7,8,0.0134,0.0134,0,
baseline,144,6,0.8349906142726966,elderly,2,5,0.213,0.213,0,
baseline,145,6,0.23016660216907392,adult,9,7,0.0002,0.0002,0,
baseline,146,6,0.22633729077264053,adult,12,0,0.5277,0.5277,0,
baseline,147,6,0.18671782350320223,adult,15,5,0.0751,0.0751,0,
baseline,148,6,0.3265717377596302,adult,9,0,0.391,0.391,0,
baseline,149,6,0.5931363866533521,child,7,3,0.2192,0.2192,0,
baseline,150,6,0.33786967348278196,adult,10,7,0.0,0.0,0,
baseline,151,6,0.24434311120662164,adult,10,4,0.4805,0.4805,0,
baseline,152,6,0.3131721899623074,adult,3,3,0.2093,0.2093,0,
baseline,153,6,0.30482733918353766,adult,12,7,0.0,0.0,0,
baseline,154,6,0.5207407229993698,child,8,8,0.0,0.0,0,
baseline,155,6,0.2698840835350667,adult,10,4,0.4805,0.4805,0,
baseline,156,6,0.21854549526592404,adult,14,6,0.0846,0.0846,0,
baseline,157,6,0.7800885741958227,elderly,2,2,0.4613,0.4613,0,
baseline,158,6,0.22376698635368497,adult,19,9,0.0,0.0,0,
baseline,159,6,0.2490942753506871,adult,14,5,0.1145,0.1145,0,
baseline,160,6,0.23909707064169694,adult,8,3,0.429,0.429,0,
baseline,161,6,0.26816184340335836,adult,10,9,0.0,0.0,0,
baseline,162,6,0.5590101392326462,child,12,5,0.4904,0.4904,0,
baseline,163,6,0.2586620552478868,adult,12,8,0.0,0.0,0,
baseline,164,6,0.21874748549033007,adult,0,8,0.0,0.0,0,
baseline,165,6,0.26806801780654776,adult,4,2,0.4037,0.4037,0,
baseline,166,6,0.31453748099041595,adult,18,6,0.1992,0.1992,0,
baseline,167,6,0.5571003562232809,child,8,9,0.0,0.0,0,
baseline,168,6,0.28556981755657285,adult,18,2,0.5807,0.5807,0,
baseline,169,6,0.20289864310003097,adult,9,9,0.0,0.0,0,
baseline,170,6,0.2591235835153987,adult,14,4,0.1531,0.1531,0,
baseline,171,6,0.5403518780488572,child,11,0,0.4471,0.4471,0,
baseline,172,6,0.19710832762003697,adult,5,7,0.0514,0.0514,0,
baseline,173,6,0.7370654202189683,elderly,17,7,0.0,0.0,0,
baseline,174,6,0.5944522686442528,child,14,7,0.0,0.0,0,
baseline,175,6,0.27508362578769247,adult,12,7,0.0,0.0,0,
baseline,176,6,0.19711151507617047,adult,5,5,0.1258,0.1258,0,
baseline,177,6,0.2626617426734974,adult,8,9,0.0,0.0,0,
baseline,178,6,0.2950995521960962,adult,0,0,0.3817,0.3817,0,
baseline,179,6,0.3774069229558558,adult,15,3,0.1704,0.1704,0,
baseline,180,6,0.7054964868146433,elderly,14,7,0.0,0.0,0,
baseline,181,6,0.5168708354178837,child,9,7,0.0002,0.0002,0,
baseline,182,6,0.22452710037794926,adult,6,2,0.4147,0.4147,0,
baseline,183,6,0.24281444929542967,adult,18,8,0.0,0.0,0,
baseline,184,6,0.20656651882118987,adult,17,2,0.4786,0.4786,0,
baseline,185,6,0.895735664587469,elderly,6,7,0.0,0.0,0,
baseline,186,6,0.26608149821206883,adult,18,4,0.1978,0.1978,0,
baseline,187,6,0.22885027121419005,adult,5,9,0.0,0.0,0,
baseline,188,6,0.25818280463696514,adult,13,2,0.5132,0.5132,0,
baseline,189,6,0.25124888164635667,adult,12,7,0.0,0.0,0,
baseline,190,6,0.7388637748744878,elderly,15,1,0.3682,0.3682,0,
baseline,191,6,0.24355609940976028,adult,19,2,0.5914,0.5914,0,
baseline,192,6,0.2622858672661557,adult,12,4,0.4716,0.4716,0,
baseline,193,6,0.3114225338599181,adult,16,3,0.0842,0.0842,0,
baseline,194,6,0.7432938913438611,child,19,2,0.5914,0.5914,0,
baseline,195,6,0.26317722516719005,adult,19,2,0.5914,0.5914,0,
baseline,196,6,0.2246770526955429,adult,1,6,0.1484,0.1484,0,
baseline,197,6,0.5584044178321356,child,5,8,0.0,0.0,0,
baseline,198,6,0.2514953170246483,adult,6,5,0.1039,0.1039,0,
baseline,199,6,0.2899733601941726,adult,2,5,0.213,0.213,0,
baseline,200,6,0.25622285847923476,adult,12,3,0.3294,0.3294,0,
baseline,201,6,0.4521031631709903,adult,10,2,0.4235,0.4235,0,
baseline,202,6,0.1634121024151908,adult,17,7,0.0,0.0,0,
baseline,203,6,0.5626995559129596,child,3,3,0.2093,0.2093,0,
baseline,204,6,0.327120941806494,adult,2,6,0.132,0.132,0,
baseline,205,6,0.7857123878054436,elderly,5,5,0.1258,0.1258,0,
baseline,206,6,0.5939394270629585,child,12,1,0.4644,0.4644,0,
baseline,207,6,0.28709923820747085,adult,18,8,0.0,0.0,0,
baseline,208,6,0.39542716557746904,adult,9,9,0.0,0.0,0,
baseline,209,6,0.27359697560694635,adult,10,8,0.0,0.0,0,
baseline,210,6,0.9020130166851742,elderly,7,6,0.1861,0.1861,0,
baseline,211,6,0.2713101047676122,adult,13,6,0.0883,0.0883,0,
baseline,212,6,0.24736743242291168,adult,1,0,0.4405,0.4405,0,
baseline,213,6,0.6794396779816514,elderly,0,0,0.3817,0.3817,0,
baseline,214,6,0.30091251551864373,adult,15,7,0.0,0.0,0,
baseline,215,6,0.21670540748307351,adult,2,0,0.3901,0.3901,0,
baseline,216,6,0.3687606793764565,adult,14,5,0.1145,0.1145,0,
baseline,217,6,0.2538767051714499,adult,12,8,0.0,0.0,0,
baseline,218,6,0.2824197149857894,adult,8,6,0.203,0.203,0,
baseline,219,6,0.5636693672210529,child,1,1,0.4085,0.4085,0,
baseline,220,6,0.6948217456126036,child,16,0,0.5355,0.5355,0,
baseline,221,6,0.8780226911713226,elderly,2,3,0.074,0.074,0,
baseline,222,6,0.30180138271631185,adult,3,9,0.0,0.0,0,
baseline,223,6,0.19113770908623962,adult,5,8,0.0,0.0,0,
baseline,224,6,0.22956484340680797,adult,13,1,0.4859,0.4859,0,
baseline,225,6,0.2188924625952585,adult,1,6,0.1484,0.1484,0,
baseline,226,6,0.688413136429157,elderly,7,2,0.4146,0.4146,0,
baseline,227,6,0.7561906848382751,elderly,8,2,0.4755,0.4755,0,
baseline,228,6,0.566836488720734,child,4,1,0.432,0.432,0,
baseline,229,6,0.5049212893202911,child,9,6,0.2358,0.2358,0,
baseline,230,6,0.2379441270070261,adult,14,3,0.0855,0.0855,0,
baseline,231,6,0.21828841423349848,adult,15,9,0.0,0.0,0,
baseline,232,6,0.1839452306394218,adult,8,5,0.4209,0.4209,0,
baseline,233,6,0.29492040259128455,adult,2,9,0.0,0.0,0,
baseline,234,6,0.29013491932937124,adult,5,8,0.0,0.0,0,
baseline,235,6,0.34669130855252334,adult,13,3,0.1771,0.1771,0,
baseline,236,6,0.28232450555661204,adult,11,7,0.0,0.0,0,
baseline,237,6,0.5757509116895175,child,6,4,0.1256,0.1256,0,
baseline,238,6,0.5403723756597331,child,8,4,0.4699,0.4699,0,
baseline,239,6,0.5952182201485263,child,7,3,0.2192,0.2192,0,
baseline,0,7,0.5380812195557422,child,10,0,0.5391,0.5391,0,
baseline,1,7,0.5438885528571922,child,17,8,0.0656,0.0656,0,
baseline,2,7,0.7202561588196462,elderly,5,2,0.5243,0.5243,0,
baseline,3,7,0.216473321571373,adult,16,0,0.606,0.606,0,
baseline,4,7,0.179291256914281,adult,7,2,0.5373,0.5373,0,
baseline,5,7,0.7742080791371789,elderly,9,3,0.5047,0.5047,0,
baseline,6,7,0.6860132284779408,elderly,2,0,0.5624,0.5624,0,
baseline,7,7,0.24933523196076668,adult,13,5,0.351,0.351,0,
baseline,8,7,0.6343234811450121,child,2,1,0.6113,0.6113,0,
baseline,9,7,0.2937927377360272,adult,6,2,0.5258,0.5258,0,
baseline,10,7,0.29067965400666446,adult,17,2,0.6004,0.6004,0,
baseline,11,7,0.29337902378575376,adult,11,7,0.0556,0.0556,0,
baseline,12,7,0.2580821854764632,adult,4,7,0.1373,0.1373,0,
baseline,13,7,0.23208808428151181,adult,17,4,0.2755,0.2755,0,
baseline,14,7,0.22746461649058938,adult,16,9,0.0942,0.0942,0,
baseline,15,7,0.4919996898463789,child,13,6,0.3189,0.3189,0,
baseline,16,7,0.7297879386484595,child,5,3,0.375,0.375,0,
baseline,17,7,0.6910243835711712,elderly,18,0,0.514,0.514,0,
baseline,18,7,0.27290224990437284,adult,17,9,0.1012,0.1012,0,
baseline,19,7,0.5918994514851882,child,10,2,0.6253,0.6253,0,
baseline,20,7,0.20000931813748296,adult,12,5,0.6092,0.6092,0,
baseline,21,7,0.2566225962051309,adult,16,0,0.606,0.606,0,
baseline,22,7,0.2636593411524598,adult,3,6,0.2798,0.2798,0,
baseline,23,7,0.6949427075347202,child,13,5,0.351,0.351,0,
baseline,24,7,0.36652485810151314,adult,7,3,0.3664,0.3664,0,
baseline,25,7,0.2443193234562278,adult,0,4,0.3046,0.3046,0,
baseline,26,7,0.3010033863387559,adult,3,5,0.271,0.271,0,
baseline,27,7,0.264862699158784,adult,8,2,0.6326,0.6326,0,
baseline,28,7,0.25879019854094,adult,2,8,0.0642,0.0642,0,
baseline,29,7,0.31974955111962444,adult,0,9,0.1649,0.1649,0,
baseline,30,7,0.1555928571749553,adult,15,9,0.174,0.174,0,
baseline,31,7,0.548458082951535,child,14,7,0.0534,0.0534,0,
baseline,32,7,0.2544761312097897,adult,4,4,0.229,0.229,0,
baseline,33,7,0.3227939887511161,adult,15,9,0.174,0.174,0,
baseline,34,7,0.6558716694259125,child,16,9,0.0942,0.0942,0,
baseline,35,7,0.5492700374659585,child,9,9,0.0901,0.0901,0,
baseline,36,7,0.28742961388729216,adult,0,0,0.5399,0.5399,0,
baseline,37,7,0.862770385621313,elderly,1,2,0.561,0.561,0,
baseline,38,7,0.23693857704201632,adult,0,6,0.2918,0.2918,0,
baseline,39,7,0.2454791545887237,adult,3,7,0.0139,0.0139,0,
baseline,40,7,0.583334998890488,child,8,4,0.5046,0.5046,0,
baseline,41,7,0.2636638551640602,adult,5,5,0.161,0.161,0,
baseline,42,7,0.9350941601422765,elderly,13,7,0.0943,0.0943,0,
baseline,43,7,0.21562936030731708,adult,19,7,0.0911,0.0911,0,
baseline,44,7,0.5397436170004551,child,11,4,0.614,0.614,0,
baseline,45,7,0.18354442553252845,adult,0,2,0.4899,0.4899,0,
baseline,46,7,0.27255587776068274,adult,19,0,0.5818,0.5818,0,
baseline,47,7,0.30152879677991906,adult,10,7,0.1359,0.1359,0,
baseline,48,7,0.2424720207354753,adult,11,8,0.0654,0.0654,0,
baseline,49,7,0.7645513584523809,elderly,16,5,0.3632,0.3632,0,
baseline,50,7,0.41514306586559097,adult,13,7,0.0943,0.0943,0,
baseline,51,7,0.2061884568547753,adult,12,0,0.5927,0.5927,0,
baseline,52,7,0.31853752554381776,adult,7,8,0.0826,0.0826,0,
baseline,53,7,0.2638404878487771,adult,15,6,0.3791,0.3791,0,
baseline,54,7,0.21400695401395703,adult,0,4,0.3046,0.3046,0,
baseline,55,7,0.3026292881022382,adult,0,0,0.5399,0.5399,0,
baseline,56,7,0.7372548908762495,elderly,12,0,0.5927,0.5927,0,
baseline,57,7,0.2208870448850433,adult,8,1,0.6377,0.6377,0,
baseline,58,7,0.3144823244892736,adult,4,6,0.2528,0.2528,0,
baseline,59,7,0.22063955497119142,adult,14,0,0.6084,0.6084,0,
baseline,60,7,0.5166058535491507,child,16,2,0.6166,0.6166,0,
baseline,61,7,0.23464792877787313,adult,14,0,0.6084,0.6084,0,
baseline,62,7,0.7780271499327811,elderly,2,1,0.6113,0.6113,0,
baseline,63,7,0.7701272985546185,elderly,5,2,0.5243,0.5243,0,
baseline,64,7,0.260395348860413,adult,16,3,0.2546,0.2546,0,
baseline,65,7,0.18124989624959473,adult,15,8,0.0455,0.0455,0,
baseline,66,7,0.7479987221088478,elderly,10,9,0.0388,0.0388,0,
baseline,67,7,0.2747694705910339,adult,0,3,0.2149,0.2149,0,
baseline,68,7,0.2623728676439467,adult,14,3,0.2785,0.2785,0,
baseline,69,7,0.3475954363017591,adult,13,4,0.2053,0.2053,0,
baseline,70,7,0.18683697056304266,adult,5,7,0.1789,0.1789,0,
baseline,71,7,0.2252873014963322,adult,10,3,0.6394,0.6394,0,
baseline,72,7,0.3073174185068305,adult,4,6,0.2528,0.2528,0,
baseline,73,7,0.28651314785661347,adult,19,2,0.621,0.621,0,
baseline,74,7,0.7497164804572996,elderly,0,9,0.1649,0.1649,0,
baseline,75,7,0.8576126643135189,elderly,13,2,0.638,0.638,0,
baseline,76,7,0.24339714453787592,adult,1,4,0.3455,0.3455,0,
baseline,77,7,0.5658695094941405,child,7,2,0.5373,0.5373,0,
baseline,78,7,0.2557292455827229,adult,19,1,0.6376,0.6376,0,
baseline,79,7,0.31274852127145286,adult,4,6,0.2528,0.2528,0,
baseline,80,7,0.24192319037630758,adult,0,0,0.5399,0.5399,0,
baseline,81,7,0.7495257436955758,elderly,19,7,0.0911,0.0911,0,
baseline,82,7,0.2094635281564155,adult,14,2,0.5899,0.5899,0,
baseline,83,7,0.2368250785688548,adult,11,3,0.5883,0.5883,0,
baseline,84,7,0.7597628712547879,elderly,2,9,0.1352,0.1352,0,
baseline,85,7,0.2134449412553841,adult,11,9,0.0684,0.0684,0,
baseline,86,7,0.26029034175119803,adult,8,5,0.5641,0.5641,0,
baseline,87,7,0.8739793646798583,elderly,8,8,0.2328,0.2328,0,
baseline,88,7,0.23068402377938965,adult,19,9,0.0775,0.0775,0,
baseline,89,7,0.21593278881496686,adult,16,2,0.6166,0.6166,0,
baseline,90,7,0.7286621276353521,elderly,15,8,0.0455,0.0455,0,
baseline,91,7,0.2651344904420061,adult,18,3,0.2754,0.2754,0,
baseline,92,7,0.20377115206369537,adult,15,5,0.2772,0.2772,0,
baseline,93,7,0.20132533923371512,adult,3,5,0.271,0.271,0,
baseline,94,7,0.7049720665964455,elderly,0,9,0.1649,0.1649,0,
baseline,95,7,0.25100462370739207,adult,17,3,0.2419,0.2419,0,
baseline,96,7,0.4955828490431283,child,4,7,0.1373,0.1373,0,
baseline,97,7,0.27283994893939245,adult,19,1,0.6376,0.6376,0,
baseline,98,7,0.21712454129440448,adult,17,7,0.093,0.093,0,
baseline,99,7,0.7185461557640977,elderly,6,7,0.104,0.104,0,
baseline,100,7,0.4754623971272218,child,11,4,0.614,0.614,0,
baseline,101,7,0.814329171491318,elderly,9,4,0.4998,0.4998,0,
baseline,102,7,0.9382392363354756,elderly,3,9,0.0289,0.0289,0,
baseline,103,7,0.30010692589416543,adult,2,2,0.5551,0.5551,0,
baseline,104,7,0.8126300272600911,elderly,6,5,0.3111,0.3111,0,
baseline,105,7,0.23441354547710377,adult,17,5,0.3373,0.3373,0,
baseline,106,7,0.5066140359967927,child,4,2,0.6051,0.6051,0,
baseline,107,7,0.5631658536919568,child,4,0,0.5928,0.5928,0,
baseline,108,7,0.23073770055214435,adult,6,0,0.5893,0.5893,0,
baseline,109,7,0.29657377246189087,adult,12,6,0.3372,0.3372,0,
baseline,110,7,0.27279255604127917,adult,2,6,0.4181,0.4181,0,
baseline,111,7,0.5291861555650081,child,17,4,0.2755,0.2755,0,
baseline,112,7,0.8908951292054481,elderly,5,6,0.4325,0.4325,0,
baseline,113,7,0.5158957569432061,child,8,7,0.1514,0.1514,0,
baseline,114,7,0.8593264155201461,elderly,17,8,0.0656,0.0656,0,
baseline,115,7,0.32052011433136096,adult,13,4,0.2053,0.2053,0,
baseline,116,7,0.5844185905950111,child,5,9,0.1085,0.1085,0,
baseline,117,7,0.24225311600942953,adult,12,7,0.0817,0.0817,0,
baseline,118,7,0.2089072670144541,adult,13,0,0.6211,0.6211,0,
baseline,119,7,0.9022295288833049,elderly,5,7,0.1789,0.1789,0,
baseline,120,7,0.5289935218684951,child,16,3,0.2546,0.2546,0,
baseline,121,7,0.42582414868915897,adult,4,0,0.5928,0.5928,0,
baseline,122,7,0.321155028793213,adult,0,9,0.1649,0.1649,0,
baseline,123,7,0.6995000220419753,child,17,9,0.1012,0.1012,0,
baseline,124,7,0.562529225395729,child,17,7,0.093,0.093,0,
baseline,125,7,0.8475195178808403,elderly,2,0,0.5624,0.5624,0,
baseline,126,7,0.5540215869676903,child,13,4,0.2053,0.2053,0,
baseline,127,7,0.766520446349269,elderly,18,3,0.2754,0.2754,0,
baseline,128,7,0.7416409671545062,elderly,16,9,0.0942,0.0942,0,
baseline,129,7,0.1865474786824886,adult,3,8,0.0779,0.0779,0,
baseline,130,7,0.5991072876975088,child,19,1,0.6376,0.6376,0,
baseline,131,7,0.6713434192845964,child,15,2,0.4672,0.4672,0,
baseline,132,7,0.26809246029419453,adult,6,2,0.5258,0.5258,0,
baseline,133,7,0.22890676933880374,adult,14,8,0.1448,0.1448,0,
baseline,134,7,0.21223556584054845,adult,2,6,0.4181,0.4181,0,
baseline,135,7,0.4871906993496808,child,8,6,0.295,0.295,0,
baseline,136,7,0.5813838397364346,child,3,4,0.3304,0.3304,0,
baseline,137,7,0.1834367475007917,adult,8,5,0.5641,0.5641,0,
baseline,138,7,0.30240291417804127,adult,16,8,0.1025,0.1025,0,
baseline,139,7,0.28188702499195395,adult,18,2,0.6411,0.6411,0,
baseline,140,7,0.3042444979413341,adult,8,8,0.2328,0.2328,0,
baseline,141,7,0.2410183959966361,adult,19,4,0.3038,0.3038,0,
baseline,142,7,0.25779477773074466,adult,15,5,0.2772,0.2772,0,
baseline,143,7,0.2024052019176551,adult,13,8,0.1704,0.1704,0,
baseline,144,7,0.8349906142726966,elderly,17,3,0.2419,0.2419,0,
baseline,145,7,0.23016660216907392,adult,12,3,0.4775,0.4775,0,
baseline,146,7,0.22633729077264053,adult,3,0,0.5833,0.5833,0,
baseline,147,7,0.18671782350320223,adult,14,1,0.6751,0.6751,0,
baseline,148,7,0.3265717377596302,adult,14,1,0.6751,0.6751,0,
baseline,149,7,0.5931363866533521,child,10,8,0.2353,0.2353,0,
baseline,150,7,0.33786967348278196,adult,8,1,0.6377,0.6377,0,
baseline,151,7,0.24434311120662164,adult,15,0,0.6344,0.6344,0,
baseline,152,7,0.3131721899623074,adult,11,5,0.5165,0.5165,0,
baseline,153,7,0.30482733918353766,adult,13,8,0.1704,0.1704,0,
baseline,154,7,0.5207407229993698,child,18,2,0.6411,0.6411,0,
baseline,155,7,0.2698840835350667,adult,9,5,0.5302,0.5302,0,
baseline,156,7,0.21854549526592404,adult,12,7,0.0817,0.0817,0,
baseline,157,7,0.7800885741958227,elderly,4,2,0.6051,0.6051,0,
baseline,158,7,0.22376698635368497,adult,10,9,0.0388,0.0388,0,
baseline,159,7,0.2490942753506871,adult,11,0,0.6588,0.6588,0,
baseline,160,7,0.23909707064169694,adult,16,5,0.3632,0.3632,0,
baseline,161,7,0.26816184340335836,adult,10,5,0.6245,0.6245,0,
baseline,162,7,0.5590101392326462,child,8,4,0.5046,0.5046,0,
baseline,163,7,0.2586620552478868,adult,15,4,0.2452,0.2452,0,
baseline,164,7,0.21874748549033007,adult,12,4,0.6513,0.6513,0,
baseline,165,7,0.26806801780654776,adult,3,3,0.314,0.314,0,
baseline,166,7,0.31453748099041595,adult,7,5,0.3265,0.3265,0,
baseline,167,7,0.5571003562232809,child,18,5,0.3626,0.3626,0,
baseline,168,7,0.28556981755657285,adult,9,7,0.1372,0.1372,0,
baseline,169,7,0.20289864310003097,adult,11,7,0.0556,0.0556,0,
baseline,170,7,0.2591235835153987,adult,11,9,0.0684,0.0684,0,
baseline,171,7,0.5403518780488572,child,0,0,0.5399,0.5399,0,
baseline,172,7,0.19710832762003697,adult,17,8,0.0656,0.0656,0,
baseline,173,7,0.7370654202189683,elderly,6,9,0.0642,0.0642,0,
baseline,174,7,0.5944522686442528,child,19,2,0.621,0.621,0,
baseline,175,7,0.27508362578769247,adult,1,3,0.2832,0.2832,0,
baseline,176,7,0.19711151507617047,adult,8,4,0.5046,0.5046,0,
baseline,177,7,0.2626617426734974,adult,6,6,0.36,0.36,0,
baseline,178,7,0.2950995521960962,adult,2,6,0.4181,0.4181,0,
baseline,179,7,0.3774069229558558,adult,16,4,0.2966,0.2966,0,
baseline,180,7,0.7054964868146433,elderly,17,8,0.0656,0.0656,0,
baseline,181,7,0.5168708354178837,child,14,0,0.6084,0.6084,0,
baseline,182,7,0.22452710037794926,adult,14,7,0.0534,0.0534,0,
baseline,183,7,0.24281444929542967,adult,18,6,0.3334,0.3334,0,
baseline,184,7,0.20656651882118987,adult,19,3,0.256,0.256,0,
baseline,185,7,0.895735664587469,elderly,12,0,0.5927,0.5927,0,
baseline,186,7,0.26608149821206883,adult,12,2,0.6232,0.6232,0,
baseline,187,7,0.22885027121419005,adult,4,0,0.5928,0.5928,0,
baseline,188,7,0.25818280463696514,adult,11,4,0.614,0.614,0,
baseline,189,7,0.25124888164635667,adult,2,8,0.0642,0.0642,0,
baseline,190,7,0.7388637748744878,elderly,5,7,0.1789,0.1789,0,
baseline,191,7,0.24355609940976028,adult,3,7,0.0139,0.0139,0,
baseline,192,7,0.2622858672661557,adult,1,7,0.034,0.034,0,
baseline,193,7,0.3114225338599181,adult,0,5,0.2504,0.2504,0,
baseline,194,7,0.7432938913438611,child,7,5,0.3265,0.3265,0,
baseline,195,7,0.26317722516719005,adult,7,5,0.3265,0.3265,0,
baseline,196,7,0.2246770526955429,adult,9,8,0.0801,0.0801,0,
baseline,197,7,0.5584044178321356,child,9,7,0.1372,0.1372,0,
baseline,198,7,0.2514953170246483,adult,8,4,0.5046,0.5046,0,
baseline,199,7,0.2899733601941726,adult,14,5,0.2772,0.2772,0,
baseline,200,7,0.25622285847923476,adult,10,6,0.2876,0.2876,0,
baseline,201,7,0.4521031631709903,adult,17,0,0.5703,0.5703,0,
baseline,202,7,0.1634121024151908,adult,19,7,0.0911,0.0911,0,
baseline,203,7,0.5626995559129596,child,14,1,0.6751,0.6751,0,
baseline,204,7,0.327120941806494,adult,15,7,0.0426,0.0426,0,
baseline,205,7,0.7857123878054436,elderly,4,6,0.2528,0.2528,0,
baseline,206,7,0.5939394270629585,child,4,8,0.1853,0.1853,0,
baseline,207,7,0.28709923820747085,adult,11,4,0.614,0.614,0,
baseline,208,7,0.39542716557746904,adult,18,4,0.3193,0.3193,0,
baseline,209,7,0.27359697560694635,adult,0,1,0.5911,0.5911,0,
baseline,210,7,0.9020130166851742,elderly,2,6,0.4181,0.4181,0,
baseline,211,7,0.2713101047676122,adult,8,6,0.295,0.295,0,
baseline,212,7,0.24736743242291168,adult,9,8,0.0801,0.0801,0,
baseline,213,7,0.6794396779816514,elderly,18,1,0.5331,0.5331,0,
baseline,214,7,0.30091251551864373,adult,1,0,0.5978,0.5978,0,
baseline,215,7,0.21670540748307351,adult,19,0,0.5818,0.5818,0,
baseline,216,7,0.3687606793764565,adult,3,6,0.2798,0.2798,0,
baseline,217,7,0.2538767051714499,adult,1,4,0.3455,0.3455,0,
baseline,218,7,0.2824197149857894,adult,2,6,0.4181,0.4181,0,
baseline,219,7,0.5636693672210529,child,6,1,0.6051,0.6051,0,
baseline,220,7,0.6948217456126036,child,10,8,0.2353,0.2353,0,
baseline,221,7,0.8780226911713226,elderly,13,3,0.4494,0.4494,0,
baseline,222,7,0.30180138271631185,adult,3,9,0.0289,0.0289,0,
baseline,223,7,0.19113770908623962,adult,1,1,0.6604,0.6604,0,
baseline,224,7,0.22956484340680797,adult,12,9,0.1281,0.1281,0,
baseline,225,7,0.2188924625952585,adult,11,7,0.0556,0.0556,0,
baseline,226,7,0.688413136429157,elderly,17,5,0.3373,0.3373,0,
baseline,227,7,0.7561906848382751,elderly,7,7,0.0478,0.0478,0,
baseline,228,7,0.566836488720734,child,11,1,0.6849,0.6849,0,
baseline,229,7,0.5049212893202911,child,4,4,0.229,0.229,0,
baseline,230,7,0.2379441270070261,adult,8,4,0.5046,0.5046,0,
baseline,231,7,0.21828841423349848,adult,0,7,0.0946,0.0946,0,
baseline,232,7,0.1839452306394218,adult,13,2,0.638,0.638,0,
baseline,233,7,0.29492040259128455,adult,5,4,0.2672,0.2672,0,
baseline,234,7,0.29013491932937124,adult,0,4,0.3046,0.3046,0,
baseline,235,7,0.34669130855252334,adult,10,9,0.0388,0.0388,0,
baseline,236,7,0.28232450555661204,adult,9,0,0.5983,0.5983,0,
baseline,237,7,0.5757509116895175,child,1,1,0.6604,0.6604,0,
baseline,238,7,0.5403723756597331,child,12,1,0.6075,0.6075,0,
baseline,239,7,0.5952182201485263,child,10,9,0.0388,0.0388,0,
baseline,0,8,0.5380812195557422,child,11,2,0.9123,0.9123,0,
baseline,1,8,0.5438885528571922,child,18,9,0.3138,0.3138,0,
baseline,2,8,0.7202561588196462,elderly,8,5,0.7742,0.7742,0,
baseline,3,8,0.216473321571373,adult,15,2,0.8066,0.8066,0,
baseline,4,8,0.179291256914281,adult,7,0,0.8312,0.8312,0,
baseline,5,8,0.7742080791371789,elderly,8,2,0.7855,0.7855,0,
baseline,6,8,0.6860132284779408,elderly,4,0,0.7977,0.7977,0,
baseline,7,8,0.24933523196076668,adult,14,6,0.5148,0.5148,0,
baseline,8,8,0.6343234811450121,child,4,0,0.7977,0.7977,0,
baseline,9,8,0.2937927377360272,adult,2,5,0.5706,0.5706,0,
baseline,10,8,0.29067965400666446,adult,14,6,0.5148,0.5148,0,
baseline,11,8,0.29337902378575376,adult,8,5,0.7742,0.7742,0,
baseline,12,8,0.2580821854764632,adult,7,8,0.3274,0.3274,0,
baseline,13,8,0.23208808428151181,adult,15,2,0.8066,0.8066,0,
baseline,14,8,0.22746461649058938,adult,18,9,0.3138,0.3138,0,
baseline,15,8,0.4919996898463789,child,14,6,0.5148,0.5148,0,
baseline,16,8,0.7297879386484595,child,4,5,0.5235,0.5235,0,
baseline,17,8,0.6910243835711712,elderly,15,0,0.8911,0.8911,0,
baseline,18,8,0.27290224990437284,adult,17,7,0.3855,0.3855,0,
baseline,19,8,0.5918994514851882,child,8,6,0.555,0.555,0,
baseline,20,8,0.20000931813748296,adult,15,7,0.3164,0.3164,0,
baseline,21,8,0.2566225962051309,adult,17,0,0.857,0.857,0,
baseline,22,8,0.2636593411524598,adult,0,5,0.5825,0.5825,0,
baseline,23,8,0.6949427075347202,child,16,5,0.5686,0.5686,0,
baseline,24,8,0.36652485810151314,adult,5,4,0.5803,0.5803,0,
baseline,25,8,0.2443193234562278,adult,2,3,0.5044,0.5044,0,
baseline,26,8,0.3010033863387559,adult,0,8,0.4171,0.4171,0,
baseline,27,8,0.264862699158784,adult,11,0,0.8567,0.8567,0,
baseline,28,8,0.25879019854094,adult,1,8,0.2983,0.2983,0,
baseline,29,8,0.31974955111962444,adult,0,8,0.4171,0.4171,0,
baseline,30,8,0.1555928571749553,adult,16,9,0.4008,0.4008,0,
baseline,31,8,0.548458082951535,child,13,4,0.5846,0.5846,0,
baseline,32,8,0.2544761312097897,adult,6,7,0.3034,0.3034,0,
baseline,33,8,0.3227939887511161,adult,16,9,0.4008,0.4008,0,
baseline,34,8,0.6558716694259125,child,15,9,0.3537,0.3537,0,
baseline,35,8,0.5492700374659585,child,9,6,0.5795,0.5795,0,
baseline,36,8,0.28742961388729216,adult,0,0,0.7654,0.7654,0,
baseline,37,8,0.862770385621313,elderly,2,3,0.5044,0.5044,0,
baseline,38,8,0.23693857704201632,adult,2,6,0.5126,0.5126,0,
baseline,39,8,0.2454791545887237,adult,1,9,0.2943,0.2943,0,
baseline,40,8,0.583334998890488,child,8,4,0.7837,0.7837,0,
baseline,41,8,0.2636638551640602,adult,6,1,0.8306,0.8306,0,
baseline,42,8,0.9350941601422765,elderly,13,7,0.3037,0.3037,0,
baseline,43,8,0.21562936030731708,adult,18,5,0.5965,0.5965,0,
baseline,44,8,0.5397436170004551,child,14,1,0.8147,0.8147,0,
baseline,45,8,0.18354442553252845,adult,0,3,0.5552,0.5552,0,
baseline,46,8,0.27255587776068274,adult,19,0,0.8347,0.8347,0,
baseline,47,8,0.30152879677991906,adult,11,7,0.3039,0.3039,0,
baseline,48,8,0.2424720207354753,adult,13,6,0.5904,0.5904,0,
baseline,49,8,0.7645513584523809,elderly,13,4,0.5846,0.5846,0,
baseline,50,8,0.41514306586559097,adult,12,7,0.3119,0.3119,0,
baseline,51,8,0.2061884568547753,adult,12,1,0.8825,0.8825,0,
baseline,52,8,0.31853752554381776,adult,6,9,0.3573,0.3573,0,
baseline,53,8,0.2638404878487771,adult,18,7,0.242,0.242,0,
baseline,54,8,0.21400695401395703,adult,0,2,0.848,0.848,0,
baseline,55,8,0.3026292881022382,adult,2,0,0.8061,0.8061,0,
baseline,56,8,0.7372548908762495,elderly,11,0,0.8567,0.8567,0,
baseline,57,8,0.2208870448850433,adult,9,0,0.817,0.817,0,
baseline,58,8,0.3144823244892736,adult,5,6,0.5436,0.5436,0,
baseline,59,8,0.22063955497119142,adult,13,0,0.8836,0.8836,0,
baseline,60,8,0.5166058535491507,child,17,3,0.5122,0.5122,0,
baseline,61,8,0.23464792877787313,adult,12,0,0.7844,0.7844,0,
baseline,62,8,0.7780271499327811,elderly,3,0,0.8174,0.8174,0,
baseline,63,8,0.7701272985546185,elderly,5,5,0.4778,0.4778,0,
baseline,64,8,0.260395348860413,adult,16,4,0.4891,0.4891,0,
baseline,65,8,0.18124989624959473,adult,17,9,0.3703,0.3703,0,
baseline,66,8,0.7479987221088478,elderly,6,9,0.3573,0.3573,0,
baseline,67,8,0.2747694705910339,adult,2,6,0.5126,0.5126,0,
baseline,68,8,0.2623728676439467,adult,18,1,0.8728,0.8728,0,
baseline,69,8,0.3475954363017591,adult,10,3,0.8619,0.8619,0,
baseline,70,8,0.18683697056304266,adult,7,9,0.3892,0.3892,0,
baseline,71,8,0.2252873014963322,adult,9,5,0.7994,0.7994,0,
baseline,72,8,0.3073174185068305,adult,4,7,0.3417,0.3417,0,
baseline,73,8,0.28651314785661347,adult,19,4,0.532,0.532,0,
baseline,74,8,0.7497164804572996,elderly,0,5,0.5825,0.5825,0,
baseline,75,8,0.8576126643135189,elderly,14,4,0.6095,0.6095,0,
baseline,76,8,0.24339714453787592,adult,1,5,0.6039,0.6039,0,
baseline,77,8,0.5658695094941405,child,7,5,0.4971,0.4971,0,
baseline,78,8,0.2557292455827229,adult,17,2,0.831,0.831,0,
baseline,79,8,0.31274852127145286,adult,5,4,0.5803,0.5803,0,
baseline,80,8,0.24192319037630758,adult,0,0,0.7654,0.7654,0,
baseline,81,8,0.7495257436955758,elderly,17,7,0.3855,0.3855,0,
baseline,82,8,0.2094635281564155,adult,17,2,0.831,0.831,0,
baseline,83,8,0.2368250785688548,adult,12,0,0.7844,0.7844,0,
baseline,84,8,0.7597628712547879,elderly,3,5,0.5081,0.5081,0,
baseline,85,8,0.2134449412553841,adult,13,7,0.3037,0.3037,0,
baseline,86,8,0.26029034175119803,adult,7,4,0.609,0.609,0,
baseline,87,8,0.8739793646798583,elderly,10,8,0.3671,0.3671,0,
baseline,88,8,0.23068402377938965,adult,19,7,0.3876,0.3876,0,
baseline,89,8,0.21593278881496686,adult,16,5,0.5686,0.5686,0,
baseline,90,8,0.7286621276353521,elderly,15,9,0.3537,0.3537,0,
baseline,91,8,0.2651344904420061,adult,19,3,0.4922,0.4922,0,
baseline,92,8,0.20377115206369537,adult,18,5,0.5965,0.5965,0,
baseline,93,8,0.20132533923371512,adult,3,8,0.3246,0.3246,0,
baseline,94,8,0.7049720665964455,elderly,1,9,0.2943,0.2943,0,
baseline,95,8,0.25100462370739207,adult,13,0,0.8836,0.8836,0,
baseline,96,8,0.4955828490431283,child,2,6,0.5126,0.5126,0,
baseline,97,8,0.27283994893939245,adult,17,0,0.857,0.857,0,
baseline,98,8,0.21712454129440448,adult,14,9,0.4054,0.4054,0,
baseline,99,8,0.7185461557640977,elderly,5,6,0.5436,0.5436,0,
baseline,100,8,0.4754623971272218,child,10,2,0.7481,0.7481,0,
baseline,101,8,0.814329171491318,elderly,7,1,0.8213,0.8213,0,
baseline,102,8,0.9382392363354756,elderly,1,8,0.2983,0.2983,0,
baseline,103,8,0.30010692589416543,adult,0,0,0.7654,0.7654,0,
baseline,104,8,0.8126300272600911,elderly,4,3,0.6588,0.6588,0,
baseline,105,8,0.23441354547710377,adult,19,8,0.2909,0.2909,0,
baseline,106,8,0.5066140359967927,child,3,5,0.5081,0.5081,0,
baseline,107,8,0.5631658536919568,child,4,4,0.5295,0.5295,0,
baseline,108,8,0.23073770055214435,adult,9,4,0.7497,0.7497,0,
baseline,109,8,0.29657377246189087,adult,10,4,0.7758,0.7758,0,
baseline,110,8,0.27279255604127917,adult,3,8,0.3246,0.3246,0,
baseline,111,8,0.5291861555650081,child,13,6,0.5904,0.5904,0,
baseline,112,8,0.8908951292054481,elderly,5,5,0.4778,0.4778,0,
baseline,113,8,0.5158957569432061,child,9,7,0.3782,0.3782,0,
baseline,114,8,0.8593264155201461,elderly,13,9,0.4621,0.4621,0,
baseline,115,8,0.32052011433136096,adult,13,6,0.5904,0.5904,0,
baseline,116,8,0.5844185905950111,child,1,9,0.2943,0.2943,0,
baseline,117,8,0.24225311600942953,adult,8,6,0.555,0.555,0,
baseline,118,8,0.2089072670144541,adult,13,3,0.4579,0.4579,0,
baseline,119,8,0.9022295288833049,elderly,6,4,0.5386,0.5386,0,
baseline,120,8,0.5289935218684951,child,15,3,0.5416,0.5416,0,
baseline,121,8,0.42582414868915897,adult,6,1,0.8306,0.8306,0,
baseline,122,8,0.321155028793213,adult,0,9,0.3144,0.3144,0,
baseline,123,8,0.6995000220419753,child,19,9,0.2967,0.2967,0,
baseline,124,8,0.562529225395729,child,18,7,0.242,0.242,0,
baseline,125,8,0.8475195178808403,elderly,3,3,0.5639,0.5639,0,
baseline,126,8,0.5540215869676903,child,15,5,0.4791,0.4791,0,
baseline,127,8,0.766520446349269,elderly,16,4,0.4891,0.4891,0,
baseline,128,8,0.7416409671545062,elderly,18,8,0.4013,0.4013,0,
baseline,129,8,0.1865474786824886,adult,0,6,0.4875,0.4875,0,
baseline,130,8,0.5991072876975088,child,16,2,0.9401,0.9401,0,
baseline,131,8,0.6713434192845964,child,14,4,0.6095,0.6095,0,
baseline,132,8,0.26809246029419453,adult,6,2,0.8281,0.8281,0,
baseline,133,8,0.22890676933880374,adult,14,6,0.5148,0.5148,0,
baseline,134,8,0.21223556584054845,adult,2,5,0.5706,0.5706,0,
baseline,135,8,0.4871906993496808,child,8,5,0.7742,0.7742,0,
baseline,136,8,0.5813838397364346,child,1,6,0.4368,0.4368,0,
baseline,137,8,0.1834367475007917,adult,5,6,0.5436,0.5436,0,
baseline,138,8,0.30240291417804127,adult,17,6,0.6075,0.6075,0,
baseline,139,8,0.28188702499195395,adult,17,0,0.857,0.857,0,
baseline,140,8,0.3042444979413341,adult,8,7,0.2432,0.2432,0,
baseline,141,8,0.2410183959966361,adult,17,6,0.6075,0.6075,0,
baseline,142,8,0.25779477773074466,adult,18,4,0.5025,0.5025,0,
baseline,143,8,0.2024052019176551,adult,14,6,0.5148,0.5148,0,
baseline,144,8,0.8349906142726966,elderly,17,2,0.831,0.831,0,
baseline,145,8,0.23016660216907392,adult,15,0,0.8911,0.8911,0,
baseline,146,8,0.22633729077264053,adult,0,0,0.7654,0.7654,0,
baseline,147,8,0.18671782350320223,adult,17,1,0.7949,0.7949,0,
baseline,148,8,0.3265717377596302,adult,17,1,0.7949,0.7949,0,
baseline,149,8,0.5931363866533521,child,11,7,0.3039,0.3039,0,
baseline,150,8,0.33786967348278196,adult,10,1,0.8725,0.8725,0,
baseline,151,8,0.24434311120662164,adult,18,1,0.8728,0.8728,0,
baseline,152,8,0.3131721899623074,adult,14,7,0.2637,0.2637,0,
baseline,153,8,0.30482733918353766,adult,16,7,0.3253,0.3253,0,
baseline,154,8,0.5207407229993698,child,19,5,0.5685,0.5685,0,
baseline,155,8,0.2698840835350667,adult,6,3,0.5372,0.5372,0,
baseline,156,8,0.21854549526592404,adult,8,6,0.555,0.555,0,
baseline,157,8,0.7800885741958227,elderly,4,5,0.5235,0.5235,0,
baseline,158,8,0.22376698635368497,adult,10,7,0.4016,0.4016,0,
baseline,159,8,0.2490942753506871,adult,13,2,0.8936,0.8936,0,
baseline,160,8,0.23909707064169694,adult,16,5,0.5686,0.5686,0,
baseline,161,8,0.26816184340335836,adult,13,3,0.4579,0.4579,0,
baseline,162,8,0.5590101392326462,child,8,4,0.7837,0.7837,0,
baseline,163,8,0.2586620552478868,adult,16,5,0.5686,0.5686,0,
baseline,164,8,0.21874748549033007,adult,13,5,0.5382,0.5382,0,
baseline,165,8,0.26806801780654776,adult,0,4,0.4916,0.4916,0,
baseline,166,8,0.31453748099041595,adult,9,6,0.5795,0.5795,0,
baseline,167,8,0.5571003562232809,child,17,2,0.831,0.831,0,
baseline,168,8,0.28556981755657285,adult,7,4,0.609,0.609,0,
baseline,169,8,0.20289864310003097,adult,9,8,0.3003,0.3003,0,
baseline,170,8,0.2591235835153987,adult,11,8,0.3356,0.3356,0,
baseline,171,8,0.5403518780488572,child,0,3,0.5552,0.5552,0,
baseline,172,8,0.19710832762003697,adult,16,8,0.3113,0.3113,0,
baseline,173,8,0.7370654202189683,elderly,5,8,0.3379,0.3379,0,
baseline,174,8,0.5944522686442528,child,19,5,0.5685,0.5685,0,
baseline,175,8,0.27508362578769247,adult,0,2,0.848,0.848,0,
baseline,176,8,0.19711151507617047,adult,10,2,0.7481,0.7481,0,
baseline,177,8,0.2626617426734974,adult,4,7,0.3417,0.3417,0,
baseline,178,8,0.2950995521960962,adult,2,6,0.5126,0.5126,0,
baseline,179,8,0.3774069229558558,adult,15,6,0.5991,0.5991,0,
baseline,180,8,0.7054964868146433,elderly,16,7,0.3253,0.3253,0,
baseline,181,8,0.5168708354178837,child,14,1,0.8147,0.8147,0,
baseline,182,8,0.22452710037794926,adult,12,4,0.6897,0.6897,0,
baseline,183,8,0.24281444929542967,adult,18,3,0.5225,0.5225,0,
baseline,184,8,0.20656651882118987,adult,19,4,0.532,0.532,0,
baseline,185,8,0.895735664587469,elderly,12,0,0.7844,0.7844,0,
baseline,186,8,0.26608149821206883,adult,10,0,0.804,0.804,0,
baseline,187,8,0.22885027121419005,adult,0,3,0.5552,0.5552,0,
baseline,188,8,0.25818280463696514,adult,11,2,0.9123,0.9123,0,
baseline,189,8,0.25124888164635667,adult,3,7,0.4069,0.4069,0,
baseline,190,8,0.7388637748744878,elderly,4,8,0.3828,0.3828,0,
baseline,191,8,0.24355609940976028,adult,7,3,0.5471,0.5471,0,
baseline,192,8,0.2622858672661557,adult,2,4,0.5563,0.5563,0,
baseline,193,8,0.3114225338599181,adult,0,7,0.3385,0.3385,0,
baseline,194,8,0.7432938913438611,child,8,4,0.7837,0.7837,0,
baseline,195,8,0.26317722516719005,adult,8,5,0.7742,0.7742,0,
baseline,196,8,0.2246770526955429,adult,10,5,0.7608,0.7608,0,
baseline,197,8,0.5584044178321356,child,9,9,0.3104,0.3104,0,
baseline,198,8,0.2514953170246483,adult,10,6,0.567,0.567,0,
baseline,199,8,0.2899733601941726,adult,14,4,0.6095,0.6095,0,
baseline,200,8,0.25622285847923476,adult,8,6,0.555,0.555,0,
baseline,201,8,0.4521031631709903,adult,18,0,0.8948,0.8948,0,
baseline,202,8,0.1634121024151908,adult,17,5,0.5555,0.5555,0,
baseline,203,8,0.5626995559129596,child,15,3,0.5416,0.5416,0,
baseline,204,8,0.327120941806494,adult,17,9,0.3703,0.3703,0,
baseline,205,8,0.7857123878054436,elderly,5,7,0.3466,0.3466,0,
baseline,206,8,0.5939394270629585,child,2,8,0.4339,0.4339,0,
baseline,207,8,0.28709923820747085,adult,11,7,0.3039,0.3039,0,
baseline,208,8,0.39542716557746904,adult,19,3,0.4922,0.4922,0,
baseline,209,8,0.27359697560694635,adult,0,4,0.4916,0.4916,0,
baseline,210,8,0.9020130166851742,elderly,2,3,0.5044,0.5044,0,
baseline,211,8,0.2713101047676122,adult,6,7,0.3034,0.3034,0,
baseline,212,8,0.24736743242291168,adult,7,8,0.3274,0.3274,0,
baseline,213,8,0.6794396779816514,elderly,17,4,0.5648,0.5648,0,
baseline,214,8,0.30091251551864373,adult,1,0,0.8237,0.8237,0,
baseline,215,8,0.21670540748307351,adult,16,0,0.818,0.818,0,
baseline,216,8,0.3687606793764565,adult,4,7,0.3417,0.3417,0,
baseline,217,8,0.2538767051714499,adult,4,3,0.6588,0.6588,0,
baseline,218,8,0.2824197149857894,adult,0,8,0.4171,0.4171,0,
baseline,219,8,0.5636693672210529,child,6,4,0.5386,0.5386,0,
baseline,220,8,0.6948217456126036,child,13,6,0.5904,0.5904,0,
baseline,221,8,0.8780226911713226,elderly,12,4,0.6897,0.6897,0,
baseline,222,8,0.30180138271631185,adult,6,9,0.3573,0.3573,0,
baseline,223,8,0.19113770908623962,adult,4,0,0.7977,0.7977,0,
baseline,224,8,0.22956484340680797,adult,16,6,0.6188,0.6188,0,
baseline,225,8,0.2188924625952585,adult,11,8,0.3356,0.3356,0,
baseline,226,8,0.688413136429157,elderly,18,2,0.9015,0.9015,0,
baseline,227,8,0.7561906848382751,elderly,4,8,0.3828,0.3828,0,
baseline,228,8,0.566836488720734,child,12,2,0.8674,0.8674,0,
baseline,229,8,0.5049212893202911,child,0,3,0.5552,0.5552,0,
baseline,230,8,0.2379441270070261,adult,5,6,0.5436,0.5436,0,
baseline,231,8,0.21828841423349848,adult,3,7,0.4069,0.4069,0,
baseline,232,8,0.1839452306394218,adult,14,2,0.8362,0.8362,0,
baseline,233,8,0.29492040259128455,adult,6,2,0.8281,0.8281,0,
baseline,234,8,0.29013491932937124,adult,0,6,0.4875,0.4875,0,
baseline,235,8,0.34669130855252334,adult,13,6,0.5904,0.5904,0,
baseline,236,8,0.28232450555661204,adult,8,0,0.7767,0.7767,0,
baseline,237,8,0.5757509116895175,child,1,0,0.8237,0.8237,0,
baseline,238,8,0.5403723756597331,child,12,4,0.6897,0.6897,0,
baseline,239,8,0.5952182201485263,child,13,7,0.3037,0.3037,0,
baseline,0,9,0.5380812195557422,child,10,0,1.1557,1.1557,0,
baseline,1,9,0.5438885528571922,child,19,9,0.5566,0.5566,0,
baseline,2,9,0.7202561588196462,elderly,6,4,0.8493,0.8493,0,
baseline,3,9,0.216473321571373,adult,17,0,1.036,1.036,0,
baseline,4,9,0.179291256914281,adult,9,0,1.174,1.174,0,
baseline,5,9,0.7742080791371789,elderly,7,2,1.2078,1.2078,0,
baseline,6,9,0.6860132284779408,elderly,2,0,1.1367,1.1367,0,
baseline,7,9,0.24933523196076668,adult,13,4,0.8069,0.8069,0,
baseline,8,9,0.6343234811450121,child,4,1,1.118,1.118,0,
baseline,9,9,0.2937927377360272,adult,4,3,0.8032,0.8032,0,
baseline,10,9,0.29067965400666446,adult,15,4,0.7223,0.7223,0,
baseline,11,9,0.29337902378575376,adult,10,6,0.7749,0.7749,0,
baseline,12,9,0.2580821854764632,adult,6,9,0.5361,0.5361,0,
baseline,13,9,0.23208808428151181,adult,17,3,0.7658,0.7658,0,
baseline,14,9,0.22746461649058938,adult,17,8,0.6022,0.6022,0,
baseline,15,9,0.4919996898463789,child,15,6,0.8144,0.8144,0,
baseline,16,9,0.7297879386484595,child,3,5,0.7386,0.7386,0,
baseline,17,9,0.6910243835711712,elderly,16,0,1.0454,1.0454,0,
baseline,18,9,0.27290224990437284,adult,19,8,0.5372,0.5372,0,
baseline,19,9,0.5918994514851882,child,9,4,1.024,1.024,0,
baseline,20,9,0.20000931813748296,adult,14,5,0.8246,0.8246,0,
baseline,21,9,0.2566225962051309,adult,16,0,1.0454,1.0454,0,
baseline,22,9,0.2636593411524598,adult,1,7,0.7121,0.7121,0,
baseline,23,9,0.6949427075347202,child,14,7,0.5927,0.5927,0,
baseline,24,9,0.36652485810151314,adult,6,5,0.7955,0.7955,0,
baseline,25,9,0.2443193234562278,adult,0,2,1.0232,1.0232,0,
baseline,26,9,0.3010033863387559,adult,2,7,0.6007,0.6007,0,
baseline,27,9,0.264862699158784,adult,9,0,1.174,1.174,0,
baseline,28,9,0.25879019854094,adult,2,9,0.6284,0.6284,0,
baseline,29,9,0.31974955111962444,adult,0,7,0.6706,0.6706,0,
baseline,30,9,0.1555928571749553,adult,14,7,0.5927,0.5927,0,
baseline,31,9,0.548458082951535,child,14,6,0.7524,0.7524,0,
baseline,32,9,0.2544761312097897,adult,4,5,0.8516,0.8516,0,
baseline,33,9,0.3227939887511161,adult,15,9,0.6609,0.6609,0,
baseline,34,9,0.6558716694259125,child,15,9,0.6609,0.6609,0,
baseline,35,9,0.5492700374659585,child,9,7,0.5969,0.5969,0,
baseline,36,9,0.28742961388729216,adult,0,0,1.1339,1.1339,0,
baseline,37,9,0.862770385621313,elderly,3,4,0.8154,0.8154,0,
baseline,38,9,0.23693857704201632,adult,0,5,0.8124,0.8124,0,
baseline,39,9,0.2454791545887237,adult,3,8,0.5675,0.5675,0,
baseline,40,9,0.583334998890488,child,7,4,0.8467,0.8467,0,
baseline,41,9,0.2636638551640602,adult,7,3,0.8103,0.8103,0,
baseline,42,9,0.9350941601422765,elderly,12,8,0.5971,0.5971,0,
baseline,43,9,0.21562936030731708,adult,19,7,0.6056,0.6056,0,
baseline,44,9,0.5397436170004551,child,12,3,1.0059,1.0059,0,
baseline,45,9,0.18354442553252845,adult,0,2,1.0232,1.0232,0,
baseline,46,9,0.27255587776068274,adult,19,0,1.0359,1.0359,0,
baseline,47,9,0.30152879677991906,adult,12,5,0.9999,0.9999,0,
baseline,48,9,0.2424720207354753,adult,12,7,0.5835,0.5835,0,
baseline,49,9,0.7645513584523809,elderly,15,5,0.8298,0.8298,0,
baseline,50,9,0.41514306586559097,adult,11,8,0.6152,0.6152,0,
baseline,51,9,0.2061884568547753,adult,11,0,1.0695,1.0695,0,
baseline,52,9,0.31853752554381776,adult,7,8,0.6901,0.6901,0,
baseline,53,9,0.2638404878487771,adult,16,7,0.5751,0.5751,0,
baseline,54,9,0.21400695401395703,adult,0,3,0.8922,0.8922,0,
baseline,55,9,0.3026292881022382,adult,0,1,1.0963,1.0963,0,
baseline,56,9,0.7372548908762495,elderly,11,0,1.0695,1.0695,0,
baseline,57,9,0.2208870448850433,adult,7,0,1.0643,1.0643,0,
baseline,58,9,0.3144823244892736,adult,5,6,0.8252,0.8252,0,
baseline,59,9,0.22063955497119142,adult,13,1,1.0444,1.0444,0,
baseline,60,9,0.5166058535491507,child,17,3,0.7658,0.7658,0,
baseline,61,9,0.23464792877787313,adult,13,0,1.1628,1.1628,0,
baseline,62,9,0.7780271499327811,elderly,1,1,1.1561,1.1561,0,
baseline,63,9,0.7701272985546185,elderly,5,4,0.8423,0.8423,0,
baseline,64,9,0.260395348860413,adult,15,4,0.7223,0.7223,0,
baseline,65,9,0.18124989624959473,adult,17,9,0.5587,0.5587,0,
baseline,66,9,0.7479987221088478,elderly,8,9,0.5331,0.5331,0,
baseline,67,9,0.2747694705910339,adult,0,5,0.8124,0.8124,0,
baseline,68,9,0.2623728676439467,adult,16,1,1.0609,1.0609,0,
baseline,69,9,0.3475954363017591,adult,12,4,1.0847,1.0847,0,
baseline,70,9,0.18683697056304266,adult,7,9,0.5652,0.5652,0,
baseline,71,9,0.2252873014963322,adult,8,3,1.049,1.049,0,
baseline,72,9,0.3073174185068305,adult,3,6,0.8294,0.8294,0,
baseline,73,9,0.28651314785661347,adult,19,3,0.9352,0.9352,0,
baseline,74,9,0.7497164804572996,elderly,0,7,0.6706,0.6706,0,
baseline,75,9,0.8576126643135189,elderly,13,2,1.0827,1.0827,0,
baseline,76,9,0.24339714453787592,adult,3,5,0.7386,0.7386,0,
baseline,77,9,0.5658695094941405,child,6,3,0.7947,0.7947,0,
baseline,78,9,0.2557292455827229,adult,19,2,1.1076,1.1076,0,
baseline,79,9,0.31274852127145286,adult,4,5,0.8516,0.8516,0,
baseline,80,9,0.24192319037630758,adult,0,0,1.1339,1.1339,0,
baseline,81,9,0.7495257436955758,elderly,19,6,0.7664,0.7664,0,
baseline,82,9,0.2094635281564155,adult,16,1,1.0609,1.0609,0,
baseline,83,9,0.2368250785688548,adult,12,1,1.0991,1.0991,0,
baseline,84,9,0.7597628712547879,elderly,3,7,0.591,0.591,0,
baseline,85,9,0.2134449412553841,adult,11,7,0.5957,0.5957,0,
baseline,86,9,0.26029034175119803,adult,7,3,0.8103,0.8103,0,
baseline,87,9,0.8739793646798583,elderly,9,9,0.5999,0.5999,0,
baseline,88,9,0.23068402377938965,adult,19,8,0.5372,0.5372,0,
baseline,89,9,0.21593278881496686,adult,14,3,0.7942,0.7942,0,
baseline,90,9,0.7286621276353521,elderly,13,9,0.5627,0.5627,0,
baseline,91,9,0.2651344904420061,adult,18,2,1.0448,1.0448,0,
baseline,92,9,0.20377115206369537,adult,17,4,0.7964,0.7964,0,
baseline,93,9,0.20132533923371512,adult,2,6,0.8088,0.8088,0,
baseline,94,9,0.7049720665964455,elderly,0,9,0.6504,0.6504,0,
baseline,95,9,0.25100462370739207,adult,15,1,1.0919,1.0919,0,
baseline,96,9,0.4955828490431283,child,4,7,0.5852,0.5852,0,
baseline,97,9,0.27283994893939245,adult,17,0,1.036,1.036,0,
baseline,98,9,0.21712454129440448,adult,16,7,0.5751,0.5751,0,
baseline,99,9,0.7185461557640977,elderly,6,7,0.7016,0.7016,0,
baseline,100,9,0.4754623971272218,child,12,2,1.205,1.205,0,
baseline,101,9,0.814329171491318,elderly,7,3,0.8103,0.8103,0,
baseline,102,9,0.9382392363354756,elderly,1,9,0.5592,0.5592,0,
baseline,103,9,0.30010692589416543,adult,0,2,1.0232,1.0232,0,
baseline,104,9,0.8126300272600911,elderly,4,4,0.8531,0.8531,0,
baseline,105,9,0.23441354547710377,adult,17,7,0.5831,0.5831,0,
baseline,106,9,0.5066140359967927,child,4,3,0.8032,0.8032,0,
baseline,107,9,0.5631658536919568,child,3,2,1.0798,1.0798,0,
baseline,108,9,0.23073770055214435,adult,7,2,1.2078,1.2078,0,
baseline,109,9,0.29657377246189087,adult,12,5,0.9999,0.9999,0,
baseline,110,9,0.27279255604127917,adult,2,6,0.8088,0.8088,0,
baseline,111,9,0.5291861555650081,child,15,6,0.8144,0.8144,0,
baseline,112,9,0.8908951292054481,elderly,7,4,0.8467,0.8467,0,
baseline,113,9,0.5158957569432061,child,7,8,0.6901,0.6901,0,
baseline,114,9,0.8593264155201461,elderly,15,7,0.5923,0.5923,0,
baseline,115,9,0.32052011433136096,adult,13,5,0.7949,0.7949,0,
baseline,116,9,0.5844185905950111,child,3,8,0.5675,0.5675,0,
baseline,117,9,0.24225311600942953,adult,10,6,0.7749,0.7749,0,
baseline,118,9,0.2089072670144541,adult,12,1,1.0991,1.0991,0,
baseline,119,9,0.9022295288833049,elderly,5,6,0.8252,0.8252,0,
baseline,120,9,0.5289935218684951,child,17,3,0.7658,0.7658,0,
baseline,121,9,0.42582414868915897,adult,6,2,1.1868,1.1868,0,
baseline,122,9,0.321155028793213,adult,0,9,0.6504,0.6504,0,
baseline,123,9,0.6995000220419753,child,19,9,0.5566,0.5566,0,
baseline,124,9,0.562529225395729,child,17,7,0.5831,0.5831,0,
baseline,125,9,0.8475195178808403,elderly,4,2,1.0518,1.0518,0,
baseline,126,9,0.5540215869676903,child,14,5,0.8246,0.8246,0,
baseline,127,9,0.766520446349269,elderly,18,3,0.8002,0.8002,0,
baseline,128,9,0.7416409671545062,elderly,16,8,0.5208,0.5208,0,
baseline,129,9,0.1865474786824886,adult,1,8,0.6181,0.6181,0,
baseline,130,9,0.5991072876975088,child,18,1,1.1325,1.1325,0,
baseline,131,9,0.6713434192845964,child,16,4,0.7631,0.7631,0,
baseline,132,9,0.26809246029419453,adult,5,2,1.1006,1.1006,0,
baseline,133,9,0.22890676933880374,adult,13,8,0.5807,0.5807,0,
baseline,134,9,0.21223556584054845,adult,0,4,0.757,0.757,0,
baseline,135,9,0.4871906993496808,child,10,7,0.5974,0.5974,0,
baseline,136,9,0.5813838397364346,child,3,5,0.7386,0.7386,0,
baseline,137,9,0.1834367475007917,adult,7,5,0.7499,0.7499,0,
baseline,138,9,0.30240291417804127,adult,15,6,0.8144,0.8144,0,
baseline,139,9,0.28188702499195395,adult,18,2,1.0448,1.0448,0,
baseline,140,9,0.3042444979413341,adult,6,9,0.5361,0.5361,0,
baseline,141,9,0.2410183959966361,adult,19,6,0.7664,0.7664,0,
baseline,142,9,0.25779477773074466,adult,16,4,0.7631,0.7631,0,
baseline,143,9,0.2024052019176551,adult,13,7,0.5658,0.5658,0,
baseline,144,9,0.8349906142726966,elderly,19,2,1.1076,1.1076,0,
baseline,145,9,0.23016660216907392,adult,14,1,1.1758,1.1758,0,
baseline,146,9,0.22633729077264053,adult,1,1,1.1561,1.1561,0,
baseline,147,9,0.18671782350320223,adult,15,0,1.105,1.105,0,
baseline,148,9,0.3265717377596302,adult,16,1,1.0609,1.0609,0,
baseline,149,9,0.5931363866533521,child,12,6,0.8909,0.8909,0,
baseline,150,9,0.33786967348278196,adult,10,2,1.0923,1.0923,0,
baseline,151,9,0.24434311120662164,adult,17,0,1.036,1.036,0,
baseline,152,9,0.3131721899623074,adult,13,6,0.7826,0.7826,0,
baseline,153,9,0.30482733918353766,adult,15,9,0.6609,0.6609,0,
baseline,154,9,0.5207407229993698,child,19,4,0.8049,0.8049,0,
baseline,155,9,0.2698840835350667,adult,7,4,0.8467,0.8467,0,
baseline,156,9,0.21854549526592404,adult,10,8,0.5717,0.5717,0,
baseline,157,9,0.7800885741958227,elderly,3,3,0.7863,0.7863,0,
baseline,158,9,0.22376698635368497,adult,8,9,0.5331,0.5331,0,
baseline,159,9,0.2490942753506871,adult,12,1,1.0991,1.0991,0,
baseline,160,9,0.23909707064169694,adult,16,3,0.8709,0.8709,0,
baseline,161,9,0.26816184340335836,adult,12,3,1.0059,1.0059,0,
baseline,162,9,0.5590101392326462,child,10,2,1.0923,1.0923,0,
baseline,163,9,0.2586620552478868,adult,15,4,0.7223,0.7223,0,
baseline,164,9,0.21874748549033007,adult,14,5,0.8246,0.8246,0,
baseline,165,9,0.26806801780654776,adult,1,5,0.8158,0.8158,0,
baseline,166,9,0.31453748099041595,adult,9,4,1.024,1.024,0,
baseline,167,9,0.5571003562232809,child,18,3,0.8002,0.8002,0,
baseline,168,9,0.28556981755657285,adult,9,6,0.7879,0.7879,0,
baseline,169,9,0.20289864310003097,adult,11,6,0.8161,0.8161,0,
baseline,170,9,0.2591235835153987,adult,9,8,0.5957,0.5957,0,
baseline,171,9,0.5403518780488572,child,0,1,1.0963,1.0963,0,
baseline,172,9,0.19710832762003697,adult,18,6,0.8915,0.8915,0,
baseline,173,9,0.7370654202189683,elderly,5,8,0.6117,0.6117,0,
baseline,174,9,0.5944522686442528,child,19,3,0.9352,0.9352,0,
baseline,175,9,0.27508362578769247,adult,0,1,1.0963,1.0963,0,
baseline,176,9,0.19711151507617047,adult,10,2,1.0923,1.0923,0,
baseline,177,9,0.2626617426734974,adult,5,5,0.8358,0.8358,0,
baseline,178,9,0.2950995521960962,adult,3,4,0.8154,0.8154,0,
baseline,179,9,0.3774069229558558,adult,17,4,0.7964,0.7964,0,
baseline,180,9,0.7054964868146433,elderly,16,9,0.6016,0.6016,0,
baseline,181,9,0.5168708354178837,child,16,0,1.0454,1.0454,0,
baseline,182,9,0.22452710037794926,adult,13,5,0.7949,0.7949,0,
baseline,183,9,0.24281444929542967,adult,18,5,0.824,0.824,0,
baseline,184,9,0.20656651882118987,adult,19,5,0.6953,0.6953,0,
baseline,185,9,0.895735664587469,elderly,12,0,1.1705,1.1705,0,
baseline,186,9,0.26608149821206883,adult,12,0,1.1705,1.1705,0,
baseline,187,9,0.22885027121419005,adult,2,2,1.1564,1.1564,0,
baseline,188,9,0.25818280463696514,adult,9,3,1.1205,1.1205,0,
baseline,189,9,0.25124888164635667,adult,3,9,0.5317,0.5317,0,
baseline,190,9,0.7388637748744878,elderly,4,8,0.5457,0.5457,0,
baseline,191,9,0.24355609940976028,adult,5,5,0.8358,0.8358,0,
baseline,192,9,0.2622858672661557,adult,1,6,0.8055,0.8055,0,
baseline,193,9,0.3114225338599181,adult,1,7,0.7121,0.7121,0,
baseline,194,9,0.7432938913438611,child,7,4,0.8467,0.8467,0,
baseline,195,9,0.26317722516719005,adult,7,7,0.6336,0.6336,0,
baseline,196,9,0.2246770526955429,adult,10,7,0.5974,0.5974,0,
baseline,197,9,0.5584044178321356,child,10,9,0.5941,0.5941,0,
baseline,198,9,0.2514953170246483,adult,9,4,1.024,1.024,0,
baseline,199,9,0.2899733601941726,adult,16,4,0.7631,0.7631,0,
baseline,200,9,0.25622285847923476,adult,8,5,0.9337,0.9337,0,
baseline,201,9,0.4521031631709903,adult,17,0,1.036,1.036,0,
baseline,202,9,0.1634121024151908,adult,19,7,0.6056,0.6056,0,
baseline,203,9,0.5626995559129596,child,14,1,1.1758,1.1758,0,
baseline,204,9,0.327120941806494,adult,15,9,0.6609,0.6609,0,
baseline,205,9,0.7857123878054436,elderly,4,7,0.5852,0.5852,0,
baseline,206,9,0.5939394270629585,child,4,6,0.878,0.878,0,
baseline,207,9,0.28709923820747085,adult,13,5,0.7949,0.7949,0,
baseline,208,9,0.39542716557746904,adult,19,3,0.9352,0.9352,0,
baseline,209,9,0.27359697560694635,adult,1,3,0.7819,0.7819,0,
baseline,210,9,0.9020130166851742,elderly,0,5,0.8124,0.8124,0,
baseline,211,9,0.2713101047676122,adult,7,6,0.8176,0.8176,0,
baseline,212,9,0.24736743242291168,adult,8,6,0.8299,0.8299,0,
baseline,213,9,0.6794396779816514,elderly,16,2,1.1774,1.1774,0,
baseline,214,9,0.30091251551864373,adult,0,0,1.1339,1.1339,0,
baseline,215,9,0.21670540748307351,adult,17,0,1.036,1.036,0,
baseline,216,9,0.3687606793764565,adult,3,5,0.7386,0.7386,0,
baseline,217,9,0.2538767051714499,adult,3,3,0.7863,0.7863,0,
baseline,218,9,0.2824197149857894,adult,0,6,0.81,0.81,0,
baseline,219,9,0.5636693672210529,child,7,3,0.8103,0.8103,0,
baseline,220,9,0.6948217456126036,child,11,7,0.5957,0.5957,0,
baseline,221,9,0.8780226911713226,elderly,13,5,0.7949,0.7949,0,
baseline,222,9,0.30180138271631185,adult,5,9,0.6113,0.6113,0,
baseline,223,9,0.19113770908623962,adult,2,0,1.1367,1.1367,0,
baseline,224,9,0.22956484340680797,adult,14,8,0.548,0.548,0,
baseline,225,9,0.2188924625952585,adult,9,9,0.5999,0.5999,0,
baseline,226,9,0.688413136429157,elderly,17,4,0.7964,0.7964,0,
baseline,227,9,0.7561906848382751,elderly,6,9,0.5361,0.5361,0,
baseline,228,9,0.566836488720734,child,13,1,1.0444,1.0444,0,
baseline,229,9,0.5049212893202911,child,2,2,1.1564,1.1564,0,
baseline,230,9,0.2379441270070261,adult,6,5,0.7955,0.7955,0,
baseline,231,9,0.21828841423349848,adult,2,5,0.7686,0.7686,0,
baseline,232,9,0.1839452306394218,adult,14,2,1.0035,1.0035,0,
baseline,233,9,0.29492040259128455,adult,7,2,1.2078,1.2078,0,
baseline,234,9,0.29013491932937124,adult,2,5,0.7686,0.7686,0,
baseline,235,9,0.34669130855252334,adult,12,8,0.5971,0.5971,0,
baseline,236,9,0.28232450555661204,adult,9,0,1.174,1.174,0,
baseline,237,9,0.5757509116895175,child,0,2,1.0232,1.0232,0,
baseline,238,9,0.5403723756597331,child,11,2,1.1665,1.1665,0,
baseline,239,9,0.5952182201485263,child,11,7,0.5957,0.5957,0,
baseline,0,10,0.5380812195557422,child,10,0,1.4293,1.4293,0,
baseline,1,10,0.5438885528571922,child,19,9,0.7934,0.7934,0,
baseline,2,10,0.7202561588196462,elderly,6,4,1.0503,1.0503,0,
baseline,3,10,0.216473321571373,adult,17,0,1.3636,1.3636,0,
baseline,4,10,0.179291256914281,adult,9,0,1.2875,1.2875,0,
baseline,5,10,0.7742080791371789,elderly,7,2,1.3171,1.3171,0,
baseline,6,10,0.6860132284779408,elderly,2,0,1.2977,1.2977,0,
baseline,7,10,0.24933523196076668,adult,13,4,1.0374,1.0374,0,
baseline,8,10,0.6343234811450121,child,4,1,1.3569,1.3569,0,
baseline,9,10,0.2937927377360272,adult,4,3,1.0551,1.0551,0,
baseline,10,10,0.29067965400666446,adult,15,4,1.1259,1.1259,0,
baseline,11,10,0.29337902378575376,adult,10,6,1.0514,1.0514,0,
baseline,12,10,0.2580821854764632,adult,6,9,0.7634,0.7634,0,
baseline,13,10,0.23208808428151181,adult,17,3,1.0106,1.0106,0,
baseline,14,10,0.22746461649058938,adult,17,8,0.7793,0.7793,0,
baseline,15,10,0.4919996898463789,child,15,6,1.0928,1.0928,0,
baseline,16,10,0.7297879386484595,child,3,5,1.0173,1.0173,0,
baseline,17,10,0.6910243835711712,elderly,16,0,1.4141,1.4141,0,
baseline,18,10,0.27290224990437284,adult,19,8,0.7987,0.7987,0,
baseline,19,10,0.5918994514851882,child,9,4,1.2937,1.2937,0,
baseline,20,10,0.20000931813748296,adult,14,5,1.0149,1.0149,0,
baseline,21,10,0.2566225962051309,adult,16,0,1.4141,1.4141,0,
baseline,22,10,0.2636593411524598,adult,1,7,0.9051,0.9051,0,
baseline,23,10,0.6949427075347202,child,14,7,0.8474,0.8474,0,
baseline,24,10,0.36652485810151314,adult,6,5,1.032,1.032,0,
baseline,25,10,0.2443193234562278,adult,0,2,1.3417,1.3417,0,
baseline,26,10,0.3010033863387559,adult,2,7,0.8501,0.8501,0,
baseline,27,10,0.264862699158784,adult,9,0,1.2875,1.2875,0,
baseline,28,10,0.25879019854094,adult,2,9,0.7736,0.7736,0,
baseline,29,10,0.31974955111962444,adult,0,7,0.781,0.781,0,
baseline,30,10,0.1555928571749553,adult,14,7,0.8474,0.8474,0,
baseline,31,10,0.548458082951535,child,14,6,1.0269,1.0269,0,
baseline,32,10,0.2544761312097897,adult,4,5,1.0119,1.0119,0,
baseline,33,10,0.3227939887511161,adult,15,9,0.755,0.755,0,
baseline,34,10,0.6558716694259125,child,15,9,0.755,0.755,0,
baseline,35,10,0.5492700374659585,child,9,7,0.8331,0.8331,0,
baseline,36,10,0.28742961388729216,adult,0,0,1.3317,1.3317,0,
baseline,37,10,0.862770385621313,elderly,3,4,1.0675,1.0675,0,
baseline,38,10,0.23693857704201632,adult,0,5,1.023,1.023,0,
baseline,39,10,0.2454791545887237,adult,3,8,0.8578,0.8578,0,
baseline,40,10,0.583334998890488,child,7,4,0.9808,0.9808,0,
baseline,41,10,0.2636638551640602,adult,7,3,0.9995,0.9995,0,
baseline,42,10,0.9350941601422765,elderly,12,8,0.852,0.852,0,
baseline,43,10,0.21562936030731708,adult,19,7,0.8937,0.8937,0,
baseline,44,10,0.5397436170004551,child,12,3,1.3077,1.3077,0,
baseline,45,10,0.18354442553252845,adult,0,2,1.3417,1.3417,0,
baseline,46,10,0.27255587776068274,adult,19,0,1.3531,1.3531,0,
baseline,47,10,0.30152879677991906,adult,12,5,1.3581,1.3581,0,
baseline,48,10,0.2424720207354753,adult,12,7,0.7092,0.7092,0,
baseline,49,10,0.7645513584523809,elderly,15,5,1.0744,1.0744,0,
baseline,50,10,0.41514306586559097,adult,11,8,0.8996,0.8996,0,
baseline,51,10,0.2061884568547753,adult,11,0,1.4086,1.4086,0,
baseline,52,10,0.31853752554381776,adult,7,8,0.88,0.88,0,
baseline,53,10,0.2638404878487771,adult,16,7,0.8747,0.8747,0,
baseline,54,10,0.21400695401395703,adult,0,3,1.0055,1.0055,0,
baseline,55,10,0.3026292881022382,adult,0,1,1.3671,1.3671,0,
baseline,56,10,0.7372548908762495,elderly,11,0,1.4086,1.4086,0,
baseline,57,10,0.2208870448850433,adult,7,0,1.3555,1.3555,0,
baseline,58,10,0.3144823244892736,adult,5,6,1.1428,1.1428,0,
baseline,59,10,0.22063955497119142,adult,13,1,1.4745,1.4745,0,
baseline,60,10,0.5166058535491507,child,17,3,1.0106,1.0106,0,
baseline,61,10,0.23464792877787313,adult,13,0,1.4033,1.4033,0,
baseline,62,10,0.7780271499327811,elderly,1,1,1.3464,1.3464,0,
baseline,63,10,0.7701272985546185,elderly,5,4,1.1228,1.1228,0,
baseline,64,10,0.260395348860413,adult,15,4,1.1259,1.1259,0,
baseline,65,10,0.18124989624959473,adult,17,9,0.8367,0.8367,0,
baseline,66,10,0.7479987221088478,elderly,8,9,0.8771,0.8771,0,
baseline,67,10,0.2747694705910339,adult,0,5,1.023,1.023,0,
baseline,68,10,0.2623728676439467,adult,16,1,1.3369,1.3369,0,
baseline,69,10,0.3475954363017591,adult,12,4,1.2792,1.2792,0,
baseline,70,10,0.18683697056304266,adult,7,9,0.8318,0.8318,0,
baseline,71,10,0.2252873014963322,adult,8,3,1.2533,1.2533,0,
baseline,72,10,0.3073174185068305,adult,3,6,0.9315,0.9315,0,
baseline,73,10,0.28651314785661347,adult,19,3,1.1201,1.1201,0,
baseline,74,10,0.7497164804572996,elderly,0,7,0.781,0.781,0,
baseline,75,10,0.8576126643135189,elderly,13,2,1.3241,1.3241,0,
baseline,76,10,0.24339714453787592,adult,3,5,1.0173,1.0173,0,
baseline,77,10,0.5658695094941405,child,6,3,1.0168,1.0168,0,
baseline,78,10,0.2557292455827229,adult,19,2,1.3546,1.3546,0,
baseline,79,10,0.31274852127145286,adult,4,5,1.0119,1.0119,0,
baseline,80,10,0.24192319037630758,adult,0,0,1.3317,1.3317,0,
baseline,81,10,0.7495257436955758,elderly,19,6,1.0097,1.0097,0,
baseline,82,10,0.2094635281564155,adult,16,1,1.3369,1.3369,0,
baseline,83,10,0.2368250785688548,adult,12,1,1.2716,1.2716,0,
baseline,84,10,0.7597628712547879,elderly,3,7,0.8904,0.8904,0,
baseline,85,10,0.2134449412553841,adult,11,7,0.8643,0.8643,0,
baseline,86,10,0.26029034175119803,adult,7,3,0.9995,0.9995,0,
baseline,87,10,0.8739793646798583,elderly,9,9,0.8797,0.8797,0,
baseline,88,10,0.23068402377938965,adult,19,8,0.7987,0.7987,0,
baseline,89,10,0.21593278881496686,adult,14,3,1.0857,1.0857,0,
baseline,90,10,0.7286621276353521,elderly,13,9,0.9286,0.9286,0,
baseline,91,10,0.2651344904420061,adult,18,2,1.4432,1.4432,0,
baseline,92,10,0.20377115206369537,adult,17,4,0.9935,0.9935,0,
baseline,93,10,0.20132533923371512,adult,2,6,1.0405,1.0405,0,
baseline,94,10,0.7049720665964455,elderly,0,9,0.8826,0.8826,0,
baseline,95,10,0.25100462370739207,adult,15,1,1.3805,1.3805,0,
baseline,96,10,0.4955828490431283,child,4,7,0.8223,0.8223,0,
baseline,97,10,0.27283994893939245,adult,17,0,1.3636,1.3636,0,
baseline,98,10,0.21712454129440448,adult,16,7,0.8747,0.8747,0,
baseline,99,10,0.7185461557640977,elderly,6,7,0.7905,0.7905,0,
baseline,100,10,0.4754623971272218,child,12,2,1.3882,1.3882,0,
baseline,101,10,0.814329171491318,elderly,7,3,0.9995,0.9995,0,
baseline,102,10,0.9382392363354756,elderly,1,9,0.7622,0.7622,0,
baseline,103,10,0.30010692589416543,adult,0,2,1.3417,1.3417,0,
baseline,104,10,0.8126300272600911,elderly,4,4,0.998,0.998,0,
baseline,105,10,0.23441354547710377,adult,17,7,0.8411,0.8411,0,
baseline,106,10,0.5066140359967927,child,4,3,1.0551,1.0551,0,
baseline,107,10,0.5631658536919568,child,3,2,1.2926,1.2926,0,
baseline,108,10,0.23073770055214435,adult,7,2,1.3171,1.3171,0,
baseline,109,10,0.29657377246189087,adult,12,5,1.3581,1.3581,0,
baseline,110,10,0.27279255604127917,adult,2,6,1.0405,1.0405,0,
baseline,111,10,0.5291861555650081,child,15,6,1.0928,1.0928,0,
baseline,112,10,0.8908951292054481,elderly,7,4,0.9808,0.9808,0,
baseline,113,10,0.5158957569432061,child,7,8,0.88,0.88,0,
baseline,114,10,0.8593264155201461,elderly,15,7,0.8782,0.8782,0,
baseline,115,10,0.32052011433136096,adult,13,5,1.0675,1.0675,0,
baseline,116,10,0.5844185905950111,child,3,8,0.8578,0.8578,0,
baseline,117,10,0.24225311600942953,adult,10,6,1.0514,1.0514,0,
baseline,118,10,0.2089072670144541,adult,12,1,1.2716,1.2716,0,
baseline,119,10,0.9022295288833049,elderly,5,6,1.1428,1.1428,0,
baseline,120,10,0.5289935218684951,child,17,3,1.0106,1.0106,0,
baseline,121,10,0.42582414868915897,adult,6,2,1.4226,1.4226,0,
baseline,122,10,0.321155028793213,adult,0,9,0.8826,0.8826,0,
baseline,123,10,0.6995000220419753,child,19,9,0.7934,0.7934,0,
baseline,124,10,0.562529225395729,child,17,7,0.8411,0.8411,0,
baseline,125,10,0.8475195178808403,elderly,4,2,1.3123,1.3123,0,
baseline,126,10,0.5540215869676903,child,14,5,1.0149,1.0149,0,
baseline,127,10,0.766520446349269,elderly,18,3,1.0813,1.0813,0,
baseline,128,10,0.7416409671545062,elderly,16,8,0.7764,0.7764,0,
baseline,129,10,0.1865474786824886,adult,1,8,0.8618,0.8618,0,
baseline,130,10,0.5991072876975088,child,18,1,1.358,1.358,0,
baseline,131,10,0.6713434192845964,child,16,4,0.9566,0.9566,0,
baseline,132,10,0.26809246029419453,adult,5,2,1.3764,1.3764,0,
baseline,133,10,0.22890676933880374,adult,13,8,0.8006,0.8006,0,
baseline,134,10,0.21223556584054845,adult,0,4,1.0894,1.0894,0,
baseline,135,10,0.4871906993496808,child,10,7,0.8042,0.8042,0,
baseline,136,10,0.5813838397364346,child,3,5,1.0173,1.0173,0,
baseline,137,10,0.1834367475007917,adult,7,5,1.1436,1.1436,0,
baseline,138,10,0.30240291417804127,adult,15,6,1.0928,1.0928,0,
baseline,139,10,0.28188702499195395,adult,18,2,1.4432,1.4432,0,
baseline,140,10,0.3042444979413341,adult,6,9,0.7634,0.7634,0,
baseline,141,10,0.2410183959966361,adult,19,6,1.0097,1.0097,0,
baseline,142,10,0.25779477773074466,adult,16,4,0.9566,0.9566,0,
baseline,143,10,0.2024052019176551,adult,13,7,0.9144,0.9144,0,
baseline,144,10,0.8349906142726966,elderly,19,2,1.3546,1.3546,0,
baseline,145,10,0.23016660216907392,adult,14,1,1.3639,1.3639,0,
baseline,146,10,0.22633729077264053,adult,1,1,1.3464,1.3464,0,
baseline,147,10,0.18671782350320223,adult,15,0,1.3733,1.3733,0,
baseline,148,10,0.3265717377596302,adult,16,1,1.3369,1.3369,0,
baseline,149,10,0.5931363866533521,child,12,6,1.0846,1.0846,0,
baseline,150,10,0.33786967348278196,adult,10,2,1.402,1.402,0,
baseline,151,10,0.24434311120662164,adult,17,0,1.3636,1.3636,0,
baseline,152,10,0.3131721899623074,adult,13,6,1.0822,1.0822,0,
baseline,153,10,0.30482733918353766,adult,15,9,0.755,0.755,0,
baseline,154,10,0.5207407229993698,child,19,4,1.0158,1.0158,0,
baseline,155,10,0.2698840835350667,adult,7,4,0.9808,0.9808,0,
baseline,156,10,0.21854549526592404,adult,10,8,0.9107,0.9107,0,
baseline,157,10,0.7800885741958227,elderly,3,3,0.9822,0.9822,0,
baseline,158,10,0.22376698635368497,adult,8,9,0.8771,0.8771,0,
baseline,159,10,0.2490942753506871,adult,12,1,1.2716,1.2716,0,
baseline,160,10,0.23909707064169694,adult,16,3,1.0015,1.0015,0,
baseline,161,10,0.26816184340335836,adult,12,3,1.3077,1.3077,0,
baseline,162,10,0.5590101392326462,child,10,2,1.402,1.402,0,
baseline,163,10,0.2586620552478868,adult,15,4,1.1259,1.1259,0,
baseline,164,10,0.21874748549033007,adult,14,5,1.0149,1.0149,0,
baseline,165,10,0.26806801780654776,adult,1,5,0.9942,0.9942,0,
baseline,166,10,0.31453748099041595,adult,9,4,1.2937,1.2937,0,
baseline,167,10,0.5571003562232809,child,18,3,1.0813,1.0813,0,
baseline,168,10,0.28556981755657285,adult,9,6,1.1458,1.1458,0,
baseline,169,10,0.20289864310003097,adult,11,6,1.0872,1.0872,0,
baseline,170,10,0.2591235835153987,adult,9,8,0.8494,0.8494,0,
baseline,171,10,0.5403518780488572,child,0,1,1.3671,1.3671,0,
baseline,172,10,0.19710832762003697,adult,18,6,0.9793,0.9793,0,
baseline,173,10,0.7370654202189683,elderly,5,8,0.8372,0.8372,0,
baseline,174,10,0.5944522686442528,child,19,3,1.1201,1.1201,0,
baseline,175,10,0.27508362578769247,adult,0,1,1.3671,1.3671,0,
baseline,176,10,0.19711151507617047,adult,10,2,1.402,1.402,0,
baseline,177,10,0.2626617426734974,adult,5,5,1.049,1.049,0,
baseline,178,10,0.2950995521960962,adult,3,4,1.0675,1.0675,0,
baseline,179,10,0.3774069229558558,adult,17,4,0.9935,0.9935,0,
baseline,180,10,0.7054964868146433,elderly,16,9,0.9216,0.9216,0,
baseline,181,10,0.5168708354178837,child,16,0,1.4141,1.4141,0,
baseline,182,10,0.22452710037794926,adult,13,5,1.0675,1.0675,0,
baseline,183,10,0.24281444929542967,adult,18,5,0.9688,0.9688,0,
baseline,184,10,0.20656651882118987,adult,19,5,1.033,1.033,0,
baseline,185,10,0.895735664587469,elderly,12,0,1.3617,1.3617,0,
baseline,186,10,0.26608149821206883,adult,12,0,1.3617,1.3617,0,
baseline,187,10,0.22885027121419005,adult,2,2,1.4357,1.4357,0,
baseline,188,10,0.25818280463696514,adult,9,3,1.1896,1.1896,0,
baseline,189,10,0.25124888164635667,adult,3,9,0.8262,0.8262,0,
baseline,190,10,0.7388637748744878,elderly,4,8,0.8275,0.8275,0,
baseline,191,10,0.24355609940976028,adult,5,5,1.049,1.049,0,
baseline,192,10,0.2622858672661557,adult,1,6,1.1155,1.1155,0,
baseline,193,10,0.3114225338599181,adult,1,7,0.9051,0.9051,0,
baseline,194,10,0.7432938913438611,child,7,4,0.9808,0.9808,0,
baseline,195,10,0.26317722516719005,adult,7,7,0.9279,0.9279,0,
baseline,196,10,0.2246770526955429,adult,10,7,0.8042,0.8042,0,
baseline,197,10,0.5584044178321356,child,10,9,0.7807,0.7807,0,
baseline,198,10,0.2514953170246483,adult,9,4,1.2937,1.2937,0,
baseline,199,10,0.2899733601941726,adult,16,4,0.9566,0.9566,0,
baseline,200,10,0.25622285847923476,adult,8,5,1.3526,1.3526,0,
baseline,201,10,0.4521031631709903,adult,17,0,1.3636,1.3636,0,
baseline,202,10,0.1634121024151908,adult,19,7,0.8937,0.8937,0,
baseline,203,10,0.5626995559129596,child,14,1,1.3639,1.3639,0,
baseline,204,10,0.327120941806494,adult,15,9,0.755,0.755,0,
baseline,205,10,0.7857123878054436,elderly,4,7,0.8223,0.8223,0,
baseline,206,10,0.5939394270629585,child,4,6,1.0693,1.0693,0,
baseline,207,10,0.28709923820747085,adult,13,5,1.0675,1.0675,0,
baseline,208,10,0.39542716557746904,adult,19,3,1.1201,1.1201,0,
baseline,209,10,0.27359697560694635,adult,1,3,1.0311,1.0311,0,
baseline,210,10,0.9020130166851742,elderly,0,5,1.023,1.023,0,
baseline,211,10,0.2713101047676122,adult,7,6,0.9829,0.9829,0,
baseline,212,10,0.24736743242291168,adult,8,6,1.0668,1.0668,0,
baseline,213,10,0.6794396779816514,elderly,16,2,1.336,1.336,0,
baseline,214,10,0.30091251551864373,adult,0,0,1.3317,1.3317,0,
baseline,215,10,0.21670540748307351,adult,17,0,1.3636,1.3636,0,
baseline,216,10,0.3687606793764565,adult,3,5,1.0173,1.0173,0,
baseline,217,10,0.2538767051714499,adult,3,3,0.9822,0.9822,0,
baseline,218,10,0.2824197149857894,adult,0,6,1.025,1.025,0,
baseline,219,10,0.5636693672210529,child,7,3,0.9995,0.9995,0,
baseline,220,10,0.6948217456126036,child,11,7,0.8643,0.8643,0,
baseline,221,10,0.8780226911713226,elderly,13,5,1.0675,1.0675,0,
baseline,222,10,0.30180138271631185,adult,5,9,0.7811,0.7811,0,
baseline,223,10,0.19113770908623962,adult,2,0,1.2977,1.2977,0,
baseline,224,10,0.22956484340680797,adult,14,8,0.9073,0.9073,0,
baseline,225,10,0.2188924625952585,adult,9,9,0.8797,0.8797,0,
baseline,226,10,0.688413136429157,elderly,17,4,0.9935,0.9935,0,
baseline,227,10,0.7561906848382751,elderly,6,9,0.7634,0.7634,0,
baseline,228,10,0.566836488720734,child,13,1,1.4745,1.4745,0,
baseline,229,10,0.5049212893202911,child,2,2,1.4357,1.4357,0,
baseline,230,10,0.2379441270070261,adult,6,5,1.032,1.032,0,
baseline,231,10,0.21828841423349848,adult,2,5,1.0196,1.0196,0,
baseline,232,10,0.1839452306394218,adult,14,2,1.4079,1.4079,0,
baseline,233,10,0.29492040259128455,adult,7,2,1.3171,1.3171,0,
baseline,234,10,0.29013491932937124,adult,2,5,1.0196,1.0196,0,
baseline,235,10,0.34669130855252334,adult,12,8,0.852,0.852,0,
baseline,236,10,0.28232450555661204,adult,9,0,1.2875,1.2875,0,
baseline,237,10,0.5757509116895175,child,0,2,1.3417,1.3417,0,
baseline,238,10,0.5403723756597331,child,11,2,1.3453,1.3453,0,
baseline,239,10,0.5952182201485263,child,11,7,0.8643,0.8643,0,
baseline,0,11,0.5380812195557422,child,10,0,1.5916,1.5916,0,
baseline,1,11,0.5438885528571922,child,19,9,1.009,1.009,0,
baseline,2,11,0.7202561588196462,elderly,6,4,1.3226,1.3226,0,
baseline,3,11,0.216473321571373,adult,17,0,1.5271,1.5271,0,
baseline,4,11,0.179291256914281,adult,9,0,1.5293,1.5293,0,
baseline,5,11,0.7742080791371789,elderly,7,2,1.5005,1.5005,0,
baseline,6,11,0.6860132284779408,elderly,2,0,1.5846,1.5846,0,
baseline,7,11,0.24933523196076668,adult,13,4,1.333,1.333,0,
baseline,8,11,0.6343234811450121,child,4,1,1.5095,1.5095,0,
baseline,9,11,0.2937927377360272,adult,4,3,1.3551,1.3551,0,
baseline,10,11,0.29067965400666446,adult,15,4,1.2949,1.2949,0,
baseline,11,11,0.29337902378575376,adult,10,6,1.2117,1.2117,0,
baseline,12,11,0.2580821854764632,adult,6,9,1.0461,1.0461,0,
baseline,13,11,0.23208808428151181,adult,17,3,1.3148,1.3148,0,
baseline,14,11,0.22746461649058938,adult,17,8,1.054,1.054,0,
baseline,15,11,0.4919996898463789,child,15,6,1.3915,1.3915,0,
baseline,16,11,0.7297879386484595,child,3,5,1.2545,1.2545,0,
baseline,17,11,0.6910243835711712,elderly,16,0,1.3774,1.3774,0,
baseline,18,11,0.27290224990437284,adult,19,8,1.0243,1.0243,0,
baseline,19,11,0.5918994514851882,child,9,4,1.5391,1.5391,0,
baseline,20,11,0.20000931813748296,adult,14,5,1.1793,1.1793,0,
baseline,21,11,0.2566225962051309,adult,16,0,1.3774,1.3774,0,
baseline,22,11,0.2636593411524598,adult,1,7,1.0939,1.0939,0,
baseline,23,11,0.6949427075347202,child,14,7,1.0703,1.0703,0,
baseline,24,11,0.36652485810151314,adult,6,5,1.3481,1.3481,0,
baseline,25,11,0.2443193234562278,adult,0,2,1.5735,1.5735,0,
baseline,26,11,0.3010033863387559,adult,2,7,1.0441,1.0441,0,
baseline,27,11,0.264862699158784,adult,9,0,1.5293,1.5293,0,
baseline,28,11,0.25879019854094,adult,2,9,1.0206,1.0206,0,
baseline,29,11,0.31974955111962444,adult,0,7,0.9949,0.9949,0,
baseline,30,11,0.1555928571749553,adult,14,7,1.0703,1.0703,0,
baseline,31,11,0.548458082951535,child,14,6,1.1833,1.1833,0,
baseline,32,11,0.2544761312097897,adult,4,5,1.2141,1.2141,0,
baseline,33,11,0.3227939887511161,adult,15,9,1.0064,1.0064,0,
baseline,34,11,0.6558716694259125,child,15,9,1.0064,1.0064,0,
baseline,35,11,0.5492700374659585,child,9,7,1.1167,1.1167,0,
baseline,36,11,0.28742961388729216,adult,0,0,1.4806,1.4806,0,
baseline,37,11,0.862770385621313,elderly,3,4,1.2421,1.2421,0,
baseline,38,11,0.23693857704201632,adult,0,5,1.2976,1.2976,0,
baseline,39,11,0.2454791545887237,adult,3,8,1.1443,1.1443,0,
baseline,40,11,0.583334998890488,child,7,4,1.234,1.234,0,
baseline,41,11,0.2636638551640602,adult,7,3,1.2549,1.2549,0,
baseline,42,11,0.9350941601422765,elderly,12,8,1.0415,1.0415,0,
baseline,43,11,0.21562936030731708,adult,19,7,1.0028,1.0028,0,
baseline,44,11,0.5397436170004551,child,12,3,1.5594,1.5594,0,
baseline,45,11,0.18354442553252845,adult,0,2,1.5735,1.5735,0,
baseline,46,11,0.27255587776068274,adult,19,0,1.5304,1.5304,0,
baseline,47,11,0.30152879677991906,adult,12,5,1.5478,1.5478,0,
baseline,48,11,0.2424720207354753,adult,12,7,1.0536,1.0536,0,
baseline,49,11,0.7645513584523809,elderly,15,5,1.3076,1.3076,0,
baseline,50,11,0.41514306586559097,adult,11,8,1.041,1.041,0,
baseline,51,11,0.2061884568547753,adult,11,0,1.5222,1.5222,0,
baseline,52,11,0.31853752554381776,adult,7,8,1.1011,1.1011,0,
baseline,53,11,0.2638404878487771,adult,16,7,1.083,1.083,0,
baseline,54,11,0.21400695401395703,adult,0,3,1.3785,1.3785,0,
baseline,55,11,0.3026292881022382,adult,0,1,1.4796,1.4796,0,
baseline,56,11,0.7372548908762495,elderly,11,0,1.5222,1.5222,0,
baseline,57,11,0.2208870448850433,adult,7,0,1.5641,1.5641,0,
baseline,58,11,0.3144823244892736,adult,5,6,1.3091,1.3091,0,
baseline,59,11,0.22063955497119142,adult,13,1,1.562,1.562,0,
baseline,60,11,0.5166058535491507,child,17,3,1.3148,1.3148,0,
baseline,61,11,0.23464792877787313,adult,13,0,1.5913,1.5913,0,
baseline,62,11,0.7780271499327811,elderly,1,1,1.6465,1.6465,0,
baseline,63,11,0.7701272985546185,elderly,5,4,1.3277,1.3277,0,
baseline,64,11,0.260395348860413,adult,15,4,1.2949,1.2949,0,
baseline,65,11,0.18124989624959473,adult,17,9,1.0406,1.0406,0,
baseline,66,11,0.7479987221088478,elderly,8,9,1.0303,1.0303,0,
baseline,67,11,0.2747694705910339,adult,0,5,1.2976,1.2976,0,
baseline,68,11,0.2623728676439467,adult,16,1,1.5203,1.5203,0,
baseline,69,11,0.3475954363017591,adult,12,4,1.4992,1.4992,0,
baseline,70,11,0.18683697056304266,adult,7,9,1.0497,1.0497,0,
baseline,71,11,0.2252873014963322,adult,8,3,1.4666,1.4666,0,
baseline,72,11,0.3073174185068305,adult,3,6,1.2148,1.2148,0,
baseline,73,11,0.28651314785661347,adult,19,3,1.1971,1.1971,0,
baseline,74,11,0.7497164804572996,elderly,0,7,0.9949,0.9949,0,
baseline,75,11,0.8576126643135189,elderly,13,2,1.5163,1.5163,0,
baseline,76,11,0.24339714453787592,adult,3,5,1.2545,1.2545,0,
baseline,77,11,0.5658695094941405,child,6,3,1.2029,1.2029,0,
baseline,78,11,0.2557292455827229,adult,19,2,1.5953,1.5953,0,
baseline,79,11,0.31274852127145286,adult,4,5,1.2141,1.2141,0,
baseline,80,11,0.24192319037630758,adult,0,0,1.4806,1.4806,0,
baseline,81,11,0.7495257436955758,elderly,19,6,1.1672,1.1672,0,
baseline,82,11,0.2094635281564155,adult,16,1,1.5203,1.5203,0,
baseline,83,11,0.2368250785688548,adult,12,1,1.5208,1.5208,0,
baseline,84,11,0.7597628712547879,elderly,3,7,1.014,1.014,0,
baseline,85,11,0.2134449412553841,adult,11,7,1.0305,1.0305,0,
baseline,86,11,0.26029034175119803,adult,7,3,1.2549,1.2549,0,
baseline,87,11,0.8739793646798583,elderly,9,9,1.0213,1.0213,0,
baseline,88,11,0.23068402377938965,adult,19,8,1.0243,1.0243,0,
baseline,89,11,0.21593278881496686,adult,14,3,1.2773,1.2773,0,
baseline,90,11,0.7286621276353521,elderly,13,9,1.0767,1.0767,0,
baseline,91,11,0.2651344904420061,adult,18,2,1.5927,1.5927,0,
baseline,92,11,0.20377115206369537,adult,17,4,1.2876,1.2876,0,
baseline,93,11,0.20132533923371512,adult,2,6,1.1796,1.1796,0,
baseline,94,11,0.7049720665964455,elderly,0,9,1.0384,1.0384,0,
baseline,95,11,0.25100462370739207,adult,15,1,1.4779,1.4779,0,
baseline,96,11,0.4955828490431283,child,4,7,1.1032,1.1032,0,
baseline,97,11,0.27283994893939245,adult,17,0,1.5271,1.5271,0,
baseline,98,11,0.21712454129440448,adult,16,7,1.083,1.083,0,
baseline,99,11,0.7185461557640977,elderly,6,7,1.1093,1.1093,0,
baseline,100,11,0.4754623971272218,child,12,2,1.5038,1.5038,0,
baseline,101,11,0.814329171491318,elderly,7,3,1.2549,1.2549,0,
baseline,102,11,0.9382392363354756,elderly,1,9,1.0709,1.0709,0,
baseline,103,11,0.30010692589416543,adult,0,2,1.5735,1.5735,0,
baseline,104,11,0.8126300272600911,elderly,4,4,1.2666,1.2666,0,
baseline,105,11,0.23441354547710377,adult,17,7,1.0383,1.0383,0,
baseline,106,11,0.5066140359967927,child,4,3,1.3551,1.3551,0,
baseline,107,11,0.5631658536919568,child,3,2,1.5435,1.5435,0,
baseline,108,11,0.23073770055214435,adult,7,2,1.5005,1.5005,0,
baseline,109,11,0.29657377246189087,adult,12,5,1.5478,1.5478,0,
baseline,110,11,0.27279255604127917,adult,2,6,1.1796,1.1796,0,
baseline,111,11,0.5291861555650081,child,15,6,1.3915,1.3915,0,
baseline,112,11,0.8908951292054481,elderly,7,4,1.234,1.234,0,
baseline,113,11,0.5158957569432061,child,7,8,1.1011,1.1011,0,
baseline,114,11,0.8593264155201461,elderly,15,7,1.0939,1.0939,0,
baseline,115,11,0.32052011433136096,adult,13,5,1.236,1.236,0,
baseline,116,11,0.5844185905950111,child,3,8,1.1443,1.1443,0,
baseline,117,11,0.24225311600942953,adult,10,6,1.2117,1.2117,0,
baseline,118,11,0.2089072670144541,adult,12,1,1.5208,1.5208,0,
baseline,119,11,0.9022295288833049,elderly,5,6,1.3091,1.3091,0,
baseline,120,11,0.5289935218684951,child,17,3,1.3148,1.3148,0,
baseline,121,11,0.42582414868915897,adult,6,2,1.4701,1.4701,0,
baseline,122,11,0.321155028793213,adult,0,9,1.0384,1.0384,0,
baseline,123,11,0.6995000220419753,child,19,9,1.009,1.009,0,
baseline,124,11,0.562529225395729,child,17,7,1.0383,1.0383,0,
baseline,125,11,0.8475195178808403,elderly,4,2,1.6099,1.6099,0,
baseline,126,11,0.5540215869676903,child,14,5,1.1793,1.1793,0,
baseline,127,11,0.766520446349269,elderly,18,3,1.2621,1.2621,0,
baseline,128,11,0.7416409671545062,elderly,16,8,1.1224,1.1224,0,
baseline,129,11,0.1865474786824886,adult,1,8,1.0576,1.0576,0,
baseline,130,11,0.5991072876975088,child,18,1,1.5303,1.5303,0,
baseline,131,11,0.6713434192845964,child,16,4,1.2806,1.2806,0,
baseline,132,11,0.26809246029419453,adult,5,2,1.5823,1.5823,0,
baseline,133,11,0.22890676933880374,adult,13,8,1.1044,1.1044,0,
baseline,134,11,0.21223556584054845,adult,0,4,1.2002,1.2002,0,
baseline,135,11,0.4871906993496808,child,10,7,1.0596,1.0596,0,
baseline,136,11,0.5813838397364346,child,3,5,1.2545,1.2545,0,
baseline,137,11,0.1834367475007917,adult,7,5,1.1968,1.1968,0,
baseline,138,11,0.30240291417804127,adult,15,6,1.3915,1.3915,0,
baseline,139,11,0.28188702499195395,adult,18,2,1.5927,1.5927,0,
baseline,140,11,0.3042444979413341,adult,6,9,1.0461,1.0461,0,
baseline,141,11,0.2410183959966361,adult,19,6,1.1672,1.1672,0,
baseline,142,11,0.25779477773074466,adult,16,4,1.2806,1.2806,0,
baseline,143,11,0.2024052019176551,adult,13,7,1.1233,1.1233,0,
baseline,144,11,0.8349906142726966,elderly,19,2,1.5953,1.5953,0,
baseline,145,11,0.23016660216907392,adult,14,1,1.6677,1.6677,0,
baseline,146,11,0.22633729077264053,adult,1,1,1.6465,1.6465,0,
baseline,147,11,0.18671782350320223,adult,15,0,1.4914,1.4914,0,
baseline,148,11,0.3265717377596302,adult,16,1,1.5203,1.5203,0,
baseline,149,11,0.5931363866533521,child,12,6,1.2375,1.2375,0,
baseline,150,11,0.33786967348278196,adult,10,2,1.6063,1.6063,0,
baseline,151,11,0.24434311120662164,adult,17,0,1.5271,1.5271,0,
baseline,152,11,0.3131721899623074,adult,13,6,1.2354,1.2354,0,
baseline,153,11,0.30482733918353766,adult,15,9,1.0064,1.0064,0,
baseline,154,11,0.5207407229993698,child,19,4,1.284,1.284,0,
baseline,155,11,0.2698840835350667,adult,7,4,1.234,1.234,0,
baseline,156,11,0.21854549526592404,adult,10,8,1.0588,1.0588,0,
baseline,157,11,0.7800885741958227,elderly,3,3,1.1546,1.1546,0,
baseline,158,11,0.22376698635368497,adult,8,9,1.0303,1.0303,0,
baseline,159,11,0.2490942753506871,adult,12,1,1.5208,1.5208,0,
baseline,160,11,0.23909707064169694,adult,16,3,1.2984,1.2984,0,
baseline,161,11,0.26816184340335836,adult,12,3,1.5594,1.5594,0,
baseline,162,11,0.5590101392326462,child,10,2,1.6063,1.6063,0,
baseline,163,11,0.2586620552478868,adult,15,4,1.2949,1.2949,0,
baseline,164,11,0.21874748549033007,adult,14,5,1.1793,1.1793,0,
baseline,165,11,0.26806801780654776,adult,1,5,1.221,1.221,0,
baseline,166,11,0.31453748099041595,adult,9,4,1.5391,1.5391,0,
baseline,167,11,0.5571003562232809,child,18,3,1.2621,1.2621,0,
baseline,168,11,0.28556981755657285,adult,9,6,1.1917,1.1917,0,
baseline,169,11,0.20289864310003097,adult,11,6,1.2637,1.2637,0,
baseline,170,11,0.2591235835153987,adult,9,8,1.0998,1.0998,0,
baseline,171,11,0.5403518780488572,child,0,1,1.4796,1.4796,0,
baseline,172,11,0.19710832762003697,adult,18,6,1.228,1.228,0,
baseline,173,11,0.7370654202189683,elderly,5,8,1.0116,1.0116,0,
baseline,174,11,0.5944522686442528,child,19,3,1.1971,1.1971,0,
baseline,175,11,0.27508362578769247,adult,0,1,1.4796,1.4796,0,
baseline,176,11,0.19711151507617047,adult,10,2,1.6063,1.6063,0,
baseline,177,11,0.2626617426734974,adult,5,5,1.1974,1.1974,0,
baseline,178,11,0.2950995521960962,adult,3,4,1.2421,1.2421,0,
baseline,179,11,0.3774069229558558,adult,17,4,1.2876,1.2876,0,
baseline,180,11,0.7054964868146433,elderly,16,9,0.9968,0.9968,0,
baseline,181,11,0.5168708354178837,child,16,0,1.3774,1.3774,0,
baseline,182,11,0.22452710037794926,adult,13,5,1.236,1.236,0,
baseline,183,11,0.24281444929542967,adult,18,5,1.2444,1.2444,0,
baseline,184,11,0.20656651882118987,adult,19,5,1.271,1.271,0,
baseline,185,11,0.895735664587469,elderly,12,0,1.5225,1.5225,0,
baseline,186,11,0.26608149821206883,adult,12,0,1.5225,1.5225,0,
baseline,187,11,0.22885027121419005,adult,2,2,1.6239,1.6239,0,
baseline,188,11,0.25818280463696514,adult,9,3,1.4743,1.4743,0,
baseline,189,11,0.25124888164635667,adult,3,9,0.9895,0.9895,0,
baseline,190,11,0.7388637748744878,elderly,4,8,1.0044,1.0044,0,
baseline,191,11,0.24355609940976028,adult,5,5,1.1974,1.1974,0,
baseline,192,11,0.2622858672661557,adult,1,6,1.2575,1.2575,0,
baseline,193,11,0.3114225338599181,adult,1,7,1.0939,1.0939,0,
baseline,194,11,0.7432938913438611,child,7,4,1.234,1.234,0,
baseline,195,11,0.26317722516719005,adult,7,7,1.0368,1.0368,0,
baseline,196,11,0.2246770526955429,adult,10,7,1.0596,1.0596,0,
baseline,197,11,0.5584044178321356,child,10,9,1.0518,1.0518,0,
baseline,198,11,0.2514953170246483,adult,9,4,1.5391,1.5391,0,
baseline,199,11,0.2899733601941726,adult,16,4,1.2806,1.2806,0,
baseline,200,11,0.25622285847923476,adult,8,5,1.5375,1.5375,0,
baseline,201,11,0.4521031631709903,adult,17,0,1.5271,1.5271,0,
baseline,202,11,0.1634121024151908,adult,19,7,1.0028,1.0028,0,
baseline,203,11,0.5626995559129596,child,14,1,1.6677,1.6677,0,
baseline,204,11,0.327120941806494,adult,15,9,1.0064,1.0064,0,
baseline,205,11,0.7857123878054436,elderly,4,7,1.1032,1.1032,0,
baseline,206,11,0.5939394270629585,child,4,6,1.2286,1.2286,0,
baseline,207,11,0.28709923820747085,adult,13,5,1.236,1.236,0,
baseline,208,11,0.39542716557746904,adult,19,3,1.1971,1.1971,0,
baseline,209,11,0.27359697560694635,adult,1,3,1.2691,1.2691,0,
baseline,210,11,0.9020130166851742,elderly,0,5,1.2976,1.2976,0,
baseline,211,11,0.2713101047676122,adult,7,6,1.2693,1.2693,0,
baseline,212,11,0.24736743242291168,adult,8,6,1.2823,1.2823,0,
baseline,213,11,0.6794396779816514,elderly,16,2,1.5412,1.5412,0,
baseline,214,11,0.30091251551864373,adult,0,0,1.4806,1.4806,0,
baseline,215,11,0.21670540748307351,adult,17,0,1.5271,1.5271,0,
baseline,216,11,0.3687606793764565,adult,3,5,1.2545,1.2545,0,
baseline,217,11,0.2538767051714499,adult,3,3,1.1546,1.1546,0,
baseline,218,11,0.2824197149857894,adult,0,6,1.2626,1.2626,0,
baseline,219,11,0.5636693672210529,child,7,3,1.2549,1.2549,0,
baseline,220,11,0.6948217456126036,child,11,7,1.0305,1.0305,0,
baseline,221,11,0.8780226911713226,elderly,13,5,1.236,1.236,0,
baseline,222,11,0.30180138271631185,adult,5,9,1.0551,1.0551,0,
baseline,223,11,0.19113770908623962,adult,2,0,1.5846,1.5846,0,
baseline,224,11,0.22956484340680797,adult,14,8,1.0696,1.0696,0,
baseline,225,11,0.2188924625952585,adult,9,9,1.0213,1.0213,0,
baseline,226,11,0.688413136429157,elderly,17,4,1.2876,1.2876,0,
baseline,227,11,0.7561906848382751,elderly,6,9,1.0461,1.0461,0,
baseline,228,11,0.566836488720734,child,13,1,1.562,1.562,0,
baseline,229,11,0.5049212893202911,child,2,2,1.6239,1.6239,0,
baseline,230,11,0.2379441270070261,adult,6,5,1.3481,1.3481,0,
baseline,231,11,0.21828841423349848,adult,2,5,1.3007,1.3007,0,
baseline,232,11,0.1839452306394218,adult,14,2,1.5696,1.5696,0,
baseline,233,11,0.29492040259128455,adult,7,2,1.5005,1.5005,0,
baseline,234,11,0.29013491932937124,adult,2,5,1.3007,1.3007,0,
baseline,235,11,0.34669130855252334,adult,12,8,1.0415,1.0415,0,
baseline,236,11,0.28232450555661204,adult,9,0,1.5293,1.5293,0,
baseline,237,11,0.5757509116895175,child,0,2,1.5735,1.5735,0,
baseline,238,11,0.5403723756597331,child,11,2,1.5546,1.5546,0,
baseline,239,11,0.5952182201485263,child,11,7,1.0305,1.0305,0,
baseline,0,12,0.5380812195557422,child,10,0,1.7401,1.7401,0,
baseline,1,12,0.5438885528571922,child,19,9,1.2611,1.2611,0,
baseline,2,12,0.7202561588196462,elderly,6,4,1.4204,1.4204,0,
baseline,3,12,0.216473321571373,adult,17,0,1.7646,1.7646,0,
baseline,4,12,0.179291256914281,adult,9,0,1.7973,1.7973,0,
baseline,5,12,0.7742080791371789,elderly,7,2,1.7691,1.7691,0,
baseline,6,12,0.6860132284779408,elderly,2,0,1.7689,1.7689,0,
baseline,7,12,0.24933523196076668,adult,13,4,1.425,1.425,0,
baseline,8,12,0.6343234811450121,child,4,1,1.7441,1.7441,0,
baseline,9,12,0.2937927377360272,adult,4,3,1.459,1.459,0,
baseline,10,12,0.29067965400666446,adult,15,4,1.4861,1.4861,0,
baseline,11,12,0.29337902378575376,adult,10,6,1.4301,1.4301,0,
baseline,12,12,0.2580821854764632,adult,6,9,1.1977,1.1977,0,
baseline,13,12,0.23208808428151181,adult,17,3,1.3901,1.3901,0,
baseline,14,12,0.22746461649058938,adult,17,8,1.3,1.3,0,
baseline,15,12,0.4919996898463789,child,15,6,1.5081,1.5081,0,
baseline,16,12,0.7297879386484595,child,3,5,1.4853,1.4853,0,
baseline,17,12,0.6910243835711712,elderly,16,0,1.7124,1.7124,0,
baseline,18,12,0.27290224990437284,adult,19,8,1.1743,1.1743,0,
baseline,19,12,0.5918994514851882,child,9,4,1.7626,1.7626,0,
baseline,20,12,0.20000931813748296,adult,14,5,1.4728,1.4728,0,
baseline,21,12,0.2566225962051309,adult,16,0,1.7124,1.7124,0,
baseline,22,12,0.2636593411524598,adult,1,7,1.3741,1.3741,0,
baseline,23,12,0.6949427075347202,child,14,7,1.183,1.183,0,
baseline,24,12,0.36652485810151314,adult,6,5,1.4087,1.4087,0,
baseline,25,12,0.2443193234562278,adult,0,2,1.738,1.738,0,
baseline,26,12,0.3010033863387559,adult,2,7,1.2391,1.2391,0,
baseline,27,12,0.264862699158784,adult,9,0,1.7973,1.7973,0,
baseline,28,12,0.25879019854094,adult,2,9,1.222,1.222,0,
baseline,29,12,0.31974955111962444,adult,0,7,1.2487,1.2487,0,
baseline,30,12,0.1555928571749553,adult,14,7,1.183,1.183,0,
baseline,31,12,0.548458082951535,child,14,6,1.4508,1.4508,0,
baseline,32,12,0.2544761312097897,adult,4,5,1.46,1.46,0,
baseline,33,12,0.3227939887511161,adult,15,9,1.2562,1.2562,0,
baseline,34,12,0.6558716694259125,child,15,9,1.2562,1.2562,0,
baseline,35,12,0.5492700374659585,child,9,7,1.3169,1.3169,0,
baseline,36,12,0.28742961388729216,adult,0,0,1.6909,1.6909,0,
baseline,37,12,0.862770385621313,elderly,3,4,1.5485,1.5485,0,
baseline,38,12,0.23693857704201632,adult,0,5,1.4653,1.4653,0,
baseline,39,12,0.2454791545887237,adult,3,8,1.301,1.301,0,
baseline,40,12,0.583334998890488,child,7,4,1.4108,1.4108,0,
baseline,41,12,0.2636638551640602,adult,7,3,1.3555,1.3555,0,
baseline,42,12,0.9350941601422765,elderly,12,8,1.3516,1.3516,0,
baseline,43,12,0.21562936030731708,adult,19,7,1.3385,1.3385,0,
baseline,44,12,0.5397436170004551,child,12,3,1.7263,1.7263,0,
baseline,45,12,0.18354442553252845,adult,0,2,1.738,1.738,0,
baseline,46,12,0.27255587776068274,adult,19,0,1.7681,1.7681,0,
baseline,47,12,0.30152879677991906,adult,12,5,1.7355,1.7355,0,
baseline,48,12,0.2424720207354753,adult,12,7,1.1606,1.1606,0,
baseline,49,12,0.7645513584523809,elderly,15,5,1.4203,1.4203,0,
baseline,50,12,0.41514306586559097,adult,11,8,1.2216,1.2216,0,
baseline,51,12,0.2061884568547753,adult,11,0,1.7533,1.7533,0,
baseline,52,12,0.31853752554381776,adult,7,8,1.2967,1.2967,0,
baseline,53,12,0.2638404878487771,adult,16,7,1.2478,1.2478,0,
baseline,54,12,0.21400695401395703,adult,0,3,1.4693,1.4693,0,
baseline,55,12,0.3026292881022382,adult,0,1,1.787,1.787,0,
baseline,56,12,0.7372548908762495,elderly,11,0,1.7533,1.7533,0,
baseline,57,12,0.2208870448850433,adult,7,0,1.7789,1.7789,0,
baseline,58,12,0.3144823244892736,adult,5,6,1.5334,1.5334,0,
baseline,59,12,0.22063955497119142,adult,13,1,1.7669,1.7669,0,
baseline,60,12,0.5166058535491507,child,17,3,1.3901,1.3901,0,
baseline,61,12,0.23464792877787313,adult,13,0,1.7195,1.7195,0,
baseline,62,12,0.7780271499327811,elderly,1,1,1.6957,1.6957,0,
baseline,63,12,0.7701272985546185,elderly,5,4,1.4933,1.4933,0,
baseline,64,12,0.260395348860413,adult,15,4,1.4861,1.4861,0,
baseline,65,12,0.18124989624959473,adult,17,9,1.2909,1.2909,0,
baseline,66,12,0.7479987221088478,elderly,8,9,1.3008,1.3008,0,
baseline,67,12,0.2747694705910339,adult,0,5,1.4653,1.4653,0,
baseline,68,12,0.2623728676439467,adult,16,1,1.7279,1.7279,0,
baseline,69,12,0.3475954363017591,adult,12,4,1.6704,1.6704,0,
baseline,70,12,0.18683697056304266,adult,7,9,1.2471,1.2471,0,
baseline,71,12,0.2252873014963322,adult,8,3,1.6764,1.6764,0,
baseline,72,12,0.3073174185068305,adult,3,6,1.4636,1.4636,0,
baseline,73,12,0.28651314785661347,adult,19,3,1.4717,1.4717,0,
baseline,74,12,0.7497164804572996,elderly,0,7,1.2487,1.2487,0,
baseline,75,12,0.8576126643135189,elderly,13,2,1.672,1.672,0,
baseline,76,12,0.24339714453787592,adult,3,5,1.4853,1.4853,0,
baseline,77,12,0.5658695094941405,child,6,3,1.414,1.414,0,
baseline,78,12,0.2557292455827229,adult,19,2,1.7091,1.7091,0,
baseline,79,12,0.31274852127145286,adult,4,5,1.46,1.46,0,
baseline,80,12,0.24192319037630758,adult,0,0,1.6909,1.6909,0,
baseline,81,12,0.7495257436955758,elderly,19,6,1.3944,1.3944,0,
baseline,82,12,0.2094635281564155,adult,16,1,1.7279,1.7279,0,
baseline,83,12,0.2368250785688548,adult,12,1,1.7406,1.7406,0,
baseline,84,12,0.7597628712547879,elderly,3,7,1.3092,1.3092,0,
baseline,85,12,0.2134449412553841,adult,11,7,1.3086,1.3086,0,
baseline,86,12,0.26029034175119803,adult,7,3,1.3555,1.3555,0,
baseline,87,12,0.8739793646798583,elderly,9,9,1.1914,1.1914,0,
baseline,88,12,0.23068402377938965,adult,19,8,1.1743,1.1743,0,
baseline,89,12,0.21593278881496686,adult,14,3,1.4029,1.4029,0,
baseline,90,12,0.7286621276353521,elderly,13,9,1.2746,1.2746,0,
baseline,91,12,0.2651344904420061,adult,18,2,1.8346,1.8346,0,
baseline,92,12,0.20377115206369537,adult,17,4,1.5153,1.5153,0,
baseline,93,12,0.20132533923371512,adult,2,6,1.4111,1.4111,0,
baseline,94,12,0.7049720665964455,elderly,0,9,1.2523,1.2523,0,
baseline,95,12,0.25100462370739207,adult,15,1,1.744,1.744,0,
baseline,96,12,0.4955828490431283,child,4,7,1.1448,1.1448,0,
baseline,97,12,0.27283994893939245,adult,17,0,1.7646,1.7646,0,
baseline,98,12,0.21712454129440448,adult,16,7,1.2478,1.2478,0,
baseline,99,12,0.7185461557640977,elderly,6,7,1.2451,1.2451,0,
baseline,100,12,0.4754623971272218,child,12,2,1.8053,1.8053,0,
baseline,101,12,0.814329171491318,elderly,7,3,1.3555,1.3555,0,
baseline,102,12,0.9382392363354756,elderly,1,9,1.2668,1.2668,0,
baseline,103,12,0.30010692589416543,adult,0,2,1.738,1.738,0,
baseline,104,12,0.8126300272600911,elderly,4,4,1.4651,1.4651,0,
baseline,105,12,0.23441354547710377,adult,17,7,1.1004,1.1004,0,
baseline,106,12,0.5066140359967927,child,4,3,1.459,1.459,0,
baseline,107,12,0.5631658536919568,child,3,2,1.7387,1.7387,0,
baseline,108,12,0.23073770055214435,adult,7,2,1.7691,1.7691,0,
baseline,109,12,0.29657377246189087,adult,12,5,1.7355,1.7355,0,
baseline,110,12,0.27279255604127917,adult,2,6,1.4111,1.4111,0,
baseline,111,12,0.5291861555650081,child,15,6,1.5081,1.5081,0,
baseline,112,12,0.8908951292054481,elderly,7,4,1.4108,1.4108,0,
baseline,113,12,0.5158957569432061,child,7,8,1.2967,1.2967,0,
baseline,114,12,0.8593264155201461,elderly,15,7,1.2351,1.2351,0,
baseline,115,12,0.32052011433136096,adult,13,5,1.424,1.424,0,
baseline,116,12,0.5844185905950111,child,3,8,1.301,1.301,0,
baseline,117,12,0.24225311600942953,adult,10,6,1.4301,1.4301,0,
baseline,118,12,0.2089072670144541,adult,12,1,1.7406,1.7406,0,
baseline,119,12,0.9022295288833049,elderly,5,6,1.5334,1.5334,0,
baseline,120,12,0.5289935218684951,child,17,3,1.3901,1.3901,0,
baseline,121,12,0.42582414868915897,adult,6,2,1.7967,1.7967,0,
baseline,122,12,0.321155028793213,adult,0,9,1.2523,1.2523,0,
baseline,123,12,0.6995000220419753,child,19,9,1.2611,1.2611,0,
baseline,124,12,0.562529225395729,child,17,7,1.1004,1.1004,0,
baseline,125,12,0.8475195178808403,elderly,4,2,1.7629,1.7629,0,
baseline,126,12,0.5540215869676903,child,14,5,1.4728,1.4728,0,
baseline,127,12,0.766520446349269,elderly,18,3,1.4477,1.4477,0,
baseline,128,12,0.7416409671545062,elderly,16,8,1.269,1.269,0,
baseline,129,12,0.1865474786824886,adult,1,8,1.2349,1.2349,0,
baseline,130,12,0.5991072876975088,child,18,1,1.7989,1.7989,0,
baseline,131,12,0.6713434192845964,child,16,4,1.525,1.525,0,
baseline,132,12,0.26809246029419453,adult,5,2,1.6662,1.6662,0,
baseline,133,12,0.22890676933880374,adult,13,8,1.2263,1.2263,0,
baseline,134,12,0.21223556584054845,adult,0,4,1.4285,1.4285,0,
baseline,135,12,0.4871906993496808,child,10,7,1.3458,1.3458,0,
baseline,136,12,0.5813838397364346,child,3,5,1.4853,1.4853,0,
baseline,137,12,0.1834367475007917,adult,7,5,1.4222,1.4222,0,
baseline,138,12,0.30240291417804127,adult,15,6,1.5081,1.5081,0,
baseline,139,12,0.28188702499195395,adult,18,2,1.8346,1.8346,0,
baseline,140,12,0.3042444979413341,adult,6,9,1.1977,1.1977,0,
baseline,141,12,0.2410183959966361,adult,19,6,1.3944,1.3944,0,
baseline,142,12,0.25779477773074466,adult,16,4,1.525,1.525,0,
baseline,143,12,0.2024052019176551,adult,13,7,1.3061,1.3061,0,
baseline,144,12,0.8349906142726966,elderly,19,2,1.7091,1.7091,0,
baseline,145,12,0.23016660216907392,adult,14,1,1.6958,1.6958,0,
baseline,146,12,0.22633729077264053,adult,1,1,1.6957,1.6957,0,
baseline,147,12,0.18671782350320223,adult,15,0,1.7853,1.7853,0,
baseline,148,12,0.3265717377596302,adult,16,1,1.7279,1.7279,0,
baseline,149,12,0.5931363866533521,child,12,6,1.4245,1.4245,0,
baseline,150,12,0.33786967348278196,adult,10,2,1.855,1.855,0,
baseline,151,12,0.24434311120662164,adult,17,0,1.7646,1.7646,0,
baseline,152,12,0.3131721899623074,adult,13,6,1.4536,1.4536,0,
baseline,153,12,0.30482733918353766,adult,15,9,1.2562,1.2562,0,
baseline,154,12,0.5207407229993698,child,19,4,1.4298,1.4298,0,
baseline,155,12,0.2698840835350667,adult,7,4,1.4108,1.4108,0,
baseline,156,12,0.21854549526592404,adult,10,8,1.1974,1.1974,0,
baseline,157,12,0.7800885741958227,elderly,3,3,1.4888,1.4888,0,
baseline,158,12,0.22376698635368497,adult,8,9,1.3008,1.3008,0,
baseline,159,12,0.2490942753506871,adult,12,1,1.7406,1.7406,0,
baseline,160,12,0.23909707064169694,adult,16,3,1.5265,1.5265,0,
baseline,161,12,0.26816184340335836,adult,12,3,1.7263,1.7263,0,
baseline,162,12,0.5590101392326462,child,10,2,1.855,1.855,0,
baseline,163,12,0.2586620552478868,adult,15,4,1.4861,1.4861,0,
baseline,164,12,0.21874748549033007,adult,14,5,1.4728,1.4728,0,
baseline,165,12,0.26806801780654776,adult,1,5,1.4115,1.4115,0,
baseline,166,12,0.31453748099041595,adult,9,4,1.7626,1.7626,0,
baseline,167,12,0.5571003562232809,child,18,3,1.4477,1.4477,0,
baseline,168,12,0.28556981755657285,adult,9,6,1.3462,1.3462,0,
baseline,169,12,0.20289864310003097,adult,11,6,1.3545,1.3545,0,
baseline,170,12,0.2591235835153987,adult,9,8,1.2554,1.2554,0,
baseline,171,12,0.5403518780488572,child,0,1,1.787,1.787,0,
baseline,172,12,0.19710832762003697,adult,18,6,1.4323,1.4323,0,
baseline,173,12,0.7370654202189683,elderly,5,8,1.1897,1.1897,0,
baseline,174,12,0.5944522686442528,child,19,3,1.4717,1.4717,0,
baseline,175,12,0.27508362578769247,adult,0,1,1.787,1.787,0,
baseline,176,12,0.19711151507617047,adult,10,2,1.855,1.855,0,
baseline,177,12,0.2626617426734974,adult,5,5,1.4548,1.4548,0,
baseline,178,12,0.2950995521960962,adult,3,4,1.5485,1.5485,0,
baseline,179,12,0.3774069229558558,adult,17,4,1.5153,1.5153,0,
baseline,180,12,0.7054964868146433,elderly,16,9,1.2942,1.2942,0,
baseline,181,12,0.5168708354178837,child,16,0,1.7124,1.7124,0,
baseline,182,12,0.22452710037794926,adult,13,5,1.424,1.424,0,
baseline,183,12,0.24281444929542967,adult,18,5,1.4128,1.4128,0,
baseline,184,12,0.20656651882118987,adult,19,5,1.3715,1.3715,0,
baseline,185,12,0.895735664587469,elderly,12,0,1.7718,1.7718,0,
baseline,186,12,0.26608149821206883,adult,12,0,1.7718,1.7718,0,
baseline,187,12,0.22885027121419005,adult,2,2,1.7562,1.7562,0,
baseline,188,12,0.25818280463696514,adult,9,3,1.7059,1.7059,0,
baseline,189,12,0.25124888164635667,adult,3,9,1.3332,1.3332,0,
baseline,190,12,0.7388637748744878,elderly,4,8,1.2164,1.2164,0,
baseline,191,12,0.24355609940976028,adult,5,5,1.4548,1.4548,0,
baseline,192,12,0.2622858672661557,adult,1,6,1.4771,1.4771,0,
baseline,193,12,0.3114225338599181,adult,1,7,1.3741,1.3741,0,
baseline,194,12,0.7432938913438611,child,7,4,1.4108,1.4108,0,
baseline,195,12,0.26317722516719005,adult,7,7,1.2207,1.2207,0,
baseline,196,12,0.2246770526955429,adult,10,7,1.3458,1.3458,0,
baseline,197,12,0.5584044178321356,child,10,9,1.1376,1.1376,0,
baseline,198,12,0.2514953170246483,adult,9,4,1.7626,1.7626,0,
baseline,199,12,0.2899733601941726,adult,16,4,1.525,1.525,0,
baseline,200,12,0.25622285847923476,adult,8,5,1.723,1.723,0,
baseline,201,12,0.4521031631709903,adult,17,0,1.7646,1.7646,0,
baseline,202,12,0.1634121024151908,adult,19,7,1.3385,1.3385,0,
baseline,203,12,0.5626995559129596,child,14,1,1.6958,1.6958,0,
baseline,204,12,0.327120941806494,adult,15,9,1.2562,1.2562,0,
baseline,205,12,0.7857123878054436,elderly,4,7,1.1448,1.1448,0,
baseline,206,12,0.5939394270629585,child,4,6,1.4109,1.4109,0,
baseline,207,12,0.28709923820747085,adult,13,5,1.424,1.424,0,
baseline,208,12,0.39542716557746904,adult,19,3,1.4717,1.4717,0,
baseline,209,12,0.27359697560694635,adult,1,3,1.4672,1.4672,0,
baseline,210,12,0.9020130166851742,elderly,0,5,1.4653,1.4653,0,
baseline,211,12,0.2713101047676122,adult,7,6,1.4516,1.4516,0,
baseline,212,12,0.24736743242291168,adult,8,6,1.4577,1.4577,0,
baseline,213,12,0.6794396779816514,elderly,16,2,1.742,1.742,0,
baseline,214,12,0.30091251551864373,adult,0,0,1.6909,1.6909,0,
baseline,215,12,0.21670540748307351,adult,17,0,1.7646,1.7646,0,
baseline,216,12,0.3687606793764565,adult,3,5,1.4853,1.4853,0,
baseline,217,12,0.2538767051714499,adult,3,3,1.4888,1.4888,0,
baseline,218,12,0.2824197149857894,adult,0,6,1.4124,1.4124,0,
baseline,219,12,0.5636693672210529,child,7,3,1.3555,1.3555,0,
baseline,220,12,0.6948217456126036,child,11,7,1.3086,1.3086,0,
baseline,221,12,0.8780226911713226,elderly,13,5,1.424,1.424,0,
baseline,222,12,0.30180138271631185,adult,5,9,1.3018,1.3018,0,
baseline,223,12,0.19113770908623962,adult,2,0,1.7689,1.7689,0,
baseline,224,12,0.22956484340680797,adult,14,8,1.2558,1.2558,0,
baseline,225,12,0.2188924625952585,adult,9,9,1.1914,1.1914,0,
baseline,226,12,0.688413136429157,elderly,17,4,1.5153,1.5153,0,
baseline,227,12,0.7561906848382751,elderly,6,9,1.1977,1.1977,0,
baseline,228,12,0.566836488720734,child,13,1,1.7669,1.7669,0,
baseline,229,12,0.5049212893202911,child,2,2,1.7562,1.7562,0,
baseline,230,12,0.2379441270070261,adult,6,5,1.4087,1.4087,0,
baseline,231,12,0.21828841423349848,adult,2,5,1.4373,1.4373,0,
baseline,232,12,0.1839452306394218,adult,14,2,1.7614,1.7614,0,
baseline,233,12,0.29492040259128455,adult,7,2,1.7691,1.7691,0,
baseline,234,12,0.29013491932937124,adult,2,5,1.4373,1.4373,0,
baseline,235,12,0.34669130855252334,adult,12,8,1.3516,1.3516,0,
baseline,236,12,0.28232450555661204,adult,9,0,1.7973,1.7973,0,
baseline,237,12,0.5757509116895175,child,0,2,1.738,1.738,0,
baseline,238,12,0.5403723756597331,child,11,2,1.7292,1.7292,0,
baseline,239,12,0.5952182201485263,child,11,7,1.3086,1.3086,0,
baseline,0,13,0.5380812195557422,child,10,0,1.8565,1.8565,0,
baseline,1,13,0.5438885528571922,child,19,9,1.4934,1.4934,0,
baseline,2,13,0.7202561588196462,elderly,6,4,1.6436,1.6436,0,
baseline,3,13,0.216473321571373,adult,17,0,2.0,2.0,0,
baseline,4,13,0.179291256914281,adult,9,0,2.0,2.0,0,
baseline,5,13,0.7742080791371789,elderly,7,2,1.9774,1.9774,0,
baseline,6,13,0.6860132284779408,elderly,2,0,1.9517,1.9517,0,
baseline,7,13,0.24933523196076668,adult,13,4,1.6772,1.6772,0,
baseline,8,13,0.6343234811450121,child,4,1,1.9782,1.9782,0,
baseline,9,13,0.2937927377360272,adult,4,3,1.6642,1.6642,0,
baseline,10,13,0.29067965400666446,adult,15,4,1.5423,1.5423,0,
baseline,11,13,0.29337902378575376,adult,10,6,1.5981,1.5981,0,
baseline,12,13,0.2580821854764632,adult,6,9,1.4751,1.4751,0,
baseline,13,13,0.23208808428151181,adult,17,3,1.6089,1.6089,0,
baseline,14,13,0.22746461649058938,adult,17,8,1.4801,1.4801,0,
baseline,15,13,0.4919996898463789,child,15,6,1.6023,1.6023,0,
baseline,16,13,0.7297879386484595,child,3,5,1.6903,1.6903,0,
baseline,17,13,0.6910243835711712,elderly,16,0,1.8945,1.8945,0,
baseline,18,13,0.27290224990437284,adult,19,8,1.4139,1.4139,0,
baseline,19,13,0.5918994514851882,child,9,4,1.828,1.828,0,
baseline,20,13,0.20000931813748296,adult,14,5,1.5724,1.5724,0,
baseline,21,13,0.2566225962051309,adult,16,0,1.8945,1.8945,0,
baseline,22,13,0.2636593411524598,adult,1,7,1.442,1.442,0,
baseline,23,13,0.6949427075347202,child,14,7,1.426,1.426,0,
baseline,24,13,0.36652485810151314,adult,6,5,1.6946,1.6946,0,
baseline,25,13,0.2443193234562278,adult,0,2,1.8887,1.8887,0,
baseline,26,13,0.3010033863387559,adult,2,7,1.5038,1.5038,0,
baseline,27,13,0.264862699158784,adult,9,0,2.0,2.0,0,
baseline,28,13,0.25879019854094,adult,2,9,1.3746,1.3746,0,
baseline,29,13,0.31974955111962444,adult,0,7,1.3918,1.3918,0,
baseline,30,13,0.1555928571749553,adult,14,7,1.426,1.426,0,
baseline,31,13,0.548458082951535,child,14,6,1.5915,1.5915,0,
baseline,32,13,0.2544761312097897,adult,4,5,1.5986,1.5986,0,
baseline,33,13,0.3227939887511161,adult,15,9,1.3878,1.3878,0,
baseline,34,13,0.6558716694259125,child,15,9,1.3878,1.3878,0,
baseline,35,13,0.5492700374659585,child,9,7,1.4392,1.4392,0,
baseline,36,13,0.28742961388729216,adult,0,0,1.9805,1.9805,0,
baseline,37,13,0.862770385621313,elderly,3,4,1.6063,1.6063,0,
baseline,38,13,0.23693857704201632,adult,0,5,1.69,1.69,0,
baseline,39,13,0.2454791545887237,adult,3,8,1.5805,1.5805,0,
baseline,40,13,0.583334998890488,child,7,4,1.6905,1.6905,0,
baseline,41,13,0.2636638551640602,adult,7,3,1.6352,1.6352,0,
baseline,42,13,0.9350941601422765,elderly,12,8,1.5309,1.5309,0,
baseline,43,13,0.21562936030731708,adult,19,7,1.4266,1.4266,0,
baseline,44,13,0.5397436170004551,child,12,3,1.8601,1.8601,0,
baseline,45,13,0.18354442553252845,adult,0,2,1.8887,1.8887,0,
baseline,46,13,0.27255587776068274,adult,19,0,2.0,2.0,0,
baseline,47,13,0.30152879677991906,adult,12,5,1.919,1.919,0,
baseline,48,13,0.2424720207354753,adult,12,7,1.3601,1.3601,0,
baseline,49,13,0.7645513584523809,elderly,15,5,1.624,1.624,0,
baseline,50,13,0.41514306586559097,adult,11,8,1.3829,1.3829,0,
baseline,51,13,0.2061884568547753,adult,11,0,1.9732,1.9732,0,
baseline,52,13,0.31853752554381776,adult,7,8,1.4052,1.4052,0,
baseline,53,13,0.2638404878487771,adult,16,7,1.452,1.452,0,
baseline,54,13,0.21400695401395703,adult,0,3,1.6339,1.6339,0,
baseline,55,13,0.3026292881022382,adult,0,1,1.982,1.982,0,
baseline,56,13,0.7372548908762495,elderly,11,0,1.9732,1.9732,0,
baseline,57,13,0.2208870448850433,adult,7,0,1.8908,1.8908,0,
baseline,58,13,0.3144823244892736,adult,5,6,1.6688,1.6688,0,
baseline,59,13,0.22063955497119142,adult,13,1,1.8988,1.8988,0,
baseline,60,13,0.5166058535491507,child,17,3,1.6089,1.6089,0,
baseline,61,13,0.23464792877787313,adult,13,0,1.9287,1.9287,0,
baseline,62,13,0.7780271499327811,elderly,1,1,1.9196,1.9196,0,
baseline,63,13,0.7701272985546185,elderly,5,4,1.6829,1.6829,0,
baseline,64,13,0.260395348860413,adult,15,4,1.5423,1.5423,0,
baseline,65,13,0.18124989624959473,adult,17,9,1.4526,1.4526,0,
baseline,66,13,0.7479987221088478,elderly,8,9,1.453,1.453,0,
baseline,67,13,0.2747694705910339,adult,0,5,1.69,1.69,0,
baseline,68,13,0.2623728676439467,adult,16,1,1.945,1.945,0,
baseline,69,13,0.3475954363017591,adult,12,4,1.9066,1.9066,0,
baseline,70,13,0.18683697056304266,adult,7,9,1.4179,1.4179,0,
baseline,71,13,0.2252873014963322,adult,8,3,1.867,1.867,0,
baseline,72,13,0.3073174185068305,adult,3,6,1.6077,1.6077,0,
baseline,73,13,0.28651314785661347,adult,19,3,1.6361,1.6361,0,
baseline,74,13,0.7497164804572996,elderly,0,7,1.3918,1.3918,0,
baseline,75,13,0.8576126643135189,elderly,13,2,1.8653,1.8653,0,
baseline,76,13,0.24339714453787592,adult,3,5,1.6903,1.6903,0,
baseline,77,13,0.5658695094941405,child,6,3,1.6241,1.6241,0,
baseline,78,13,0.2557292455827229,adult,19,2,1.9609,1.9609,0,
baseline,79,13,0.31274852127145286,adult,4,5,1.5986,1.5986,0,
baseline,80,13,0.24192319037630758,adult,0,0,1.9805,1.9805,0,
baseline,81,13,0.7495257436955758,elderly,19,6,1.7064,1.7064,0,
baseline,82,13,0.2094635281564155,adult,16,1,1.945,1.945,0,
baseline,83,13,0.2368250785688548,adult,12,1,1.8863,1.8863,0,
baseline,84,13,0.7597628712547879,elderly,3,7,1.3757,1.3757,0,
baseline,85,13,0.2134449412553841,adult,11,7,1.39,1.39,0,
baseline,86,13,0.26029034175119803,adult,7,3,1.6352,1.6352,0,
baseline,87,13,0.8739793646798583,elderly,9,9,1.469,1.469,0,
baseline,88,13,0.23068402377938965,adult,19,8,1.4139,1.4139,0,
baseline,89,13,0.21593278881496686,adult,14,3,1.6522,1.6522,0,
baseline,90,13,0.7286621276353521,elderly,13,9,1.4335,1.4335,0,
baseline,91,13,0.2651344904420061,adult,18,2,1.9139,1.9139,0,
baseline,92,13,0.20377115206369537,adult,17,4,1.7508,1.7508,0,
baseline,93,13,0.20132533923371512,adult,2,6,1.6642,1.6642,0,
baseline,94,13,0.7049720665964455,elderly,0,9,1.5053,1.5053,0,
baseline,95,13,0.25100462370739207,adult,15,1,1.9611,1.9611,0,
baseline,96,13,0.4955828490431283,child,4,7,1.5213,1.5213,0,
baseline,97,13,0.27283994893939245,adult,17,0,2.0,2.0,0,
baseline,98,13,0.21712454129440448,adult,16,7,1.452,1.452,0,
baseline,99,13,0.7185461557640977,elderly,6,7,1.4812,1.4812,0,
baseline,100,13,0.4754623971272218,child,12,2,2.0,2.0,0,
baseline,101,13,0.814329171491318,elderly,7,3,1.6352,1.6352,0,
baseline,102,13,0.9382392363354756,elderly,1,9,1.4608,1.4608,0,
baseline,103,13,0.30010692589416543,adult,0,2,1.8887,1.8887,0,
baseline,104,13,0.8126300272600911,elderly,4,4,1.7109,1.7109,0,
baseline,105,13,0.23441354547710377,adult,17,7,1.4385,1.4385,0,
baseline,106,13,0.5066140359967927,child,4,3,1.6642,1.6642,0,
baseline,107,13,0.5631658536919568,child,3,2,2.0,2.0,0,
baseline,108,13,0.23073770055214435,adult,7,2,1.9774,1.9774,0,
baseline,109,13,0.29657377246189087,adult,12,5,1.919,1.919,0,
baseline,110,13,0.27279255604127917,adult,2,6,1.6642,1.6642,0,
baseline,111,13,0.5291861555650081,child,15,6,1.6023,1.6023,0,
baseline,112,13,0.8908951292054481,elderly,7,4,1.6905,1.6905,0,
baseline,113,13,0.5158957569432061,child,7,8,1.4052,1.4052,0,
baseline,114,13,0.8593264155201461,elderly,15,7,1.4174,1.4174,0,
baseline,115,13,0.32052011433136096,adult,13,5,1.6329,1.6329,0,
baseline,116,13,0.5844185905950111,child,3,8,1.5805,1.5805,0,
baseline,117,13,0.24225311600942953,adult,10,6,1.5981,1.5981,0,
baseline,118,13,0.2089072670144541,adult,12,1,1.8863,1.8863,0,
baseline,119,13,0.9022295288833049,elderly,5,6,1.6688,1.6688,0,
baseline,120,13,0.5289935218684951,child,17,3,1.6089,1.6089,0,
baseline,121,13,0.42582414868915897,adult,6,2,2.0,2.0,0,
baseline,122,13,0.321155028793213,adult,0,9,1.5053,1.5053,0,
baseline,123,13,0.6995000220419753,child,19,9,1.4934,1.4934,0,
baseline,124,13,0.562529225395729,child,17,7,1.4385,1.4385,0,
baseline,125,13,0.8475195178808403,elderly,4,2,2.0,2.0,0,
baseline,126,13,0.5540215869676903,child,14,5,1.5724,1.5724,0,
baseline,127,13,0.766520446349269,elderly,18,3,1.5978,1.5978,0,
baseline,128,13,0.7416409671545062,elderly,16,8,1.5441,1.5441,0,
baseline,129,13,0.1865474786824886,adult,1,8,1.3945,1.3945,0,
baseline,130,13,0.5991072876975088,child,18,1,2.0,2.0,0,
baseline,131,13,0.6713434192845964,child,16,4,1.6749,1.6749,0,
baseline,132,13,0.26809246029419453,adult,5,2,1.9156,1.9156,0,
baseline,133,13,0.22890676933880374,adult,13,8,1.5282,1.5282,0,
baseline,134,13,0.21223556584054845,adult,0,4,1.657,1.657,0,
baseline,135,13,0.4871906993496808,child,10,7,1.4642,1.4642,0,
baseline,136,13,0.5813838397364346,child,3,5,1.6903,1.6903,0,
baseline,137,13,0.1834367475007917,adult,7,5,1.8074,1.8074,0,
baseline,138,13,0.30240291417804127,adult,15,6,1.6023,1.6023,0,
baseline,139,13,0.28188702499195395,adult,18,2,1.9139,1.9139,0,
baseline,140,13,0.3042444979413341,adult,6,9,1.4751,1.4751,0,
baseline,141,13,0.2410183959966361,adult,19,6,1.7064,1.7064,0,
baseline,142,13,0.25779477773074466,adult,16,4,1.6749,1.6749,0,
baseline,143,13,0.2024052019176551,adult,13,7,1.4237,1.4237,0,
baseline,144,13,0.8349906142726966,elderly,19,2,1.9609,1.9609,0,
baseline,145,13,0.23016660216907392,adult,14,1,2.0,2.0,0,
baseline,146,13,0.22633729077264053,adult,1,1,1.9196,1.9196,0,
baseline,147,13,0.18671782350320223,adult,15,0,1.9776,1.9776,0,
baseline,148,13,0.3265717377596302,adult,16,1,1.945,1.945,0,
baseline,149,13,0.5931363866533521,child,12,6,1.6797,1.6797,0,
baseline,150,13,0.33786967348278196,adult,10,2,1.9874,1.9874,0,
baseline,151,13,0.24434311120662164,adult,17,0,2.0,2.0,0,
baseline,152,13,0.3131721899623074,adult,13,6,1.5934,1.5934,0,
baseline,153,13,0.30482733918353766,adult,15,9,1.3878,1.3878,0,
baseline,154,13,0.5207407229993698,child,19,4,1.5705,1.5705,0,
baseline,155,13,0.2698840835350667,adult,7,4,1.6905,1.6905,0,
baseline,156,13,0.21854549526592404,adult,10,8,1.4251,1.4251,0,
baseline,157,13,0.7800885741958227,elderly,3,3,1.6808,1.6808,0,
baseline,158,13,0.22376698635368497,adult,8,9,1.453,1.453,0,
baseline,159,13,0.2490942753506871,adult,12,1,1.8863,1.8863,0,
baseline,160,13,0.23909707064169694,adult,16,3,1.6172,1.6172,0,
baseline,161,13,0.26816184340335836,adult,12,3,1.8601,1.8601,0,
baseline,162,13,0.5590101392326462,child,10,2,1.9874,1.9874,0,
baseline,163,13,0.2586620552478868,adult,15,4,1.5423,1.5423,0,
baseline,164,13,0.21874748549033007,adult,14,5,1.5724,1.5724,0,
baseline,165,13,0.26806801780654776,adult,1,5,1.5875,1.5875,0,
baseline,166,13,0.31453748099041595,adult,9,4,1.828,1.828,0,
baseline,167,13,0.5571003562232809,child,18,3,1.5978,1.5978,0,
baseline,168,13,0.28556981755657285,adult,9,6,1.7098,1.7098,0,
baseline,169,13,0.20289864310003097,adult,11,6,1.6803,1.6803,0,
baseline,170,13,0.2591235835153987,adult,9,8,1.3918,1.3918,0,
baseline,171,13,0.5403518780488572,child,0,1,1.982,1.982,0,
baseline,172,13,0.19710832762003697,adult,18,6,1.7047,1.7047,0,
baseline,173,13,0.7370654202189683,elderly,5,8,1.4753,1.4753,0,
baseline,174,13,0.5944522686442528,child,19,3,1.6361,1.6361,0,
baseline,175,13,0.27508362578769247,adult,0,1,1.982,1.982,0,
baseline,176,13,0.19711151507617047,adult,10,2,1.9874,1.9874,0,
baseline,177,13,0.2626617426734974,adult,5,5,1.6753,1.6753,0,
baseline,178,13,0.2950995521960962,adult,3,4,1.6063,1.6063,0,
baseline,179,13,0.3774069229558558,adult,17,4,1.7508,1.7508,0,
baseline,180,13,0.7054964868146433,elderly,16,9,1.4163,1.4163,0,
baseline,181,13,0.5168708354178837,child,16,0,1.8945,1.8945,0,
baseline,182,13,0.22452710037794926,adult,13,5,1.6329,1.6329,0,
baseline,183,13,0.24281444929542967,adult,18,5,1.6852,1.6852,0,
baseline,184,13,0.20656651882118987,adult,19,5,1.6143,1.6143,0,
baseline,185,13,0.895735664587469,elderly,12,0,1.9839,1.9839,0,
baseline,186,13,0.26608149821206883,adult,12,0,1.9839,1.9839,0,
baseline,187,13,0.22885027121419005,adult,2,2,1.9698,1.9698,0,
baseline,188,13,0.25818280463696514,adult,9,3,1.9335,1.9335,0,
baseline,189,13,0.25124888164635667,adult,3,9,1.4663,1.4663,0,
baseline,190,13,0.7388637748744878,elderly,4,8,1.5237,1.5237,0,
baseline,191,13,0.24355609940976028,adult,5,5,1.6753,1.6753,0,
baseline,192,13,0.2622858672661557,adult,1,6,1.6558,1.6558,0,
baseline,193,13,0.3114225338599181,adult,1,7,1.442,1.442,0,
baseline,194,13,0.7432938913438611,child,7,4,1.6905,1.6905,0,
baseline,195,13,0.26317722516719005,adult,7,7,1.4861,1.4861,0,
baseline,196,13,0.2246770526955429,adult,10,7,1.4642,1.4642,0,
baseline,197,13,0.5584044178321356,child,10,9,1.4076,1.4076,0,
baseline,198,13,0.2514953170246483,adult,9,4,1.828,1.828,0,
baseline,199,13,0.2899733601941726,adult,16,4,1.6749,1.6749,0,
baseline,200,13,0.25622285847923476,adult,8,5,1.85,1.85,0,
baseline,201,13,0.4521031631709903,adult,17,0,2.0,2.0,0,
baseline,202,13,0.1634121024151908,adult,19,7,1.4266,1.4266,0,
baseline,203,13,0.5626995559129596,child,14,1,2.0,2.0,0,
baseline,204,13,0.327120941806494,adult,15,9,1.3878,1.3878,0,
baseline,205,13,0.7857123878054436,elderly,4,7,1.5213,1.5213,0,
baseline,206,13,0.5939394270629585,child,4,6,1.5804,1.5804,0,
baseline,207,13,0.28709923820747085,adult,13,5,1.6329,1.6329,0,
baseline,208,13,0.39542716557746904,adult,19,3,1.6361,1.6361,0,
baseline,209,13,0.27359697560694635,adult,1,3,1.6555,1.6555,0,
baseline,210,13,0.9020130166851742,elderly,0,5,1.69,1.69,0,
baseline,211,13,0.2713101047676122,adult,7,6,1.6889,1.6889,0,
baseline,212,13,0.24736743242291168,adult,8,6,1.579,1.579,0,
baseline,213,13,0.6794396779816514,elderly,16,2,1.9558,1.9558,0,
baseline,214,13,0.30091251551864373,adult,0,0,1.9805,1.9805,0,
baseline,215,13,0.21670540748307351,adult,17,0,2.0,2.0,0,
baseline,216,13,0.3687606793764565,adult,3,5,1.6903,1.6903,0,
baseline,217,13,0.2538767051714499,adult,3,3,1.6808,1.6808,0,
baseline,218,13,0.2824197149857894,adult,0,6,1.6178,1.6178,0,
baseline,219,13,0.5636693672210529,child,7,3,1.6352,1.6352,0,
baseline,220,13,0.6948217456126036,child,11,7,1.39,1.39,0,
baseline,221,13,0.8780226911713226,elderly,13,5,1.6329,1.6329,0,
baseline,222,13,0.30180138271631185,adult,5,9,1.4873,1.4873,0,
baseline,223,13,0.19113770908623962,adult,2,0,1.9517,1.9517,0,
baseline,224,13,0.22956484340680797,adult,14,8,1.439,1.439,0,
baseline,225,13,0.2188924625952585,adult,9,9,1.469,1.469,0,
baseline,226,13,0.688413136429157,elderly,17,4,1.7508,1.7508,0,
baseline,227,13,0.7561906848382751,elderly,6,9,1.4751,1.4751,0,
baseline,228,13,0.566836488720734,child,13,1,1.8988,1.8988,0,
baseline,229,13,0.5049212893202911,child,2,2,1.9698,1.9698,0,
baseline,230,13,0.2379441270070261,adult,6,5,1.6946,1.6946,0,
baseline,231,13,0.21828841423349848,adult,2,5,1.6716,1.6716,0,
baseline,232,13,0.1839452306394218,adult,14,2,1.9731,1.9731,0,
baseline,233,13,0.29492040259128455,adult,7,2,1.9774,1.9774,0,
baseline,234,13,0.29013491932937124,adult,2,5,1.6716,1.6716,0,
baseline,235,13,0.34669130855252334,adult,12,8,1.5309,1.5309,0,
baseline,236,13,0.28232450555661204,adult,9,0,2.0,2.0,0,
baseline,237,13,0.5757509116895175,child,0,2,1.8887,1.8887,0,
baseline,238,13,0.5403723756597331,child,11,2,2.0,2.0,0,
baseline,239,13,0.5952182201485263,child,11,7,1.39,1.39,0,
baseline,0,14,0.5380812195557422,child,10,0,2.0,2.0,0,
baseline,1,14,0.5438885528571922,child,19,9,1.4956,1.4956,0,
baseline,2,14,0.7202561588196462,elderly,6,4,1.7265,1.7265,0,
baseline,3,14,0.216473321571373,adult,17,0,2.0,2.0,0,
baseline,4,14,0.179291256914281,adult,9,0,2.0,2.0,0,
baseline,5,14,0.7742080791371789,elderly,7,2,2.0,2.0,0,
baseline,6,14,0.6860132284779408,elderly,2,0,2.0,2.0,0,
baseline,7,14,0.24933523196076668,adult,13,4,1.7994,1.7994,0,
baseline,8,14,0.6343234811450121,child,4,1,1.9796,1.9796,0,
baseline,9,14,0.2937927377360272,adult,4,3,1.8171,1.8171,0,
baseline,10,14,0.29067965400666446,adult,15,4,1.7808,1.7808,0,
baseline,11,14,0.29337902378575376,adult,10,6,1.7663,1.7663,0,
baseline,12,14,0.2580821854764632,adult,6,9,1.6141,1.6141,0,
baseline,13,14,0.23208808428151181,adult,17,3,1.7178,1.7178,0,
baseline,14,14,0.22746461649058938,adult,17,8,1.5974,1.5974,0,
baseline,15,14,0.4919996898463789,child,15,6,1.7756,1.7756,0,
baseline,16,14,0.7297879386484595,child,3,5,1.7692,1.7692,0,
baseline,17,14,0.6910243835711712,elderly,16,0,2.0,2.0,0,
baseline,18,14,0.27290224990437284,adult,19,8,1.5273,1.5273,0,
baseline,19,14,0.5918994514851882,child,9,4,2.0,2.0,0,
baseline,20,14,0.20000931813748296,adult,14,5,1.766,1.766,0,
baseline,21,14,0.2566225962051309,adult,16,0,2.0,2.0,0,
baseline,22,14,0.2636593411524598,adult,1,7,1.5877,1.5877,0,
baseline,23,14,0.6949427075347202,child,14,7,1.4819,1.4819,0,
baseline,24,14,0.36652485810151314,adult,6,5,1.748,1.748,0,
baseline,25,14,0.2443193234562278,adult,0,2,2.0,2.0,0,
baseline,26,14,0.3010033863387559,adult,2,7,1.5435,1.5435,0,
baseline,27,14,0.264862699158784,adult,9,0,2.0,2.0,0,
baseline,28,14,0.25879019854094,adult,2,9,1.6242,1.6242,0,
baseline,29,14,0.31974955111962444,adult,0,7,1.6214,1.6214,0,
baseline,30,14,0.1555928571749553,adult,14,7,1.4819,1.4819,0,
baseline,31,14,0.548458082951535,child,14,6,1.7569,1.7569,0,
baseline,32,14,0.2544761312097897,adult,4,5,1.7903,1.7903,0,
baseline,33,14,0.3227939887511161,adult,15,9,1.5983,1.5983,0,
baseline,34,14,0.6558716694259125,child,15,9,1.5983,1.5983,0,
baseline,35,14,0.5492700374659585,child,9,7,1.4506,1.4506,0,
baseline,36,14,0.28742961388729216,adult,0,0,2.0,2.0,0,
baseline,37,14,0.862770385621313,elderly,3,4,1.7767,1.7767,0,
baseline,38,14,0.23693857704201632,adult,0,5,1.7472,1.7472,0,
baseline,39,14,0.2454791545887237,adult,3,8,1.633,1.633,0,
baseline,40,14,0.583334998890488,child,7,4,1.8106,1.8106,0,
baseline,41,14,0.2636638551640602,adult,7,3,1.7933,1.7933,0,
baseline,42,14,0.9350941601422765,elderly,12,8,1.6089,1.6089,0,
baseline,43,14,0.21562936030731708,adult,19,7,1.6808,1.6808,0,
baseline,44,14,0.5397436170004551,child,12,3,2.0,2.0,0,
baseline,45,14,0.18354442553252845,adult,0,2,2.0,2.0,0,
baseline,46,14,0.27255587776068274,adult,19,0,2.0,2.0,0,
baseline,47,14,0.30152879677991906,adult,12,5,2.0,2.0,0,
baseline,48,14,0.2424720207354753,adult,12,7,1.5224,1.5224,0,
baseline,49,14,0.7645513584523809,elderly,15,5,1.696,1.696,0,
baseline,50,14,0.41514306586559097,adult,11,8,1.5838,1.5838,0,
baseline,51,14,0.2061884568547753,adult,11,0,2.0,2.0,0,
baseline,52,14,0.31853752554381776,adult,7,8,1.5501,1.5501,0,
baseline,53,14,0.2638404878487771,adult,16,7,1.6351,1.6351,0,
baseline,54,14,0.21400695401395703,adult,0,3,1.7771,1.7771,0,
baseline,55,14,0.3026292881022382,adult,0,1,2.0,2.0,0,
baseline,56,14,0.7372548908762495,elderly,11,0,2.0,2.0,0,
baseline,57,14,0.2208870448850433,adult,7,0,2.0,2.0,0,
baseline,58,14,0.3144823244892736,adult,5,6,1.7384,1.7384,0,
baseline,59,14,0.22063955497119142,adult,13,1,2.0,2.0,0,
baseline,60,14,0.5166058535491507,child,17,3,1.7178,1.7178,0,
baseline,61,14,0.23464792877787313,adult,13,0,2.0,2.0,0,
baseline,62,14,0.7780271499327811,elderly,1,1,2.0,2.0,0,
baseline,63,14,0.7701272985546185,elderly,5,4,1.8078,1.8078,0,
baseline,64,14,0.260395348860413,adult,15,4,1.7808,1.7808,0,
baseline,65,14,0.18124989624959473,adult,17,9,1.5619,1.5619,0,
baseline,66,14,0.7479987221088478,elderly,8,9,1.4952,1.4952,0,
baseline,67,14,0.2747694705910339,adult,0,5,1.7472,1.7472,0,
baseline,68,14,0.2623728676439467,adult,16,1,2.0,2.0,0,
baseline,69,14,0.3475954363017591,adult,12,4,2.0,2.0,0,
baseline,70,14,0.18683697056304266,adult,7,9,1.6157,1.6157,0,
baseline,71,14,0.2252873014963322,adult,8,3,2.0,2.0,0,
baseline,72,14,0.3073174185068305,adult,3,6,1.8367,1.8367,0,
baseline,73,14,0.28651314785661347,adult,19,3,1.7739,1.7739,0,
baseline,74,14,0.7497164804572996,elderly,0,7,1.6214,1.6214,0,
baseline,75,14,0.8576126643135189,elderly,13,2,2.0,2.0,0,
baseline,76,14,0.24339714453787592,adult,3,5,1.7692,1.7692,0,
baseline,77,14,0.5658695094941405,child,6,3,1.8068,1.8068,0,
baseline,78,14,0.2557292455827229,adult,19,2,2.0,2.0,0,
baseline,79,14,0.31274852127145286,adult,4,5,1.7903,1.7903,0,
baseline,80,14,0.24192319037630758,adult,0,0,2.0,2.0,0,
baseline,81,14,0.7495257436955758,elderly,19,6,1.7558,1.7558,0,
baseline,82,14,0.2094635281564155,adult,16,1,2.0,2.0,0,
baseline,83,14,0.2368250785688548,adult,12,1,2.0,2.0,0,
baseline,84,14,0.7597628712547879,elderly,3,7,1.5485,1.5485,0,
baseline,85,14,0.2134449412553841,adult,11,7,1.5471,1.5471,0,
baseline,86,14,0.26029034175119803,adult,7,3,1.7933,1.7933,0,
baseline,87,14,0.8739793646798583,elderly,9,9,1.6579,1.6579,0,
baseline,88,14,0.23068402377938965,adult,19,8,1.5273,1.5273,0,
baseline,89,14,0.21593278881496686,adult,14,3,1.8393,1.8393,0,
baseline,90,14,0.7286621276353521,elderly,13,9,1.5456,1.5456,0,
baseline,91,14,0.2651344904420061,adult,18,2,1.9999,1.9999,0,
baseline,92,14,0.20377115206369537,adult,17,4,1.7214,1.7214,0,
baseline,93,14,0.20132533923371512,adult,2,6,1.6978,1.6978,0,
baseline,94,14,0.7049720665964455,elderly,0,9,1.5224,1.5224,0,
baseline,95,14,0.25100462370739207,adult,15,1,2.0,2.0,0,
baseline,96,14,0.4955828490431283,child,4,7,1.5596,1.5596,0,
baseline,97,14,0.27283994893939245,adult,17,0,2.0,2.0,0,
baseline,98,14,0.21712454129440448,adult,16,7,1.6351,1.6351,0,
baseline,99,14,0.7185461557640977,elderly,6,7,1.641,1.641,0,
baseline,100,14,0.4754623971272218,child,12,2,2.0,2.0,0,
baseline,101,14,0.814329171491318,elderly,7,3,1.7933,1.7933,0,
baseline,102,14,0.9382392363354756,elderly,1,9,1.5777,1.5777,0,
baseline,103,14,0.30010692589416543,adult,0,2,2.0,2.0,0,
baseline,104,14,0.8126300272600911,elderly,4,4,1.8499,1.8499,0,
baseline,105,14,0.23441354547710377,adult,17,7,1.5091,1.5091,0,
baseline,106,14,0.5066140359967927,child,4,3,1.8171,1.8171,0,
baseline,107,14,0.5631658536919568,child,3,2,2.0,2.0,0,
baseline,108,14,0.23073770055214435,adult,7,2,2.0,2.0,0,
baseline,109,14,0.29657377246189087,adult,12,5,2.0,2.0,0,
baseline,110,14,0.27279255604127917,adult,2,6,1.6978,1.6978,0,
baseline,111,14,0.5291861555650081,child,15,6,1.7756,1.7756,0,
baseline,112,14,0.8908951292054481,elderly,7,4,1.8106,1.8106,0,
baseline,113,14,0.5158957569432061,child,7,8,1.5501,1.5501,0,
baseline,114,14,0.8593264155201461,elderly,15,7,1.5062,1.5062,0,
baseline,115,14,0.32052011433136096,adult,13,5,1.7786,1.7786,0,
baseline,116,14,0.5844185905950111,child,3,8,1.633,1.633,0,
baseline,117,14,0.24225311600942953,adult,10,6,1.7663,1.7663,0,
baseline,118,14,0.2089072670144541,adult,12,1,2.0,2.0,0,
baseline,119,14,0.9022295288833049,elderly,5,6,1.7384,1.7384,0,
baseline,120,14,0.5289935218684951,child,17,3,1.7178,1.7178,0,
baseline,121,14,0.42582414868915897,adult,6,2,2.0,2.0,0,
baseline,122,14,0.321155028793213,adult,0,9,1.5224,1.5224,0,
baseline,123,14,0.6995000220419753,child,19,9,1.4956,1.4956,0,
baseline,124,14,0.562529225395729,child,17,7,1.5091,1.5091,0,
baseline,125,14,0.8475195178808403,elderly,4,2,2.0,2.0,0,
baseline,126,14,0.5540215869676903,child,14,5,1.766,1.766,0,
baseline,127,14,0.766520446349269,elderly,18,3,1.7936,1.7936,0,
baseline,128,14,0.7416409671545062,elderly,16,8,1.5149,1.5149,0,
baseline,129,14,0.1865474786824886,adult,1,8,1.5319,1.5319,0,
baseline,130,14,0.5991072876975088,child,18,1,1.9655,1.9655,0,
baseline,131,14,0.6713434192845964,child,16,4,1.7871,1.7871,0,
baseline,132,14,0.26809246029419453,adult,5,2,2.0,2.0,0,
baseline,133,14,0.22890676933880374,adult,13,8,1.5382,1.5382,0,
baseline,134,14,0.21223556584054845,adult,0,4,1.8315,1.8315,0,
baseline,135,14,0.4871906993496808,child,10,7,1.6298,1.6298,0,
baseline,136,14,0.5813838397364346,child,3,5,1.7692,1.7692,0,
baseline,137,14,0.1834367475007917,adult,7,5,1.8686,1.8686,0,
baseline,138,14,0.30240291417804127,adult,15,6,1.7756,1.7756,0,
baseline,139,14,0.28188702499195395,adult,18,2,1.9999,1.9999,0,
baseline,140,14,0.3042444979413341,adult,6,9,1.6141,1.6141,0,
baseline,141,14,0.2410183959966361,adult,19,6,1.7558,1.7558,0,
baseline,142,14,0.25779477773074466,adult,16,4,1.7871,1.7871,0,
baseline,143,14,0.2024052019176551,adult,13,7,1.6272,1.6272,0,
baseline,144,14,0.8349906142726966,elderly,19,2,2.0,2.0,0,
baseline,145,14,0.23016660216907392,adult,14,1,2.0,2.0,0,
baseline,146,14,0.22633729077264053,adult,1,1,2.0,2.0,0,
baseline,147,14,0.18671782350320223,adult,15,0,2.0,2.0,0,
baseline,148,14,0.3265717377596302,adult,16,1,2.0,2.0,0,
baseline,149,14,0.5931363866533521,child,12,6,1.7547,1.7547,0,
baseline,150,14,0.33786967348278196,adult,10,2,2.0,2.0,0,
baseline,151,14,0.24434311120662164,adult,17,0,2.0,2.0,0,
baseline,152,14,0.3131721899623074,adult,13,6,1.8532,1.8532,0,
baseline,153,14,0.30482733918353766,adult,15,9,1.5983,1.5983,0,
baseline,154,14,0.5207407229993698,child,19,4,1.7667,1.7667,0,
baseline,155,14,0.2698840835350667,adult,7,4,1.8106,1.8106,0,
baseline,156,14,0.21854549526592404,adult,10,8,1.5243,1.5243,0,
baseline,157,14,0.7800885741958227,elderly,3,3,1.7212,1.7212,0,
baseline,158,14,0.22376698635368497,adult,8,9,1.4952,1.4952,0,
baseline,159,14,0.2490942753506871,adult,12,1,2.0,2.0,0,
baseline,160,14,0.23909707064169694,adult,16,3,1.8098,1.8098,0,
baseline,161,14,0.26816184340335836,adult,12,3,2.0,2.0,0,
baseline,162,14,0.5590101392326462,child,10,2,2.0,2.0,0,
baseline,163,14,0.2586620552478868,adult,15,4,1.7808,1.7808,0,
baseline,164,14,0.21874748549033007,adult,14,5,1.766,1.766,0,
baseline,165,14,0.26806801780654776,adult,1,5,1.7727,1.7727,0,
baseline,166,14,0.31453748099041595,adult,9,4,2.0,2.0,0,
baseline,167,14,0.5571003562232809,child,18,3,1.7936,1.7936,0,
baseline,168,14,0.28556981755657285,adult,9,6,1.9099,1.9099,0,
baseline,169,14,0.20289864310003097,adult,11,6,1.7412,1.7412,0,
baseline,170,14,0.2591235835153987,adult,9,8,1.6518,1.6518,0,
baseline,171,14,0.5403518780488572,child,0,1,2.0,2.0,0,
baseline,172,14,0.19710832762003697,adult,18,6,1.7942,1.7942,0,
baseline,173,14,0.7370654202189683,elderly,5,8,1.5929,1.5929,0,
baseline,174,14,0.5944522686442528,child,19,3,1.7739,1.7739,0,
baseline,175,14,0.27508362578769247,adult,0,1,2.0,2.0,0,
baseline,176,14,0.19711151507617047,adult,10,2,2.0,2.0,0,
baseline,177,14,0.2626617426734974,adult,5,5,1.7962,1.7962,0,
baseline,178,14,0.2950995521960962,adult,3,4,1.7767,1.7767,0,
baseline,179,14,0.3774069229558558,adult,17,4,1.7214,1.7214,0,
baseline,180,14,0.7054964868146433,elderly,16,9,1.6327,1.6327,0,
baseline,181,14,0.5168708354178837,child,16,0,2.0,2.0,0,
baseline,182,14,0.22452710037794926,adult,13,5,1.7786,1.7786,0,
baseline,183,14,0.24281444929542967,adult,18,5,1.7675,1.7675,0,
baseline,184,14,0.20656651882118987,adult,19,5,1.7073,1.7073,0,
baseline,185,14,0.895735664587469,elderly,12,0,2.0,2.0,0,
baseline,186,14,0.26608149821206883,adult,12,0,2.0,2.0,0,
baseline,187,14,0.22885027121419005,adult,2,2,2.0,2.0,0,
baseline,188,14,0.25818280463696514,adult,9,3,1.9953,1.9953,0,
baseline,189,14,0.25124888164635667,adult,3,9,1.5929,1.5929,0,
baseline,190,14,0.7388637748744878,elderly,4,8,1.5614,1.5614,0,
baseline,191,14,0.24355609940976028,adult,5,5,1.7962,1.7962,0,
baseline,192,14,0.2622858672661557,adult,1,6,1.745,1.745,0,
baseline,193,14,0.3114225338599181,adult,1,7,1.5877,1.5877,0,
baseline,194,14,0.7432938913438611,child,7,4,1.8106,1.8106,0,
baseline,195,14,0.26317722516719005,adult,7,7,1.6241,1.6241,0,
baseline,196,14,0.2246770526955429,adult,10,7,1.6298,1.6298,0,
baseline,197,14,0.5584044178321356,child,10,9,1.5618,1.5618,0,
baseline,198,14,0.2514953170246483,adult,9,4,2.0,2.0,0,
baseline,199,14,0.2899733601941726,adult,16,4,1.7871,1.7871,0,
baseline,200,14,0.25622285847923476,adult,8,5,2.0,2.0,0,
baseline,201,14,0.4521031631709903,adult,17,0,2.0,2.0,0,
baseline,202,14,0.1634121024151908,adult,19,7,1.6808,1.6808,0,
baseline,203,14,0.5626995559129596,child,14,1,2.0,2.0,0,
baseline,204,14,0.327120941806494,adult,15,9,1.5983,1.5983,0,
baseline,205,14,0.7857123878054436,elderly,4,7,1.5596,1.5596,0,
baseline,206,14,0.5939394270629585,child,4,6,1.8181,1.8181,0,
baseline,207,14,0.28709923820747085,adult,13,5,1.7786,1.7786,0,
baseline,208,14,0.39542716557746904,adult,19,3,1.7739,1.7739,0,
baseline,209,14,0.27359697560694635,adult,1,3,1.7731,1.7731,0,
baseline,210,14,0.9020130166851742,elderly,0,5,1.7472,1.7472,0,
baseline,211,14,0.2713101047676122,adult,7,6,1.7979,1.7979,0,
baseline,212,14,0.24736743242291168,adult,8,6,1.7546,1.7546,0,
baseline,213,14,0.6794396779816514,elderly,16,2,2.0,2.0,0,
baseline,214,14,0.30091251551864373,adult,0,0,2.0,2.0,0,
baseline,215,14,0.21670540748307351,adult,17,0,2.0,2.0,0,
baseline,216,14,0.3687606793764565,adult,3,5,1.7692,1.7692,0,
baseline,217,14,0.2538767051714499,adult,3,3,1.7212,1.7212,0,
baseline,218,14,0.2824197149857894,adult,0,6,1.7425,1.7425,0,
baseline,219,14,0.5636693672210529,child,7,3,1.7933,1.7933,0,
baseline,220,14,0.6948217456126036,child,11,7,1.5471,1.5471,0,
baseline,221,14,0.8780226911713226,elderly,13,5,1.7786,1.7786,0,
baseline,222,14,0.30180138271631185,adult,5,9,1.5805,1.5805,0,
baseline,223,14,0.19113770908623962,adult,2,0,2.0,2.0,0,
baseline,224,14,0.22956484340680797,adult,14,8,1.6232,1.6232,0,
baseline,225,14,0.2188924625952585,adult,9,9,1.6579,1.6579,0,
baseline,226,14,0.688413136429157,elderly,17,4,1.7214,1.7214,0,
baseline,227,14,0.7561906848382751,elderly,6,9,1.6141,1.6141,0,
baseline,228,14,0.566836488720734,child,13,1,2.0,2.0,0,
baseline,229,14,0.5049212893202911,child,2,2,2.0,2.0,0,
baseline,230,14,0.2379441270070261,adult,6,5,1.748,1.748,0,
baseline,231,14,0.21828841423349848,adult,2,5,1.7581,1.7581,0,
baseline,232,14,0.1839452306394218,adult,14,2,2.0,2.0,0,
baseline,233,14,0.29492040259128455,adult,7,2,2.0,2.0,0,
baseline,234,14,0.29013491932937124,adult,2,5,1.7581,1.7581,0,
baseline,235,14,0.34669130855252334,adult,12,8,1.6089,1.6089,0,
baseline,236,14,0.28232450555661204,adult,9,0,2.0,2.0,0,
baseline,237,14,0.5757509116895175,child,0,2,2.0,2.0,0,
baseline,238,14,0.5403723756597331,child,11,2,2.0,2.0,0,
baseline,239,14,0.5952182201485263,child,11,7,1.5471,1.5471,0,
baseline,0,15,0.5380812195557422,child,10,0,2.0,2.0,0,
baseline,1,15,0.5438885528571922,child,19,9,1.6594,1.6594,0,
baseline,2,15,0.7202561588196462,elderly,6,4,1.8268,1.8268,0,
baseline,3,15,0.216473321571373,adult,17,0,2.0,2.0,0,
baseline,4,15,0.179291256914281,adult,9,0,1.9588,1.9588,0,
baseline,5,15,0.7742080791371789,elderly,7,2,2.0,2.0,0,
baseline,6,15,0.6860132284779408,elderly,2,0,2.0,2.0,0,
baseline,7,15,0.24933523196076668,adult,13,4,1.7622,1.7622,0,
baseline,8,15,0.6343234811450121,child,4,1,2.0,2.0,0,
baseline,9,15,0.2937927377360272,adult,4,3,1.7414,1.7414,0,
baseline,10,15,0.29067965400666446,adult,15,4,1.75,1.75,0,
baseline,11,15,0.29337902378575376,adult,10,6,1.8298,1.8298,0,
baseline,12,15,0.2580821854764632,adult,6,9,1.6218,1.6218,0,
baseline,13,15,0.23208808428151181,adult,17,3,1.7646,1.7646,0,
baseline,14,15,0.22746461649058938,adult,17,8,1.6269,1.6269,0,
baseline,15,15,0.4919996898463789,child,15,6,1.8224,1.8224,0,
baseline,16,15,0.7297879386484595,child,3,5,1.808,1.808,0,
baseline,17,15,0.6910243835711712,elderly,16,0,2.0,2.0,0,
baseline,18,15,0.27290224990437284,adult,19,8,1.5276,1.5276,0,
baseline,19,15,0.5918994514851882,child,9,4,1.981,1.981,0,
baseline,20,15,0.20000931813748296,adult,14,5,1.8161,1.8161,0,
baseline,21,15,0.2566225962051309,adult,16,0,2.0,2.0,0,
baseline,22,15,0.2636593411524598,adult,1,7,1.6388,1.6388,0,
baseline,23,15,0.6949427075347202,child,14,7,1.5874,1.5874,0,
baseline,24,15,0.36652485810151314,adult,6,5,1.8038,1.8038,0,
baseline,25,15,0.2443193234562278,adult,0,2,2.0,2.0,0,
baseline,26,15,0.3010033863387559,adult,2,7,1.6012,1.6012,0,
baseline,27,15,0.264862699158784,adult,9,0,1.9588,1.9588,0,
baseline,28,15,0.25879019854094,adult,2,9,1.6363,1.6363,0,
baseline,29,15,0.31974955111962444,adult,0,7,1.5696,1.5696,0,
baseline,30,15,0.1555928571749553,adult,14,7,1.5874,1.5874,0,
baseline,31,15,0.548458082951535,child,14,6,1.8013,1.8013,0,
baseline,32,15,0.2544761312097897,adult,4,5,1.7932,1.7932,0,
baseline,33,15,0.3227939887511161,adult,15,9,1.6432,1.6432,0,
baseline,34,15,0.6558716694259125,child,15,9,1.6432,1.6432,0,
baseline,35,15,0.5492700374659585,child,9,7,1.6362,1.6362,0,
baseline,36,15,0.28742961388729216,adult,0,0,2.0,2.0,0,
baseline,37,15,0.862770385621313,elderly,3,4,1.828,1.828,0,
baseline,38,15,0.23693857704201632,adult,0,5,1.7607,1.7607,0,
baseline,39,15,0.2454791545887237,adult,3,8,1.6025,1.6025,0,
baseline,40,15,0.583334998890488,child,7,4,1.7499,1.7499,0,
baseline,41,15,0.2636638551640602,adult,7,3,1.8408,1.8408,0,
baseline,42,15,0.9350941601422765,elderly,12,8,1.6026,1.6026,0,
baseline,43,15,0.21562936030731708,adult,19,7,1.5654,1.5654,0,
baseline,44,15,0.5397436170004551,child,12,3,1.9849,1.9849,0,
baseline,45,15,0.18354442553252845,adult,0,2,2.0,2.0,0,
baseline,46,15,0.27255587776068274,adult,19,0,2.0,2.0,0,
baseline,47,15,0.30152879677991906,adult,12,5,2.0,2.0,0,
baseline,48,15,0.2424720207354753,adult,12,7,1.5891,1.5891,0,
baseline,49,15,0.7645513584523809,elderly,15,5,1.8383,1.8383,0,
baseline,50,15,0.41514306586559097,adult,11,8,1.5832,1.5832,0,
baseline,51,15,0.2061884568547753,adult,11,0,2.0,2.0,0,
baseline,52,15,0.31853752554381776,adult,7,8,1.5812,1.5812,0,
baseline,53,15,0.2638404878487771,adult,16,7,1.6512,1.6512,0,
baseline,54,15,0.21400695401395703,adult,0,3,1.744,1.744,0,
baseline,55,15,0.3026292881022382,adult,0,1,2.0,2.0,0,
baseline,56,15,0.7372548908762495,elderly,11,0,2.0,2.0,0,
baseline,57,15,0.2208870448850433,adult,7,0,2.0,2.0,0,
baseline,58,15,0.3144823244892736,adult,5,6,1.6881,1.6881,0,
baseline,59,15,0.22063955497119142,adult,13,1,2.0,2.0,0,
baseline,60,15,0.5166058535491507,child,17,3,1.7646,1.7646,0,
baseline,61,15,0.23464792877787313,adult,13,0,2.0,2.0,0,
baseline,62,15,0.7780271499327811,elderly,1,1,2.0,2.0,0,
baseline,63,15,0.7701272985546185,elderly,5,4,1.802,1.802,0,
baseline,64,15,0.260395348860413,adult,15,4,1.75,1.75,0,
baseline,65,15,0.18124989624959473,adult,17,9,1.5889,1.5889,0,
baseline,66,15,0.7479987221088478,elderly,8,9,1.575,1.575,0,
baseline,67,15,0.2747694705910339,adult,0,5,1.7607,1.7607,0,
baseline,68,15,0.2623728676439467,adult,16,1,2.0,2.0,0,
baseline,69,15,0.3475954363017591,adult,12,4,2.0,2.0,0,
baseline,70,15,0.18683697056304266,adult,7,9,1.5522,1.5522,0,
baseline,71,15,0.2252873014963322,adult,8,3,2.0,2.0,0,
baseline,72,15,0.3073174185068305,adult,3,6,1.833,1.833,0,
baseline,73,15,0.28651314785661347,adult,19,3,1.8246,1.8246,0,
baseline,74,15,0.7497164804572996,elderly,0,7,1.5696,1.5696,0,
baseline,75,15,0.8576126643135189,elderly,13,2,2.0,2.0,0,
baseline,76,15,0.24339714453787592,adult,3,5,1.808,1.808,0,
baseline,77,15,0.5658695094941405,child,6,3,1.9039,1.9039,0,
baseline,78,15,0.2557292455827229,adult,19,2,2.0,2.0,0,
baseline,79,15,0.31274852127145286,adult,4,5,1.7932,1.7932,0,
baseline,80,15,0.24192319037630758,adult,0,0,2.0,2.0,0,
baseline,81,15,0.7495257436955758,elderly,19,6,1.7872,1.7872,0,
baseline,82,15,0.2094635281564155,adult,16,1,2.0,2.0,0,
baseline,83,15,0.2368250785688548,adult,12,1,2.0,2.0,0,
baseline,84,15,0.7597628712547879,elderly,3,7,1.5789,1.5789,0,
baseline,85,15,0.2134449412553841,adult,11,7,1.6012,1.6012,0,
baseline,86,15,0.26029034175119803,adult,7,3,1.8408,1.8408,0,
baseline,87,15,0.8739793646798583,elderly,9,9,1.607,1.607,0,
baseline,88,15,0.23068402377938965,adult,19,8,1.5276,1.5276,0,
baseline,89,15,0.21593278881496686,adult,14,3,1.8502,1.8502,0,
baseline,90,15,0.7286621276353521,elderly,13,9,1.5526,1.5526,0,
baseline,91,15,0.2651344904420061,adult,18,2,2.0,2.0,0,
baseline,92,15,0.20377115206369537,adult,17,4,1.8209,1.8209,0,
baseline,93,15,0.20132533923371512,adult,2,6,1.9148,1.9148,0,
baseline,94,15,0.7049720665964455,elderly,0,9,1.6357,1.6357,0,
baseline,95,15,0.25100462370739207,adult,15,1,2.0,2.0,0,
baseline,96,15,0.4955828490431283,child,4,7,1.6551,1.6551,0,
baseline,97,15,0.27283994893939245,adult,17,0,2.0,2.0,0,
baseline,98,15,0.21712454129440448,adult,16,7,1.6512,1.6512,0,
baseline,99,15,0.7185461557640977,elderly,6,7,1.6318,1.6318,0,
baseline,100,15,0.4754623971272218,child,12,2,2.0,2.0,0,
baseline,101,15,0.814329171491318,elderly,7,3,1.8408,1.8408,0,
baseline,102,15,0.9382392363354756,elderly,1,9,1.5849,1.5849,0,
baseline,103,15,0.30010692589416543,adult,0,2,2.0,2.0,0,
baseline,104,15,0.8126300272600911,elderly,4,4,1.8785,1.8785,0,
baseline,105,15,0.23441354547710377,adult,17,7,1.6304,1.6304,0,
baseline,106,15,0.5066140359967927,child,4,3,1.7414,1.7414,0,
baseline,107,15,0.5631658536919568,child,3,2,2.0,2.0,0,
baseline,108,15,0.23073770055214435,adult,7,2,2.0,2.0,0,
baseline,109,15,0.29657377246189087,adult,12,5,2.0,2.0,0,
baseline,110,15,0.27279255604127917,adult,2,6,1.9148,1.9148,0,
baseline,111,15,0.5291861555650081,child,15,6,1.8224,1.8224,0,
baseline,112,15,0.8908951292054481,elderly,7,4,1.7499,1.7499,0,
baseline,113,15,0.5158957569432061,child,7,8,1.5812,1.5812,0,
baseline,114,15,0.8593264155201461,elderly,15,7,1.6795,1.6795,0,
baseline,115,15,0.32052011433136096,adult,13,5,1.7931,1.7931,0,
baseline,116,15,0.5844185905950111,child,3,8,1.6025,1.6025,0,
baseline,117,15,0.24225311600942953,adult,10,6,1.8298,1.8298,0,
baseline,118,15,0.2089072670144541,adult,12,1,2.0,2.0,0,
baseline,119,15,0.9022295288833049,elderly,5,6,1.6881,1.6881,0,
baseline,120,15,0.5289935218684951,child,17,3,1.7646,1.7646,0,
baseline,121,15,0.42582414868915897,adult,6,2,2.0,2.0,0,
baseline,122,15,0.321155028793213,adult,0,9,1.6357,1.6357,0,
baseline,123,15,0.6995000220419753,child,19,9,1.6594,1.6594,0,
baseline,124,15,0.562529225395729,child,17,7,1.6304,1.6304,0,
baseline,125,15,0.8475195178808403,elderly,4,2,2.0,2.0,0,
baseline,126,15,0.5540215869676903,child,14,5,1.8161,1.8161,0,
baseline,127,15,0.766520446349269,elderly,18,3,1.8476,1.8476,0,
baseline,128,15,0.7416409671545062,elderly,16,8,1.576,1.576,0,
baseline,129,15,0.1865474786824886,adult,1,8,1.5305,1.5305,0,
baseline,130,15,0.5991072876975088,child,18,1,2.0,2.0,0,
baseline,131,15,0.6713434192845964,child,16,4,1.8065,1.8065,0,
baseline,132,15,0.26809246029419453,adult,5,2,2.0,2.0,0,
baseline,133,15,0.22890676933880374,adult,13,8,1.5306,1.5306,0,
baseline,134,15,0.21223556584054845,adult,0,4,1.8499,1.8499,0,
baseline,135,15,0.4871906993496808,child,10,7,1.6504,1.6504,0,
baseline,136,15,0.5813838397364346,child,3,5,1.808,1.808,0,
baseline,137,15,0.1834367475007917,adult,7,5,1.7682,1.7682,0,
baseline,138,15,0.30240291417804127,adult,15,6,1.8224,1.8224,0,
baseline,139,15,0.28188702499195395,adult,18,2,2.0,2.0,0,
baseline,140,15,0.3042444979413341,adult,6,9,1.6218,1.6218,0,
baseline,141,15,0.2410183959966361,adult,19,6,1.7872,1.7872,0,
baseline,142,15,0.25779477773074466,adult,16,4,1.8065,1.8065,0,
baseline,143,15,0.2024052019176551,adult,13,7,1.5877,1.5877,0,
baseline,144,15,0.8349906142726966,elderly,19,2,2.0,2.0,0,
baseline,145,15,0.23016660216907392,adult,14,1,2.0,2.0,0,
baseline,146,15,0.22633729077264053,adult,1,1,2.0,2.0,0,
baseline,147,15,0.18671782350320223,adult,15,0,2.0,2.0,0,
baseline,148,15,0.3265717377596302,adult,16,1,2.0,2.0,0,
baseline,149,15,0.5931363866533521,child,12,6,1.8379,1.8379,0,
baseline,150,15,0.33786967348278196,adult,10,2,2.0,2.0,0,
baseline,151,15,0.24434311120662164,adult,17,0,2.0,2.0,0,
baseline,152,15,0.3131721899623074,adult,13,6,1.8441,1.8441,0,
baseline,153,15,0.30482733918353766,adult,15,9,1.6432,1.6432,0,
baseline,154,15,0.5207407229993698,child,19,4,1.9311,1.9311,0,
baseline,155,15,0.2698840835350667,adult,7,4,1.7499,1.7499,0,
baseline,156,15,0.21854549526592404,adult,10,8,1.655,1.655,0,
baseline,157,15,0.7800885741958227,elderly,3,3,1.7907,1.7907,0,
baseline,158,15,0.22376698635368497,adult,8,9,1.575,1.575,0,
baseline,159,15,0.2490942753506871,adult,12,1,2.0,2.0,0,
baseline,160,15,0.23909707064169694,adult,16,3,1.7908,1.7908,0,
baseline,161,15,0.26816184340335836,adult,12,3,1.9849,1.9849,0,
baseline,162,15,0.5590101392326462,child,10,2,2.0,2.0,0,
baseline,163,15,0.2586620552478868,adult,15,4,1.75,1.75,0,
baseline,164,15,0.21874748549033007,adult,14,5,1.8161,1.8161,0,
baseline,165,15,0.26806801780654776,adult,1,5,1.7298,1.7298,0,
baseline,166,15,0.31453748099041595,adult,9,4,1.981,1.981,0,
baseline,167,15,0.5571003562232809,child,18,3,1.8476,1.8476,0,
baseline,168,15,0.28556981755657285,adult,9,6,1.7874,1.7874,0,
baseline,169,15,0.20289864310003097,adult,11,6,1.8016,1.8016,0,
baseline,170,15,0.2591235835153987,adult,9,8,1.473,1.473,0,
baseline,171,15,0.5403518780488572,child,0,1,2.0,2.0,0,
baseline,172,15,0.19710832762003697,adult,18,6,1.8368,1.8368,0,
baseline,173,15,0.7370654202189683,elderly,5,8,1.6217,1.6217,0,
baseline,174,15,0.5944522686442528,child,19,3,1.8246,1.8246,0,
baseline,175,15,0.27508362578769247,adult,0,1,2.0,2.0,0,
baseline,176,15,0.19711151507617047,adult,10,2,2.0,2.0,0,
baseline,177,15,0.2626617426734974,adult,5,5,1.9017,1.9017,0,
baseline,178,15,0.2950995521960962,adult,3,4,1.828,1.828,0,
baseline,179,15,0.3774069229558558,adult,17,4,1.8209,1.8209,0,
baseline,180,15,0.7054964868146433,elderly,16,9,1.6986,1.6986,0,
baseline,181,15,0.5168708354178837,child,16,0,2.0,2.0,0,
baseline,182,15,0.22452710037794926,adult,13,5,1.7931,1.7931,0,
baseline,183,15,0.24281444929542967,adult,18,5,1.8833,1.8833,0,
baseline,184,15,0.20656651882118987,adult,19,5,1.7955,1.7955,0,
baseline,185,15,0.895735664587469,elderly,12,0,2.0,2.0,0,
baseline,186,15,0.26608149821206883,adult,12,0,2.0,2.0,0,
baseline,187,15,0.22885027121419005,adult,2,2,2.0,2.0,0,
baseline,188,15,0.25818280463696514,adult,9,3,2.0,2.0,0,
baseline,189,15,0.25124888164635667,adult,3,9,1.5665,1.5665,0,
baseline,190,15,0.7388637748744878,elderly,4,8,1.5626,1.5626,0,
baseline,191,15,0.24355609940976028,adult,5,5,1.9017,1.9017,0,
baseline,192,15,0.2622858672661557,adult,1,6,1.7213,1.7213,0,
baseline,193,15,0.3114225338599181,adult,1,7,1.6388,1.6388,0,
baseline,194,15,0.7432938913438611,child,7,4,1.7499,1.7499,0,
baseline,195,15,0.26317722516719005,adult,7,7,1.5689,1.5689,0,
baseline,196,15,0.2246770526955429,adult,10,7,1.6504,1.6504,0,
baseline,197,15,0.5584044178321356,child,10,9,1.5989,1.5989,0,
baseline,198,15,0.2514953170246483,adult,9,4,1.981,1.981,0,
baseline,199,15,0.2899733601941726,adult,16,4,1.8065,1.8065,0,
baseline,200,15,0.25622285847923476,adult,8,5,2.0,2.0,0,
baseline,201,15,0.4521031631709903,adult,17,0,2.0,2.0,0,
baseline,202,15,0.1634121024151908,adult,19,7,1.5654,1.5654,0,
baseline,203,15,0.5626995559129596,child,14,1,2.0,2.0,0,
baseline,204,15,0.327120941806494,adult,15,9,1.6432,1.6432,0,
baseline,205,15,0.7857123878054436,elderly,4,7,1.6551,1.6551,0,
baseline,206,15,0.5939394270629585,child,4,6,1.7308,1.7308,0,
baseline,207,15,0.28709923820747085,adult,13,5,1.7931,1.7931,0,
baseline,208,15,0.39542716557746904,adult,19,3,1.8246,1.8246,0,
baseline,209,15,0.27359697560694635,adult,1,3,1.8041,1.8041,0,
baseline,210,15,0.9020130166851742,elderly,0,5,1.7607,1.7607,0,
baseline,211,15,0.2713101047676122,adult,7,6,1.8165,1.8165,0,
baseline,212,15,0.24736743242291168,adult,8,6,1.9597,1.9597,0,
baseline,213,15,0.6794396779816514,elderly,16,2,2.0,2.0,0,
baseline,214,15,0.30091251551864373,adult,0,0,2.0,2.0,0,
baseline,215,15,0.21670540748307351,adult,17,0,2.0,2.0,0,
baseline,216,15,0.3687606793764565,adult,3,5,1.808,1.808,0,
baseline,217,15,0.2538767051714499,adult,3,3,1.7907,1.7907,0,
baseline,218,15,0.2824197149857894,adult,0,6,1.7433,1.7433,0,
baseline,219,15,0.5636693672210529,child,7,3,1.8408,1.8408,0,
baseline,220,15,0.6948217456126036,child,11,7,1.6012,1.6012,0,
baseline,221,15,0.8780226911713226,elderly,13,5,1.7931,1.7931,0,
baseline,222,15,0.30180138271631185,adult,5,9,1.5474,1.5474,0,
baseline,223,15,0.19113770908623962,adult,2,0,2.0,2.0,0,
baseline,224,15,0.22956484340680797,adult,14,8,1.6276,1.6276,0,
baseline,225,15,0.2188924625952585,adult,9,9,1.607,1.607,0,
baseline,226,15,0.688413136429157,elderly,17,4,1.8209,1.8209,0,
baseline,227,15,0.7561906848382751,elderly,6,9,1.6218,1.6218,0,
baseline,228,15,0.566836488720734,child,13,1,2.0,2.0,0,
baseline,229,15,0.5049212893202911,child,2,2,2.0,2.0,0,
baseline,230,15,0.2379441270070261,adult,6,5,1.8038,1.8038,0,
baseline,231,15,0.21828841423349848,adult,2,5,1.8442,1.8442,0,
baseline,232,15,0.1839452306394218,adult,14,2,2.0,2.0,0,
baseline,233,15,0.29492040259128455,adult,7,2,2.0,2.0,0,
baseline,234,15,0.29013491932937124,adult,2,5,1.8442,1.8442,0,
baseline,235,15,0.34669130855252334,adult,12,8,1.6026,1.6026,0,
baseline,236,15,0.28232450555661204,adult,9,0,1.9588,1.9588,0,
baseline,237,15,0.5757509116895175,child,0,2,2.0,2.0,0,
baseline,238,15,0.5403723756597331,child,11,2,2.0,2.0,0,
baseline,239,15,0.5952182201485263,child,11,7,1.6012,1.6012,0,
baseline,0,16,0.5380812195557422,child,10,0,1.9442,1.9442,0,
baseline,1,16,0.5438885528571922,child,19,9,1.4498,1.4498,0,
baseline,2,16,0.7202561588196462,elderly,6,4,1.6961,1.6961,0,
baseline,3,16,0.216473321571373,adult,17,0,2.0,2.0,0,
baseline,4,16,0.179291256914281,adult,9,0,2.0,2.0,0,
baseline,5,16,0.7742080791371789,elderly,7,2,1.913,1.913,0,
baseline,6,16,0.6860132284779408,elderly,2,0,1.9573,1.9573,0,
baseline,7,16,0.24933523196076668,adult,13,4,1.6469,1.6469,0,
baseline,8,16,0.6343234811450121,child,4,1,1.9912,1.9912,0,
baseline,9,16,0.2937927377360272,adult,4,3,1.7056,1.7056,0,
baseline,10,16,0.29067965400666446,adult,15,4,1.7329,1.7329,0,
baseline,11,16,0.29337902378575376,adult,10,6,1.652,1.652,0,
baseline,12,16,0.2580821854764632,adult,6,9,1.5623,1.5623,0,
baseline,13,16,0.23208808428151181,adult,17,3,1.72,1.72,0,
baseline,14,16,0.22746461649058938,adult,17,8,1.4888,1.4888,0,
baseline,15,16,0.4919996898463789,child,15,6,1.6399,1.6399,0,
baseline,16,16,0.7297879386484595,child,3,5,1.7493,1.7493,0,
baseline,17,16,0.6910243835711712,elderly,16,0,2.0,2.0,0,
baseline,18,16,0.27290224990437284,adult,19,8,1.4014,1.4014,0,
baseline,19,16,0.5918994514851882,child,9,4,2.0,2.0,0,
baseline,20,16,0.20000931813748296,adult,14,5,1.6463,1.6463,0,
baseline,21,16,0.2566225962051309,adult,16,0,2.0,2.0,0,
baseline,22,16,0.2636593411524598,adult,1,7,1.5879,1.5879,0,
baseline,23,16,0.6949427075347202,child,14,7,1.5424,1.5424,0,
baseline,24,16,0.36652485810151314,adult,6,5,1.6795,1.6795,0,
baseline,25,16,0.2443193234562278,adult,0,2,2.0,2.0,0,
baseline,26,16,0.3010033863387559,adult,2,7,1.5326,1.5326,0,
baseline,27,16,0.264862699158784,adult,9,0,2.0,2.0,0,
baseline,28,16,0.25879019854094,adult,2,9,1.4524,1.4524,0,
baseline,29,16,0.31974955111962444,adult,0,7,1.52,1.52,0,
baseline,30,16,0.1555928571749553,adult,14,7,1.5424,1.5424,0,
baseline,31,16,0.548458082951535,child,14,6,1.6951,1.6951,0,
baseline,32,16,0.2544761312097897,adult,4,5,1.6926,1.6926,0,
baseline,33,16,0.3227939887511161,adult,15,9,1.5223,1.5223,0,
baseline,34,16,0.6558716694259125,child,15,9,1.5223,1.5223,0,
baseline,35,16,0.5492700374659585,child,9,7,1.48,1.48,0,
baseline,36,16,0.28742961388729216,adult,0,0,2.0,2.0,0,
baseline,37,16,0.862770385621313,elderly,3,4,1.6994,1.6994,0,
baseline,38,16,0.23693857704201632,adult,0,5,1.7527,1.7527,0,
baseline,39,16,0.2454791545887237,adult,3,8,1.4404,1.4404,0,
baseline,40,16,0.583334998890488,child,7,4,1.7306,1.7306,0,
baseline,41,16,0.2636638551640602,adult,7,3,1.67,1.67,0,
baseline,42,16,0.9350941601422765,elderly,12,8,1.4974,1.4974,0,
baseline,43,16,0.21562936030731708,adult,19,7,1.5603,1.5603,0,
baseline,44,16,0.5397436170004551,child,12,3,1.9554,1.9554,0,
baseline,45,16,0.18354442553252845,adult,0,2,2.0,2.0,0,
baseline,46,16,0.27255587776068274,adult,19,0,1.9888,1.9888,0,
baseline,47,16,0.30152879677991906,adult,12,5,2.0,2.0,0,
baseline,48,16,0.2424720207354753,adult,12,7,1.5087,1.5087,0,
baseline,49,16,0.7645513584523809,elderly,15,5,1.7041,1.7041,0,
baseline,50,16,0.41514306586559097,adult,11,8,1.483,1.483,0,
baseline,51,16,0.2061884568547753,adult,11,0,1.9786,1.9786,0,
baseline,52,16,0.31853752554381776,adult,7,8,1.5339,1.5339,0,
baseline,53,16,0.2638404878487771,adult,16,7,1.4799,1.4799,0,
baseline,54,16,0.21400695401395703,adult,0,3,1.8255,1.8255,0,
baseline,55,16,0.3026292881022382,adult,0,1,2.0,2.0,0,
baseline,56,16,0.7372548908762495,elderly,11,0,1.9786,1.9786,0,
baseline,57,16,0.2208870448850433,adult,7,0,2.0,2.0,0,
baseline,58,16,0.3144823244892736,adult,5,6,1.7242,1.7242,0,
baseline,59,16,0.22063955497119142,adult,13,1,1.9475,1.9475,0,
baseline,60,16,0.5166058535491507,child,17,3,1.72,1.72,0,
baseline,61,16,0.23464792877787313,adult,13,0,1.9585,1.9585,0,
baseline,62,16,0.7780271499327811,elderly,1,1,2.0,2.0,0,
baseline,63,16,0.7701272985546185,elderly,5,4,1.6838,1.6838,0,
baseline,64,16,0.260395348860413,adult,15,4,1.7329,1.7329,0,
baseline,65,16,0.18124989624959473,adult,17,9,1.5063,1.5063,0,
baseline,66,16,0.7479987221088478,elderly,8,9,1.5669,1.5669,0,
baseline,67,16,0.2747694705910339,adult,0,5,1.7527,1.7527,0,
baseline,68,16,0.2623728676439467,adult,16,1,2.0,2.0,0,
baseline,69,16,0.3475954363017591,adult,12,4,1.9415,1.9415,0,
baseline,70,16,0.18683697056304266,adult,7,9,1.4686,1.4686,0,
baseline,71,16,0.2252873014963322,adult,8,3,1.9176,1.9176,0,
baseline,72,16,0.3073174185068305,adult,3,6,1.7584,1.7584,0,
baseline,73,16,0.28651314785661347,adult,19,3,1.7468,1.7468,0,
baseline,74,16,0.7497164804572996,elderly,0,7,1.52,1.52,0,
baseline,75,16,0.8576126643135189,elderly,13,2,2.0,2.0,0,
baseline,76,16,0.24339714453787592,adult,3,5,1.7493,1.7493,0,
baseline,77,16,0.5658695094941405,child,6,3,1.6973,1.6973,0,
baseline,78,16,0.2557292455827229,adult,19,2,2.0,2.0,0,
baseline,79,16,0.31274852127145286,adult,4,5,1.6926,1.6926,0,
baseline,80,16,0.24192319037630758,adult,0,0,2.0,2.0,0,
baseline,81,16,0.7495257436955758,elderly,19,6,1.6253,1.6253,0,
baseline,82,16,0.2094635281564155,adult,16,1,2.0,2.0,0,
baseline,83,16,0.2368250785688548,adult,12,1,1.9936,1.9936,0,
baseline,84,16,0.7597628712547879,elderly,3,7,1.5106,1.5106,0,
baseline,85,16,0.2134449412553841,adult,11,7,1.4906,1.4906,0,
baseline,86,16,0.26029034175119803,adult,7,3,1.67,1.67,0,
baseline,87,16,0.8739793646798583,elderly,9,9,1.4614,1.4614,0,
baseline,88,16,0.23068402377938965,adult,19,8,1.4014,1.4014,0,
baseline,89,16,0.21593278881496686,adult,14,3,1.6698,1.6698,0,
baseline,90,16,0.7286621276353521,elderly,13,9,1.5016,1.5016,0,
baseline,91,16,0.2651344904420061,adult,18,2,1.9643,1.9643,0,
baseline,92,16,0.20377115206369537,adult,17,4,1.6883,1.6883,0,
baseline,93,16,0.20132533923371512,adult,2,6,1.7011,1.7011,0,
baseline,94,16,0.7049720665964455,elderly,0,9,1.4989,1.4989,0,
baseline,95,16,0.25100462370739207,adult,15,1,2.0,2.0,0,
baseline,96,16,0.4955828490431283,child,4,7,1.4531,1.4531,0,
baseline,97,16,0.27283994893939245,adult,17,0,2.0,2.0,0,
baseline,98,16,0.21712454129440448,adult,16,7,1.4799,1.4799,0,
baseline,99,16,0.7185461557640977,elderly,6,7,1.4788,1.4788,0,
baseline,100,16,0.4754623971272218,child,12,2,2.0,2.0,0,
baseline,101,16,0.814329171491318,elderly,7,3,1.67,1.67,0,
baseline,102,16,0.9382392363354756,elderly,1,9,1.4956,1.4956,0,
baseline,103,16,0.30010692589416543,adult,0,2,2.0,2.0,0,
baseline,104,16,0.8126300272600911,elderly,4,4,1.7323,1.7323,0,
baseline,105,16,0.23441354547710377,adult,17,7,1.5039,1.5039,0,
baseline,106,16,0.5066140359967927,child,4,3,1.7056,1.7056,0,
baseline,107,16,0.5631658536919568,child,3,2,1.9387,1.9387,0,
baseline,108,16,0.23073770055214435,adult,7,2,1.913,1.913,0,
baseline,109,16,0.29657377246189087,adult,12,5,2.0,2.0,0,
baseline,110,16,0.27279255604127917,adult,2,6,1.7011,1.7011,0,
baseline,111,16,0.5291861555650081,child,15,6,1.6399,1.6399,0,
baseline,112,16,0.8908951292054481,elderly,7,4,1.7306,1.7306,0,
baseline,113,16,0.5158957569432061,child,7,8,1.5339,1.5339,0,
baseline,114,16,0.8593264155201461,elderly,15,7,1.5204,1.5204,0,
baseline,115,16,0.32052011433136096,adult,13,5,1.7119,1.7119,0,
baseline,116,16,0.5844185905950111,child,3,8,1.4404,1.4404,0,
baseline,117,16,0.24225311600942953,adult,10,6,1.652,1.652,0,
baseline,118,16,0.2089072670144541,adult,12,1,1.9936,1.9936,0,
baseline,119,16,0.9022295288833049,elderly,5,6,1.7242,1.7242,0,
baseline,120,16,0.5289935218684951,child,17,3,1.72,1.72,0,
baseline,121,16,0.42582414868915897,adult,6,2,2.0,2.0,0,
baseline,122,16,0.321155028793213,adult,0,9,1.4989,1.4989,0,
baseline,123,16,0.6995000220419753,child,19,9,1.4498,1.4498,0,
baseline,124,16,0.562529225395729,child,17,7,1.5039,1.5039,0,
baseline,125,16,0.8475195178808403,elderly,4,2,1.9114,1.9114,0,
baseline,126,16,0.5540215869676903,child,14,5,1.6463,1.6463,0,
baseline,127,16,0.766520446349269,elderly,18,3,1.7267,1.7267,0,
baseline,128,16,0.7416409671545062,elderly,16,8,1.5049,1.5049,0,
baseline,129,16,0.1865474786824886,adult,1,8,1.5256,1.5256,0,
baseline,130,16,0.5991072876975088,child,18,1,2.0,2.0,0,
baseline,131,16,0.6713434192845964,child,16,4,1.6451,1.6451,0,
baseline,132,16,0.26809246029419453,adult,5,2,1.9772,1.9772,0,
baseline,133,16,0.22890676933880374,adult,13,8,1.5845,1.5845,0,
baseline,134,16,0.21223556584054845,adult,0,4,1.6556,1.6556,0,
baseline,135,16,0.4871906993496808,child,10,7,1.4541,1.4541,0,
baseline,136,16,0.5813838397364346,child,3,5,1.7493,1.7493,0,
baseline,137,16,0.1834367475007917,adult,7,5,1.7009,1.7009,0,
baseline,138,16,0.30240291417804127,adult,15,6,1.6399,1.6399,0,
baseline,139,16,0.28188702499195395,adult,18,2,1.9643,1.9643,0,
baseline,140,16,0.3042444979413341,adult,6,9,1.5623,1.5623,0,
baseline,141,16,0.2410183959966361,adult,19,6,1.6253,1.6253,0,
baseline,142,16,0.25779477773074466,adult,16,4,1.6451,1.6451,0,
baseline,143,16,0.2024052019176551,adult,13,7,1.412,1.412,0,
baseline,144,16,0.8349906142726966,elderly,19,2,2.0,2.0,0,
baseline,145,16,0.23016660216907392,adult,14,1,2.0,2.0,0,
baseline,146,16,0.22633729077264053,adult,1,1,2.0,2.0,0,
baseline,147,16,0.18671782350320223,adult,15,0,2.0,2.0,0,
baseline,148,16,0.3265717377596302,adult,16,1,2.0,2.0,0,
baseline,149,16,0.5931363866533521,child,12,6,1.6996,1.6996,0,
baseline,150,16,0.33786967348278196,adult,10,2,2.0,2.0,0,
baseline,151,16,0.24434311120662164,adult,17,0,2.0,2.0,0,
baseline,152,16,0.3131721899623074,adult,13,6,1.7263,1.7263,0,
baseline,153,16,0.30482733918353766,adult,15,9,1.5223,1.5223,0,
baseline,154,16,0.5207407229993698,child,19,4,1.599,1.599,0,
baseline,155,16,0.2698840835350667,adult,7,4,1.7306,1.7306,0,
baseline,156,16,0.21854549526592404,adult,10,8,1.4886,1.4886,0,
baseline,157,16,0.7800885741958227,elderly,3,3,1.6461,1.6461,0,
baseline,158,16,0.22376698635368497,adult,8,9,1.5669,1.5669,0,
baseline,159,16,0.2490942753506871,adult,12,1,1.9936,1.9936,0,
baseline,160,16,0.23909707064169694,adult,16,3,1.7155,1.7155,0,
baseline,161,16,0.26816184340335836,adult,12,3,1.9554,1.9554,0,
baseline,162,16,0.5590101392326462,child,10,2,2.0,2.0,0,
baseline,163,16,0.2586620552478868,adult,15,4,1.7329,1.7329,0,
baseline,164,16,0.21874748549033007,adult,14,5,1.6463,1.6463,0,
baseline,165,16,0.26806801780654776,adult,1,5,1.7231,1.7231,0,
baseline,166,16,0.31453748099041595,adult,9,4,2.0,2.0,0,
baseline,167,16,0.5571003562232809,child,18,3,1.7267,1.7267,0,
baseline,168,16,0.28556981755657285,adult,9,6,1.7245,1.7245,0,
baseline,169,16,0.20289864310003097,adult,11,6,1.6958,1.6958,0,
baseline,170,16,0.2591235835153987,adult,9,8,1.3994,1.3994,0,
baseline,171,16,0.5403518780488572,child,0,1,2.0,2.0,0,
baseline,172,16,0.19710832762003697,adult,18,6,1.6992,1.6992,0,
baseline,173,16,0.7370654202189683,elderly,5,8,1.5398,1.5398,0,
baseline,174,16,0.5944522686442528,child,19,3,1.7468,1.7468,0,
baseline,175,16,0.27508362578769247,adult,0,1,2.0,2.0,0,
baseline,176,16,0.19711151507617047,adult,10,2,2.0,2.0,0,
baseline,177,16,0.2626617426734974,adult,5,5,1.7756,1.7756,0,
baseline,178,16,0.2950995521960962,adult,3,4,1.6994,1.6994,0,
baseline,179,16,0.3774069229558558,adult,17,4,1.6883,1.6883,0,
baseline,180,16,0.7054964868146433,elderly,16,9,1.4587,1.4587,0,
baseline,181,16,0.5168708354178837,child,16,0,2.0,2.0,0,
baseline,182,16,0.22452710037794926,adult,13,5,1.7119,1.7119,0,
baseline,183,16,0.24281444929542967,adult,18,5,1.7547,1.7547,0,
baseline,184,16,0.20656651882118987,adult,19,5,1.7162,1.7162,0,
baseline,185,16,0.895735664587469,elderly,12,0,1.9767,1.9767,0,
baseline,186,16,0.26608149821206883,adult,12,0,1.9767,1.9767,0,
baseline,187,16,0.22885027121419005,adult,2,2,1.9477,1.9477,0,
baseline,188,16,0.25818280463696514,adult,9,3,1.9157,1.9157,0,
baseline,189,16,0.25124888164635667,adult,3,9,1.4673,1.4673,0,
baseline,190,16,0.7388637748744878,elderly,4,8,1.4273,1.4273,0,
baseline,191,16,0.24355609940976028,adult,5,5,1.7756,1.7756,0,
baseline,192,16,0.2622858672661557,adult,1,6,1.7165,1.7165,0,
baseline,193,16,0.3114225338599181,adult,1,7,1.5879,1.5879,0,
baseline,194,16,0.7432938913438611,child,7,4,1.7306,1.7306,0,
baseline,195,16,0.26317722516719005,adult,7,7,1.4317,1.4317,0,
baseline,196,16,0.2246770526955429,adult,10,7,1.4541,1.4541,0,
baseline,197,16,0.5584044178321356,child,10,9,1.465,1.465,0,
baseline,198,16,0.2514953170246483,adult,9,4,2.0,2.0,0,
baseline,199,16,0.2899733601941726,adult,16,4,1.6451,1.6451,0,
baseline,200,16,0.25622285847923476,adult,8,5,1.8945,1.8945,0,
baseline,201,16,0.4521031631709903,adult,17,0,2.0,2.0,0,
baseline,202,16,0.1634121024151908,adult,19,7,1.5603,1.5603,0,
baseline,203,16,0.5626995559129596,child,14,1,2.0,2.0,0,
baseline,204,16,0.327120941806494,adult,15,9,1.5223,1.5223,0,
baseline,205,16,0.7857123878054436,elderly,4,7,1.4531,1.4531,0,
baseline,206,16,0.5939394270629585,child,4,6,1.7231,1.7231,0,
baseline,207,16,0.28709923820747085,adult,13,5,1.7119,1.7119,0,
baseline,208,16,0.39542716557746904,adult,19,3,1.7468,1.7468,0,
baseline,209,16,0.27359697560694635,adult,1,3,1.7625,1.7625,0,
baseline,210,16,0.9020130166851742,elderly,0,5,1.7527,1.7527,0,
baseline,211,16,0.2713101047676122,adult,7,6,1.7777,1.7777,0,
baseline,212,16,0.24736743242291168,adult,8,6,1.6697,1.6697,0,
baseline,213,16,0.6794396779816514,elderly,16,2,2.0,2.0,0,
baseline,214,16,0.30091251551864373,adult,0,0,2.0,2.0,0,
baseline,215,16,0.21670540748307351,adult,17,0,2.0,2.0,0,
baseline,216,16,0.3687606793764565,adult,3,5,1.7493,1.7493,0,
baseline,217,16,0.2538767051714499,adult,3,3,1.6461,1.6461,0,
baseline,218,16,0.2824197149857894,adult,0,6,1.7312,1.7312,0,
baseline,219,16,0.5636693672210529,child,7,3,1.67,1.67,0,
baseline,220,16,0.6948217456126036,child,11,7,1.4906,1.4906,0,
baseline,221,16,0.8780226911713226,elderly,13,5,1.7119,1.7119,0,
baseline,222,16,0.30180138271631185,adult,5,9,1.4613,1.4613,0,
baseline,223,16,0.19113770908623962,adult,2,0,1.9573,1.9573,0,
baseline,224,16,0.22956484340680797,adult,14,8,1.4465,1.4465,0,
baseline,225,16,0.2188924625952585,adult,9,9,1.4614,1.4614,0,
baseline,226,16,0.688413136429157,elderly,17,4,1.6883,1.6883,0,
baseline,227,16,0.7561906848382751,elderly,6,9,1.5623,1.5623,0,
baseline,228,16,0.566836488720734,child,13,1,1.9475,1.9475,0,
baseline,229,16,0.5049212893202911,child,2,2,1.9477,1.9477,0,
baseline,230,16,0.2379441270070261,adult,6,5,1.6795,1.6795,0,
baseline,231,16,0.21828841423349848,adult,2,5,1.5976,1.5976,0,
baseline,232,16,0.1839452306394218,adult,14,2,2.0,2.0,0,
baseline,233,16,0.29492040259128455,adult,7,2,1.913,1.913,0,
baseline,234,16,0.29013491932937124,adult,2,5,1.5976,1.5976,0,
baseline,235,16,0.34669130855252334,adult,12,8,1.4974,1.4974,0,
baseline,236,16,0.28232450555661204,adult,9,0,2.0,2.0,0,
baseline,237,16,0.5757509116895175,child,0,2,2.0,2.0,0,
baseline,238,16,0.5403723756597331,child,11,2,2.0,2.0,0,
baseline,239,16,0.5952182201485263,child,11,7,1.4906,1.4906,0,
baseline,0,17,0.5380812195557422,child,12,1,1.8734,1.8734,0,
baseline,1,17,0.5438885528571922,child,19,9,1.3886,1.3886,0,
baseline,2,17,0.7202561588196462,elderly,4,3,1.5274,1.5274,0,
baseline,3,17,0.216473321571373,adult,15,0,1.8154,1.8154,0,
baseline,4,17,0.179291256914281,adult,9,0,1.8719,1.8719,0,
baseline,5,17,0.7742080791371789,elderly,6,4,1.5768,1.5768,0,
baseline,6,17,0.6860132284779408,elderly,0,2,1.7855,1.7855,0,
baseline,7,17,0.24933523196076668,adult,11,5,1.7517,1.7517,0,
baseline,8,17,0.6343234811450121,child,3,2,1.804,1.804,0,
baseline,9,17,0.2937927377360272,adult,4,1,1.8478,1.8478,0,
baseline,10,17,0.29067965400666446,adult,16,5,1.4804,1.4804,0,
baseline,11,17,0.29337902378575376,adult,11,7,1.2741,1.2741,0,
baseline,12,17,0.2580821854764632,adult,4,9,1.3316,1.3316,0,
baseline,13,17,0.23208808428151181,adult,15,1,1.8858,1.8858,0,
baseline,14,17,0.22746461649058938,adult,17,8,1.3115,1.3115,0,
baseline,15,17,0.4919996898463789,child,13,6,1.5061,1.5061,0,
baseline,16,17,0.7297879386484595,child,1,4,1.6449,1.6449,0,
baseline,17,17,0.6910243835711712,elderly,18,0,1.8029,1.8029,0,
baseline,18,17,0.27290224990437284,adult,19,9,1.3886,1.3886,0,
baseline,19,17,0.5918994514851882,child,7,6,1.4584,1.4584,0,
baseline,20,17,0.20000931813748296,adult,16,3,1.5434,1.5434,0,
baseline,21,17,0.2566225962051309,adult,14,0,1.8073,1.8073,0,
baseline,22,17,0.2636593411524598,adult,2,7,1.3856,1.3856,0,
baseline,23,17,0.6949427075347202,child,16,7,1.4218,1.4218,0,
baseline,24,17,0.36652485810151314,adult,5,4,1.526,1.526,0,
baseline,25,17,0.2443193234562278,adult,0,4,1.5232,1.5232,0,
baseline,26,17,0.3010033863387559,adult,0,5,1.46,1.46,0,
baseline,27,17,0.264862699158784,adult,11,2,1.8796,1.8796,0,
baseline,28,17,0.25879019854094,adult,1,9,1.4232,1.4232,0,
baseline,29,17,0.31974955111962444,adult,2,7,1.3856,1.3856,0,
baseline,30,17,0.1555928571749553,adult,15,6,1.5582,1.5582,0,
baseline,31,17,0.548458082951535,child,13,8,1.3538,1.3538,0,
baseline,32,17,0.2544761312097897,adult,2,5,1.4317,1.4317,0,
baseline,33,17,0.3227939887511161,adult,17,9,1.3369,1.3369,0,
baseline,34,17,0.6558716694259125,child,14,7,1.3582,1.3582,0,
baseline,35,17,0.5492700374659585,child,8,7,1.2463,1.2463,0,
baseline,36,17,0.28742961388729216,adult,0,2,1.7855,1.7855,0,
baseline,37,17,0.862770385621313,elderly,5,6,1.5272,1.5272,0,
baseline,38,17,0.23693857704201632,adult,2,3,1.5287,1.5287,0,
baseline,39,17,0.2454791545887237,adult,3,9,1.3401,1.3401,0,
baseline,40,17,0.583334998890488,child,5,5,1.5345,1.5345,0,
baseline,41,17,0.2636638551640602,adult,7,5,1.4762,1.4762,0,
baseline,42,17,0.9350941601422765,elderly,10,8,1.3436,1.3436,0,
baseline,43,17,0.21562936030731708,adult,19,5,1.5231,1.5231,0,
baseline,44,17,0.5397436170004551,child,10,3,1.8447,1.8447,0,
baseline,45,17,0.18354442553252845,adult,0,1,1.932,1.932,0,
baseline,46,17,0.27255587776068274,adult,19,1,1.855,1.855,0,
baseline,47,17,0.30152879677991906,adult,10,5,1.7816,1.7816,0,
baseline,48,17,0.2424720207354753,adult,10,7,1.2376,1.2376,0,
baseline,49,17,0.7645513584523809,elderly,15,4,1.5014,1.5014,0,
baseline,50,17,0.41514306586559097,adult,13,9,1.355,1.355,0,
baseline,51,17,0.2061884568547753,adult,13,0,1.7709,1.7709,0,
baseline,52,17,0.31853752554381776,adult,8,7,1.2463,1.2463,0,
baseline,53,17,0.2638404878487771,adult,17,9,1.3369,1.3369,0,
baseline,54,17,0.21400695401395703,adult,1,3,1.5672,1.5672,0,
baseline,55,17,0.3026292881022382,adult,1,0,1.8319,1.8319,0,
baseline,56,17,0.7372548908762495,elderly,12,1,1.8734,1.8734,0,
baseline,57,17,0.2208870448850433,adult,7,0,1.8479,1.8479,0,
baseline,58,17,0.3144823244892736,adult,6,7,1.3753,1.3753,0,
baseline,59,17,0.22063955497119142,adult,11,1,1.8644,1.8644,0,
baseline,60,17,0.5166058535491507,child,15,3,1.5562,1.5562,0,
baseline,61,17,0.23464792877787313,adult,12,0,1.8526,1.8526,0,
baseline,62,17,0.7780271499327811,elderly,3,3,1.471,1.471,0,
baseline,63,17,0.7701272985546185,elderly,3,4,1.5986,1.5986,0,
baseline,64,17,0.260395348860413,adult,13,6,1.5061,1.5061,0,
baseline,65,17,0.18124989624959473,adult,16,8,1.3664,1.3664,0,
baseline,66,17,0.7479987221088478,elderly,10,9,1.3282,1.3282,0,
baseline,67,17,0.2747694705910339,adult,0,3,1.5557,1.5557,0,
baseline,68,17,0.2623728676439467,adult,16,2,1.923,1.923,0,
baseline,69,17,0.3475954363017591,adult,12,5,1.8203,1.8203,0,
baseline,70,17,0.18683697056304266,adult,5,9,1.3355,1.3355,0,
baseline,71,17,0.2252873014963322,adult,10,2,1.8346,1.8346,0,
baseline,72,17,0.3073174185068305,adult,2,6,1.5681,1.5681,0,
baseline,73,17,0.28651314785661347,adult,19,2,1.8314,1.8314,0,
baseline,74,17,0.7497164804572996,elderly,2,5,1.4317,1.4317,0,
baseline,75,17,0.8576126643135189,elderly,12,1,1.8734,1.8734,0,
baseline,76,17,0.24339714453787592,adult,1,6,1.5597,1.5597,0,
baseline,77,17,0.5658695094941405,child,8,2,1.8233,1.8233,0,
baseline,78,17,0.2557292455827229,adult,19,1,1.855,1.855,0,
baseline,79,17,0.31274852127145286,adult,3,6,1.5332,1.5332,0,
baseline,80,17,0.24192319037630758,adult,1,0,1.8319,1.8319,0,
baseline,81,17,0.7495257436955758,elderly,18,7,1.3491,1.3491,0,
baseline,82,17,0.2094635281564155,adult,16,3,1.5434,1.5434,0,
baseline,83,17,0.2368250785688548,adult,12,1,1.8734,1.8734,0,
baseline,84,17,0.7597628712547879,elderly,2,5,1.4317,1.4317,0,
baseline,85,17,0.2134449412553841,adult,12,5,1.8203,1.8203,0,
baseline,86,17,0.26029034175119803,adult,8,4,1.8208,1.8208,0,
baseline,87,17,0.8739793646798583,elderly,7,7,1.3674,1.3674,0,
baseline,88,17,0.23068402377938965,adult,19,6,1.5255,1.5255,0,
baseline,89,17,0.21593278881496686,adult,12,4,1.7984,1.7984,0,
baseline,90,17,0.7286621276353521,elderly,12,8,1.4122,1.4122,0,
baseline,91,17,0.2651344904420061,adult,19,2,1.8314,1.8314,0,
baseline,92,17,0.20377115206369537,adult,18,6,1.4933,1.4933,0,
baseline,93,17,0.20132533923371512,adult,3,8,1.4226,1.4226,0,
baseline,94,17,0.7049720665964455,elderly,2,9,1.3178,1.3178,0,
baseline,95,17,0.25100462370739207,adult,15,0,1.8154,1.8154,0,
baseline,96,17,0.4955828490431283,child,4,6,1.4431,1.4431,0,
baseline,97,17,0.27283994893939245,adult,15,2,1.8474,1.8474,0,
baseline,98,17,0.21712454129440448,adult,18,5,1.5329,1.5329,0,
baseline,99,17,0.7185461557640977,elderly,6,5,1.5703,1.5703,0,
baseline,100,17,0.4754623971272218,child,12,3,1.7413,1.7413,0,
baseline,101,17,0.814329171491318,elderly,8,1,1.9019,1.9019,0,
baseline,102,17,0.9382392363354756,elderly,3,9,1.3401,1.3401,0,
baseline,103,17,0.30010692589416543,adult,0,3,1.5557,1.5557,0,
baseline,104,17,0.8126300272600911,elderly,4,2,1.8312,1.8312,0,
baseline,105,17,0.23441354547710377,adult,18,6,1.4933,1.4933,0,
baseline,106,17,0.5066140359967927,child,3,2,1.804,1.804,0,
baseline,107,17,0.5631658536919568,child,2,3,1.5287,1.5287,0,
baseline,108,17,0.23073770055214435,adult,5,2,1.8446,1.8446,0,
baseline,109,17,0.29657377246189087,adult,11,3,1.7633,1.7633,0,
baseline,110,17,0.27279255604127917,adult,2,5,1.4317,1.4317,0,
baseline,111,17,0.5291861555650081,child,17,5,1.5729,1.5729,0,
baseline,112,17,0.8908951292054481,elderly,9,2,1.8957,1.8957,0,
baseline,113,17,0.5158957569432061,child,9,6,1.5305,1.5305,0,
baseline,114,17,0.8593264155201461,elderly,17,7,1.3577,1.3577,0,
baseline,115,17,0.32052011433136096,adult,12,6,1.4989,1.4989,0,
baseline,116,17,0.5844185905950111,child,4,8,1.4389,1.4389,0,
baseline,117,17,0.24225311600942953,adult,10,6,1.5325,1.5325,0,
baseline,118,17,0.2089072670144541,adult,12,1,1.8734,1.8734,0,
baseline,119,17,0.9022295288833049,elderly,7,7,1.3674,1.3674,0,
baseline,120,17,0.5289935218684951,child,17,2,1.8398,1.8398,0,
baseline,121,17,0.42582414868915897,adult,7,1,1.8293,1.8293,0,
baseline,122,17,0.321155028793213,adult,1,9,1.4232,1.4232,0,
baseline,123,17,0.6995000220419753,child,19,9,1.3886,1.3886,0,
baseline,124,17,0.562529225395729,child,17,8,1.3115,1.3115,0,
baseline,125,17,0.8475195178808403,elderly,6,1,1.9153,1.9153,0,
baseline,126,17,0.5540215869676903,child,15,3,1.5562,1.5562,0,
baseline,127,17,0.766520446349269,elderly,16,2,1.923,1.923,0,
baseline,128,17,0.7416409671545062,elderly,17,9,1.3369,1.3369,0,
baseline,129,17,0.1865474786824886,adult,3,7,1.2393,1.2393,0,
baseline,130,17,0.5991072876975088,child,16,1,1.8595,1.8595,0,
baseline,131,17,0.6713434192845964,child,18,4,1.6694,1.6694,0,
baseline,132,17,0.26809246029419453,adult,3,4,1.5986,1.5986,0,
baseline,133,17,0.22890676933880374,adult,15,8,1.287,1.287,0,
baseline,134,17,0.21223556584054845,adult,0,6,1.5331,1.5331,0,
baseline,135,17,0.4871906993496808,child,11,6,1.5881,1.5881,0,
baseline,136,17,0.5813838397364346,child,4,3,1.5274,1.5274,0,
baseline,137,17,0.1834367475007917,adult,5,5,1.5345,1.5345,0,
baseline,138,17,0.30240291417804127,adult,14,6,1.5371,1.5371,0,
baseline,139,17,0.28188702499195395,adult,18,0,1.8029,1.8029,0,
baseline,140,17,0.3042444979413341,adult,7,9,1.3902,1.3902,0,
baseline,141,17,0.2410183959966361,adult,19,4,1.5536,1.5536,0,
baseline,142,17,0.25779477773074466,adult,16,3,1.5434,1.5434,0,
baseline,143,17,0.2024052019176551,adult,12,9,1.4035,1.4035,0,
baseline,144,17,0.8349906142726966,elderly,19,1,1.855,1.855,0,
baseline,145,17,0.23016660216907392,adult,12,2,1.8427,1.8427,0,
baseline,146,17,0.22633729077264053,adult,0,2,1.7855,1.7855,0,
baseline,147,17,0.18671782350320223,adult,17,1,1.8495,1.8495,0,
baseline,148,17,0.3265717377596302,adult,15,0,1.8154,1.8154,0,
baseline,149,17,0.5931363866533521,child,10,5,1.7816,1.7816,0,
baseline,150,17,0.33786967348278196,adult,11,0,1.7419,1.7419,0,
baseline,151,17,0.24434311120662164,adult,18,0,1.8029,1.8029,0,
baseline,152,17,0.3131721899623074,adult,12,4,1.7984,1.7984,0,
baseline,153,17,0.30482733918353766,adult,17,9,1.3369,1.3369,0,
baseline,154,17,0.5207407229993698,child,19,3,1.7075,1.7075,0,
baseline,155,17,0.2698840835350667,adult,5,3,1.5451,1.5451,0,
baseline,156,17,0.21854549526592404,adult,11,6,1.5881,1.5881,0,
baseline,157,17,0.7800885741958227,elderly,3,4,1.5986,1.5986,0,
baseline,158,17,0.22376698635368497,adult,6,8,1.4397,1.4397,0,
baseline,159,17,0.2490942753506871,adult,13,2,1.7693,1.7693,0,
baseline,160,17,0.23909707064169694,adult,16,4,1.5345,1.5345,0,
baseline,161,17,0.26816184340335836,adult,10,1,1.8528,1.8528,0,
baseline,162,17,0.5590101392326462,child,12,4,1.7984,1.7984,0,
baseline,163,17,0.2586620552478868,adult,17,6,1.5746,1.5746,0,
baseline,164,17,0.21874748549033007,adult,12,5,1.8203,1.8203,0,
baseline,165,17,0.26806801780654776,adult,0,4,1.5232,1.5232,0,
baseline,166,17,0.31453748099041595,adult,10,6,1.5325,1.5325,0,
baseline,167,17,0.5571003562232809,child,18,3,1.5391,1.5391,0,
baseline,168,17,0.28556981755657285,adult,7,7,1.3674,1.3674,0,
baseline,169,17,0.20289864310003097,adult,10,5,1.7816,1.7816,0,
baseline,170,17,0.2591235835153987,adult,11,7,1.2741,1.2741,0,
baseline,171,17,0.5403518780488572,child,0,0,1.7663,1.7663,0,
baseline,172,17,0.19710832762003697,adult,19,4,1.5536,1.5536,0,
baseline,173,17,0.7370654202189683,elderly,5,9,1.3355,1.3355,0,
baseline,174,17,0.5944522686442528,child,19,4,1.5536,1.5536,0,
baseline,175,17,0.27508362578769247,adult,0,1,1.932,1.932,0,
baseline,176,17,0.19711151507617047,adult,8,4,1.8208,1.8208,0,
baseline,177,17,0.2626617426734974,adult,3,6,1.5332,1.5332,0,
baseline,178,17,0.2950995521960962,adult,1,5,1.5681,1.5681,0,
baseline,179,17,0.3774069229558558,adult,19,6,1.5255,1.5255,0,
baseline,180,17,0.7054964868146433,elderly,18,9,1.342,1.342,0,
baseline,181,17,0.5168708354178837,child,15,0,1.8154,1.8154,0,
baseline,182,17,0.22452710037794926,adult,14,6,1.5371,1.5371,0,
baseline,183,17,0.24281444929542967,adult,18,6,1.4933,1.4933,0,
baseline,184,17,0.20656651882118987,adult,19,3,1.7075,1.7075,0,
baseline,185,17,0.895735664587469,elderly,12,0,1.8526,1.8526,0,
baseline,186,17,0.26608149821206883,adult,13,0,1.7709,1.7709,0,
baseline,187,17,0.22885027121419005,adult,2,4,1.6478,1.6478,0,
baseline,188,17,0.25818280463696514,adult,7,1,1.8293,1.8293,0,
baseline,189,17,0.25124888164635667,adult,1,8,1.3122,1.3122,0,
baseline,190,17,0.7388637748744878,elderly,6,7,1.3753,1.3753,0,
baseline,191,17,0.24355609940976028,adult,6,7,1.3753,1.3753,0,
baseline,192,17,0.2622858672661557,adult,1,6,1.5597,1.5597,0,
baseline,193,17,0.3114225338599181,adult,2,5,1.4317,1.4317,0,
baseline,194,17,0.7432938913438611,child,9,2,1.8957,1.8957,0,
baseline,195,17,0.26317722516719005,adult,5,6,1.5272,1.5272,0,
baseline,196,17,0.2246770526955429,adult,8,6,1.5204,1.5204,0,
baseline,197,17,0.5584044178321356,child,11,9,1.4476,1.4476,0,
baseline,198,17,0.2514953170246483,adult,8,6,1.5204,1.5204,0,
baseline,199,17,0.2899733601941726,adult,17,6,1.5746,1.5746,0,
baseline,200,17,0.25622285847923476,adult,8,6,1.5204,1.5204,0,
baseline,201,17,0.4521031631709903,adult,18,0,1.8029,1.8029,0,
baseline,202,17,0.1634121024151908,adult,19,9,1.3886,1.3886,0,
baseline,203,17,0.5626995559129596,child,15,0,1.8154,1.8154,0,
baseline,204,17,0.327120941806494,adult,17,9,1.3369,1.3369,0,
baseline,205,17,0.7857123878054436,elderly,2,7,1.3856,1.3856,0,
baseline,206,17,0.5939394270629585,child,3,4,1.5986,1.5986,0,
baseline,207,17,0.28709923820747085,adult,11,3,1.7633,1.7633,0,
baseline,208,17,0.39542716557746904,adult,17,2,1.8398,1.8398,0,
baseline,209,17,0.27359697560694635,adult,1,1,1.8503,1.8503,0,
baseline,210,17,0.9020130166851742,elderly,1,6,1.5597,1.5597,0,
baseline,211,17,0.2713101047676122,adult,8,5,1.7599,1.7599,0,
baseline,212,17,0.24736743242291168,adult,8,6,1.5204,1.5204,0,
baseline,213,17,0.6794396779816514,elderly,15,4,1.5014,1.5014,0,
baseline,214,17,0.30091251551864373,adult,2,0,1.7944,1.7944,0,
baseline,215,17,0.21670540748307351,adult,18,1,1.9002,1.9002,0,
baseline,216,17,0.3687606793764565,adult,5,6,1.5272,1.5272,0,
baseline,217,17,0.2538767051714499,adult,2,3,1.5287,1.5287,0,
baseline,218,17,0.2824197149857894,adult,1,8,1.3122,1.3122,0,
baseline,219,17,0.5636693672210529,child,9,2,1.8957,1.8957,0,
baseline,220,17,0.6948217456126036,child,13,9,1.355,1.355,0,
baseline,221,17,0.8780226911713226,elderly,11,4,1.7814,1.7814,0,
baseline,222,17,0.30180138271631185,adult,5,9,1.3355,1.3355,0,
baseline,223,17,0.19113770908623962,adult,1,0,1.8319,1.8319,0,
baseline,224,17,0.22956484340680797,adult,16,9,1.3867,1.3867,0,
baseline,225,17,0.2188924625952585,adult,8,7,1.2463,1.2463,0,
baseline,226,17,0.688413136429157,elderly,17,5,1.5729,1.5729,0,
baseline,227,17,0.7561906848382751,elderly,5,7,1.3667,1.3667,0,
baseline,228,17,0.566836488720734,child,15,3,1.5562,1.5562,0,
baseline,229,17,0.5049212893202911,child,3,4,1.5986,1.5986,0,
baseline,230,17,0.2379441270070261,adult,7,6,1.4584,1.4584,0,
baseline,231,17,0.21828841423349848,adult,3,4,1.5986,1.5986,0,
baseline,232,17,0.1839452306394218,adult,15,0,1.8154,1.8154,0,
baseline,233,17,0.29492040259128455,adult,9,2,1.8957,1.8957,0,
baseline,234,17,0.29013491932937124,adult,0,4,1.5232,1.5232,0,
baseline,235,17,0.34669130855252334,adult,13,9,1.355,1.355,0,
baseline,236,17,0.28232450555661204,adult,8,0,1.7856,1.7856,0,
baseline,237,17,0.5757509116895175,child,1,1,1.8503,1.8503,0,
baseline,238,17,0.5403723756597331,child,10,1,1.8528,1.8528,0,
baseline,239,17,0.5952182201485263,child,13,9,1.355,1.355,0,
baseline,0,18,0.5380812195557422,child,12,0,1.5969,1.5969,0,
baseline,1,18,0.5438885528571922,child,19,8,1.0355,1.0355,0,
baseline,2,18,0.7202561588196462,elderly,6,6,1.3743,1.3743,0,
baseline,3,18,0.216473321571373,adult,19,1,1.5649,1.5649,0,
baseline,4,18,0.179291256914281,adult,10,1,1.5439,1.5439,0,
baseline,5,18,0.7742080791371789,elderly,9,1,1.5412,1.5412,0,
baseline,6,18,0.6860132284779408,elderly,1,1,1.6062,1.6062,0,
baseline,7,18,0.24933523196076668,adult,13,2,1.5597,1.5597,0,
baseline,8,18,0.6343234811450121,child,3,0,1.5903,1.5903,0,
baseline,9,18,0.2937927377360272,adult,2,1,1.5685,1.5685,0,
baseline,10,18,0.29067965400666446,adult,15,6,1.1635,1.1635,0,
baseline,11,18,0.29337902378575376,adult,9,5,1.5691,1.5691,0,
baseline,12,18,0.2580821854764632,adult,7,7,1.0585,1.0585,0,
baseline,13,18,0.23208808428151181,adult,18,5,1.2698,1.2698,0,
baseline,14,18,0.22746461649058938,adult,17,9,1.1483,1.1483,0,
baseline,15,18,0.4919996898463789,child,13,4,1.2761,1.2761,0,
baseline,16,18,0.7297879386484595,child,5,6,1.3726,1.3726,0,
baseline,17,18,0.6910243835711712,elderly,17,0,1.6217,1.6217,0,
baseline,18,18,0.27290224990437284,adult,18,9,1.0162,1.0162,0,
baseline,19,18,0.5918994514851882,child,10,6,1.3441,1.3441,0,
baseline,20,18,0.20000931813748296,adult,13,5,1.1845,1.1845,0,
baseline,21,18,0.2566225962051309,adult,16,2,1.6862,1.6862,0,
baseline,22,18,0.2636593411524598,adult,0,8,1.0982,1.0982,0,
baseline,23,18,0.6949427075347202,child,12,6,1.3548,1.3548,0,
baseline,24,18,0.36652485810151314,adult,8,4,1.526,1.526,0,
baseline,25,18,0.2443193234562278,adult,0,4,1.2857,1.2857,0,
baseline,26,18,0.3010033863387559,adult,1,6,1.1736,1.1736,0,
baseline,27,18,0.264862699158784,adult,10,0,1.5586,1.5586,0,
baseline,28,18,0.25879019854094,adult,2,9,1.154,1.154,0,
baseline,29,18,0.31974955111962444,adult,2,5,1.3457,1.3457,0,
baseline,30,18,0.1555928571749553,adult,13,6,1.3154,1.3154,0,
baseline,31,18,0.548458082951535,child,16,6,1.2796,1.2796,0,
baseline,32,18,0.2544761312097897,adult,5,5,1.2548,1.2548,0,
baseline,33,18,0.3227939887511161,adult,13,9,1.1287,1.1287,0,
baseline,34,18,0.6558716694259125,child,15,7,1.1102,1.1102,0,
baseline,35,18,0.5492700374659585,child,9,5,1.5691,1.5691,0,
baseline,36,18,0.28742961388729216,adult,0,1,1.5284,1.5284,0,
baseline,37,18,0.862770385621313,elderly,2,6,1.3564,1.3564,0,
baseline,38,18,0.23693857704201632,adult,2,6,1.3564,1.3564,0,
baseline,39,18,0.2454791545887237,adult,5,9,1.1025,1.1025,0,
baseline,40,18,0.583334998890488,child,5,3,1.3709,1.3709,0,
baseline,41,18,0.2636638551640602,adult,5,2,1.6329,1.6329,0,
baseline,42,18,0.9350941601422765,elderly,14,6,1.3369,1.3369,0,
baseline,43,18,0.21562936030731708,adult,19,8,1.0355,1.0355,0,
baseline,44,18,0.5397436170004551,child,12,4,1.5756,1.5756,0,
baseline,45,18,0.18354442553252845,adult,0,0,1.6071,1.6071,0,
baseline,46,18,0.27255587776068274,adult,17,0,1.6217,1.6217,0,
baseline,47,18,0.30152879677991906,adult,13,6,1.3154,1.3154,0,
baseline,48,18,0.2424720207354753,adult,14,5,1.2223,1.2223,0,
baseline,49,18,0.7645513584523809,elderly,14,6,1.3369,1.3369,0,
baseline,50,18,0.41514306586559097,adult,11,7,1.1101,1.1101,0,
baseline,51,18,0.2061884568547753,adult,10,2,1.6572,1.6572,0,
baseline,52,18,0.31853752554381776,adult,7,9,0.9728,0.9728,0,
baseline,53,18,0.2638404878487771,adult,18,6,1.2629,1.2629,0,
baseline,54,18,0.21400695401395703,adult,0,5,1.2259,1.2259,0,
baseline,55,18,0.3026292881022382,adult,0,0,1.6071,1.6071,0,
baseline,56,18,0.7372548908762495,elderly,11,0,1.5541,1.5541,0,
baseline,57,18,0.2208870448850433,adult,5,0,1.5304,1.5304,0,
baseline,58,18,0.3144823244892736,adult,5,6,1.3726,1.3726,0,
baseline,59,18,0.22063955497119142,adult,15,0,1.6281,1.6281,0,
baseline,60,18,0.5166058535491507,child,18,3,1.3333,1.3333,0,
baseline,61,18,0.23464792877787313,adult,12,1,1.5476,1.5476,0,
baseline,62,18,0.7780271499327811,elderly,2,2,1.6069,1.6069,0,
baseline,63,18,0.7701272985546185,elderly,4,2,1.6456,1.6456,0,
baseline,64,18,0.260395348860413,adult,16,6,1.2796,1.2796,0,
baseline,65,18,0.18124989624959473,adult,19,9,1.1839,1.1839,0,
baseline,66,18,0.7479987221088478,elderly,6,9,1.1251,1.1251,0,
baseline,67,18,0.2747694705910339,adult,1,4,1.2571,1.2571,0,
baseline,68,18,0.2623728676439467,adult,14,0,1.5602,1.5602,0,
baseline,69,18,0.3475954363017591,adult,11,6,1.3155,1.3155,0,
baseline,70,18,0.18683697056304266,adult,7,9,0.9728,0.9728,0,
baseline,71,18,0.2252873014963322,adult,9,5,1.5691,1.5691,0,
baseline,72,18,0.3073174185068305,adult,1,8,1.017,1.017,0,
baseline,73,18,0.28651314785661347,adult,19,5,1.3522,1.3522,0,
baseline,74,18,0.7497164804572996,elderly,0,8,1.0982,1.0982,0,
baseline,75,18,0.8576126643135189,elderly,15,2,1.6192,1.6192,0,
baseline,76,18,0.24339714453787592,adult,5,7,1.0559,1.0559,0,
baseline,77,18,0.5658695094941405,child,7,1,1.7048,1.7048,0,
baseline,78,18,0.2557292455827229,adult,17,1,1.6115,1.6115,0,
baseline,79,18,0.31274852127145286,adult,6,7,1.081,1.081,0,
baseline,80,18,0.24192319037630758,adult,1,0,1.6025,1.6025,0,
baseline,81,18,0.7495257436955758,elderly,17,7,1.068,1.068,0,
baseline,82,18,0.2094635281564155,adult,15,2,1.6192,1.6192,0,
baseline,83,18,0.2368250785688548,adult,11,3,1.6267,1.6267,0,
baseline,84,18,0.7597628712547879,elderly,3,6,1.324,1.324,0,
baseline,85,18,0.2134449412553841,adult,11,7,1.1101,1.1101,0,
baseline,86,18,0.26029034175119803,adult,7,4,1.2881,1.2881,0,
baseline,87,18,0.8739793646798583,elderly,8,9,1.1718,1.1718,0,
baseline,88,18,0.23068402377938965,adult,19,9,1.1839,1.1839,0,
baseline,89,18,0.21593278881496686,adult,13,1,1.6589,1.6589,0,
baseline,90,18,0.7286621276353521,elderly,12,7,1.0486,1.0486,0,
baseline,91,18,0.2651344904420061,adult,16,1,1.5308,1.5308,0,
baseline,92,18,0.20377115206369537,adult,19,4,1.3602,1.3602,0,
baseline,93,18,0.20132533923371512,adult,2,7,1.0336,1.0336,0,
baseline,94,18,0.7049720665964455,elderly,2,9,1.154,1.154,0,
baseline,95,18,0.25100462370739207,adult,14,1,1.5498,1.5498,0,
baseline,96,18,0.4955828490431283,child,6,7,1.081,1.081,0,
baseline,97,18,0.27283994893939245,adult,18,0,1.585,1.585,0,
baseline,98,18,0.21712454129440448,adult,15,5,1.2468,1.2468,0,
baseline,99,18,0.7185461557640977,elderly,4,6,1.3417,1.3417,0,
baseline,100,18,0.4754623971272218,child,14,3,1.2659,1.2659,0,
baseline,101,18,0.814329171491318,elderly,7,2,1.6862,1.6862,0,
baseline,102,18,0.9382392363354756,elderly,0,7,1.0637,1.0637,0,
baseline,103,18,0.30010692589416543,adult,0,0,1.6071,1.6071,0,
baseline,104,18,0.8126300272600911,elderly,6,4,1.3779,1.3779,0,
baseline,105,18,0.23441354547710377,adult,16,6,1.2796,1.2796,0,
baseline,106,18,0.5066140359967927,child,2,5,1.3457,1.3457,0,
baseline,107,18,0.5631658536919568,child,4,4,1.3317,1.3317,0,
baseline,108,18,0.23073770055214435,adult,7,0,1.6463,1.6463,0,
baseline,109,18,0.29657377246189087,adult,10,6,1.3441,1.3441,0,
baseline,110,18,0.27279255604127917,adult,1,4,1.2571,1.2571,0,
baseline,111,18,0.5291861555650081,child,16,7,1.0727,1.0727,0,
baseline,112,18,0.8908951292054481,elderly,7,3,1.3348,1.3348,0,
baseline,113,18,0.5158957569432061,child,7,9,0.9728,0.9728,0,
baseline,114,18,0.8593264155201461,elderly,14,7,1.1494,1.1494,0,
baseline,115,18,0.32052011433136096,adult,14,5,1.2223,1.2223,0,
baseline,116,18,0.5844185905950111,child,5,9,1.1025,1.1025,0,
baseline,117,18,0.24225311600942953,adult,11,4,1.6196,1.6196,0,
baseline,118,18,0.2089072670144541,adult,14,3,1.2659,1.2659,0,
baseline,119,18,0.9022295288833049,elderly,4,8,1.1047,1.1047,0,
baseline,120,18,0.5289935218684951,child,15,4,1.2814,1.2814,0,
baseline,121,18,0.42582414868915897,adult,6,1,1.6492,1.6492,0,
baseline,122,18,0.321155028793213,adult,0,7,1.0637,1.0637,0,
baseline,123,18,0.6995000220419753,child,19,9,1.1839,1.1839,0,
baseline,124,18,0.562529225395729,child,17,8,1.0971,1.0971,0,
baseline,125,18,0.8475195178808403,elderly,2,2,1.6069,1.6069,0,
baseline,126,18,0.5540215869676903,child,13,3,1.3034,1.3034,0,
baseline,127,18,0.766520446349269,elderly,19,1,1.5649,1.5649,0,
baseline,128,18,0.7416409671545062,elderly,14,8,1.001,1.001,0,
baseline,129,18,0.1865474786824886,adult,0,7,1.0637,1.0637,0,
baseline,130,18,0.5991072876975088,child,17,0,1.6217,1.6217,0,
baseline,131,18,0.6713434192845964,child,18,4,1.2776,1.2776,0,
baseline,132,18,0.26809246029419453,adult,7,0,1.6463,1.6463,0,
baseline,133,18,0.22890676933880374,adult,11,7,1.1101,1.1101,0,
baseline,134,18,0.21223556584054845,adult,0,6,1.2713,1.2713,0,
baseline,135,18,0.4871906993496808,child,8,9,1.1718,1.1718,0,
baseline,136,18,0.5813838397364346,child,4,6,1.3417,1.3417,0,
baseline,137,18,0.1834367475007917,adult,7,4,1.2881,1.2881,0,
baseline,138,18,0.30240291417804127,adult,16,4,1.3424,1.3424,0,
baseline,139,18,0.28188702499195395,adult,17,2,1.6183,1.6183,0,
baseline,140,18,0.3042444979413341,adult,8,7,1.0699,1.0699,0,
baseline,141,18,0.2410183959966361,adult,19,8,1.0355,1.0355,0,
baseline,142,18,0.25779477773074466,adult,15,3,1.357,1.357,0,
baseline,143,18,0.2024052019176551,adult,12,8,1.1422,1.1422,0,
baseline,144,18,0.8349906142726966,elderly,18,0,1.585,1.585,0,
baseline,145,18,0.23016660216907392,adult,15,0,1.6281,1.6281,0,
baseline,146,18,0.22633729077264053,adult,2,1,1.5685,1.5685,0,
baseline,147,18,0.18671782350320223,adult,15,0,1.6281,1.6281,0,
baseline,148,18,0.3265717377596302,adult,16,0,1.6116,1.6116,0,
baseline,149,18,0.5931363866533521,child,14,4,1.4146,1.4146,0,
baseline,150,18,0.33786967348278196,adult,11,3,1.6267,1.6267,0,
baseline,151,18,0.24434311120662164,adult,18,1,1.5875,1.5875,0,
baseline,152,18,0.3131721899623074,adult,11,4,1.6196,1.6196,0,
baseline,153,18,0.30482733918353766,adult,16,9,1.0438,1.0438,0,
baseline,154,18,0.5207407229993698,child,18,4,1.2776,1.2776,0,
baseline,155,18,0.2698840835350667,adult,7,2,1.6862,1.6862,0,
baseline,156,18,0.21854549526592404,adult,8,9,1.1718,1.1718,0,
baseline,157,18,0.7800885741958227,elderly,3,3,1.2372,1.2372,0,
baseline,158,18,0.22376698635368497,adult,9,7,1.0681,1.0681,0,
baseline,159,18,0.2490942753506871,adult,11,3,1.6267,1.6267,0,
baseline,160,18,0.23909707064169694,adult,16,5,1.2408,1.2408,0,
baseline,161,18,0.26816184340335836,adult,14,3,1.2659,1.2659,0,
baseline,162,18,0.5590101392326462,child,12,2,1.6496,1.6496,0,
baseline,163,18,0.2586620552478868,adult,13,5,1.1845,1.1845,0,
baseline,164,18,0.21874748549033007,adult,16,6,1.2796,1.2796,0,
baseline,165,18,0.26806801780654776,adult,3,3,1.2372,1.2372,0,
baseline,166,18,0.31453748099041595,adult,8,4,1.526,1.526,0,
baseline,167,18,0.5571003562232809,child,19,4,1.3602,1.3602,0,
baseline,168,18,0.28556981755657285,adult,9,8,1.1048,1.1048,0,
baseline,169,18,0.20289864310003097,adult,10,4,1.6039,1.6039,0,
baseline,170,18,0.2591235835153987,adult,11,9,1.1009,1.1009,0,
baseline,171,18,0.5403518780488572,child,1,1,1.6062,1.6062,0,
baseline,172,18,0.19710832762003697,adult,18,4,1.2776,1.2776,0,
baseline,173,18,0.7370654202189683,elderly,7,8,1.0863,1.0863,0,
baseline,174,18,0.5944522686442528,child,18,2,1.5669,1.5669,0,
baseline,175,18,0.27508362578769247,adult,2,0,1.6423,1.6423,0,
baseline,176,18,0.19711151507617047,adult,11,1,1.5652,1.5652,0,
baseline,177,18,0.2626617426734974,adult,6,4,1.3779,1.3779,0,
baseline,178,18,0.2950995521960962,adult,1,5,1.3454,1.3454,0,
baseline,179,18,0.3774069229558558,adult,16,3,1.3542,1.3542,0,
baseline,180,18,0.7054964868146433,elderly,18,7,1.1278,1.1278,0,
baseline,181,18,0.5168708354178837,child,17,0,1.6217,1.6217,0,
baseline,182,18,0.22452710037794926,adult,14,5,1.2223,1.2223,0,
baseline,183,18,0.24281444929542967,adult,19,4,1.3602,1.3602,0,
baseline,184,18,0.20656651882118987,adult,17,6,1.1631,1.1631,0,
baseline,185,18,0.895735664587469,elderly,11,0,1.5541,1.5541,0,
baseline,186,18,0.26608149821206883,adult,12,0,1.5969,1.5969,0,
baseline,187,18,0.22885027121419005,adult,2,0,1.6423,1.6423,0,
baseline,188,18,0.25818280463696514,adult,11,4,1.6196,1.6196,0,
baseline,189,18,0.25124888164635667,adult,2,9,1.154,1.154,0,
baseline,190,18,0.7388637748744878,elderly,4,6,1.3417,1.3417,0,
baseline,191,18,0.24355609940976028,adult,4,5,1.1647,1.1647,0,
baseline,192,18,0.2622858672661557,adult,3,5,1.3009,1.3009,0,
baseline,193,18,0.3114225338599181,adult,1,9,1.0784,1.0784,0,
baseline,194,18,0.7432938913438611,child,6,4,1.3779,1.3779,0,
baseline,195,18,0.26317722516719005,adult,9,5,1.5691,1.5691,0,
baseline,196,18,0.2246770526955429,adult,9,8,1.1048,1.1048,0,
baseline,197,18,0.5584044178321356,child,9,7,1.0681,1.0681,0,
baseline,198,18,0.2514953170246483,adult,9,2,1.597,1.597,0,
baseline,199,18,0.2899733601941726,adult,14,4,1.4146,1.4146,0,
baseline,200,18,0.25622285847923476,adult,8,4,1.526,1.526,0,
baseline,201,18,0.4521031631709903,adult,16,0,1.6116,1.6116,0,
baseline,202,18,0.1634121024151908,adult,19,9,1.1839,1.1839,0,
baseline,203,18,0.5626995559129596,child,14,1,1.5498,1.5498,0,
baseline,204,18,0.327120941806494,adult,14,7,1.1494,1.1494,0,
baseline,205,18,0.7857123878054436,elderly,4,7,1.0863,1.0863,0,
baseline,206,18,0.5939394270629585,child,4,5,1.1647,1.1647,0,
baseline,207,18,0.28709923820747085,adult,12,4,1.5756,1.5756,0,
baseline,208,18,0.39542716557746904,adult,18,4,1.2776,1.2776,0,
baseline,209,18,0.27359697560694635,adult,0,5,1.2259,1.2259,0,
baseline,210,18,0.9020130166851742,elderly,0,6,1.2713,1.2713,0,
baseline,211,18,0.2713101047676122,adult,8,5,1.5782,1.5782,0,
baseline,212,18,0.24736743242291168,adult,9,6,1.2571,1.2571,0,
baseline,213,18,0.6794396779816514,elderly,15,0,1.6281,1.6281,0,
baseline,214,18,0.30091251551864373,adult,0,0,1.6071,1.6071,0,
baseline,215,18,0.21670540748307351,adult,17,0,1.6217,1.6217,0,
baseline,216,18,0.3687606793764565,adult,5,6,1.3726,1.3726,0,
baseline,217,18,0.2538767051714499,adult,2,5,1.3457,1.3457,0,
baseline,218,18,0.2824197149857894,adult,1,6,1.1736,1.1736,0,
baseline,219,18,0.5636693672210529,child,9,2,1.597,1.597,0,
baseline,220,18,0.6948217456126036,child,13,8,1.0446,1.0446,0,
baseline,221,18,0.8780226911713226,elderly,12,6,1.3548,1.3548,0,
baseline,222,18,0.30180138271631185,adult,3,9,1.0648,1.0648,0,
baseline,223,18,0.19113770908623962,adult,1,0,1.6025,1.6025,0,
baseline,224,18,0.22956484340680797,adult,16,9,1.0438,1.0438,0,
baseline,225,18,0.2188924625952585,adult,7,8,1.0863,1.0863,0,
baseline,226,18,0.688413136429157,elderly,16,3,1.3542,1.3542,0,
baseline,227,18,0.7561906848382751,elderly,4,9,1.0858,1.0858,0,
baseline,228,18,0.566836488720734,child,11,0,1.5541,1.5541,0,
baseline,229,18,0.5049212893202911,child,4,3,1.3258,1.3258,0,
baseline,230,18,0.2379441270070261,adult,4,3,1.3258,1.3258,0,
baseline,231,18,0.21828841423349848,adult,2,5,1.3457,1.3457,0,
baseline,232,18,0.1839452306394218,adult,15,0,1.6281,1.6281,0,
baseline,233,18,0.29492040259128455,adult,7,2,1.6862,1.6862,0,
baseline,234,18,0.29013491932937124,adult,4,6,1.3417,1.3417,0,
baseline,235,18,0.34669130855252334,adult,11,6,1.3155,1.3155,0,
baseline,236,18,0.28232450555661204,adult,9,1,1.5412,1.5412,0,
baseline,237,18,0.5757509116895175,child,0,3,1.2846,1.2846,0,
baseline,238,18,0.5403723756597331,child,9,1,1.5412,1.5412,0,
baseline,239,18,0.5952182201485263,child,13,9,1.1287,1.1287,0,
baseline,0,19,0.5380812195557422,child,8,0,1.2899,1.2899,0,
baseline,1,19,0.5438885528571922,child,19,9,0.8087,0.8087,0,
baseline,2,19,0.7202561588196462,elderly,8,3,1.3418,1.3418,0,
baseline,3,19,0.216473321571373,adult,19,0,1.2338,1.2338,0,
baseline,4,19,0.179291256914281,adult,11,0,1.2658,1.2658,0,
baseline,5,19,0.7742080791371789,elderly,6,1,1.3192,1.3192,0,
baseline,6,19,0.6860132284779408,elderly,1,0,1.2205,1.2205,0,
baseline,7,19,0.24933523196076668,adult,11,3,1.2014,1.2014,0,
baseline,8,19,0.6343234811450121,child,2,0,1.296,1.296,0,
baseline,9,19,0.2937927377360272,adult,6,3,1.0221,1.0221,0,
baseline,10,19,0.29067965400666446,adult,17,5,1.029,1.029,0,
baseline,11,19,0.29337902378575376,adult,12,7,0.81,0.81,0,
baseline,12,19,0.2580821854764632,adult,6,7,0.8305,0.8305,0,
baseline,13,19,0.23208808428151181,adult,15,4,1.0362,1.0362,0,
baseline,14,19,0.22746461649058938,adult,17,6,0.9639,0.9639,0,
baseline,15,19,0.4919996898463789,child,17,6,0.9639,0.9639,0,
baseline,16,19,0.7297879386484595,child,5,5,0.99,0.99,0,
baseline,17,19,0.6910243835711712,elderly,17,0,1.3815,1.3815,0,
baseline,18,19,0.27290224990437284,adult,18,8,0.792,0.792,0,
baseline,19,19,0.5918994514851882,child,8,4,1.254,1.254,0,
baseline,20,19,0.20000931813748296,adult,13,3,0.9106,0.9106,0,
baseline,21,19,0.2566225962051309,adult,16,2,1.3463,1.3463,0,
baseline,22,19,0.2636593411524598,adult,1,7,0.7072,0.7072,0,
baseline,23,19,0.6949427075347202,child,12,5,1.2393,1.2393,0,
baseline,24,19,0.36652485810151314,adult,7,3,1.0634,1.0634,0,
baseline,25,19,0.2443193234562278,adult,1,4,1.0864,1.0864,0,
baseline,26,19,0.3010033863387559,adult,1,8,0.8081,0.8081,0,
baseline,27,19,0.264862699158784,adult,10,0,1.2489,1.2489,0,
baseline,28,19,0.25879019854094,adult,4,8,0.8467,0.8467,0,
baseline,29,19,0.31974955111962444,adult,2,9,0.8277,0.8277,0,
baseline,30,19,0.1555928571749553,adult,14,9,0.8185,0.8185,0,
baseline,31,19,0.548458082951535,child,13,8,0.8533,0.8533,0,
baseline,32,19,0.2544761312097897,adult,6,4,0.9287,0.9287,0,
baseline,33,19,0.3227939887511161,adult,15,9,0.7542,0.7542,0,
baseline,34,19,0.6558716694259125,child,13,8,0.8533,0.8533,0,
baseline,35,19,0.5492700374659585,child,9,6,1.0315,1.0315,0,
baseline,36,19,0.28742961388729216,adult,0,1,1.3697,1.3697,0,
baseline,37,19,0.862770385621313,elderly,5,4,1.0566,1.0566,0,
baseline,38,19,0.23693857704201632,adult,2,7,0.7634,0.7634,0,
baseline,39,19,0.2454791545887237,adult,1,9,0.8269,0.8269,0,
baseline,40,19,0.583334998890488,child,9,6,1.0315,1.0315,0,
baseline,41,19,0.2636638551640602,adult,9,1,1.2422,1.2422,0,
baseline,42,19,0.9350941601422765,elderly,11,6,0.9429,0.9429,0,
baseline,43,19,0.21562936030731708,adult,17,6,0.9639,0.9639,0,
baseline,44,19,0.5397436170004551,child,13,5,1.0029,1.0029,0,
baseline,45,19,0.18354442553252845,adult,0,0,1.3221,1.3221,0,
baseline,46,19,0.27255587776068274,adult,18,0,1.3327,1.3327,0,
baseline,47,19,0.30152879677991906,adult,14,6,1.0011,1.0011,0,
baseline,48,19,0.2424720207354753,adult,11,8,0.8456,0.8456,0,
baseline,49,19,0.7645513584523809,elderly,13,5,1.0029,1.0029,0,
baseline,50,19,0.41514306586559097,adult,12,9,0.7277,0.7277,0,
baseline,51,19,0.2061884568547753,adult,11,0,1.2658,1.2658,0,
baseline,52,19,0.31853752554381776,adult,6,8,0.7814,0.7814,0,
baseline,53,19,0.2638404878487771,adult,18,9,0.7594,0.7594,0,
baseline,54,19,0.21400695401395703,adult,1,3,0.9766,0.9766,0,
baseline,55,19,0.3026292881022382,adult,0,2,1.2841,1.2841,0,
baseline,56,19,0.7372548908762495,elderly,13,1,1.2338,1.2338,0,
baseline,57,19,0.2208870448850433,adult,7,2,1.3384,1.3384,0,
baseline,58,19,0.3144823244892736,adult,4,5,0.992,0.992,0,
baseline,59,19,0.22063955497119142,adult,11,0,1.2658,1.2658,0,
baseline,60,19,0.5166058535491507,child,17,4,0.9605,0.9605,0,
baseline,61,19,0.23464792877787313,adult,14,1,1.4103,1.4103,0,
baseline,62,19,0.7780271499327811,elderly,0,0,1.3221,1.3221,0,
baseline,63,19,0.7701272985546185,elderly,7,5,0.9847,0.9847,0,
baseline,64,19,0.260395348860413,adult,17,5,1.029,1.029,0,
baseline,65,19,0.18124989624959473,adult,15,9,0.7542,0.7542,0,
baseline,66,19,0.7479987221088478,elderly,7,8,0.7746,0.7746,0,
baseline,67,19,0.2747694705910339,adult,2,4,1.0108,1.0108,0,
baseline,68,19,0.2623728676439467,adult,16,0,1.2001,1.2001,0,
baseline,69,19,0.3475954363017591,adult,11,6,0.9429,0.9429,0,
baseline,70,19,0.18683697056304266,adult,5,9,0.7748,0.7748,0,
baseline,71,19,0.2252873014963322,adult,6,5,0.9607,0.9607,0,
baseline,72,19,0.3073174185068305,adult,4,7,0.7607,0.7607,0,
baseline,73,19,0.28651314785661347,adult,19,2,1.351,1.351,0,
baseline,74,19,0.7497164804572996,elderly,0,9,0.8267,0.8267,0,
baseline,75,19,0.8576126643135189,elderly,15,3,1.0728,1.0728,0,
baseline,76,19,0.24339714453787592,adult,1,5,1.046,1.046,0,
baseline,77,19,0.5658695094941405,child,5,2,1.2167,1.2167,0,
baseline,78,19,0.2557292455827229,adult,19,0,1.2338,1.2338,0,
baseline,79,19,0.31274852127145286,adult,5,5,0.99,0.99,0,
baseline,80,19,0.24192319037630758,adult,1,2,1.2736,1.2736,0,
baseline,81,19,0.7495257436955758,elderly,19,4,1.0027,1.0027,0,
baseline,82,19,0.2094635281564155,adult,15,1,1.3158,1.3158,0,
baseline,83,19,0.2368250785688548,adult,14,2,1.2809,1.2809,0,
baseline,84,19,0.7597628712547879,elderly,2,8,0.8118,0.8118,0,
baseline,85,19,0.2134449412553841,adult,12,6,0.9584,0.9584,0,
baseline,86,19,0.26029034175119803,adult,5,4,1.0566,1.0566,0,
baseline,87,19,0.8739793646798583,elderly,8,7,0.7754,0.7754,0,
baseline,88,19,0.23068402377938965,adult,19,9,0.8087,0.8087,0,
baseline,89,19,0.21593278881496686,adult,14,2,1.2809,1.2809,0,
baseline,90,19,0.7286621276353521,elderly,11,9,0.7591,0.7591,0,
baseline,91,19,0.2651344904420061,adult,19,4,1.0027,1.0027,0,
baseline,92,19,0.20377115206369537,adult,15,3,1.0728,1.0728,0,
baseline,93,19,0.20132533923371512,adult,3,8,0.7987,0.7987,0,
baseline,94,19,0.7049720665964455,elderly,2,9,0.8277,0.8277,0,
baseline,95,19,0.25100462370739207,adult,16,0,1.2001,1.2001,0,
baseline,96,19,0.4955828490431283,child,6,6,0.9946,0.9946,0,
baseline,97,19,0.27283994893939245,adult,19,2,1.351,1.351,0,
baseline,98,19,0.21712454129440448,adult,16,8,0.795,0.795,0,
baseline,99,19,0.7185461557640977,elderly,8,6,0.9781,0.9781,0,
baseline,100,19,0.4754623971272218,child,14,3,1.0009,1.0009,0,
baseline,101,19,0.814329171491318,elderly,8,2,1.3244,1.3244,0,
baseline,102,19,0.9382392363354756,elderly,0,9,0.8267,0.8267,0,
baseline,103,19,0.30010692589416543,adult,0,1,1.3697,1.3697,0,
baseline,104,19,0.8126300272600911,elderly,4,5,0.992,0.992,0,
baseline,105,19,0.23441354547710377,adult,18,7,0.8533,0.8533,0,
baseline,106,19,0.5066140359967927,child,5,4,1.0566,1.0566,0,
baseline,107,19,0.5631658536919568,child,2,2,1.2605,1.2605,0,
baseline,108,19,0.23073770055214435,adult,5,1,1.2494,1.2494,0,
baseline,109,19,0.29657377246189087,adult,13,3,0.9106,0.9106,0,
baseline,110,19,0.27279255604127917,adult,4,8,0.8467,0.8467,0,
baseline,111,19,0.5291861555650081,child,16,6,1.0612,1.0612,0,
baseline,112,19,0.8908951292054481,elderly,9,5,1.2918,1.2918,0,
baseline,113,19,0.5158957569432061,child,7,8,0.7746,0.7746,0,
baseline,114,19,0.8593264155201461,elderly,17,5,1.029,1.029,0,
baseline,115,19,0.32052011433136096,adult,14,4,1.0336,1.0336,0,
baseline,116,19,0.5844185905950111,child,5,7,0.8579,0.8579,0,
baseline,117,19,0.24225311600942953,adult,12,6,0.9584,0.9584,0,
baseline,118,19,0.2089072670144541,adult,13,2,1.257,1.257,0,
baseline,119,19,0.9022295288833049,elderly,6,5,0.9607,0.9607,0,
baseline,120,19,0.5289935218684951,child,19,3,1.07,1.07,0,
baseline,121,19,0.42582414868915897,adult,4,4,0.97,0.97,0,
baseline,122,19,0.321155028793213,adult,1,9,0.8269,0.8269,0,
baseline,123,19,0.6995000220419753,child,17,9,0.8146,0.8146,0,
baseline,124,19,0.562529225395729,child,15,5,0.9878,0.9878,0,
baseline,125,19,0.8475195178808403,elderly,3,1,1.2926,1.2926,0,
baseline,126,19,0.5540215869676903,child,13,5,1.0029,1.0029,0,
baseline,127,19,0.766520446349269,elderly,19,5,1.0522,1.0522,0,
baseline,128,19,0.7416409671545062,elderly,14,9,0.8185,0.8185,0,
baseline,129,19,0.1865474786824886,adult,2,9,0.8277,0.8277,0,
baseline,130,19,0.5991072876975088,child,17,0,1.3815,1.3815,0,
baseline,131,19,0.6713434192845964,child,15,6,0.8777,0.8777,0,
baseline,132,19,0.26809246029419453,adult,4,2,1.3343,1.3343,0,
baseline,133,19,0.22890676933880374,adult,14,6,1.0011,1.0011,0,
baseline,134,19,0.21223556584054845,adult,0,4,1.0766,1.0766,0,
baseline,135,19,0.4871906993496808,child,10,7,0.8491,0.8491,0,
baseline,136,19,0.5813838397364346,child,4,7,0.7607,0.7607,0,
baseline,137,19,0.1834367475007917,adult,8,6,0.9781,0.9781,0,
baseline,138,19,0.30240291417804127,adult,16,4,0.977,0.977,0,
baseline,139,19,0.28188702499195395,adult,19,1,1.3268,1.3268,0,
baseline,140,19,0.3042444979413341,adult,5,7,0.8579,0.8579,0,
baseline,141,19,0.2410183959966361,adult,19,6,0.9484,0.9484,0,
baseline,142,19,0.25779477773074466,adult,18,3,0.9837,0.9837,0,
baseline,143,19,0.2024052019176551,adult,11,9,0.7591,0.7591,0,
baseline,144,19,0.8349906142726966,elderly,18,3,0.9837,0.9837,0,
baseline,145,19,0.23016660216907392,adult,16,2,1.3463,1.3463,0,
baseline,146,19,0.22633729077264053,adult,0,0,1.3221,1.3221,0,
baseline,147,19,0.18671782350320223,adult,14,2,1.2809,1.2809,0,
baseline,148,19,0.3265717377596302,adult,15,3,1.0728,1.0728,0,
baseline,149,19,0.5931363866533521,child,11,5,1.2703,1.2703,0,
baseline,150,19,0.33786967348278196,adult,11,0,1.2658,1.2658,0,
baseline,151,19,0.24434311120662164,adult,18,0,1.3327,1.3327,0,
baseline,152,19,0.3131721899623074,adult,13,4,1.1052,1.1052,0,
baseline,153,19,0.30482733918353766,adult,16,9,0.7726,0.7726,0,
baseline,154,19,0.5207407229993698,child,18,3,0.9837,0.9837,0,
baseline,155,19,0.2698840835350667,adult,9,4,1.2383,1.2383,0,
baseline,156,19,0.21854549526592404,adult,10,8,0.7869,0.7869,0,
baseline,157,19,0.7800885741958227,elderly,3,3,1.0103,1.0103,0,
baseline,158,19,0.22376698635368497,adult,8,9,0.7928,0.7928,0,
baseline,159,19,0.2490942753506871,adult,10,1,1.4284,1.4284,0,
baseline,160,19,0.23909707064169694,adult,17,2,1.2952,1.2952,0,
baseline,161,19,0.26816184340335836,adult,14,4,1.0336,1.0336,0,
baseline,162,19,0.5590101392326462,child,10,2,1.2893,1.2893,0,
baseline,163,19,0.2586620552478868,adult,13,3,0.9106,0.9106,0,
baseline,164,19,0.21874748549033007,adult,13,3,0.9106,0.9106,0,
baseline,165,19,0.26806801780654776,adult,2,6,1.0513,1.0513,0,
baseline,166,19,0.31453748099041595,adult,7,6,1.0159,1.0159,0,
baseline,167,19,0.5571003562232809,child,18,2,1.2572,1.2572,0,
baseline,168,19,0.28556981755657285,adult,9,6,1.0315,1.0315,0,
baseline,169,19,0.20289864310003097,adult,10,4,1.1927,1.1927,0,
baseline,170,19,0.2591235835153987,adult,9,8,0.7175,0.7175,0,
baseline,171,19,0.5403518780488572,child,0,1,1.3697,1.3697,0,
baseline,172,19,0.19710832762003697,adult,16,6,1.0612,1.0612,0,
baseline,173,19,0.7370654202189683,elderly,3,9,0.8596,0.8596,0,
baseline,174,19,0.5944522686442528,child,19,1,1.3268,1.3268,0,
baseline,175,19,0.27508362578769247,adult,1,1,1.3543,1.3543,0,
baseline,176,19,0.19711151507617047,adult,10,0,1.2489,1.2489,0,
baseline,177,19,0.2626617426734974,adult,4,7,0.7607,0.7607,0,
baseline,178,19,0.2950995521960962,adult,4,5,0.992,0.992,0,
baseline,179,19,0.3774069229558558,adult,16,4,0.977,0.977,0,
baseline,180,19,0.7054964868146433,elderly,16,9,0.7726,0.7726,0,
baseline,181,19,0.5168708354178837,child,17,2,1.2952,1.2952,0,
baseline,182,19,0.22452710037794926,adult,13,6,1.0122,1.0122,0,
baseline,183,19,0.24281444929542967,adult,18,7,0.8533,0.8533,0,
baseline,184,19,0.20656651882118987,adult,19,7,0.8084,0.8084,0,
baseline,185,19,0.895735664587469,elderly,11,0,1.2658,1.2658,0,
baseline,186,19,0.26608149821206883,adult,12,1,1.2659,1.2659,0,
baseline,187,19,0.22885027121419005,adult,3,0,1.2744,1.2744,0,
baseline,188,19,0.25818280463696514,adult,11,4,1.1599,1.1599,0,
baseline,189,19,0.25124888164635667,adult,4,8,0.8467,0.8467,0,
baseline,190,19,0.7388637748744878,elderly,2,6,1.0513,1.0513,0,
baseline,191,19,0.24355609940976028,adult,6,7,0.8305,0.8305,0,
baseline,192,19,0.2622858672661557,adult,0,6,1.0067,1.0067,0,
baseline,193,19,0.3114225338599181,adult,2,8,0.8118,0.8118,0,
baseline,194,19,0.7432938913438611,child,9,2,1.3819,1.3819,0,
baseline,195,19,0.26317722516719005,adult,9,8,0.7175,0.7175,0,
baseline,196,19,0.2246770526955429,adult,12,6,0.9584,0.9584,0,
baseline,197,19,0.5584044178321356,child,9,9,0.8181,0.8181,0,
baseline,198,19,0.2514953170246483,adult,7,5,0.9847,0.9847,0,
baseline,199,19,0.2899733601941726,adult,16,2,1.3463,1.3463,0,
baseline,200,19,0.25622285847923476,adult,6,5,0.9607,0.9607,0,
baseline,201,19,0.4521031631709903,adult,19,0,1.2338,1.2338,0,
baseline,202,19,0.1634121024151908,adult,19,6,0.9484,0.9484,0,
baseline,203,19,0.5626995559129596,child,13,0,1.3459,1.3459,0,
baseline,204,19,0.327120941806494,adult,13,9,0.6948,0.6948,0,
baseline,205,19,0.7857123878054436,elderly,5,9,0.7748,0.7748,0,
baseline,206,19,0.5939394270629585,child,2,6,1.0513,1.0513,0,
baseline,207,19,0.28709923820747085,adult,12,3,1.3163,1.3163,0,
baseline,208,19,0.39542716557746904,adult,19,1,1.3268,1.3268,0,
baseline,209,19,0.27359697560694635,adult,2,3,0.9372,0.9372,0,
baseline,210,19,0.9020130166851742,elderly,2,7,0.7634,0.7634,0,
baseline,211,19,0.2713101047676122,adult,9,5,1.2918,1.2918,0,
baseline,212,19,0.24736743242291168,adult,10,8,0.7869,0.7869,0,
baseline,213,19,0.6794396779816514,elderly,17,0,1.3815,1.3815,0,
baseline,214,19,0.30091251551864373,adult,0,2,1.2841,1.2841,0,
baseline,215,19,0.21670540748307351,adult,19,1,1.3268,1.3268,0,
baseline,216,19,0.3687606793764565,adult,1,5,1.046,1.046,0,
baseline,217,19,0.2538767051714499,adult,5,4,1.0566,1.0566,0,
baseline,218,19,0.2824197149857894,adult,0,5,1.0047,1.0047,0,
baseline,219,19,0.5636693672210529,child,5,1,1.2494,1.2494,0,
baseline,220,19,0.6948217456126036,child,9,7,0.8141,0.8141,0,
baseline,221,19,0.8780226911713226,elderly,14,5,0.9594,0.9594,0,
baseline,222,19,0.30180138271631185,adult,6,7,0.8305,0.8305,0,
baseline,223,19,0.19113770908623962,adult,2,0,1.296,1.296,0,
baseline,224,19,0.22956484340680797,adult,14,8,0.8097,0.8097,0,
baseline,225,19,0.2188924625952585,adult,9,9,0.8181,0.8181,0,
baseline,226,19,0.688413136429157,elderly,15,6,0.8777,0.8777,0,
baseline,227,19,0.7561906848382751,elderly,4,7,0.7607,0.7607,0,
baseline,228,19,0.566836488720734,child,11,3,1.2014,1.2014,0,
baseline,229,19,0.5049212893202911,child,1,3,0.9766,0.9766,0,
baseline,230,19,0.2379441270070261,adult,4,6,1.0306,1.0306,0,
baseline,231,19,0.21828841423349848,adult,4,7,0.7607,0.7607,0,
baseline,232,19,0.1839452306394218,adult,15,4,1.0362,1.0362,0,
baseline,233,19,0.29492040259128455,adult,7,2,1.3384,1.3384,0,
baseline,234,19,0.29013491932937124,adult,3,6,1.0021,1.0021,0,
baseline,235,19,0.34669130855252334,adult,12,9,0.7277,0.7277,0,
baseline,236,19,0.28232450555661204,adult,10,0,1.2489,1.2489,0,
baseline,237,19,0.5757509116895175,child,1,1,1.3543,1.3543,0,
baseline,238,19,0.5403723756597331,child,9,3,1.1996,1.1996,0,
baseline,239,19,0.5952182201485263,child,13,5,1.0029,1.0029,0,
baseline,0,20,0.5380812195557422,child,10,1,1.0847,1.0847,0,
baseline,1,20,0.5438885528571922,child,19,8,0.5271,0.5271,0,
baseline,2,20,0.7202561588196462,elderly,7,2,1.0863,1.0863,0,
baseline,3,20,0.216473321571373,adult,17,0,1.1229,1.1229,0,
baseline,4,20,0.179291256914281,adult,11,0,1.0674,1.0674,0,
baseline,5,20,0.7742080791371789,elderly,7,1,1.0007,1.0007,0,
baseline,6,20,0.6860132284779408,elderly,0,1,1.1035,1.1035,0,
baseline,7,20,0.24933523196076668,adult,14,2,1.0142,1.0142,0,
baseline,8,20,0.6343234811450121,child,5,0,0.9923,0.9923,0,
baseline,9,20,0.2937927377360272,adult,5,5,0.7796,0.7796,0,
baseline,10,20,0.29067965400666446,adult,16,3,0.7862,0.7862,0,
baseline,11,20,0.29337902378575376,adult,9,5,1.0213,1.0213,0,
baseline,12,20,0.2580821854764632,adult,6,9,0.5076,0.5076,0,
baseline,13,20,0.23208808428151181,adult,18,4,0.8388,0.8388,0,
baseline,14,20,0.22746461649058938,adult,17,9,0.6052,0.6052,0,
baseline,15,20,0.4919996898463789,child,14,8,0.6007,0.6007,0,
baseline,16,20,0.7297879386484595,child,1,4,0.678,0.678,0,
baseline,17,20,0.6910243835711712,elderly,15,0,1.0525,1.0525,0,
baseline,18,20,0.27290224990437284,adult,19,9,0.5711,0.5711,0,
baseline,19,20,0.5918994514851882,child,7,5,0.8181,0.8181,0,
baseline,20,20,0.20000931813748296,adult,13,7,0.5504,0.5504,0,
baseline,21,20,0.2566225962051309,adult,15,2,1.0653,1.0653,0,
baseline,22,20,0.2636593411524598,adult,0,6,0.7415,0.7415,0,
baseline,23,20,0.6949427075347202,child,14,5,0.7728,0.7728,0,
baseline,24,20,0.36652485810151314,adult,7,5,0.8181,0.8181,0,
baseline,25,20,0.2443193234562278,adult,1,0,1.04,1.04,0,
baseline,26,20,0.3010033863387559,adult,1,8,0.5453,0.5453,0,
baseline,27,20,0.264862699158784,adult,8,0,1.0191,1.0191,0,
baseline,28,20,0.25879019854094,adult,1,8,0.5453,0.5453,0,
baseline,29,20,0.31974955111962444,adult,0,8,0.5502,0.5502,0,
baseline,30,20,0.1555928571749553,adult,15,6,0.6463,0.6463,0,
baseline,31,20,0.548458082951535,child,16,4,0.7264,0.7264,0,
baseline,32,20,0.2544761312097897,adult,6,4,0.6488,0.6488,0,
baseline,33,20,0.3227939887511161,adult,15,9,0.5258,0.5258,0,
baseline,34,20,0.6558716694259125,child,14,8,0.6007,0.6007,0,
baseline,35,20,0.5492700374659585,child,9,6,0.8281,0.8281,0,
baseline,36,20,0.28742961388729216,adult,0,2,1.0005,1.0005,0,
baseline,37,20,0.862770385621313,elderly,3,5,0.7424,0.7424,0,
baseline,38,20,0.23693857704201632,adult,0,6,0.7415,0.7415,0,
baseline,39,20,0.2454791545887237,adult,5,9,0.5289,0.5289,0,
baseline,40,20,0.583334998890488,child,9,3,1.1284,1.1284,0,
baseline,41,20,0.2636638551640602,adult,5,4,0.7816,0.7816,0,
baseline,42,20,0.9350941601422765,elderly,11,7,0.5082,0.5082,0,
baseline,43,20,0.21562936030731708,adult,19,8,0.5271,0.5271,0,
baseline,44,20,0.5397436170004551,child,14,1,1.0522,1.0522,0,
baseline,45,20,0.18354442553252845,adult,0,1,1.1035,1.1035,0,
baseline,46,20,0.27255587776068274,adult,19,1,1.0525,1.0525,0,
baseline,47,20,0.30152879677991906,adult,11,3,1.0786,1.0786,0,
baseline,48,20,0.2424720207354753,adult,11,9,0.5066,0.5066,0,
baseline,49,20,0.7645513584523809,elderly,17,5,0.8104,0.8104,0,
baseline,50,20,0.41514306586559097,adult,9,7,0.4827,0.4827,0,
baseline,51,20,0.2061884568547753,adult,9,2,1.0866,1.0866,0,
baseline,52,20,0.31853752554381776,adult,5,9,0.5289,0.5289,0,
baseline,53,20,0.2638404878487771,adult,14,7,0.5834,0.5834,0,
baseline,54,20,0.21400695401395703,adult,0,1,1.1035,1.1035,0,
baseline,55,20,0.3026292881022382,adult,0,1,1.1035,1.1035,0,
baseline,56,20,0.7372548908762495,elderly,10,0,1.0173,1.0173,0,
baseline,57,20,0.2208870448850433,adult,6,0,1.0551,1.0551,0,
baseline,58,20,0.3144823244892736,adult,7,7,0.5646,0.5646,0,
baseline,59,20,0.22063955497119142,adult,14,1,1.0522,1.0522,0,
baseline,60,20,0.5166058535491507,child,17,2,1.0085,1.0085,0,
baseline,61,20,0.23464792877787313,adult,12,0,1.0962,1.0962,0,
baseline,62,20,0.7780271499327811,elderly,0,1,1.1035,1.1035,0,
baseline,63,20,0.7701272985546185,elderly,7,4,0.798,0.798,0,
baseline,64,20,0.260395348860413,adult,17,6,0.705,0.705,0,
baseline,65,20,0.18124989624959473,adult,18,7,0.6701,0.6701,0,
baseline,66,20,0.7479987221088478,elderly,6,9,0.5076,0.5076,0,
baseline,67,20,0.2747694705910339,adult,0,5,0.6987,0.6987,0,
baseline,68,20,0.2623728676439467,adult,16,0,1.0509,1.0509,0,
baseline,69,20,0.3475954363017591,adult,14,2,1.0142,1.0142,0,
baseline,70,20,0.18683697056304266,adult,5,7,0.5979,0.5979,0,
baseline,71,20,0.2252873014963322,adult,7,4,0.798,0.798,0,
baseline,72,20,0.3073174185068305,adult,3,4,0.7502,0.7502,0,
baseline,73,20,0.28651314785661347,adult,19,4,0.7032,0.7032,0,
baseline,74,20,0.7497164804572996,elderly,0,9,0.5645,0.5645,0,
baseline,75,20,0.8576126643135189,elderly,12,4,0.9272,0.9272,0,
baseline,76,20,0.24339714453787592,adult,3,4,0.7502,0.7502,0,
baseline,77,20,0.5658695094941405,child,6,5,0.8097,0.8097,0,
baseline,78,20,0.2557292455827229,adult,19,1,1.0525,1.0525,0,
baseline,79,20,0.31274852127145286,adult,5,4,0.7816,0.7816,0,
baseline,80,20,0.24192319037630758,adult,0,0,1.0875,1.0875,0,
baseline,81,20,0.7495257436955758,elderly,19,7,0.5744,0.5744,0,
baseline,82,20,0.2094635281564155,adult,16,1,1.0461,1.0461,0,
baseline,83,20,0.2368250785688548,adult,14,1,1.0522,1.0522,0,
baseline,84,20,0.7597628712547879,elderly,2,8,0.549,0.549,0,
baseline,85,20,0.2134449412553841,adult,9,6,0.8281,0.8281,0,
baseline,86,20,0.26029034175119803,adult,8,5,1.1009,1.1009,0,
baseline,87,20,0.8739793646798583,elderly,11,9,0.5066,0.5066,0,
baseline,88,20,0.23068402377938965,adult,19,6,0.6704,0.6704,0,
baseline,89,20,0.21593278881496686,adult,13,1,1.067,1.067,0,
baseline,90,20,0.7286621276353521,elderly,15,7,0.4574,0.4574,0,
baseline,91,20,0.2651344904420061,adult,17,1,1.0742,1.0742,0,
baseline,92,20,0.20377115206369537,adult,15,6,0.6463,0.6463,0,
baseline,93,20,0.20132533923371512,adult,4,4,0.739,0.739,0,
baseline,94,20,0.7049720665964455,elderly,0,7,0.4769,0.4769,0,
baseline,95,20,0.25100462370739207,adult,15,1,0.979,0.979,0,
baseline,96,20,0.4955828490431283,child,6,6,0.867,0.867,0,
baseline,97,20,0.27283994893939245,adult,17,0,1.1229,1.1229,0,
baseline,98,20,0.21712454129440448,adult,17,6,0.705,0.705,0,
baseline,99,20,0.7185461557640977,elderly,4,9,0.5633,0.5633,0,
baseline,100,20,0.4754623971272218,child,11,2,1.0608,1.0608,0,
baseline,101,20,0.814329171491318,elderly,9,3,1.1284,1.1284,0,
baseline,102,20,0.9382392363354756,elderly,1,9,0.5595,0.5595,0,
baseline,103,20,0.30010692589416543,adult,2,0,0.9677,0.9677,0,
baseline,104,20,0.8126300272600911,elderly,4,6,0.8639,0.8639,0,
baseline,105,20,0.23441354547710377,adult,19,7,0.5744,0.5744,0,
baseline,106,20,0.5066140359967927,child,3,1,1.0266,1.0266,0,
baseline,107,20,0.5631658536919568,child,2,4,0.768,0.768,0,
baseline,108,20,0.23073770055214435,adult,9,1,1.0692,1.0692,0,
baseline,109,20,0.29657377246189087,adult,13,5,0.7379,0.7379,0,
baseline,110,20,0.27279255604127917,adult,0,7,0.4769,0.4769,0,
baseline,111,20,0.5291861555650081,child,17,7,0.588,0.588,0,
baseline,112,20,0.8908951292054481,elderly,6,6,0.867,0.867,0,
baseline,113,20,0.5158957569432061,child,7,7,0.5646,0.5646,0,
baseline,114,20,0.8593264155201461,elderly,14,8,0.6007,0.6007,0,
baseline,115,20,0.32052011433136096,adult,12,3,0.9927,0.9927,0,
baseline,116,20,0.5844185905950111,child,4,8,0.5391,0.5391,0,
baseline,117,20,0.24225311600942953,adult,10,7,0.5808,0.5808,0,
baseline,118,20,0.2089072670144541,adult,12,0,1.0962,1.0962,0,
baseline,119,20,0.9022295288833049,elderly,7,4,0.798,0.798,0,
baseline,120,20,0.5289935218684951,child,15,2,1.0653,1.0653,0,
baseline,121,20,0.42582414868915897,adult,7,2,1.0863,1.0863,0,
baseline,122,20,0.321155028793213,adult,0,9,0.5645,0.5645,0,
baseline,123,20,0.6995000220419753,child,19,9,0.5711,0.5711,0,
baseline,124,20,0.562529225395729,child,16,5,0.6868,0.6868,0,
baseline,125,20,0.8475195178808403,elderly,2,0,0.9677,0.9677,0,
baseline,126,20,0.5540215869676903,child,15,7,0.4574,0.4574,0,
baseline,127,20,0.766520446349269,elderly,19,1,1.0525,1.0525,0,
baseline,128,20,0.7416409671545062,elderly,16,9,0.5412,0.5412,0,
baseline,129,20,0.1865474786824886,adult,3,6,0.7815,0.7815,0,
baseline,130,20,0.5991072876975088,child,16,3,0.7862,0.7862,0,
baseline,131,20,0.6713434192845964,child,15,2,1.0653,1.0653,0,
baseline,132,20,0.26809246029419453,adult,3,2,1.0634,1.0634,0,
baseline,133,20,0.22890676933880374,adult,13,7,0.5504,0.5504,0,
baseline,134,20,0.21223556584054845,adult,2,2,1.0349,1.0349,0,
baseline,135,20,0.4871906993496808,child,10,6,0.7307,0.7307,0,
baseline,136,20,0.5813838397364346,child,3,6,0.7815,0.7815,0,
baseline,137,20,0.1834367475007917,adult,5,3,0.7967,0.7967,0,
baseline,138,20,0.30240291417804127,adult,15,5,0.806,0.806,0,
baseline,139,20,0.28188702499195395,adult,18,4,0.8388,0.8388,0,
baseline,140,20,0.3042444979413341,adult,4,8,0.5391,0.5391,0,
baseline,141,20,0.2410183959966361,adult,19,5,0.7232,0.7232,0,
baseline,142,20,0.25779477773074466,adult,18,5,0.7843,0.7843,0,
baseline,143,20,0.2024052019176551,adult,11,9,0.5066,0.5066,0,
baseline,144,20,0.8349906142726966,elderly,19,3,0.8257,0.8257,0,
baseline,145,20,0.23016660216907392,adult,16,3,0.7862,0.7862,0,
baseline,146,20,0.22633729077264053,adult,0,0,1.0875,1.0875,0,
baseline,147,20,0.18671782350320223,adult,16,0,1.0509,1.0509,0,
baseline,148,20,0.3265717377596302,adult,16,0,1.0509,1.0509,0,
baseline,149,20,0.5931363866533521,child,13,6,0.7433,0.7433,0,
baseline,150,20,0.33786967348278196,adult,9,3,1.1284,1.1284,0,
baseline,151,20,0.24434311120662164,adult,15,0,1.0525,1.0525,0,
baseline,152,20,0.3131721899623074,adult,15,4,0.7222,0.7222,0,
baseline,153,20,0.30482733918353766,adult,17,9,0.6052,0.6052,0,
baseline,154,20,0.5207407229993698,child,19,2,1.0545,1.0545,0,
baseline,155,20,0.2698840835350667,adult,8,4,1.0525,1.0525,0,
baseline,156,20,0.21854549526592404,adult,10,6,0.7307,0.7307,0,
baseline,157,20,0.7800885741958227,elderly,1,4,0.678,0.678,0,
baseline,158,20,0.22376698635368497,adult,7,8,0.5151,0.5151,0,
baseline,159,20,0.2490942753506871,adult,13,2,1.12,1.12,0,
baseline,160,20,0.23909707064169694,adult,18,5,0.7843,0.7843,0,
baseline,161,20,0.26816184340335836,adult,11,2,1.0608,1.0608,0,
baseline,162,20,0.5590101392326462,child,8,3,0.9239,0.9239,0,
baseline,163,20,0.2586620552478868,adult,14,3,0.8083,0.8083,0,
baseline,164,20,0.21874748549033007,adult,15,6,0.6463,0.6463,0,
baseline,165,20,0.26806801780654776,adult,3,5,0.7424,0.7424,0,
baseline,166,20,0.31453748099041595,adult,11,6,0.7562,0.7562,0,
baseline,167,20,0.5571003562232809,child,19,3,0.8257,0.8257,0,
baseline,168,20,0.28556981755657285,adult,9,8,0.4929,0.4929,0,
baseline,169,20,0.20289864310003097,adult,11,6,0.7562,0.7562,0,
baseline,170,20,0.2591235835153987,adult,7,7,0.5646,0.5646,0,
baseline,171,20,0.5403518780488572,child,1,0,1.04,1.04,0,
baseline,172,20,0.19710832762003697,adult,18,4,0.8388,0.8388,0,
baseline,173,20,0.7370654202189683,elderly,4,6,0.8639,0.8639,0,
baseline,174,20,0.5944522686442528,child,18,3,0.7698,0.7698,0,
baseline,175,20,0.27508362578769247,adult,2,3,0.7737,0.7737,0,
baseline,176,20,0.19711151507617047,adult,12,0,1.0962,1.0962,0,
baseline,177,20,0.2626617426734974,adult,4,3,0.7708,0.7708,0,
baseline,178,20,0.2950995521960962,adult,3,3,0.761,0.761,0,
baseline,179,20,0.3774069229558558,adult,18,2,0.9775,0.9775,0,
baseline,180,20,0.7054964868146433,elderly,18,8,0.498,0.498,0,
baseline,181,20,0.5168708354178837,child,16,0,1.0509,1.0509,0,
baseline,182,20,0.22452710037794926,adult,11,4,1.0607,1.0607,0,
baseline,183,20,0.24281444929542967,adult,16,4,0.7264,0.7264,0,
baseline,184,20,0.20656651882118987,adult,17,6,0.705,0.705,0,
baseline,185,20,0.895735664587469,elderly,12,0,1.0962,1.0962,0,
baseline,186,20,0.26608149821206883,adult,10,0,1.0173,1.0173,0,
baseline,187,20,0.22885027121419005,adult,0,3,0.8134,0.8134,0,
baseline,188,20,0.25818280463696514,adult,8,1,1.0391,1.0391,0,
baseline,189,20,0.25124888164635667,adult,5,7,0.5979,0.5979,0,
baseline,190,20,0.7388637748744878,elderly,4,9,0.5633,0.5633,0,
baseline,191,20,0.24355609940976028,adult,3,7,0.5604,0.5604,0,
baseline,192,20,0.2622858672661557,adult,0,7,0.4769,0.4769,0,
baseline,193,20,0.3114225338599181,adult,0,6,0.7415,0.7415,0,
baseline,194,20,0.7432938913438611,child,7,3,0.7237,0.7237,0,
baseline,195,20,0.26317722516719005,adult,8,6,0.7799,0.7799,0,
baseline,196,20,0.2246770526955429,adult,11,9,0.5066,0.5066,0,
baseline,197,20,0.5584044178321356,child,10,7,0.5808,0.5808,0,
baseline,198,20,0.2514953170246483,adult,11,5,0.9587,0.9587,0,
baseline,199,20,0.2899733601941726,adult,18,2,0.9775,0.9775,0,
baseline,200,20,0.25622285847923476,adult,10,4,1.076,1.076,0,
baseline,201,20,0.4521031631709903,adult,19,0,1.0215,1.0215,0,
baseline,202,20,0.1634121024151908,adult,17,5,0.8104,0.8104,0,
baseline,203,20,0.5626995559129596,child,15,2,1.0653,1.0653,0,
baseline,204,20,0.327120941806494,adult,15,9,0.5258,0.5258,0,
baseline,205,20,0.7857123878054436,elderly,2,7,0.5748,0.5748,0,
baseline,206,20,0.5939394270629585,child,2,4,0.768,0.768,0,
baseline,207,20,0.28709923820747085,adult,12,6,0.7414,0.7414,0,
baseline,208,20,0.39542716557746904,adult,19,3,0.8257,0.8257,0,
baseline,209,20,0.27359697560694635,adult,1,2,1.0343,1.0343,0,
baseline,210,20,0.9020130166851742,elderly,2,5,0.7946,0.7946,0,
baseline,211,20,0.2713101047676122,adult,8,7,0.5773,0.5773,0,
baseline,212,20,0.24736743242291168,adult,10,8,0.5906,0.5906,0,
baseline,213,20,0.6794396779816514,elderly,14,3,0.8083,0.8083,0,
baseline,214,20,0.30091251551864373,adult,2,2,1.0349,1.0349,0,
baseline,215,20,0.21670540748307351,adult,19,2,1.0545,1.0545,0,
baseline,216,20,0.3687606793764565,adult,3,4,0.7502,0.7502,0,
baseline,217,20,0.2538767051714499,adult,1,1,1.0768,1.0768,0,
baseline,218,20,0.2824197149857894,adult,0,5,0.6987,0.6987,0,
baseline,219,20,0.5636693672210529,child,7,4,0.798,0.798,0,
baseline,220,20,0.6948217456126036,child,12,7,0.6188,0.6188,0,
baseline,221,20,0.8780226911713226,elderly,11,3,1.0786,1.0786,0,
baseline,222,20,0.30180138271631185,adult,3,7,0.5604,0.5604,0,
baseline,223,20,0.19113770908623962,adult,1,1,1.0768,1.0768,0,
baseline,224,20,0.22956484340680797,adult,14,7,0.5834,0.5834,0,
baseline,225,20,0.2188924625952585,adult,10,7,0.5808,0.5808,0,
baseline,226,20,0.688413136429157,elderly,19,4,0.7032,0.7032,0,
baseline,227,20,0.7561906848382751,elderly,7,8,0.5151,0.5151,0,
baseline,228,20,0.566836488720734,child,12,2,1.0985,1.0985,0,
baseline,229,20,0.5049212893202911,child,1,2,1.0343,1.0343,0,
baseline,230,20,0.2379441270070261,adult,7,4,0.798,0.798,0,
baseline,231,20,0.21828841423349848,adult,1,6,0.7074,0.7074,0,
baseline,232,20,0.1839452306394218,adult,12,4,0.9272,0.9272,0,
baseline,233,20,0.29492040259128455,adult,8,1,1.0391,1.0391,0,
baseline,234,20,0.29013491932937124,adult,2,4,0.768,0.768,0,
baseline,235,20,0.34669130855252334,adult,13,9,0.6329,0.6329,0,
baseline,236,20,0.28232450555661204,adult,10,2,1.0341,1.0341,0,
baseline,237,20,0.5757509116895175,child,1,2,1.0343,1.0343,0,
baseline,238,20,0.5403723756597331,child,11,1,1.0853,1.0853,0,
baseline,239,20,0.5952182201485263,child,12,5,1.0883,1.0883,0,
baseline,0,21,0.5380812195557422,child,12,0,0.8397,0.8397,0,
baseline,1,21,0.5438885528571922,child,19,9,0.2867,0.2867,0,
baseline,2,21,0.7202561588196462,elderly,4,3,0.5867,0.5867,0,
baseline,3,21,0.216473321571373,adult,15,2,0.8451,0.8451,0,
baseline,4,21,0.179291256914281,adult,7,0,0.8418,0.8418,0,
baseline,5,21,0.7742080791371789,elderly,7,4,0.479,0.479,0,
baseline,6,21,0.6860132284779408,elderly,4,1,0.873,0.873,0,
baseline,7,21,0.24933523196076668,adult,13,6,0.4992,0.4992,0,
baseline,8,21,0.6343234811450121,child,6,1,0.9406,0.9406,0,
baseline,9,21,0.2937927377360272,adult,4,5,0.4898,0.4898,0,
baseline,10,21,0.29067965400666446,adult,13,5,0.4649,0.4649,0,
baseline,11,21,0.29337902378575376,adult,8,7,0.2995,0.2995,0,
baseline,12,21,0.2580821854764632,adult,8,9,0.3834,0.3834,0,
baseline,13,21,0.23208808428151181,adult,18,3,0.5229,0.5229,0,
baseline,14,21,0.22746461649058938,adult,19,7,0.3067,0.3067,0,
baseline,15,21,0.4919996898463789,child,14,4,0.4767,0.4767,0,
baseline,16,21,0.7297879386484595,child,2,4,0.5308,0.5308,0,
baseline,17,21,0.6910243835711712,elderly,18,0,0.8767,0.8767,0,
baseline,18,21,0.27290224990437284,adult,19,7,0.3067,0.3067,0,
baseline,19,21,0.5918994514851882,child,7,3,0.5925,0.5925,0,
baseline,20,21,0.20000931813748296,adult,15,5,0.5804,0.5804,0,
baseline,21,21,0.2566225962051309,adult,18,1,0.824,0.824,0,
baseline,22,21,0.2636593411524598,adult,2,8,0.3197,0.3197,0,
baseline,23,21,0.6949427075347202,child,13,6,0.4992,0.4992,0,
baseline,24,21,0.36652485810151314,adult,5,6,0.4855,0.4855,0,
baseline,25,21,0.2443193234562278,adult,0,0,0.7963,0.7963,0,
baseline,26,21,0.3010033863387559,adult,2,7,0.3428,0.3428,0,
baseline,27,21,0.264862699158784,adult,7,0,0.8418,0.8418,0,
baseline,28,21,0.25879019854094,adult,4,9,0.2833,0.2833,0,
baseline,29,21,0.31974955111962444,adult,1,7,0.3483,0.3483,0,
baseline,30,21,0.1555928571749553,adult,15,9,0.3646,0.3646,0,
baseline,31,21,0.548458082951535,child,15,6,0.548,0.548,0,
baseline,32,21,0.2544761312097897,adult,6,7,0.2947,0.2947,0,
baseline,33,21,0.3227939887511161,adult,13,8,0.308,0.308,0,
baseline,34,21,0.6558716694259125,child,13,7,0.2686,0.2686,0,
baseline,35,21,0.5492700374659585,child,11,6,0.5286,0.5286,0,
baseline,36,21,0.28742961388729216,adult,0,0,0.7963,0.7963,0,
baseline,37,21,0.862770385621313,elderly,1,6,0.5783,0.5783,0,
baseline,38,21,0.23693857704201632,adult,0,7,0.272,0.272,0,
baseline,39,21,0.2454791545887237,adult,2,6,0.5302,0.5302,0,
baseline,40,21,0.583334998890488,child,8,2,0.8474,0.8474,0,
baseline,41,21,0.2636638551640602,adult,5,5,0.5144,0.5144,0,
baseline,42,21,0.9350941601422765,elderly,10,8,0.3672,0.3672,0,
baseline,43,21,0.21562936030731708,adult,19,7,0.3067,0.3067,0,
baseline,44,21,0.5397436170004551,child,11,1,0.8287,0.8287,0,
baseline,45,21,0.18354442553252845,adult,1,0,0.8992,0.8992,0,
baseline,46,21,0.27255587776068274,adult,19,0,0.7792,0.7792,0,
baseline,47,21,0.30152879677991906,adult,13,6,0.4992,0.4992,0,
baseline,48,21,0.2424720207354753,adult,12,8,0.3587,0.3587,0,
baseline,49,21,0.7645513584523809,elderly,13,3,0.6189,0.6189,0,
baseline,50,21,0.41514306586559097,adult,13,9,0.3755,0.3755,0,
baseline,51,21,0.2061884568547753,adult,9,0,0.8251,0.8251,0,
baseline,52,21,0.31853752554381776,adult,5,9,0.3033,0.3033,0,
baseline,53,21,0.2638404878487771,adult,14,6,0.5047,0.5047,0,
baseline,54,21,0.21400695401395703,adult,2,5,0.6179,0.6179,0,
baseline,55,21,0.3026292881022382,adult,0,1,0.832,0.832,0,
baseline,56,21,0.7372548908762495,elderly,13,0,0.847,0.847,0,
baseline,57,21,0.2208870448850433,adult,9,0,0.8251,0.8251,0,
baseline,58,21,0.3144823244892736,adult,4,4,0.4687,0.4687,0,
baseline,59,21,0.22063955497119142,adult,14,1,0.8177,0.8177,0,
baseline,60,21,0.5166058535491507,child,15,1,0.8385,0.8385,0,
baseline,61,21,0.23464792877787313,adult,13,0,0.847,0.847,0,
baseline,62,21,0.7780271499327811,elderly,1,1,0.7494,0.7494,0,
baseline,63,21,0.7701272985546185,elderly,3,3,0.3944,0.3944,0,
baseline,64,21,0.260395348860413,adult,14,5,0.4774,0.4774,0,
baseline,65,21,0.18124989624959473,adult,17,8,0.3876,0.3876,0,
baseline,66,21,0.7479987221088478,elderly,8,8,0.2951,0.2951,0,
baseline,67,21,0.2747694705910339,adult,0,7,0.272,0.272,0,
baseline,68,21,0.2623728676439467,adult,14,0,0.8676,0.8676,0,
baseline,69,21,0.3475954363017591,adult,14,4,0.4767,0.4767,0,
baseline,70,21,0.18683697056304266,adult,9,8,0.357,0.357,0,
baseline,71,21,0.2252873014963322,adult,7,4,0.479,0.479,0,
baseline,72,21,0.3073174185068305,adult,1,7,0.3483,0.3483,0,
baseline,73,21,0.28651314785661347,adult,17,2,0.8079,0.8079,0,
baseline,74,21,0.7497164804572996,elderly,2,7,0.3428,0.3428,0,
baseline,75,21,0.8576126643135189,elderly,15,0,0.9138,0.9138,0,
baseline,76,21,0.24339714453787592,adult,3,7,0.3898,0.3898,0,
baseline,77,21,0.5658695094941405,child,7,3,0.5925,0.5925,0,
baseline,78,21,0.2557292455827229,adult,19,4,0.5137,0.5137,0,
baseline,79,21,0.31274852127145286,adult,5,3,0.533,0.533,0,
baseline,80,21,0.24192319037630758,adult,1,0,0.8992,0.8992,0,
baseline,81,21,0.7495257436955758,elderly,17,6,0.5633,0.5633,0,
baseline,82,21,0.2094635281564155,adult,17,1,0.7507,0.7507,0,
baseline,83,21,0.2368250785688548,adult,14,2,0.8609,0.8609,0,
baseline,84,21,0.7597628712547879,elderly,2,7,0.3428,0.3428,0,
baseline,85,21,0.2134449412553841,adult,13,9,0.3755,0.3755,0,
baseline,86,21,0.26029034175119803,adult,9,4,0.7137,0.7137,0,
baseline,87,21,0.8739793646798583,elderly,8,8,0.2951,0.2951,0,
baseline,88,21,0.23068402377938965,adult,18,8,0.3848,0.3848,0,
baseline,89,21,0.21593278881496686,adult,13,4,0.5657,0.5657,0,
baseline,90,21,0.7286621276353521,elderly,11,9,0.3238,0.3238,0,
baseline,91,21,0.2651344904420061,adult,17,3,0.4713,0.4713,0,
baseline,92,21,0.20377115206369537,adult,18,4,0.5167,0.5167,0,
baseline,93,21,0.20132533923371512,adult,4,7,0.2944,0.2944,0,
baseline,94,21,0.7049720665964455,elderly,2,8,0.3197,0.3197,0,
baseline,95,21,0.25100462370739207,adult,14,1,0.8177,0.8177,0,
baseline,96,21,0.4955828490431283,child,4,7,0.2944,0.2944,0,
baseline,97,21,0.27283994893939245,adult,15,0,0.9138,0.9138,0,
baseline,98,21,0.21712454129440448,adult,14,7,0.4185,0.4185,0,
baseline,99,21,0.7185461557640977,elderly,4,7,0.2944,0.2944,0,
baseline,100,21,0.4754623971272218,child,10,0,0.8898,0.8898,0,
baseline,101,21,0.814329171491318,elderly,6,2,0.8206,0.8206,0,
baseline,102,21,0.9382392363354756,elderly,0,8,0.3993,0.3993,0,
baseline,103,21,0.30010692589416543,adult,2,4,0.5308,0.5308,0,
baseline,104,21,0.8126300272600911,elderly,2,3,0.4406,0.4406,0,
baseline,105,21,0.23441354547710377,adult,19,7,0.3067,0.3067,0,
baseline,106,21,0.5066140359967927,child,2,2,0.857,0.857,0,
baseline,107,21,0.5631658536919568,child,1,3,0.4429,0.4429,0,
baseline,108,21,0.23073770055214435,adult,8,4,0.8219,0.8219,0,
baseline,109,21,0.29657377246189087,adult,12,6,0.5755,0.5755,0,
baseline,110,21,0.27279255604127917,adult,2,7,0.3428,0.3428,0,
baseline,111,21,0.5291861555650081,child,15,7,0.3972,0.3972,0,
baseline,112,21,0.8908951292054481,elderly,5,2,0.8598,0.8598,0,
baseline,113,21,0.5158957569432061,child,9,9,0.3392,0.3392,0,
baseline,114,21,0.8593264155201461,elderly,16,6,0.5044,0.5044,0,
baseline,115,21,0.32052011433136096,adult,14,5,0.4774,0.4774,0,
baseline,116,21,0.5844185905950111,child,3,6,0.4588,0.4588,0,
baseline,117,21,0.24225311600942953,adult,10,5,0.7832,0.7832,0,
baseline,118,21,0.2089072670144541,adult,12,0,0.8397,0.8397,0,
baseline,119,21,0.9022295288833049,elderly,5,4,0.5931,0.5931,0,
baseline,120,21,0.5289935218684951,child,19,5,0.6151,0.6151,0,
baseline,121,21,0.42582414868915897,adult,5,0,0.7924,0.7924,0,
baseline,122,21,0.321155028793213,adult,2,7,0.3428,0.3428,0,
baseline,123,21,0.6995000220419753,child,18,9,0.3911,0.3911,0,
baseline,124,21,0.562529225395729,child,16,6,0.5044,0.5044,0,
baseline,125,21,0.8475195178808403,elderly,3,4,0.5214,0.5214,0,
baseline,126,21,0.5540215869676903,child,13,7,0.2686,0.2686,0,
baseline,127,21,0.766520446349269,elderly,19,5,0.6151,0.6151,0,
baseline,128,21,0.7416409671545062,elderly,18,6,0.5866,0.5866,0,
baseline,129,21,0.1865474786824886,adult,3,9,0.2541,0.2541,0,
baseline,130,21,0.5991072876975088,child,19,0,0.7792,0.7792,0,
baseline,131,21,0.6713434192845964,child,17,6,0.5633,0.5633,0,
baseline,132,21,0.26809246029419453,adult,6,4,0.6172,0.6172,0,
baseline,133,21,0.22890676933880374,adult,13,9,0.3755,0.3755,0,
baseline,134,21,0.21223556584054845,adult,1,3,0.4429,0.4429,0,
baseline,135,21,0.4871906993496808,child,8,5,0.7472,0.7472,0,
baseline,136,21,0.5813838397364346,child,3,3,0.3944,0.3944,0,
baseline,137,21,0.1834367475007917,adult,8,4,0.8219,0.8219,0,
baseline,138,21,0.30240291417804127,adult,16,5,0.5577,0.5577,0,
baseline,139,21,0.28188702499195395,adult,19,2,0.7884,0.7884,0,
baseline,140,21,0.3042444979413341,adult,8,9,0.3834,0.3834,0,
baseline,141,21,0.2410183959966361,adult,18,4,0.5167,0.5167,0,
baseline,142,21,0.25779477773074466,adult,18,2,0.903,0.903,0,
baseline,143,21,0.2024052019176551,adult,15,6,0.548,0.548,0,
baseline,144,21,0.8349906142726966,elderly,19,4,0.5137,0.5137,0,
baseline,145,21,0.23016660216907392,adult,13,0,0.847,0.847,0,
baseline,146,21,0.22633729077264053,adult,2,1,0.8698,0.8698,0,
baseline,147,21,0.18671782350320223,adult,17,1,0.7507,0.7507,0,
baseline,148,21,0.3265717377596302,adult,14,1,0.8177,0.8177,0,
baseline,149,21,0.5931363866533521,child,11,5,0.8529,0.8529,0,
baseline,150,21,0.33786967348278196,adult,11,3,0.795,0.795,0,
baseline,151,21,0.24434311120662164,adult,18,2,0.903,0.903,0,
baseline,152,21,0.3131721899623074,adult,14,7,0.4185,0.4185,0,
baseline,153,21,0.30482733918353766,adult,17,8,0.3876,0.3876,0,
baseline,154,21,0.5207407229993698,child,19,5,0.6151,0.6151,0,
baseline,155,21,0.2698840835350667,adult,5,2,0.8598,0.8598,0,
baseline,156,21,0.21854549526592404,adult,11,6,0.5286,0.5286,0,
baseline,157,21,0.7800885741958227,elderly,1,3,0.4429,0.4429,0,
baseline,158,21,0.22376698635368497,adult,6,9,0.375,0.375,0,
baseline,159,21,0.2490942753506871,adult,10,2,0.8748,0.8748,0,
baseline,160,21,0.23909707064169694,adult,16,5,0.5577,0.5577,0,
baseline,161,21,0.26816184340335836,adult,13,2,0.8634,0.8634,0,
baseline,162,21,0.5590101392326462,child,8,4,0.8219,0.8219,0,
baseline,163,21,0.2586620552478868,adult,16,3,0.4918,0.4918,0,
baseline,164,21,0.21874748549033007,adult,15,5,0.5804,0.5804,0,
baseline,165,21,0.26806801780654776,adult,0,4,0.5813,0.5813,0,
baseline,166,21,0.31453748099041595,adult,9,5,0.7742,0.7742,0,
baseline,167,21,0.5571003562232809,child,16,4,0.5677,0.5677,0,
baseline,168,21,0.28556981755657285,adult,8,7,0.2995,0.2995,0,
baseline,169,21,0.20289864310003097,adult,9,8,0.357,0.357,0,
baseline,170,21,0.2591235835153987,adult,11,9,0.3238,0.3238,0,
baseline,171,21,0.5403518780488572,child,0,3,0.5413,0.5413,0,
baseline,172,21,0.19710832762003697,adult,19,6,0.5731,0.5731,0,
baseline,173,21,0.7370654202189683,elderly,6,8,0.3693,0.3693,0,
baseline,174,21,0.5944522686442528,child,19,4,0.5137,0.5137,0,
baseline,175,21,0.27508362578769247,adult,0,0,0.7963,0.7963,0,
baseline,176,21,0.19711151507617047,adult,11,1,0.8287,0.8287,0,
baseline,177,21,0.2626617426734974,adult,6,3,0.5518,0.5518,0,
baseline,178,21,0.2950995521960962,adult,5,6,0.4855,0.4855,0,
baseline,179,21,0.3774069229558558,adult,19,5,0.6151,0.6151,0,
baseline,180,21,0.7054964868146433,elderly,18,7,0.3582,0.3582,0,
baseline,181,21,0.5168708354178837,child,14,0,0.8676,0.8676,0,
baseline,182,21,0.22452710037794926,adult,13,4,0.5657,0.5657,0,
baseline,183,21,0.24281444929542967,adult,16,3,0.4918,0.4918,0,
baseline,184,21,0.20656651882118987,adult,17,6,0.5633,0.5633,0,
baseline,185,21,0.895735664587469,elderly,10,0,0.8898,0.8898,0,
baseline,186,21,0.26608149821206883,adult,13,0,0.847,0.847,0,
baseline,187,21,0.22885027121419005,adult,2,2,0.857,0.857,0,
baseline,188,21,0.25818280463696514,adult,8,4,0.8219,0.8219,0,
baseline,189,21,0.25124888164635667,adult,2,8,0.3197,0.3197,0,
baseline,190,21,0.7388637748744878,elderly,4,9,0.2833,0.2833,0,
baseline,191,21,0.24355609940976028,adult,7,3,0.5925,0.5925,0,
baseline,192,21,0.2622858672661557,adult,3,4,0.5214,0.5214,0,
baseline,193,21,0.3114225338599181,adult,0,6,0.5323,0.5323,0,
baseline,194,21,0.7432938913438611,child,9,6,0.523,0.523,0,
baseline,195,21,0.26317722516719005,adult,5,5,0.5144,0.5144,0,
baseline,196,21,0.2246770526955429,adult,9,5,0.7742,0.7742,0,
baseline,197,21,0.5584044178321356,child,11,8,0.3844,0.3844,0,
baseline,198,21,0.2514953170246483,adult,7,6,0.5542,0.5542,0,
baseline,199,21,0.2899733601941726,adult,14,4,0.4767,0.4767,0,
baseline,200,21,0.25622285847923476,adult,9,3,0.8031,0.8031,0,
baseline,201,21,0.4521031631709903,adult,17,0,0.8613,0.8613,0,
baseline,202,21,0.1634121024151908,adult,17,7,0.4024,0.4024,0,
baseline,203,21,0.5626995559129596,child,14,0,0.8676,0.8676,0,
baseline,204,21,0.327120941806494,adult,14,9,0.4096,0.4096,0,
baseline,205,21,0.7857123878054436,elderly,6,9,0.375,0.375,0,
baseline,206,21,0.5939394270629585,child,3,7,0.3898,0.3898,0,
baseline,207,21,0.28709923820747085,adult,13,7,0.2686,0.2686,0,
baseline,208,21,0.39542716557746904,adult,19,3,0.5534,0.5534,0,
baseline,209,21,0.27359697560694635,adult,0,1,0.832,0.832,0,
baseline,210,21,0.9020130166851742,elderly,0,4,0.5813,0.5813,0,
baseline,211,21,0.2713101047676122,adult,5,8,0.3517,0.3517,0,
baseline,212,21,0.24736743242291168,adult,10,5,0.7832,0.7832,0,
baseline,213,21,0.6794396779816514,elderly,15,3,0.5169,0.5169,0,
baseline,214,21,0.30091251551864373,adult,1,2,0.7673,0.7673,0,
baseline,215,21,0.21670540748307351,adult,16,0,0.8638,0.8638,0,
baseline,216,21,0.3687606793764565,adult,1,6,0.5783,0.5783,0,
baseline,217,21,0.2538767051714499,adult,1,5,0.6021,0.6021,0,
baseline,218,21,0.2824197149857894,adult,1,6,0.5783,0.5783,0,
baseline,219,21,0.5636693672210529,child,7,5,0.5485,0.5485,0,
baseline,220,21,0.6948217456126036,child,11,5,0.8529,0.8529,0,
baseline,221,21,0.8780226911713226,elderly,12,4,0.8111,0.8111,0,
baseline,222,21,0.30180138271631185,adult,5,9,0.3033,0.3033,0,
baseline,223,21,0.19113770908623962,adult,3,0,0.9062,0.9062,0,
baseline,224,21,0.22956484340680797,adult,16,6,0.5044,0.5044,0,
baseline,225,21,0.2188924625952585,adult,8,8,0.2951,0.2951,0,
baseline,226,21,0.688413136429157,elderly,19,2,0.7884,0.7884,0,
baseline,227,21,0.7561906848382751,elderly,7,8,0.3377,0.3377,0,
baseline,228,21,0.566836488720734,child,13,0,0.847,0.847,0,
baseline,229,21,0.5049212893202911,child,2,2,0.857,0.857,0,
baseline,230,21,0.2379441270070261,adult,8,5,0.7472,0.7472,0,
baseline,231,21,0.21828841423349848,adult,0,7,0.272,0.272,0,
baseline,232,21,0.1839452306394218,adult,13,0,0.847,0.847,0,
baseline,233,21,0.29492040259128455,adult,7,3,0.5925,0.5925,0,
baseline,234,21,0.29013491932937124,adult,3,6,0.4588,0.4588,0,
baseline,235,21,0.34669130855252334,adult,14,9,0.4096,0.4096,0,
baseline,236,21,0.28232450555661204,adult,8,0,0.8258,0.8258,0,
baseline,237,21,0.5757509116895175,child,0,1,0.832,0.832,0,
baseline,238,21,0.5403723756597331,child,13,4,0.5657,0.5657,0,
baseline,239,21,0.5952182201485263,child,11,5,0.8529,0.8529,0,
baseline,0,22,0.5380812195557422,child,8,9,0.1504,0.1504,0,
baseline,1,22,0.5438885528571922,child,16,5,0.4275,0.4275,0,
baseline,2,22,0.7202561588196462,elderly,19,8,0.1692,0.1692,0,
baseline,3,22,0.216473321571373,adult,14,3,0.4147,0.4147,0,
baseline,4,22,0.179291256914281,adult,15,1,0.6759,0.6759,0,
baseline,5,22,0.7742080791371789,elderly,13,0,0.7018,0.7018,0,
baseline,6,22,0.6860132284779408,elderly,17,0,0.7231,0.7231,0,
baseline,7,22,0.24933523196076668,adult,3,1,0.6854,0.6854,0,
baseline,8,22,0.6343234811450121,child,6,6,0.4344,0.4344,0,
baseline,9,22,0.2937927377360272,adult,1,1,0.7069,0.7069,0,
baseline,10,22,0.29067965400666446,adult,9,1,0.6973,0.6973,0,
baseline,11,22,0.29337902378575376,adult,11,2,0.6916,0.6916,0,
baseline,12,22,0.2580821854764632,adult,8,2,0.7476,0.7476,0,
baseline,13,22,0.23208808428151181,adult,7,6,0.426,0.426,0,
baseline,14,22,0.22746461649058938,adult,5,5,0.3442,0.3442,0,
baseline,15,22,0.4919996898463789,child,16,1,0.7833,0.7833,0,
baseline,16,22,0.7297879386484595,child,14,9,0.2429,0.2429,0,
baseline,17,22,0.6910243835711712,elderly,9,9,0.2694,0.2694,0,
baseline,18,22,0.27290224990437284,adult,12,4,0.6289,0.6289,0,
baseline,19,22,0.5918994514851882,child,11,9,0.3141,0.3141,0,
baseline,20,22,0.20000931813748296,adult,6,6,0.4344,0.4344,0,
baseline,21,22,0.2566225962051309,adult,9,1,0.6973,0.6973,0,
baseline,22,22,0.2636593411524598,adult,11,0,0.778,0.778,0,
baseline,23,22,0.6949427075347202,child,0,4,0.3805,0.3805,0,
baseline,24,22,0.36652485810151314,adult,13,1,0.7168,0.7168,0,
baseline,25,22,0.2443193234562278,adult,6,4,0.5169,0.5169,0,
baseline,26,22,0.3010033863387559,adult,13,5,0.385,0.385,0,
baseline,27,22,0.264862699158784,adult,11,2,0.6916,0.6916,0,
baseline,28,22,0.25879019854094,adult,3,2,0.7849,0.7849,0,
baseline,29,22,0.31974955111962444,adult,1,7,0.1267,0.1267,0,
baseline,30,22,0.1555928571749553,adult,6,4,0.5169,0.5169,0,
baseline,31,22,0.548458082951535,child,8,1,0.7101,0.7101,0,
baseline,32,22,0.2544761312097897,adult,18,3,0.4291,0.4291,0,
baseline,33,22,0.3227939887511161,adult,12,1,0.7065,0.7065,0,
baseline,34,22,0.6558716694259125,child,6,8,0.1959,0.1959,0,
baseline,35,22,0.5492700374659585,child,4,4,0.4131,0.4131,0,
baseline,36,22,0.28742961388729216,adult,9,8,0.2404,0.2404,0,
baseline,37,22,0.862770385621313,elderly,3,2,0.7849,0.7849,0,
baseline,38,22,0.23693857704201632,adult,9,5,0.5308,0.5308,0,
baseline,39,22,0.2454791545887237,adult,5,4,0.3993,0.3993,0,
baseline,40,22,0.583334998890488,child,10,1,0.6253,0.6253,0,
baseline,41,22,0.2636638551640602,adult,13,9,0.1568,0.1568,0,
baseline,42,22,0.9350941601422765,elderly,3,1,0.6854,0.6854,0,
baseline,43,22,0.21562936030731708,adult,1,6,0.3388,0.3388,0,
baseline,44,22,0.5397436170004551,child,19,3,0.4359,0.4359,0,
baseline,45,22,0.18354442553252845,adult,17,2,0.6685,0.6685,0,
baseline,46,22,0.27255587776068274,adult,11,0,0.778,0.778,0,
baseline,47,22,0.30152879677991906,adult,6,5,0.4339,0.4339,0,
baseline,48,22,0.2424720207354753,adult,12,8,0.2465,0.2465,0,
baseline,49,22,0.7645513584523809,elderly,18,1,0.6349,0.6349,0,
baseline,50,22,0.41514306586559097,adult,9,8,0.2404,0.2404,0,
baseline,51,22,0.2061884568547753,adult,1,1,0.7069,0.7069,0,
baseline,52,22,0.31853752554381776,adult,12,3,0.7221,0.7221,0,
baseline,53,22,0.2638404878487771,adult,17,7,0.284,0.284,0,
baseline,54,22,0.21400695401395703,adult,4,0,0.6499,0.6499,0,
baseline,55,22,0.3026292881022382,adult,17,3,0.3631,0.3631,0,
baseline,56,22,0.7372548908762495,elderly,4,0,0.6499,0.6499,0,
baseline,57,22,0.2208870448850433,adult,18,8,0.1494,0.1494,0,
baseline,58,22,0.3144823244892736,adult,7,2,0.699,0.699,0,
baseline,59,22,0.22063955497119142,adult,14,6,0.4235,0.4235,0,
baseline,60,22,0.5166058535491507,child,10,5,0.6105,0.6105,0,
baseline,61,22,0.23464792877787313,adult,7,3,0.3926,0.3926,0,
baseline,62,22,0.7780271499327811,elderly,15,3,0.3194,0.3194,0,
baseline,63,22,0.7701272985546185,elderly,15,7,0.2073,0.2073,0,
baseline,64,22,0.260395348860413,adult,3,9,0.2925,0.2925,0,
baseline,65,22,0.18124989624959473,adult,0,6,0.4125,0.4125,0,
baseline,66,22,0.7479987221088478,elderly,14,2,0.6563,0.6563,0,
baseline,67,22,0.2747694705910339,adult,19,0,0.6659,0.6659,0,
baseline,68,22,0.2623728676439467,adult,13,3,0.4024,0.4024,0,
baseline,69,22,0.3475954363017591,adult,13,3,0.4024,0.4024,0,
baseline,70,22,0.18683697056304266,adult,17,4,0.3959,0.3959,0,
baseline,71,22,0.2252873014963322,adult,4,8,0.2534,0.2534,0,
baseline,72,22,0.3073174185068305,adult,11,5,0.6065,0.6065,0,
baseline,73,22,0.28651314785661347,adult,16,5,0.4275,0.4275,0,
baseline,74,22,0.7497164804572996,elderly,10,3,0.6826,0.6826,0,
baseline,75,22,0.8576126643135189,elderly,19,8,0.1692,0.1692,0,
baseline,76,22,0.24339714453787592,adult,17,4,0.3959,0.3959,0,
baseline,77,22,0.5658695094941405,child,16,3,0.3148,0.3148,0,
baseline,78,22,0.2557292455827229,adult,8,8,0.2154,0.2154,0,
baseline,79,22,0.31274852127145286,adult,2,8,0.2209,0.2209,0,
baseline,80,22,0.24192319037630758,adult,0,9,0.2233,0.2233,0,
baseline,81,22,0.7495257436955758,elderly,12,2,0.6068,0.6068,0,
baseline,82,22,0.2094635281564155,adult,13,2,0.7453,0.7453,0,
baseline,83,22,0.2368250785688548,adult,13,0,0.7018,0.7018,0,
baseline,84,22,0.7597628712547879,elderly,14,1,0.7104,0.7104,0,
baseline,85,22,0.2134449412553841,adult,12,7,0.2434,0.2434,0,
baseline,86,22,0.26029034175119803,adult,8,0,0.6617,0.6617,0,
baseline,87,22,0.8739793646798583,elderly,10,0,0.7021,0.7021,0,
baseline,88,22,0.23068402377938965,adult,16,6,0.4315,0.4315,0,
baseline,89,22,0.21593278881496686,adult,11,1,0.8063,0.8063,0,
baseline,90,22,0.7286621276353521,elderly,8,7,0.1048,0.1048,0,
baseline,91,22,0.2651344904420061,adult,5,7,0.2498,0.2498,0,
baseline,92,22,0.20377115206369537,adult,14,7,0.2322,0.2322,0,
baseline,93,22,0.20132533923371512,adult,15,7,0.2073,0.2073,0,
baseline,94,22,0.7049720665964455,elderly,15,0,0.7908,0.7908,0,
baseline,95,22,0.25100462370739207,adult,1,3,0.4315,0.4315,0,
baseline,96,22,0.4955828490431283,child,15,1,0.6759,0.6759,0,
baseline,97,22,0.27283994893939245,adult,7,8,0.138,0.138,0,
baseline,98,22,0.21712454129440448,adult,10,1,0.6253,0.6253,0,
baseline,99,22,0.7185461557640977,elderly,9,7,0.295,0.295,0,
baseline,100,22,0.4754623971272218,child,4,9,0.1835,0.1835,0,
baseline,101,22,0.814329171491318,elderly,1,9,0.1944,0.1944,0,
baseline,102,22,0.9382392363354756,elderly,15,7,0.2073,0.2073,0,
baseline,103,22,0.30010692589416543,adult,14,7,0.2322,0.2322,0,
baseline,104,22,0.8126300272600911,elderly,7,2,0.699,0.699,0,
baseline,105,22,0.23441354547710377,adult,3,2,0.7849,0.7849,0,
baseline,106,22,0.5066140359967927,child,9,5,0.5308,0.5308,0,
baseline,107,22,0.5631658536919568,child,4,0,0.6499,0.6499,0,
baseline,108,22,0.23073770055214435,adult,4,8,0.2534,0.2534,0,
baseline,109,22,0.29657377246189087,adult,2,9,0.2168,0.2168,0,
baseline,110,22,0.27279255604127917,adult,7,4,0.3679,0.3679,0,
baseline,111,22,0.5291861555650081,child,13,5,0.385,0.385,0,
baseline,112,22,0.8908951292054481,elderly,16,1,0.7833,0.7833,0,
baseline,113,22,0.5158957569432061,child,12,4,0.6289,0.6289,0,
baseline,114,22,0.8593264155201461,elderly,14,8,0.1585,0.1585,0,
baseline,115,22,0.32052011433136096,adult,18,6,0.4015,0.4015,0,
baseline,116,22,0.5844185905950111,child,19,1,0.6814,0.6814,0,
baseline,117,22,0.24225311600942953,adult,12,5,0.639,0.639,0,
baseline,118,22,0.2089072670144541,adult,10,8,0.1095,0.1095,0,
baseline,119,22,0.9022295288833049,elderly,14,9,0.2429,0.2429,0,
baseline,120,22,0.5289935218684951,child,14,4,0.2963,0.2963,0,
baseline,121,22,0.42582414868915897,adult,5,3,0.3726,0.3726,0,
baseline,122,22,0.321155028793213,adult,6,5,0.4339,0.4339,0,
baseline,123,22,0.6995000220419753,child,14,0,0.7475,0.7475,0,
baseline,124,22,0.562529225395729,child,5,9,0.17,0.17,0,
baseline,125,22,0.8475195178808403,elderly,17,2,0.6685,0.6685,0,
baseline,126,22,0.5540215869676903,child,15,3,0.3194,0.3194,0,
baseline,127,22,0.766520446349269,elderly,10,9,0.1796,0.1796,0,
baseline,128,22,0.7416409671545062,elderly,16,9,0.2012,0.2012,0,
baseline,129,22,0.1865474786824886,adult,4,0,0.6499,0.6499,0,
baseline,130,22,0.5991072876975088,child,4,8,0.2534,0.2534,0,
baseline,131,22,0.6713434192845964,child,1,9,0.1944,0.1944,0,
baseline,132,22,0.26809246029419453,adult,14,3,0.4147,0.4147,0,
baseline,133,22,0.22890676933880374,adult,3,8,0.2569,0.2569,0,
baseline,134,22,0.21223556584054845,adult,10,5,0.6105,0.6105,0,
baseline,135,22,0.4871906993496808,child,10,4,0.695,0.695,0,
baseline,136,22,0.5813838397364346,child,19,9,0.1717,0.1717,0,
baseline,137,22,0.1834367475007917,adult,17,1,0.6047,0.6047,0,
baseline,138,22,0.30240291417804127,adult,13,6,0.3668,0.3668,0,
baseline,139,22,0.28188702499195395,adult,11,0,0.778,0.778,0,
baseline,140,22,0.3042444979413341,adult,13,6,0.3668,0.3668,0,
baseline,141,22,0.2410183959966361,adult,10,5,0.6105,0.6105,0,
baseline,142,22,0.25779477773074466,adult,18,7,0.2115,0.2115,0,
baseline,143,22,0.2024052019176551,adult,7,8,0.138,0.138,0,
baseline,144,22,0.8349906142726966,elderly,2,5,0.437,0.437,0,
baseline,145,22,0.23016660216907392,adult,9,7,0.295,0.295,0,
baseline,146,22,0.22633729077264053,adult,12,0,0.7136,0.7136,0,
baseline,147,22,0.18671782350320223,adult,15,5,0.4279,0.4279,0,
baseline,148,22,0.3265717377596302,adult,9,0,0.6354,0.6354,0,
baseline,149,22,0.5931363866533521,child,7,3,0.3926,0.3926,0,
baseline,150,22,0.33786967348278196,adult,10,7,0.2101,0.2101,0,
baseline,151,22,0.24434311120662164,adult,10,4,0.695,0.695,0,
baseline,152,22,0.3131721899623074,adult,3,3,0.4709,0.4709,0,
baseline,153,22,0.30482733918353766,adult,12,7,0.2434,0.2434,0,
baseline,154,22,0.5207407229993698,child,8,8,0.2154,0.2154,0,
baseline,155,22,0.2698840835350667,adult,10,4,0.695,0.695,0,
baseline,156,22,0.21854549526592404,adult,14,6,0.4235,0.4235,0,
baseline,157,22,0.7800885741958227,elderly,2,2,0.6981,0.6981,0,
baseline,158,22,0.22376698635368497,adult,19,9,0.1717,0.1717,0,
baseline,159,22,0.2490942753506871,adult,14,5,0.383,0.383,0,
baseline,160,22,0.23909707064169694,adult,8,3,0.6595,0.6595,0,
baseline,161,22,0.26816184340335836,adult,10,9,0.1796,0.1796,0,
baseline,162,22,0.5590101392326462,child,12,5,0.639,0.639,0,
baseline,163,22,0.2586620552478868,adult,12,8,0.2465,0.2465,0,
baseline,164,22,0.21874748549033007,adult,0,8,0.133,0.133,0,
baseline,165,22,0.26806801780654776,adult,4,2,0.6797,0.6797,0,
baseline,166,22,0.31453748099041595,adult,18,6,0.4015,0.4015,0,
baseline,167,22,0.5571003562232809,child,8,9,0.1504,0.1504,0,
baseline,168,22,0.28556981755657285,adult,18,2,0.726,0.726,0,
baseline,169,22,0.20289864310003097,adult,9,9,0.2694,0.2694,0,
baseline,170,22,0.2591235835153987,adult,14,4,0.2963,0.2963,0,
baseline,171,22,0.5403518780488572,child,11,0,0.778,0.778,0,
baseline,172,22,0.19710832762003697,adult,5,7,0.2498,0.2498,0,
baseline,173,22,0.7370654202189683,elderly,17,7,0.284,0.284,0,
baseline,174,22,0.5944522686442528,child,14,7,0.2322,0.2322,0,
baseline,175,22,0.27508362578769247,adult,12,7,0.2434,0.2434,0,
baseline,176,22,0.19711151507617047,adult,5,5,0.3442,0.3442,0,
baseline,177,22,0.2626617426734974,adult,8,9,0.1504,0.1504,0,
baseline,178,22,0.2950995521960962,adult,0,0,0.6993,0.6993,0,
baseline,179,22,0.3774069229558558,adult,15,3,0.3194,0.3194,0,
baseline,180,22,0.7054964868146433,elderly,14,7,0.2322,0.2322,0,
baseline,181,22,0.5168708354178837,child,9,7,0.295,0.295,0,
baseline,182,22,0.22452710037794926,adult,6,2,0.6434,0.6434,0,
baseline,183,22,0.24281444929542967,adult,18,8,0.1494,0.1494,0,
baseline,184,22,0.20656651882118987,adult,17,2,0.6685,0.6685,0,
baseline,185,22,0.895735664587469,elderly,6,7,0.1218,0.1218,0,
baseline,186,22,0.26608149821206883,adult,18,4,0.3828,0.3828,0,
baseline,187,22,0.22885027121419005,adult,5,9,0.17,0.17,0,
baseline,188,22,0.25818280463696514,adult,13,2,0.7453,0.7453,0,
baseline,189,22,0.25124888164635667,adult,12,7,0.2434,0.2434,0,
baseline,190,22,0.7388637748744878,elderly,15,1,0.6759,0.6759,0,
baseline,191,22,0.24355609940976028,adult,19,2,0.6747,0.6747,0,
baseline,192,22,0.2622858672661557,adult,12,4,0.6289,0.6289,0,
baseline,193,22,0.3114225338599181,adult,16,3,0.3148,0.3148,0,
baseline,194,22,0.7432938913438611,child,19,2,0.6747,0.6747,0,
baseline,195,22,0.26317722516719005,adult,19,2,0.6747,0.6747,0,
baseline,196,22,0.2246770526955429,adult,1,6,0.3388,0.3388,0,
baseline,197,22,0.5584044178321356,child,5,8,0.1578,0.1578,0,
baseline,198,22,0.2514953170246483,adult,6,5,0.4339,0.4339,0,
baseline,199,22,0.2899733601941726,adult,2,5,0.437,0.437,0,
baseline,200,22,0.25622285847923476,adult,12,3,0.7221,0.7221,0,
baseline,201,22,0.4521031631709903,adult,10,2,0.6408,0.6408,0,
baseline,202,22,0.1634121024151908,adult,17,7,0.284,0.284,0,
baseline,203,22,0.5626995559129596,child,3,3,0.4709,0.4709,0,
baseline,204,22,0.327120941806494,adult,2,6,0.3079,0.3079,0,
baseline,205,22,0.7857123878054436,elderly,5,5,0.3442,0.3442,0,
baseline,206,22,0.5939394270629585,child,12,1,0.7065,0.7065,0,
baseline,207,22,0.28709923820747085,adult,18,8,0.1494,0.1494,0,
baseline,208,22,0.39542716557746904,adult,9,9,0.2694,0.2694,0,
baseline,209,22,0.27359697560694635,adult,10,8,0.1095,0.1095,0,
baseline,210,22,0.9020130166851742,elderly,7,6,0.426,0.426,0,
baseline,211,22,0.2713101047676122,adult,13,6,0.3668,0.3668,0,
baseline,212,22,0.24736743242291168,adult,1,0,0.6647,0.6647,0,
baseline,213,22,0.6794396779816514,elderly,0,0,0.6993,0.6993,0,
baseline,214,22,0.30091251551864373,adult,15,7,0.2073,0.2073,0,
baseline,215,22,0.21670540748307351,adult,2,0,0.6162,0.6162,0,
baseline,216,22,0.3687606793764565,adult,14,5,0.383,0.383,0,
baseline,217,22,0.2538767051714499,adult,12,8,0.2465,0.2465,0,
baseline,218,22,0.2824197149857894,adult,8,6,0.44,0.44,0,
baseline,219,22,0.5636693672210529,child,1,1,0.7069,0.7069,0,
baseline,220,22,0.6948217456126036,child,16,0,0.7379,0.7379,0,
baseline,221,22,0.8780226911713226,elderly,2,3,0.4748,0.4748,0,
baseline,222,22,0.30180138271631185,adult,3,9,0.2925,0.2925,0,
baseline,223,22,0.19113770908623962,adult,5,8,0.1578,0.1578,0,
baseline,224,22,0.22956484340680797,adult,13,1,0.7168,0.7168,0,
baseline,225,22,0.2188924625952585,adult,1,6,0.3388,0.3388,0,
baseline,226,22,0.688413136429157,elderly,7,2,0.699,0.699,0,
baseline,227,22,0.7561906848382751,elderly,8,2,0.7476,0.7476,0,
baseline,228,22,0.566836488720734,child,4,1,0.7116,0.7116,0,
baseline,229,22,0.5049212893202911,child,9,6,0.3934,0.3934,0,
baseline,230,22,0.2379441270070261,adult,14,3,0.4147,0.4147,0,
baseline,231,22,0.21828841423349848,adult,15,9,0.1827,0.1827,0,
baseline,232,22,0.1839452306394218,adult,8,5,0.6482,0.6482,0,
baseline,233,22,0.29492040259128455,adult,2,9,0.2168,0.2168,0,
baseline,234,22,0.29013491932937124,adult,5,8,0.1578,0.1578,0,
baseline,235,22,0.34669130855252334,adult,13,3,0.4024,0.4024,0,
baseline,236,22,0.28232450555661204,adult,11,7,0.2449,0.2449,0,
baseline,237,22,0.5757509116895175,child,6,4,0.5169,0.5169,0,
baseline,238,22,0.5403723756597331,child,8,4,0.6569,0.6569,0,
baseline,239,22,0.5952182201485263,child,7,3,0.3926,0.3926,0,
baseline,0,23,0.5380812195557422,child,8,9,0.1588,0.1588,0,
baseline,1,23,0.5438885528571922,child,16,5,0.2812,0.2812,0,
baseline,2,23,0.7202561588196462,elderly,19,8,0.0542,0.0542,0,
baseline,3,23,0.216473321571373,adult,14,3,0.3076,0.3076,0,
baseline,4,23,0.179291256914281,adult,15,1,0.6466,0.6466,0,
baseline,5,23,0.7742080791371789,elderly,13,0,0.6253,0.6253,0,
baseline,6,23,0.6860132284779408,elderly,17,0,0.5064,0.5064,0,
baseline,7,23,0.24933523196076668,adult,3,1,0.59,0.59,0,
baseline,8,23,0.6343234811450121,child,6,6,0.3749,0.3749,0,
baseline,9,23,0.2937927377360272,adult,1,1,0.6334,0.6334,0,
baseline,10,23,0.29067965400666446,adult,9,1,0.6299,0.6299,0,
baseline,11,23,0.29337902378575376,adult,11,2,0.4961,0.4961,0,
baseline,12,23,0.2580821854764632,adult,8,2,0.5745,0.5745,0,
baseline,13,23,0.23208808428151181,adult,7,6,0.2696,0.2696,0,
baseline,14,23,0.22746461649058938,adult,5,5,0.294,0.294,0,
baseline,15,23,0.4919996898463789,child,16,1,0.5855,0.5855,0,
baseline,16,23,0.7297879386484595,child,14,9,0.0297,0.0297,0,
baseline,17,23,0.6910243835711712,elderly,9,9,0.0434,0.0434,0,
baseline,18,23,0.27290224990437284,adult,12,4,0.4893,0.4893,0,
baseline,19,23,0.5918994514851882,child,11,9,0.0722,0.0722,0,
baseline,20,23,0.20000931813748296,adult,6,6,0.3749,0.3749,0,
baseline,21,23,0.2566225962051309,adult,9,1,0.6299,0.6299,0,
baseline,22,23,0.2636593411524598,adult,11,0,0.5416,0.5416,0,
baseline,23,23,0.6949427075347202,child,0,4,0.1957,0.1957,0,
baseline,24,23,0.36652485810151314,adult,13,1,0.5391,0.5391,0,
baseline,25,23,0.2443193234562278,adult,6,4,0.3156,0.3156,0,
baseline,26,23,0.3010033863387559,adult,13,5,0.3189,0.3189,0,
baseline,27,23,0.264862699158784,adult,11,2,0.4961,0.4961,0,
baseline,28,23,0.25879019854094,adult,3,2,0.5735,0.5735,0,
baseline,29,23,0.31974955111962444,adult,1,7,0.1443,0.1443,0,
baseline,30,23,0.1555928571749553,adult,6,4,0.3156,0.3156,0,
baseline,31,23,0.548458082951535,child,8,1,0.6641,0.6641,0,
baseline,32,23,0.2544761312097897,adult,18,3,0.36,0.36,0,
baseline,33,23,0.3227939887511161,adult,12,1,0.5593,0.5593,0,
baseline,34,23,0.6558716694259125,child,6,8,0.0692,0.0692,0,
baseline,35,23,0.5492700374659585,child,4,4,0.3402,0.3402,0,
baseline,36,23,0.28742961388729216,adult,9,8,0.1318,0.1318,0,
baseline,37,23,0.862770385621313,elderly,3,2,0.5735,0.5735,0,
baseline,38,23,0.23693857704201632,adult,9,5,0.541,0.541,0,
baseline,39,23,0.2454791545887237,adult,5,4,0.2442,0.2442,0,
baseline,40,23,0.583334998890488,child,10,1,0.5305,0.5305,0,
baseline,41,23,0.2636638551640602,adult,13,9,0.1378,0.1378,0,
baseline,42,23,0.9350941601422765,elderly,3,1,0.59,0.59,0,
baseline,43,23,0.21562936030731708,adult,1,6,0.3333,0.3333,0,
baseline,44,23,0.5397436170004551,child,19,3,0.3515,0.3515,0,
baseline,45,23,0.18354442553252845,adult,17,2,0.6199,0.6199,0,
baseline,46,23,0.27255587776068274,adult,11,0,0.5416,0.5416,0,
baseline,47,23,0.30152879677991906,adult,6,5,0.2372,0.2372,0,
baseline,48,23,0.2424720207354753,adult,12,8,0.0435,0.0435,0,
baseline,49,23,0.7645513584523809,elderly,18,1,0.6734,0.6734,0,
baseline,50,23,0.41514306586559097,adult,9,8,0.1318,0.1318,0,
baseline,51,23,0.2061884568547753,adult,1,1,0.6334,0.6334,0,
baseline,52,23,0.31853752554381776,adult,12,3,0.4777,0.4777,0,
baseline,53,23,0.2638404878487771,adult,17,7,0.1485,0.1485,0,
baseline,54,23,0.21400695401395703,adult,4,0,0.5309,0.5309,0,
baseline,55,23,0.3026292881022382,adult,17,3,0.2628,0.2628,0,
baseline,56,23,0.7372548908762495,elderly,4,0,0.5309,0.5309,0,
baseline,57,23,0.2208870448850433,adult,18,8,0.1319,0.1319,0,
baseline,58,23,0.3144823244892736,adult,7,2,0.6199,0.6199,0,
baseline,59,23,0.22063955497119142,adult,14,6,0.2689,0.2689,0,
baseline,60,23,0.5166058535491507,child,10,5,0.5133,0.5133,0,
baseline,61,23,0.23464792877787313,adult,7,3,0.329,0.329,0,
baseline,62,23,0.7780271499327811,elderly,15,3,0.3478,0.3478,0,
baseline,63,23,0.7701272985546185,elderly,15,7,0.1218,0.1218,0,
baseline,64,23,0.260395348860413,adult,3,9,0.0748,0.0748,0,
baseline,65,23,0.18124989624959473,adult,0,6,0.3172,0.3172,0,
baseline,66,23,0.7479987221088478,elderly,14,2,0.6238,0.6238,0,
baseline,67,23,0.2747694705910339,adult,19,0,0.7034,0.7034,0,
baseline,68,23,0.2623728676439467,adult,13,3,0.1901,0.1901,0,
baseline,69,23,0.3475954363017591,adult,13,3,0.1901,0.1901,0,
baseline,70,23,0.18683697056304266,adult,17,4,0.2905,0.2905,0,
baseline,71,23,0.2252873014963322,adult,4,8,0.1484,0.1484,0,
baseline,72,23,0.3073174185068305,adult,11,5,0.5807,0.5807,0,
baseline,73,23,0.28651314785661347,adult,16,5,0.2812,0.2812,0,
baseline,74,23,0.7497164804572996,elderly,10,3,0.4828,0.4828,0,
baseline,75,23,0.8576126643135189,elderly,19,8,0.0542,0.0542,0,
baseline,76,23,0.24339714453787592,adult,17,4,0.2905,0.2905,0,
baseline,77,23,0.5658695094941405,child,16,3,0.3453,0.3453,0,
baseline,78,23,0.2557292455827229,adult,8,8,0.1095,0.1095,0,
baseline,79,23,0.31274852127145286,adult,2,8,0.1364,0.1364,0,
baseline,80,23,0.24192319037630758,adult,0,9,0.0878,0.0878,0,
baseline,81,23,0.7495257436955758,elderly,12,2,0.5625,0.5625,0,
baseline,82,23,0.2094635281564155,adult,13,2,0.5893,0.5893,0,
baseline,83,23,0.2368250785688548,adult,13,0,0.6253,0.6253,0,
baseline,84,23,0.7597628712547879,elderly,14,1,0.5706,0.5706,0,
baseline,85,23,0.2134449412553841,adult,12,7,0.0394,0.0394,0,
baseline,86,23,0.26029034175119803,adult,8,0,0.6716,0.6716,0,
baseline,87,23,0.8739793646798583,elderly,10,0,0.6086,0.6086,0,
baseline,88,23,0.23068402377938965,adult,16,6,0.2625,0.2625,0,
baseline,89,23,0.21593278881496686,adult,11,1,0.6381,0.6381,0,
baseline,90,23,0.7286621276353521,elderly,8,7,0.0763,0.0763,0,
baseline,91,23,0.2651344904420061,adult,5,7,0.3031,0.3031,0,
baseline,92,23,0.20377115206369537,adult,14,7,0.0918,0.0918,0,
baseline,93,23,0.20132533923371512,adult,15,7,0.1218,0.1218,0,
baseline,94,23,0.7049720665964455,elderly,15,0,0.5489,0.5489,0,
baseline,95,23,0.25100462370739207,adult,1,3,0.2853,0.2853,0,
baseline,96,23,0.4955828490431283,child,15,1,0.6466,0.6466,0,
baseline,97,23,0.27283994893939245,adult,7,8,0.0239,0.0239,0,
baseline,98,23,0.21712454129440448,adult,10,1,0.5305,0.5305,0,
baseline,99,23,0.7185461557640977,elderly,9,7,0.1507,0.1507,0,
baseline,100,23,0.4754623971272218,child,4,9,0.0784,0.0784,0,
baseline,101,23,0.814329171491318,elderly,1,9,0.1916,0.1916,0,
baseline,102,23,0.9382392363354756,elderly,15,7,0.1218,0.1218,0,
baseline,103,23,0.30010692589416543,adult,14,7,0.0918,0.0918,0,
baseline,104,23,0.8126300272600911,elderly,7,2,0.6199,0.6199,0,
baseline,105,23,0.23441354547710377,adult,3,2,0.5735,0.5735,0,
baseline,106,23,0.5066140359967927,child,9,5,0.541,0.541,0,
baseline,107,23,0.5631658536919568,child,4,0,0.5309,0.5309,0,
baseline,108,23,0.23073770055214435,adult,4,8,0.1484,0.1484,0,
baseline,109,23,0.29657377246189087,adult,2,9,0.0463,0.0463,0,
baseline,110,23,0.27279255604127917,adult,7,4,0.3153,0.3153,0,
baseline,111,23,0.5291861555650081,child,13,5,0.3189,0.3189,0,
baseline,112,23,0.8908951292054481,elderly,16,1,0.5855,0.5855,0,
baseline,113,23,0.5158957569432061,child,12,4,0.4893,0.4893,0,
baseline,114,23,0.8593264155201461,elderly,14,8,0.0948,0.0948,0,
baseline,115,23,0.32052011433136096,adult,18,6,0.301,0.301,0,
baseline,116,23,0.5844185905950111,child,19,1,0.4977,0.4977,0,
baseline,117,23,0.24225311600942953,adult,12,5,0.5901,0.5901,0,
baseline,118,23,0.2089072670144541,adult,10,8,0.1377,0.1377,0,
baseline,119,23,0.9022295288833049,elderly,14,9,0.0297,0.0297,0,
baseline,120,23,0.5289935218684951,child,14,4,0.3536,0.3536,0,
baseline,121,23,0.42582414868915897,adult,5,3,0.3141,0.3141,0,
baseline,122,23,0.321155028793213,adult,6,5,0.2372,0.2372,0,
baseline,123,23,0.6995000220419753,child,14,0,0.5782,0.5782,0,
baseline,124,23,0.562529225395729,child,5,9,0.1021,0.1021,0,
baseline,125,23,0.8475195178808403,elderly,17,2,0.6199,0.6199,0,
baseline,126,23,0.5540215869676903,child,15,3,0.3478,0.3478,0,
baseline,127,23,0.766520446349269,elderly,10,9,0.0858,0.0858,0,
baseline,128,23,0.7416409671545062,elderly,16,9,0.213,0.213,0,
baseline,129,23,0.1865474786824886,adult,4,0,0.5309,0.5309,0,
baseline,130,23,0.5991072876975088,child,4,8,0.1484,0.1484,0,
baseline,131,23,0.6713434192845964,child,1,9,0.1916,0.1916,0,
baseline,132,23,0.26809246029419453,adult,14,3,0.3076,0.3076,0,
baseline,133,23,0.22890676933880374,adult,3,8,0.135,0.135,0,
baseline,134,23,0.21223556584054845,adult,10,5,0.5133,0.5133,0,
baseline,135,23,0.4871906993496808,child,10,4,0.4812,0.4812,0,
baseline,136,23,0.5813838397364346,child,19,9,0.1698,0.1698,0,
baseline,137,23,0.1834367475007917,adult,17,1,0.6496,0.6496,0,
baseline,138,23,0.30240291417804127,adult,13,6,0.3429,0.3429,0,
baseline,139,23,0.28188702499195395,adult,11,0,0.5416,0.5416,0,
baseline,140,23,0.3042444979413341,adult,13,6,0.3429,0.3429,0,
baseline,141,23,0.2410183959966361,adult,10,5,0.5133,0.5133,0,
baseline,142,23,0.25779477773074466,adult,18,7,0.0565,0.0565,0,
baseline,143,23,0.2024052019176551,adult,7,8,0.0239,0.0239,0,
baseline,144,23,0.8349906142726966,elderly,2,5,0.3675,0.3675,0,
baseline,145,23,0.23016660216907392,adult,9,7,0.1507,0.1507,0,
baseline,146,23,0.22633729077264053,adult,12,0,0.6262,0.6262,0,
baseline,147,23,0.18671782350320223,adult,15,5,0.2909,0.2909,0,
baseline,148,23,0.3265717377596302,adult,9,0,0.5557,0.5557,0,
baseline,149,23,0.5931363866533521,child,7,3,0.329,0.329,0,
baseline,150,23,0.33786967348278196,adult,10,7,0.1242,0.1242,0,
baseline,151,23,0.24434311120662164,adult,10,4,0.4812,0.4812,0,
baseline,152,23,0.3131721899623074,adult,3,3,0.2426,0.2426,0,
baseline,153,23,0.30482733918353766,adult,12,7,0.0394,0.0394,0,
baseline,154,23,0.5207407229993698,child,8,8,0.1095,0.1095,0,
baseline,155,23,0.2698840835350667,adult,10,4,0.4812,0.4812,0,
baseline,156,23,0.21854549526592404,adult,14,6,0.2689,0.2689,0,
baseline,157,23,0.7800885741958227,elderly,2,2,0.6833,0.6833,0,
baseline,158,23,0.22376698635368497,adult,19,9,0.1698,0.1698,0,
baseline,159,23,0.2490942753506871,adult,14,5,0.3377,0.3377,0,
baseline,160,23,0.23909707064169694,adult,8,3,0.5309,0.5309,0,
baseline,161,23,0.26816184340335836,adult,10,9,0.0858,0.0858,0,
baseline,162,23,0.5590101392326462,child,12,5,0.5901,0.5901,0,
baseline,163,23,0.2586620552478868,adult,12,8,0.0435,0.0435,0,
baseline,164,23,0.21874748549033007,adult,0,8,0.1594,0.1594,0,
baseline,165,23,0.26806801780654776,adult,4,2,0.5853,0.5853,0,
baseline,166,23,0.31453748099041595,adult,18,6,0.301,0.301,0,
baseline,167,23,0.5571003562232809,child,8,9,0.1588,0.1588,0,
baseline,168,23,0.28556981755657285,adult,18,2,0.6187,0.6187,0,
baseline,169,23,0.20289864310003097,adult,9,9,0.0434,0.0434,0,
baseline,170,23,0.2591235835153987,adult,14,4,0.3536,0.3536,0,
baseline,171,23,0.5403518780488572,child,11,0,0.5416,0.5416,0,
baseline,172,23,0.19710832762003697,adult,5,7,0.3031,0.3031,0,
baseline,173,23,0.7370654202189683,elderly,17,7,0.1485,0.1485,0,
baseline,174,23,0.5944522686442528,child,14,7,0.0918,0.0918,0,
baseline,175,23,0.27508362578769247,adult,12,7,0.0394,0.0394,0,
baseline,176,23,0.19711151507617047,adult,5,5,0.294,0.294,0,
baseline,177,23,0.2626617426734974,adult,8,9,0.1588,0.1588,0,
baseline,178,23,0.2950995521960962,adult,0,0,0.5423,0.5423,0,
baseline,179,23,0.3774069229558558,adult,15,3,0.3478,0.3478,0,
baseline,180,23,0.7054964868146433,elderly,14,7,0.0918,0.0918,0,
baseline,181,23,0.5168708354178837,child,9,7,0.1507,0.1507,0,
baseline,182,23,0.22452710037794926,adult,6,2,0.5146,0.5146,0,
baseline,183,23,0.24281444929542967,adult,18,8,0.1319,0.1319,0,
baseline,184,23,0.20656651882118987,adult,17,2,0.6199,0.6199,0,
baseline,185,23,0.895735664587469,elderly,6,7,0.1525,0.1525,0,
baseline,186,23,0.26608149821206883,adult,18,4,0.3265,0.3265,0,
baseline,187,23,0.22885027121419005,adult,5,9,0.1021,0.1021,0,
baseline,188,23,0.25818280463696514,adult,13,2,0.5893,0.5893,0,
baseline,189,23,0.25124888164635667,adult,12,7,0.0394,0.0394,0,
baseline,190,23,0.7388637748744878,elderly,15,1,0.6466,0.6466,0,
baseline,191,23,0.24355609940976028,adult,19,2,0.5883,0.5883,0,
baseline,192,23,0.2622858672661557,adult,12,4,0.4893,0.4893,0,
baseline,193,23,0.3114225338599181,adult,16,3,0.3453,0.3453,0,
baseline,194,23,0.7432938913438611,child,19,2,0.5883,0.5883,0,
baseline,195,23,0.26317722516719005,adult,19,2,0.5883,0.5883,0,
baseline,196,23,0.2246770526955429,adult,1,6,0.3333,0.3333,0,
baseline,197,23,0.5584044178321356,child,5,8,0.1329,0.1329,0,
baseline,198,23,0.2514953170246483,adult,6,5,0.2372,0.2372,0,
baseline,199,23,0.2899733601941726,adult,2,5,0.3675,0.3675,0,
baseline,200,23,0.25622285847923476,adult,12,3,0.4777,0.4777,0,
baseline,201,23,0.4521031631709903,adult,10,2,0.5598,0.5598,0,
baseline,202,23,0.1634121024151908,adult,17,7,0.1485,0.1485,0,
baseline,203,23,0.5626995559129596,child,3,3,0.2426,0.2426,0,
baseline,204,23,0.327120941806494,adult,2,6,0.3249,0.3249,0,
baseline,205,23,0.7857123878054436,elderly,5,5,0.294,0.294,0,
baseline,206,23,0.5939394270629585,child,12,1,0.5593,0.5593,0,
baseline,207,23,0.28709923820747085,adult,18,8,0.1319,0.1319,0,
baseline,208,23,0.39542716557746904,adult,9,9,0.0434,0.0434,0,
baseline,209,23,0.27359697560694635,adult,10,8,0.1377,0.1377,0,
baseline,210,23,0.9020130166851742,elderly,7,6,0.2696,0.2696,0,
baseline,211,23,0.2713101047676122,adult,13,6,0.3429,0.3429,0,
baseline,212,23,0.24736743242291168,adult,1,0,0.5891,0.5891,0,
baseline,213,23,0.6794396779816514,elderly,0,0,0.5423,0.5423,0,
baseline,214,23,0.30091251551864373,adult,15,7,0.1218,0.1218,0,
baseline,215,23,0.21670540748307351,adult,2,0,0.5205,0.5205,0,
baseline,216,23,0.3687606793764565,adult,14,5,0.3377,0.3377,0,
baseline,217,23,0.2538767051714499,adult,12,8,0.0435,0.0435,0,
baseline,218,23,0.2824197149857894,adult,8,6,0.2226,0.2226,0,
baseline,219,23,0.5636693672210529,child,1,1,0.6334,0.6334,0,
baseline,220,23,0.6948217456126036,child,16,0,0.5864,0.5864,0,
baseline,221,23,0.8780226911713226,elderly,2,3,0.2765,0.2765,0,
baseline,222,23,0.30180138271631185,adult,3,9,0.0748,0.0748,0,
baseline,223,23,0.19113770908623962,adult,5,8,0.1329,0.1329,0,
baseline,224,23,0.22956484340680797,adult,13,1,0.5391,0.5391,0,
baseline,225,23,0.2188924625952585,adult,1,6,0.3333,0.3333,0,
baseline,226,23,0.688413136429157,elderly,7,2,0.6199,0.6199,0,
baseline,227,23,0.7561906848382751,elderly,8,2,0.5745,0.5745,0,
baseline,228,23,0.566836488720734,child,4,1,0.5315,0.5315,0,
baseline,229,23,0.5049212893202911,child,9,6,0.2809,0.2809,0,
baseline,230,23,0.2379441270070261,adult,14,3,0.3076,0.3076,0,
baseline,231,23,0.21828841423349848,adult,15,9,0.0778,0.0778,0,
baseline,232,23,0.1839452306394218,adult,8,5,0.6374,0.6374,0,
baseline,233,23,0.29492040259128455,adult,2,9,0.0463,0.0463,0,
baseline,234,23,0.29013491932937124,adult,5,8,0.1329,0.1329,0,
baseline,235,23,0.34669130855252334,adult,13,3,0.1901,0.1901,0,
baseline,236,23,0.28232450555661204,adult,11,7,0.0869,0.0869,0,
baseline,237,23,0.5757509116895175,child,6,4,0.3156,0.3156,0,
baseline,238,23,0.5403723756597331,child,8,4,0.6168,0.6168,0,
baseline,239,23,0.5952182201485263,child,7,3,0.329,0.329,0,
