agent_id,age_bucket,occupation_class,mobility_class,vulnerability_score,home_grid_cell,hour,activity_grid_cell
0,child,student,mobile,0.5380812195557422,"8,9",0,"8,9"
0,child,student,mobile,0.5380812195557422,"8,9",1,"8,9"
0,child,student,mobile,0.5380812195557422,"8,9",2,"8,9"
0,child,student,mobile,0.5380812195557422,"8,9",3,"8,9"
0,child,student,mobile,0.5380812195557422,"8,9",4,"8,9"
0,child,student,mobile,0.5380812195557422,"8,9",5,"8,9"
0,child,student,mobile,0.5380812195557422,"8,9",6,"8,9"
0,child,student,mobile,0.5380812195557422,"8,9",7,"10,0"
0,child,student,mobile,0.5380812195557422,"8,9",8,"11,2"
0,child,student,mobile,0.5380812195557422,"8,9",9,"10,0"
0,child,student,mobile,0.5380812195557422,"8,9",10,"10,0"
0,child,student,mobile,0.5380812195557422,"8,9",11,"10,0"
0,child,student,mobile,0.5380812195557422,"8,9",12,"10,0"
0,child,student,mobile,0.5380812195557422,"8,9",13,"10,0"
0,child,student,mobile,0.5380812195557422,"8,9",14,"10,0"
0,child,student,mobile,0.5380812195557422,"8,9",15,"10,0"
0,child,student,mobile,0.5380812195557422,"8,9",16,"10,0"
0,child,student,mobile,0.5380812195557422,"8,9",17,"12,1"
0,child,student,mobile,0.5380812195557422,"8,9",18,"12,0"
0,child,student,mobile,0.5380812195557422,"8,9",19,"8,0"
0,child,student,mobile,0.5380812195557422,"8,9",20,"10,1"
0,child,student,mobile,0.5380812195557422,"8,9",21,"12,0"
0,child,student,mobile,0.5380812195557422,"8,9",22,"8,9"
0,child,student,mobile,0.5380812195557422,"8,9",23,"8,9"
1,child,student,mobile,0.5438885528571922,"16,5",0,"16,5"
1,child,student,mobile,0.5438885528571922,"16,5",1,"16,5"
1,child,student,mobile,0.5438885528571922,"16,5",2,"16,5"
1,child,student,mobile,0.5438885528571922,"16,5",3,"16,5"
1,child,student,mobile,0.5438885528571922,"16,5",4,"16,5"
1,child,student,mobile,0.5438885528571922,"16,5",5,"16,5"
1,child,student,mobile,0.5438885528571922,"16,5",6,"16,5"
1,child,student,mobile,0.5438885528571922,"16,5",7,"17,8"
1,child,student,mobile,0.5438885528571922,"16,5",8,"18,9"
1,child,student,mobile,0.5438885528571922,"16,5",9,"19,9"
1,child,student,mobile,0.5438885528571922,"16,5",10,"19,9"
1,child,student,mobile,0.5438885528571922,"16,5",11,"19,9"
1,child,student,mobile,0.5438885528571922,"16,5",12,"19,9"
1,child,student,mobile,0.5438885528571922,"16,5",13,"19,9"
1,child,student,mobile,0.5438885528571922,"16,5",14,"19,9"
1,child,student,mobile,0.5438885528571922,"16,5",15,"19,9"
1,child,student,mobile,0.5438885528571922,"16,5",16,"19,9"
1,child,student,mobile,0.5438885528571922,"16,5",17,"19,9"
1,child,student,mobile,0.5438885528571922,"16,5",18,"19,8"
1,child,student,mobile,0.5438885528571922,"16,5",19,"19,9"
1,child,student,mobile,0.5438885528571922,"16,5",20,"19,8"
1,child,student,mobile,0.5438885528571922,"16,5",21,"19,9"
1,child,student,mobile,0.5438885528571922,"16,5",22,"16,5"
1,child,student,mobile,0.5438885528571922,"16,5",23,"16,5"
2,elderly,resident,mobile,0.7202561588196462,"19,8",0,"19,8"
2,elderly,resident,mobile,0.7202561588196462,"19,8",1,"19,8"
2,elderly,resident,mobile,0.7202561588196462,"19,8",2,"19,8"
2,elderly,resident,mobile,0.7202561588196462,"19,8",3,"19,8"
2,elderly,resident,mobile,0.7202561588196462,"19,8",4,"19,8"
2,elderly,resident,mobile,0.7202561588196462,"19,8",5,"19,8"
2,elderly,resident,mobile,0.7202561588196462,"19,8",6,"19,8"
2,elderly,resident,mobile,0.7202561588196462,"19,8",7,"5,2"
2,elderly,resident,mobile,0.7202561588196462,"19,8",8,"8,5"
2,elderly,resident,mobile,0.7202561588196462,"19,8",9,"6,4"
2,elderly,resident,mobile,0.7202561588196462,"19,8",10,"6,4"
2,elderly,resident,mobile,0.7202561588196462,"19,8",11,"6,4"
2,elderly,resident,mobile,0.7202561588196462,"19,8",12,"6,4"
2,elderly,resident,mobile,0.7202561588196462,"19,8",13,"6,4"
2,elderly,resident,mobile,0.7202561588196462,"19,8",14,"6,4"
2,elderly,resident,mobile,0.7202561588196462,"19,8",15,"6,4"
2,elderly,resident,mobile,0.7202561588196462,"19,8",16,"6,4"
2,elderly,resident,mobile,0.7202561588196462,"19,8",17,"4,3"
2,elderly,resident,mobile,0.7202561588196462,"19,8",18,"6,6"
2,elderly,resident,mobile,0.7202561588196462,"19,8",19,"8,3"
2,elderly,resident,mobile,0.7202561588196462,"19,8",20,"7,2"
2,elderly,resident,mobile,0.7202561588196462,"19,8",21,"4,3"
2,elderly,resident,mobile,0.7202561588196462,"19,8",22,"19,8"
2,elderly,resident,mobile,0.7202561588196462,"19,8",23,"19,8"
3,adult,commuter,mobile,0.216473321571373,"14,3",0,"14,3"
3,adult,commuter,mobile,0.216473321571373,"14,3",1,"14,3"
3,adult,commuter,mobile,0.216473321571373,"14,3",2,"14,3"
3,adult,commuter,mobile,0.216473321571373,"14,3",3,"14,3"
3,adult,commuter,mobile,0.216473321571373,"14,3",4,"14,3"
3,adult,commuter,mobile,0.216473321571373,"14,3",5,"14,3"
3,adult,commuter,mobile,0.216473321571373,"14,3",6,"14,3"
3,adult,commuter,mobile,0.216473321571373,"14,3",7,"16,0"
3,adult,commuter,mobile,0.216473321571373,"14,3",8,"15,2"
3,adult,commuter,mobile,0.216473321571373,"14,3",9,"17,0"
3,adult,commuter,mobile,0.216473321571373,"14,3",10,"17,0"
3,adult,commuter,mobile,0.216473321571373,"14,3",11,"17,0"
3,adult,commuter,mobile,0.216473321571373,"14,3",12,"17,0"
3,adult,commuter,mobile,0.216473321571373,"14,3",13,"17,0"
3,adult,commuter,mobile,0.216473321571373,"14,3",14,"17,0"
3,adult,commuter,mobile,0.216473321571373,"14,3",15,"17,0"
3,adult,commuter,mobile,0.216473321571373,"14,3",16,"17,0"
3,adult,commuter,mobile,0.216473321571373,"14,3",17,"15,0"
3,adult,commuter,mobile,0.216473321571373,"14,3",18,"19,1"
3,adult,commuter,mobile,0.216473321571373,"14,3",19,"19,0"
3,adult,commuter,mobile,0.216473321571373,"14,3",20,"17,0"
3,adult,commuter,mobile,0.216473321571373,"14,3",21,"15,2"
3,adult,commuter,mobile,0.216473321571373,"14,3",22,"14,3"
3,adult,commuter,mobile,0.216473321571373,"14,3",23,"14,3"
4,adult,worker,mobile,0.179291256914281,"15,1",0,"15,1"
4,adult,worker,mobile,0.179291256914281,"15,1",1,"15,1"
4,adult,worker,mobile,0.179291256914281,"15,1",2,"15,1"
4,adult,worker,mobile,0.179291256914281,"15,1",3,"15,1"
4,adult,worker,mobile,0.179291256914281,"15,1",4,"15,1"
4,adult,worker,mobile,0.179291256914281,"15,1",5,"15,1"
4,adult,worker,mobile,0.179291256914281,"15,1",6,"15,1"
4,adult,worker,mobile,0.179291256914281,"15,1",7,"7,2"
4,adult,worker,mobile,0.179291256914281,"15,1",8,"7,0"
4,adult,worker,mobile,0.179291256914281,"15,1",9,"9,0"
4,adult,worker,mobile,0.179291256914281,"15,1",10,"9,0"
4,adult,worker,mobile,0.179291256914281,"15,1",11,"9,0"
4,adult,worker,mobile,0.179291256914281,"15,1",12,"9,0"
4,adult,worker,mobile,0.179291256914281,"15,1",13,"9,0"
4,adult,worker,mobile,0.179291256914281,"15,1",14,"9,0"
4,adult,worker,mobile,0.179291256914281,"15,1",15,"9,0"
4,adult,worker,mobile,0.179291256914281,"15,1",16,"9,0"
4,adult,worker,mobile,0.179291256914281,"15,1",17,"9,0"
4,adult,worker,mobile,0.179291256914281,"15,1",18,"10,1"
4,adult,worker,mobile,0.179291256914281,"15,1",19,"11,0"
4,adult,worker,mobile,0.179291256914281,"15,1",20,"11,0"
4,adult,worker,mobile,0.179291256914281,"15,1",21,"7,0"
4,adult,worker,mobile,0.179291256914281,"15,1",22,"15,1"
4,adult,worker,mobile,0.179291256914281,"15,1",23,"15,1"
5,elderly,visitor,mobile,0.7742080791371789,"13,0",0,"13,0"
5,elderly,visitor,mobile,0.7742080791371789,"13,0",1,"13,0"
5,elderly,visitor,mobile,0.7742080791371789,"13,0",2,"13,0"
5,elderly,visitor,mobile,0.7742080791371789,"13,0",3,"13,0"
5,elderly,visitor,mobile,0.7742080791371789,"13,0",4,"13,0"
5,elderly,visitor,mobile,0.7742080791371789,"13,0",5,"13,0"
5,elderly,visitor,mobile,0.7742080791371789,"13,0",6,"13,0"
5,elderly,visitor,mobile,0.7742080791371789,"13,0",7,"9,3"
5,elderly,visitor,mobile,0.7742080791371789,"13,0",8,"8,2"
5,elderly,visitor,mobile,0.7742080791371789,"13,0",9,"7,2"
5,elderly,visitor,mobile,0.7742080791371789,"13,0",10,"7,2"
5,elderly,visitor,mobile,0.7742080791371789,"13,0",11,"7,2"
5,elderly,visitor,mobile,0.7742080791371789,"13,0",12,"7,2"
5,elderly,visitor,mobile,0.7742080791371789,"13,0",13,"7,2"
5,elderly,visitor,mobile,0.7742080791371789,"13,0",14,"7,2"
5,elderly,visitor,mobile,0.7742080791371789,"13,0",15,"7,2"
5,elderly,visitor,mobile,0.7742080791371789,"13,0",16,"7,2"
5,elderly,visitor,mobile,0.7742080791371789,"13,0",17,"6,4"
5,elderly,visitor,mobile,0.7742080791371789,"13,0",18,"9,1"
5,elderly,visitor,mobile,0.7742080791371789,"13,0",19,"6,1"
5,elderly,visitor,mobile,0.7742080791371789,"13,0",20,"7,1"
5,elderly,visitor,mobile,0.7742080791371789,"13,0",21,"7,4"
5,elderly,visitor,mobile,0.7742080791371789,"13,0",22,"13,0"
5,elderly,visitor,mobile,0.7742080791371789,"13,0",23,"13,0"
6,elderly,resident,mobile,0.6860132284779408,"17,0",0,"17,0"
6,elderly,resident,mobile,0.6860132284779408,"17,0",1,"17,0"
6,elderly,resident,mobile,0.6860132284779408,"17,0",2,"17,0"
6,elderly,resident,mobile,0.6860132284779408,"17,0",3,"17,0"
6,elderly,resident,mobile,0.6860132284779408,"17,0",4,"17,0"
6,elderly,resident,mobile,0.6860132284779408,"17,0",5,"17,0"
6,elderly,resident,mobile,0.6860132284779408,"17,0",6,"17,0"
6,elderly,resident,mobile,0.6860132284779408,"17,0",7,"2,0"
6,elderly,resident,mobile,0.6860132284779408,"17,0",8,"4,0"
6,elderly,resident,mobile,0.6860132284779408,"17,0",9,"2,0"
6,elderly,resident,mobile,0.6860132284779408,"17,0",10,"2,0"
6,elderly,resident,mobile,0.6860132284779408,"17,0",11,"2,0"
6,elderly,resident,mobile,0.6860132284779408,"17,0",12,"2,0"
6,elderly,resident,mobile,0.6860132284779408,"17,0",13,"2,0"
6,elderly,resident,mobile,0.6860132284779408,"17,0",14,"2,0"
6,elderly,resident,mobile,0.6860132284779408,"17,0",15,"2,0"
6,elderly,resident,mobile,0.6860132284779408,"17,0",16,"2,0"
6,elderly,resident,mobile,0.6860132284779408,"17,0",17,"0,2"
6,elderly,resident,mobile,0.6860132284779408,"17,0",18,"1,1"
6,elderly,resident,mobile,0.6860132284779408,"17,0",19,"1,0"
6,elderly,resident,mobile,0.6860132284779408,"17,0",20,"0,1"
6,elderly,resident,mobile,0.6860132284779408,"17,0",21,"4,1"
6,elderly,resident,mobile,0.6860132284779408,"17,0",22,"17,0"
6,elderly,resident,mobile,0.6860132284779408,"17,0",23,"17,0"
7,adult,student,mobile,0.24933523196076668,"3,1",0,"3,1"
7,adult,student,mobile,0.24933523196076668,"3,1",1,"3,1"
7,adult,student,mobile,0.24933523196076668,"3,1",2,"3,1"
7,adult,student,mobile,0.24933523196076668,"3,1",3,"3,1"
7,adult,student,mobile,0.24933523196076668,"3,1",4,"3,1"
7,adult,student,mobile,0.24933523196076668,"3,1",5,"3,1"
7,adult,student,mobile,0.24933523196076668,"3,1",6,"3,1"
7,adult,student,mobile,0.24933523196076668,"3,1",7,"13,5"
7,adult,student,mobile,0.24933523196076668,"3,1",8,"14,6"
7,adult,student,mobile,0.24933523196076668,"3,1",9,"13,4"
7,adult,student,mobile,0.24933523196076668,"3,1",10,"13,4"
7,adult,student,mobile,0.24933523196076668,"3,1",11,"13,4"
7,adult,student,mobile,0.24933523196076668,"3,1",12,"13,4"
7,adult,student,mobile,0.24933523196076668,"3,1",13,"13,4"
7,adult,student,mobile,0.24933523196076668,"3,1",14,"13,4"
7,adult,student,mobile,0.24933523196076668,"3,1",15,"13,4"
7,adult,student,mobile,0.24933523196076668,"3,1",16,"13,4"
7,adult,student,mobile,0.24933523196076668,"3,1",17,"11,5"
7,adult,student,mobile,0.24933523196076668,"3,1",18,"13,2"
7,adult,student,mobile,0.24933523196076668,"3,1",19,"11,3"
7,adult,student,mobile,0.24933523196076668,"3,1",20,"14,2"
7,adult,student,mobile,0.24933523196076668,"3,1",21,"13,6"
7,adult,student,mobile,0.24933523196076668,"3,1",22,"3,1"
7,adult,student,mobile,0.24933523196076668,"3,1",23,"3,1"
8,child,student,mobile,0.6343234811450121,"6,6",0,"6,6"
8,child,student,mobile,0.6343234811450121,"6,6",1,"6,6"
8,child,student,mobile,0.6343234811450121,"6,6",2,"6,6"
8,child,student,mobile,0.6343234811450121,"6,6",3,"6,6"
8,child,student,mobile,0.6343234811450121,"6,6",4,"6,6"
8,child,student,mobile,0.6343234811450121,"6,6",5,"6,6"
8,child,student,mobile,0.6343234811450121,"6,6",6,"6,6"
8,child,student,mobile,0.6343234811450121,"6,6",7,"2,1"
8,child,student,mobile,0.6343234811450121,"6,6",8,"4,0"
8,child,student,mobile,0.6343234811450121,"6,6",9,"4,1"
8,child,student,mobile,0.6343234811450121,"6,6",10,"4,1"
8,child,student,mobile,0.6343234811450121,"6,6",11,"4,1"
8,child,student,mobile,0.6343234811450121,"6,6",12,"4,1"
8,child,student,mobile,0.6343234811450121,"6,6",13,"4,1"
8,child,student,mobile,0.6343234811450121,"6,6",14,"4,1"
8,child,student,mobile,0.6343234811450121,"6,6",15,"4,1"
8,child,student,mobile,0.6343234811450121,"6,6",16,"4,1"
8,child,student,mobile,0.6343234811450121,"6,6",17,"3,2"
8,child,student,mobile,0.6343234811450121,"6,6",18,"3,0"
8,child,student,mobile,0.6343234811450121,"6,6",19,"2,0"
8,child,student,mobile,0.6343234811450121,"6,6",20,"5,0"
8,child,student,mobile,0.6343234811450121,"6,6",21,"6,1"
8,child,student,mobile,0.6343234811450121,"6,6",22,"6,6"
8,child,student,mobile,0.6343234811450121,"6,6",23,"6,6"
9,adult,worker,mobile,0.2937927377360272,"1,1",0,"1,1"
9,adult,worker,mobile,0.2937927377360272,"1,1",1,"1,1"
9,adult,worker,mobile,0.2937927377360272,"1,1",2,"1,1"
9,adult,worker,mobile,0.2937927377360272,"1,1",3,"1,1"
9,adult,worker,mobile,0.2937927377360272,"1,1",4,"1,1"
9,adult,worker,mobile,0.2937927377360272,"1,1",5,"1,1"
9,adult,worker,mobile,0.2937927377360272,"1,1",6,"1,1"
9,adult,worker,mobile,0.2937927377360272,"1,1",7,"6,2"
9,adult,worker,mobile,0.2937927377360272,"1,1",8,"2,5"
9,adult,worker,mobile,0.2937927377360272,"1,1",9,"4,3"
9,adult,worker,mobile,0.2937927377360272,"1,1",10,"4,3"
9,adult,worker,mobile,0.2937927377360272,"1,1",11,"4,3"
9,adult,worker,mobile,0.2937927377360272,"1,1",12,"4,3"
9,adult,worker,mobile,0.2937927377360272,"1,1",13,"4,3"
9,adult,worker,mobile,0.2937927377360272,"1,1",14,"4,3"
9,adult,worker,mobile,0.2937927377360272,"1,1",15,"4,3"
9,adult,worker,mobile,0.2937927377360272,"1,1",16,"4,3"
9,adult,worker,mobile,0.2937927377360272,"1,1",17,"4,1"
9,adult,worker,mobile,0.2937927377360272,"1,1",18,"2,1"
9,adult,worker,mobile,0.2937927377360272,"1,1",19,"6,3"
9,adult,worker,mobile,0.2937927377360272,"1,1",20,"5,5"
9,adult,worker,mobile,0.2937927377360272,"1,1",21,"4,5"
9,adult,worker,mobile,0.2937927377360272,"1,1",22,"1,1"
9,adult,worker,mobile,0.2937927377360272,"1,1",23,"1,1"
10,adult,worker,mobile,0.29067965400666446,"9,1",0,"9,1"
10,adult,worker,mobile,0.29067965400666446,"9,1",1,"9,1"
10,adult,worker,mobile,0.29067965400666446,"9,1",2,"9,1"
10,adult,worker,mobile,0.29067965400666446,"9,1",3,"9,1"
10,adult,worker,mobile,0.29067965400666446,"9,1",4,"9,1"
10,adult,worker,mobile,0.29067965400666446,"9,1",5,"9,1"
10,adult,worker,mobile,0.29067965400666446,"9,1",6,"9,1"
10,adult,worker,mobile,0.29067965400666446,"9,1",7,"17,2"
10,adult,worker,mobile,0.29067965400666446,"9,1",8,"14,6"
10,adult,worker,mobile,0.29067965400666446,"9,1",9,"15,4"
10,adult,worker,mobile,0.29067965400666446,"9,1",10,"15,4"
10,adult,worker,mobile,0.29067965400666446,"9,1",11,"15,4"
10,adult,worker,mobile,0.29067965400666446,"9,1",12,"15,4"
10,adult,worker,mobile,0.29067965400666446,"9,1",13,"15,4"
10,adult,worker,mobile,0.29067965400666446,"9,1",14,"15,4"
10,adult,worker,mobile,0.29067965400666446,"9,1",15,"15,4"
10,adult,worker,mobile,0.29067965400666446,"9,1",16,"15,4"
10,adult,worker,mobile,0.29067965400666446,"9,1",17,"16,5"
10,adult,worker,mobile,0.29067965400666446,"9,1",18,"15,6"
10,adult,worker,mobile,0.29067965400666446,"9,1",19,"17,5"
10,adult,worker,mobile,0.29067965400666446,"9,1",20,"16,3"
10,adult,worker,mobile,0.29067965400666446,"9,1",21,"13,5"
10,adult,worker,mobile,0.29067965400666446,"9,1",22,"9,1"
10,adult,worker,mobile,0.29067965400666446,"9,1",23,"9,1"
11,adult,worker,mobile,0.29337902378575376,"11,2",0,"11,2"
11,adult,worker,mobile,0.29337902378575376,"11,2",1,"11,2"
11,adult,worker,mobile,0.29337902378575376,"11,2",2,"11,2"
11,adult,worker,mobile,0.29337902378575376,"11,2",3,"11,2"
11,adult,worker,mobile,0.29337902378575376,"11,2",4,"11,2"
11,adult,worker,mobile,0.29337902378575376,"11,2",5,"11,2"
11,adult,worker,mobile,0.29337902378575376,"11,2",6,"11,2"
11,adult,worker,mobile,0.29337902378575376,"11,2",7,"11,7"
11,adult,worker,mobile,0.29337902378575376,"11,2",8,"8,5"
11,adult,worker,mobile,0.29337902378575376,"11,2",9,"10,6"
11,adult,worker,mobile,0.29337902378575376,"11,2",10,"10,6"
11,adult,worker,mobile,0.29337902378575376,"11,2",11,"10,6"
11,adult,worker,mobile,0.29337902378575376,"11,2",12,"10,6"
11,adult,worker,mobile,0.29337902378575376,"11,2",13,"10,6"
11,adult,worker,mobile,0.29337902378575376,"11,2",14,"10,6"
11,adult,worker,mobile,0.29337902378575376,"11,2",15,"10,6"
11,adult,worker,mobile,0.29337902378575376,"11,2",16,"10,6"
11,adult,worker,mobile,0.29337902378575376,"11,2",17,"11,7"
11,adult,worker,mobile,0.29337902378575376,"11,2",18,"9,5"
11,adult,worker,mobile,0.29337902378575376,"11,2",19,"12,7"
11,adult,worker,mobile,0.29337902378575376,"11,2",20,"9,5"
11,adult,worker,mobile,0.29337902378575376,"11,2",21,"8,7"
11,adult,worker,mobile,0.29337902378575376,"11,2",22,"11,2"
11,adult,worker,mobile,0.29337902378575376,"11,2",23,"11,2"
12,adult,commuter,mobile,0.2580821854764632,"8,2",0,"8,2"
12,adult,commuter,mobile,0.2580821854764632,"8,2",1,"8,2"
12,adult,commuter,mobile,0.2580821854764632,"8,2",2,"8,2"
12,adult,commuter,mobile,0.2580821854764632,"8,2",3,"8,2"
12,adult,commuter,mobile,0.2580821854764632,"8,2",4,"8,2"
12,adult,commuter,mobile,0.2580821854764632,"8,2",5,"8,2"
12,adult,commuter,mobile,0.2580821854764632,"8,2",6,"8,2"
12,adult,commuter,mobile,0.2580821854764632,"8,2",7,"4,7"
12,adult,commuter,mobile,0.2580821854764632,"8,2",8,"7,8"
12,adult,commuter,mobile,0.2580821854764632,"8,2",9,"6,9"
12,adult,commuter,mobile,0.2580821854764632,"8,2",10,"6,9"
12,adult,commuter,mobile,0.2580821854764632,"8,2",11,"6,9"
12,adult,commuter,mobile,0.2580821854764632,"8,2",12,"6,9"
12,adult,commuter,mobile,0.2580821854764632,"8,2",13,"6,9"
12,adult,commuter,mobile,0.2580821854764632,"8,2",14,"6,9"
12,adult,commuter,mobile,0.2580821854764632,"8,2",15,"6,9"
12,adult,commuter,mobile,0.2580821854764632,"8,2",16,"6,9"
12,adult,commuter,mobile,0.2580821854764632,"8,2",17,"4,9"
12,adult,commuter,mobile,0.2580821854764632,"8,2",18,"7,7"
12,adult,commuter,mobile,0.2580821854764632,"8,2",19,"6,7"
12,adult,commuter,mobile,0.2580821854764632,"8,2",20,"6,9"
12,adult,commuter,mobile,0.2580821854764632,"8,2",21,"8,9"
12,adult,commuter,mobile,0.2580821854764632,"8,2",22,"8,2"
12,adult,commuter,mobile,0.2580821854764632,"8,2",23,"8,2"
13,adult,resident,mobile,0.23208808428151181,"7,6",0,"7,6"
13,adult,resident,mobile,0.23208808428151181,"7,6",1,"7,6"
13,adult,resident,mobile,0.23208808428151181,"7,6",2,"7,6"
13,adult,resident,mobile,0.23208808428151181,"7,6",3,"7,6"
13,adult,resident,mobile,0.23208808428151181,"7,6",4,"7,6"
13,adult,resident,mobile,0.23208808428151181,"7,6",5,"7,6"
13,adult,resident,mobile,0.23208808428151181,"7,6",6,"7,6"
13,adult,resident,mobile,0.23208808428151181,"7,6",7,"17,4"
13,adult,resident,mobile,0.23208808428151181,"7,6",8,"15,2"
13,adult,resident,mobile,0.23208808428151181,"7,6",9,"17,3"
13,adult,resident,mobile,0.23208808428151181,"7,6",10,"17,3"
13,adult,resident,mobile,0.23208808428151181,"7,6",11,"17,3"
13,adult,resident,mobile,0.23208808428151181,"7,6",12,"17,3"
13,adult,resident,mobile,0.23208808428151181,"7,6",13,"17,3"
13,adult,resident,mobile,0.23208808428151181,"7,6",14,"17,3"
13,adult,resident,mobile,0.23208808428151181,"7,6",15,"17,3"
13,adult,resident,mobile,0.23208808428151181,"7,6",16,"17,3"
13,adult,resident,mobile,0.23208808428151181,"7,6",17,"15,1"
13,adult,resident,mobile,0.23208808428151181,"7,6",18,"18,5"
13,adult,resident,mobile,0.23208808428151181,"7,6",19,"15,4"
13,adult,resident,mobile,0.23208808428151181,"7,6",20,"18,4"
13,adult,resident,mobile,0.23208808428151181,"7,6",21,"18,3"
13,adult,resident,mobile,0.23208808428151181,"7,6",22,"7,6"
13,adult,resident,mobile,0.23208808428151181,"7,6",23,"7,6"
14,adult,commuter,mobile,0.22746461649058938,"5,5",0,"5,5"
14,adult,commuter,mobile,0.22746461649058938,"5,5",1,"5,5"
14,adult,commuter,mobile,0.22746461649058938,"5,5",2,"5,5"
14,adult,commuter,mobile,0.22746461649058938,"5,5",3,"5,5"
14,adult,commuter,mobile,0.22746461649058938,"5,5",4,"5,5"
14,adult,commuter,mobile,0.22746461649058938,"5,5",5,"5,5"
14,adult,commuter,mobile,0.22746461649058938,"5,5",6,"5,5"
14,adult,commuter,mobile,0.22746461649058938,"5,5",7,"16,9"
14,adult,commuter,mobile,0.22746461649058938,"5,5",8,"18,9"
14,adult,commuter,mobile,0.22746461649058938,"5,5",9,"17,8"
14,adult,commuter,mobile,0.22746461649058938,"5,5",10,"17,8"
14,adult,commuter,mobile,0.22746461649058938,"5,5",11,"17,8"
14,adult,commuter,mobile,0.22746461649058938,"5,5",12,"17,8"
14,adult,commuter,mobile,0.22746461649058938,"5,5",13,"17,8"
14,adult,commuter,mobile,0.22746461649058938,"5,5",14,"17,8"
14,adult,commuter,mobile,0.22746461649058938,"5,5",15,"17,8"
14,adult,commuter,mobile,0.22746461649058938,"5,5",16,"17,8"
14,adult,commuter,mobile,0.22746461649058938,"5,5",17,"17,8"
14,adult,commuter,mobile,0.22746461649058938,"5,5",18,"17,9"
14,adult,commuter,mobile,0.22746461649058938,"5,5",19,"17,6"
14,adult,commuter,mobile,0.22746461649058938,"5,5",20,"17,9"
14,adult,commuter,mobile,0.22746461649058938,"5,5",21,"19,7"
14,adult,commuter,mobile,0.22746461649058938,"5,5",22,"5,5"
14,adult,commuter,mobile,0.22746461649058938,"5,5",23,"5,5"
15,child,student,mobile,0.4919996898463789,"16,1",0,"16,1"
15,child,student,mobile,0.4919996898463789,"16,1",1,"16,1"
15,child,student,mobile,0.4919996898463789,"16,1",2,"16,1"
15,child,student,mobile,0.4919996898463789,"16,1",3,"16,1"
15,child,student,mobile,0.4919996898463789,"16,1",4,"16,1"
15,child,student,mobile,0.4919996898463789,"16,1",5,"16,1"
15,child,student,mobile,0.4919996898463789,"16,1",6,"16,1"
15,child,student,mobile,0.4919996898463789,"16,1",7,"13,6"
15,child,student,mobile,0.4919996898463789,"16,1",8,"14,6"
15,child,student,mobile,0.4919996898463789,"16,1",9,"15,6"
15,child,student,mobile,0.4919996898463789,"16,1",10,"15,6"
15,child,student,mobile,0.4919996898463789,"16,1",11,"15,6"
15,child,student,mobile,0.4919996898463789,"16,1",12,"15,6"
15,child,student,mobile,0.4919996898463789,"16,1",13,"15,6"
15,child,student,mobile,0.4919996898463789,"16,1",14,"15,6"
15,child,student,mobile,0.4919996898463789,"16,1",15,"15,6"
15,child,student,mobile,0.4919996898463789,"16,1",16,"15,6"
15,child,student,mobile,0.4919996898463789,"16,1",17,"13,6"
15,child,student,mobile,0.4919996898463789,"16,1",18,"13,4"
15,child,student,mobile,0.4919996898463789,"16,1",19,"17,6"
15,child,student,mobile,0.4919996898463789,"16,1",20,"14,8"
15,child,student,mobile,0.4919996898463789,"16,1",21,"14,4"
15,child,student,mobile,0.4919996898463789,"16,1",22,"16,1"
15,child,student,mobile,0.4919996898463789,"16,1",23,"16,1"
16,child,student,restricted,0.7297879386484595,"14,9",0,"14,9"
16,child,student,restricted,0.7297879386484595,"14,9",1,"14,9"
16,child,student,restricted,0.7297879386484595,"14,9",2,"14,9"
16,child,student,restricted,0.7297879386484595,"14,9",3,"14,9"
16,child,student,restricted,0.7297879386484595,"14,9",4,"14,9"
16,child,student,restricted,0.7297879386484595,"14,9",5,"14,9"
16,child,student,restricted,0.7297879386484595,"14,9",6,"14,9"
16,child,student,restricted,0.7297879386484595,"14,9",7,"5,3"
16,child,student,restricted,0.7297879386484595,"14,9",8,"4,5"
16,child,student,restricted,0.7297879386484595,"14,9",9,"3,5"
16,child,student,restricted,0.7297879386484595,"14,9",10,"3,5"
16,child,student,restricted,0.7297879386484595,"14,9",11,"3,5"
16,child,student,restricted,0.7297879386484595,"14,9",12,"3,5"
16,child,student,restricted,0.7297879386484595,"14,9",13,"3,5"
16,child,student,restricted,0.7297879386484595,"14,9",14,"3,5"
16,child,student,restricted,0.7297879386484595,"14,9",15,"3,5"
16,child,student,restricted,0.7297879386484595,"14,9",16,"3,5"
16,child,student,restricted,0.7297879386484595,"14,9",17,"1,4"
16,child,student,restricted,0.7297879386484595,"14,9",18,"5,6"
16,child,student,restricted,0.7297879386484595,"14,9",19,"5,5"
16,child,student,restricted,0.7297879386484595,"14,9",20,"1,4"
16,child,student,restricted,0.7297879386484595,"14,9",21,"2,4"
16,child,student,restricted,0.7297879386484595,"14,9",22,"14,9"
16,child,student,restricted,0.7297879386484595,"14,9",23,"14,9"
17,elderly,resident,mobile,0.6910243835711712,"9,9",0,"9,9"
17,elderly,resident,mobile,0.6910243835711712,"9,9",1,"9,9"
17,elderly,resident,mobile,0.6910243835711712,"9,9",2,"9,9"
17,elderly,resident,mobile,0.6910243835711712,"9,9",3,"9,9"
17,elderly,resident,mobile,0.6910243835711712,"9,9",4,"9,9"
17,elderly,resident,mobile,0.6910243835711712,"9,9",5,"9,9"
17,elderly,resident,mobile,0.6910243835711712,"9,9",6,"9,9"
17,elderly,resident,mobile,0.6910243835711712,"9,9",7,"18,0"
17,elderly,resident,mobile,0.6910243835711712,"9,9",8,"15,0"
17,elderly,resident,mobile,0.6910243835711712,"9,9",9,"16,0"
17,elderly,resident,mobile,0.6910243835711712,"9,9",10,"16,0"
17,elderly,resident,mobile,0.6910243835711712,"9,9",11,"16,0"
17,elderly,resident,mobile,0.6910243835711712,"9,9",12,"16,0"
17,elderly,resident,mobile,0.6910243835711712,"9,9",13,"16,0"
17,elderly,resident,mobile,0.6910243835711712,"9,9",14,"16,0"
17,elderly,resident,mobile,0.6910243835711712,"9,9",15,"16,0"
17,elderly,resident,mobile,0.6910243835711712,"9,9",16,"16,0"
17,elderly,resident,mobile,0.6910243835711712,"9,9",17,"18,0"
17,elderly,resident,mobile,0.6910243835711712,"9,9",18,"17,0"
17,elderly,resident,mobile,0.6910243835711712,"9,9",19,"17,0"
17,elderly,resident,mobile,0.6910243835711712,"9,9",20,"15,0"
17,elderly,resident,mobile,0.6910243835711712,"9,9",21,"18,0"
17,elderly,resident,mobile,0.6910243835711712,"9,9",22,"9,9"
17,elderly,resident,mobile,0.6910243835711712,"9,9",23,"9,9"
18,adult,commuter,mobile,0.27290224990437284,"12,4",0,"12,4"
18,adult,commuter,mobile,0.27290224990437284,"12,4",1,"12,4"
18,adult,commuter,mobile,0.27290224990437284,"12,4",2,"12,4"
18,adult,commuter,mobile,0.27290224990437284,"12,4",3,"12,4"
18,adult,commuter,mobile,0.27290224990437284,"12,4",4,"12,4"
18,adult,commuter,mobile,0.27290224990437284,"12,4",5,"12,4"
18,adult,commuter,mobile,0.27290224990437284,"12,4",6,"12,4"
18,adult,commuter,mobile,0.27290224990437284,"12,4",7,"17,9"
18,adult,commuter,mobile,0.27290224990437284,"12,4",8,"17,7"
18,adult,commuter,mobile,0.27290224990437284,"12,4",9,"19,8"
18,adult,commuter,mobile,0.27290224990437284,"12,4",10,"19,8"
18,adult,commuter,mobile,0.27290224990437284,"12,4",11,"19,8"
18,adult,commuter,mobile,0.27290224990437284,"12,4",12,"19,8"
18,adult,commuter,mobile,0.27290224990437284,"12,4",13,"19,8"
18,adult,commuter,mobile,0.27290224990437284,"12,4",14,"19,8"
18,adult,commuter,mobile,0.27290224990437284,"12,4",15,"19,8"
18,adult,commuter,mobile,0.27290224990437284,"12,4",16,"19,8"
18,adult,commuter,mobile,0.27290224990437284,"12,4",17,"19,9"
18,adult,commuter,mobile,0.27290224990437284,"12,4",18,"18,9"
18,adult,commuter,mobile,0.27290224990437284,"12,4",19,"18,8"
18,adult,commuter,mobile,0.27290224990437284,"12,4",20,"19,9"
18,adult,commuter,mobile,0.27290224990437284,"12,4",21,"19,7"
18,adult,commuter,mobile,0.27290224990437284,"12,4",22,"12,4"
18,adult,commuter,mobile,0.27290224990437284,"12,4",23,"12,4"
19,child,student,mobile,0.5918994514851882,"11,9",0,"11,9"
19,child,student,mobile,0.5918994514851882,"11,9",1,"11,9"
19,child,student,mobile,0.5918994514851882,"11,9",2,"11,9"
19,child,student,mobile,0.5918994514851882,"11,9",3,"11,9"
19,child,student,mobile,0.5918994514851882,"11,9",4,"11,9"
19,child,student,mobile,0.5918994514851882,"11,9",5,"11,9"
19,child,student,mobile,0.5918994514851882,"11,9",6,"11,9"
19,child,student,mobile,0.5918994514851882,"11,9",7,"10,2"
19,child,student,mobile,0.5918994514851882,"11,9",8,"8,6"
19,child,student,mobile,0.5918994514851882,"11,9",9,"9,4"
19,child,student,mobile,0.5918994514851882,"11,9",10,"9,4"
19,child,student,mobile,0.5918994514851882,"11,9",11,"9,4"
19,child,student,mobile,0.5918994514851882,"11,9",12,"9,4"
19,child,student,mobile,0.5918994514851882,"11,9",13,"9,4"
19,child,student,mobile,0.5918994514851882,"11,9",14,"9,4"
19,child,student,mobile,0.5918994514851882,"11,9",15,"9,4"
19,child,student,mobile,0.5918994514851882,"11,9",16,"9,4"
19,child,student,mobile,0.5918994514851882,"11,9",17,"7,6"
19,child,student,mobile,0.5918994514851882,"11,9",18,"10,6"
19,child,student,mobile,0.5918994514851882,"11,9",19,"8,4"
19,child,student,mobile,0.5918994514851882,"11,9",20,"7,5"
19,child,student,mobile,0.5918994514851882,"11,9",21,"7,3"
19,child,student,mobile,0.5918994514851882,"11,9",22,"11,9"
19,child,student,mobile,0.5918994514851882,"11,9",23,"11,9"
20,adult,worker,mobile,0.20000931813748296,"6,6",0,"6,6"
20,adult,worker,mobile,0.20000931813748296,"6,6",1,"6,6"
20,adult,worker,mobile,0.20000931813748296,"6,6",2,"6,6"
20,adult,worker,mobile,0.20000931813748296,"6,6",3,"6,6"
20,adult,worker,mobile,0.20000931813748296,"6,6",4,"6,6"
20,adult,worker,mobile,0.20000931813748296,"6,6",5,"6,6"
20,adult,worker,mobile,0.20000931813748296,"6,6",6,"6,6"
20,adult,worker,mobile,0.20000931813748296,"6,6",7,"12,5"
20,adult,worker,mobile,0.20000931813748296,"6,6",8,"15,7"
20,adult,worker,mobile,0.20000931813748296,"6,6",9,"14,5"
20,adult,worker,mobile,0.20000931813748296,"6,6",10,"14,5"
20,adult,worker,mobile,0.20000931813748296,"6,6",11,"14,5"
20,adult,worker,mobile,0.20000931813748296,"6,6",12,"14,5"
20,adult,worker,mobile,0.20000931813748296,"6,6",13,"14,5"
20,adult,worker,mobile,0.20000931813748296,"6,6",14,"14,5"
20,adult,worker,mobile,0.20000931813748296,"6,6",15,"14,5"
20,adult,worker,mobile,0.20000931813748296,"6,6",16,"14,5"
20,adult,worker,mobile,0.20000931813748296,"6,6",17,"16,3"
20,adult,worker,mobile,0.20000931813748296,"6,6",18,"13,5"
20,adult,worker,mobile,0.20000931813748296,"6,6",19,"13,3"
20,adult,worker,mobile,0.20000931813748296,"6,6",20,"13,7"
20,adult,worker,mobile,0.20000931813748296,"6,6",21,"15,5"
20,adult,worker,mobile,0.20000931813748296,"6,6",22,"6,6"
20,adult,worker,mobile,0.20000931813748296,"6,6",23,"6,6"
21,adult,worker,mobile,0.2566225962051309,"9,1",0,"9,1"
21,adult,worker,mobile,0.2566225962051309,"9,1",1,"9,1"
21,adult,worker,mobile,0.2566225962051309,"9,1",2,"9,1"
21,adult,worker,mobile,0.2566225962051309,"9,1",3,"9,1"
21,adult,worker,mobile,0.2566225962051309,"9,1",4,"9,1"
21,adult,worker,mobile,0.2566225962051309,"9,1",5,"9,1"
21,adult,worker,mobile,0.2566225962051309,"9,1",6,"9,1"
21,adult,worker,mobile,0.2566225962051309,"9,1",7,"16,0"
21,adult,worker,mobile,0.2566225962051309,"9,1",8,"17,0"
21,adult,worker,mobile,0.2566225962051309,"9,1",9,"16,0"
21,adult,worker,mobile,0.2566225962051309,"9,1",10,"16,0"
21,adult,worker,mobile,0.2566225962051309,"9,1",11,"16,0"
21,adult,worker,mobile,0.2566225962051309,"9,1",12,"16,0"
21,adult,worker,mobile,0.2566225962051309,"9,1",13,"16,0"
21,adult,worker,mobile,0.2566225962051309,"9,1",14,"16,0"
21,adult,worker,mobile,0.2566225962051309,"9,1",15,"16,0"
21,adult,worker,mobile,0.2566225962051309,"9,1",16,"16,0"
21,adult,worker,mobile,0.2566225962051309,"9,1",17,"14,0"
21,adult,worker,mobile,0.2566225962051309,"9,1",18,"16,2"
21,adult,worker,mobile,0.2566225962051309,"9,1",19,"16,2"
21,adult,worker,mobile,0.2566225962051309,"9,1",20,"15,2"
21,adult,worker,mobile,0.2566225962051309,"9,1",21,"18,1"
21,adult,worker,mobile,0.2566225962051309,"9,1",22,"9,1"
21,adult,worker,mobile,0.2566225962051309,"9,1",23,"9,1"
22,adult,commuter,mobile,0.2636593411524598,"11,0",0,"11,0"
22,adult,commuter,mobile,0.2636593411524598,"11,0",1,"11,0"
22,adult,commuter,mobile,0.2636593411524598,"11,0",2,"11,0"
22,adult,commuter,mobile,0.2636593411524598,"11,0",3,"11,0"
22,adult,commuter,mobile,0.2636593411524598,"11,0",4,"11,0"
22,adult,commuter,mobile,0.2636593411524598,"11,0",5,"11,0"
22,adult,commuter,mobile,0.2636593411524598,"11,0",6,"11,0"
22,adult,commuter,mobile,0.2636593411524598,"11,0",7,"3,6"
22,adult,commuter,mobile,0.2636593411524598,"11,0",8,"0,5"
22,adult,commuter,mobile,0.2636593411524598,"11,0",9,"1,7"
22,adult,commuter,mobile,0.2636593411524598,"11,0",10,"1,7"
22,adult,commuter,mobile,0.2636593411524598,"11,0",11,"1,7"
22,adult,commuter,mobile,0.2636593411524598,"11,0",12,"1,7"
22,adult,commuter,mobile,0.2636593411524598,"11,0",13,"1,7"
22,adult,commuter,mobile,0.2636593411524598,"11,0",14,"1,7"
22,adult,commuter,mobile,0.2636593411524598,"11,0",15,"1,7"
22,adult,commuter,mobile,0.2636593411524598,"11,0",16,"1,7"
22,adult,commuter,mobile,0.2636593411524598,"11,0",17,"2,7"
22,adult,commuter,mobile,0.2636593411524598,"11,0",18,"0,8"
22,adult,commuter,mobile,0.2636593411524598,"11,0",19,"1,7"
22,adult,commuter,mobile,0.2636593411524598,"11,0",20,"0,6"
22,adult,commuter,mobile,0.2636593411524598,"11,0",21,"2,8"
22,adult,commuter,mobile,0.2636593411524598,"11,0",22,"11,0"
22,adult,commuter,mobile,0.2636593411524598,"11,0",23,"11,0"
23,child,student,mobile,0.6949427075347202,"0,4",0,"0,4"
23,child,student,mobile,0.6949427075347202,"0,4",1,"0,4"
23,child,student,mobile,0.6949427075347202,"0,4",2,"0,4"
23,child,student,mobile,0.6949427075347202,"0,4",3,"0,4"
23,child,student,mobile,0.6949427075347202,"0,4",4,"0,4"
23,child,student,mobile,0.6949427075347202,"0,4",5,"0,4"
23,child,student,mobile,0.6949427075347202,"0,4",6,"0,4"
23,child,student,mobile,0.6949427075347202,"0,4",7,"13,5"
23,child,student,mobile,0.6949427075347202,"0,4",8,"16,5"
23,child,student,mobile,0.6949427075347202,"0,4",9,"14,7"
23,child,student,mobile,0.6949427075347202,"0,4",10,"14,7"
23,child,student,mobile,0.6949427075347202,"0,4",11,"14,7"
23,child,student,mobile,0.6949427075347202,"0,4",12,"14,7"
23,child,student,mobile,0.6949427075347202,"0,4",13,"14,7"
23,child,student,mobile,0.6949427075347202,"0,4",14,"14,7"
23,child,student,mobile,0.6949427075347202,"0,4",15,"14,7"
23,child,student,mobile,0.6949427075347202,"0,4",16,"14,7"
23,child,student,mobile,0.6949427075347202,"0,4",17,"16,7"
23,child,student,mobile,0.6949427075347202,"0,4",18,"12,6"
23,child,student,mobile,0.6949427075347202,"0,4",19,"12,5"
23,child,student,mobile,0.6949427075347202,"0,4",20,"14,5"
23,child,student,mobile,0.6949427075347202,"0,4",21,"13,6"
23,child,student,mobile,0.6949427075347202,"0,4",22,"0,4"
23,child,student,mobile,0.6949427075347202,"0,4",23,"0,4"
24,adult,commuter,mobile,0.36652485810151314,"13,1",0,"13,1"
24,adult,commuter,mobile,0.36652485810151314,"13,1",1,"13,1"
24,adult,commuter,mobile,0.36652485810151314,"13,1",2,"13,1"
24,adult,commuter,mobile,0.36652485810151314,"13,1",3,"13,1"
24,adult,commuter,mobile,0.36652485810151314,"13,1",4,"13,1"
24,adult,commuter,mobile,0.36652485810151314,"13,1",5,"13,1"
24,adult,commuter,mobile,0.36652485810151314,"13,1",6,"13,1"
24,adult,commuter,mobile,0.36652485810151314,"13,1",7,"7,3"
24,adult,commuter,mobile,0.36652485810151314,"13,1",8,"5,4"
24,adult,commuter,mobile,0.36652485810151314,"13,1",9,"6,5"
24,adult,commuter,mobile,0.36652485810151314,"13,1",10,"6,5"
24,adult,commuter,mobile,0.36652485810151314,"13,1",11,"6,5"
24,adult,commuter,mobile,0.36652485810151314,"13,1",12,"6,5"
24,adult,commuter,mobile,0.36652485810151314,"13,1",13,"6,5"
24,adult,commuter,mobile,0.36652485810151314,"13,1",14,"6,5"
24,adult,commuter,mobile,0.36652485810151314,"13,1",15,"6,5"
24,adult,commuter,mobile,0.36652485810151314,"13,1",16,"6,5"
24,adult,commuter,mobile,0.36652485810151314,"13,1",17,"5,4"
24,adult,commuter,mobile,0.36652485810151314,"13,1",18,"8,4"
24,adult,commuter,mobile,0.36652485810151314,"13,1",19,"7,3"
24,adult,commuter,mobile,0.36652485810151314,"13,1",20,"7,5"
24,adult,commuter,mobile,0.36652485810151314,"13,1",21,"5,6"
24,adult,commuter,mobile,0.36652485810151314,"13,1",22,"13,1"
24,adult,commuter,mobile,0.36652485810151314,"13,1",23,"13,1"
25,adult,student,mobile,0.2443193234562278,"6,4",0,"6,4"
25,adult,student,mobile,0.2443193234562278,"6,4",1,"6,4"
25,adult,student,mobile,0.2443193234562278,"6,4",2,"6,4"
25,adult,student,mobile,0.2443193234562278,"6,4",3,"6,4"
25,adult,student,mobile,0.2443193234562278,"6,4",4,"6,4"
25,adult,student,mobile,0.2443193234562278,"6,4",5,"6,4"
25,adult,student,mobile,0.2443193234562278,"6,4",6,"6,4"
25,adult,student,mobile,0.2443193234562278,"6,4",7,"0,4"
25,adult,student,mobile,0.2443193234562278,"6,4",8,"2,3"
25,adult,student,mobile,0.2443193234562278,"6,4",9,"0,2"
25,adult,student,mobile,0.2443193234562278,"6,4",10,"0,2"
25,adult,student,mobile,0.2443193234562278,"6,4",11,"0,2"
25,adult,student,mobile,0.2443193234562278,"6,4",12,"0,2"
25,adult,student,mobile,0.2443193234562278,"6,4",13,"0,2"
25,adult,student,mobile,0.2443193234562278,"6,4",14,"0,2"
25,adult,student,mobile,0.2443193234562278,"6,4",15,"0,2"
25,adult,student,mobile,0.2443193234562278,"6,4",16,"0,2"
25,adult,student,mobile,0.2443193234562278,"6,4",17,"0,4"
25,adult,student,mobile,0.2443193234562278,"6,4",18,"0,4"
25,adult,student,mobile,0.2443193234562278,"6,4",19,"1,4"
25,adult,student,mobile,0.2443193234562278,"6,4",20,"1,0"
25,adult,student,mobile,0.2443193234562278,"6,4",21,"0,0"
25,adult,student,mobile,0.2443193234562278,"6,4",22,"6,4"
25,adult,student,mobile,0.2443193234562278,"6,4",23,"6,4"
26,adult,commuter,mobile,0.3010033863387559,"13,5",0,"13,5"
26,adult,commuter,mobile,0.3010033863387559,"13,5",1,"13,5"
26,adult,commuter,mobile,0.3010033863387559,"13,5",2,"13,5"
26,adult,commuter,mobile,0.3010033863387559,"13,5",3,"13,5"
26,adult,commuter,mobile,0.3010033863387559,"13,5",4,"13,5"
26,adult,commuter,mobile,0.3010033863387559,"13,5",5,"13,5"
26,adult,commuter,mobile,0.3010033863387559,"13,5",6,"13,5"
26,adult,commuter,mobile,0.3010033863387559,"13,5",7,"3,5"
26,adult,commuter,mobile,0.3010033863387559,"13,5",8,"0,8"
26,adult,commuter,mobile,0.3010033863387559,"13,5",9,"2,7"
26,adult,commuter,mobile,0.3010033863387559,"13,5",10,"2,7"
26,adult,commuter,mobile,0.3010033863387559,"13,5",11,"2,7"
26,adult,commuter,mobile,0.3010033863387559,"13,5",12,"2,7"
26,adult,commuter,mobile,0.3010033863387559,"13,5",13,"2,7"
26,adult,commuter,mobile,0.3010033863387559,"13,5",14,"2,7"
26,adult,commuter,mobile,0.3010033863387559,"13,5",15,"2,7"
26,adult,commuter,mobile,0.3010033863387559,"13,5",16,"2,7"
26,adult,commuter,mobile,0.3010033863387559,"13,5",17,"0,5"
26,adult,commuter,mobile,0.3010033863387559,"13,5",18,"1,6"
26,adult,commuter,mobile,0.3010033863387559,"13,5",19,"1,8"
26,adult,commuter,mobile,0.3010033863387559,"13,5",20,"1,8"
26,adult,commuter,mobile,0.3010033863387559,"13,5",21,"2,7"
26,adult,commuter,mobile,0.3010033863387559,"13,5",22,"13,5"
26,adult,commuter,mobile,0.3010033863387559,"13,5",23,"13,5"
27,adult,resident,mobile,0.264862699158784,"11,2",0,"11,2"
27,adult,resident,mobile,0.264862699158784,"11,2",1,"11,2"
27,adult,resident,mobile,0.264862699158784,"11,2",2,"11,2"
27,adult,resident,mobile,0.264862699158784,"11,2",3,"11,2"
27,adult,resident,mobile,0.264862699158784,"11,2",4,"11,2"
27,adult,resident,mobile,0.264862699158784,"11,2",5,"11,2"
27,adult,resident,mobile,0.264862699158784,"11,2",6,"11,2"
27,adult,resident,mobile,0.264862699158784,"11,2",7,"8,2"
27,adult,resident,mobile,0.264862699158784,"11,2",8,"11,0"
27,adult,resident,mobile,0.264862699158784,"11,2",9,"9,0"
27,adult,resident,mobile,0.264862699158784,"11,2",10,"9,0"
27,adult,resident,mobile,0.264862699158784,"11,2",11,"9,0"
27,adult,resident,mobile,0.264862699158784,"11,2",12,"9,0"
27,adult,resident,mobile,0.264862699158784,"11,2",13,"9,0"
27,adult,resident,mobile,0.264862699158784,"11,2",14,"9,0"
27,adult,resident,mobile,0.264862699158784,"11,2",15,"9,0"
27,adult,resident,mobile,0.264862699158784,"11,2",16,"9,0"
27,adult,resident,mobile,0.264862699158784,"11,2",17,"11,2"
27,adult,resident,mobile,0.264862699158784,"11,2",18,"10,0"
27,adult,resident,mobile,0.264862699158784,"11,2",19,"10,0"
27,adult,resident,mobile,0.264862699158784,"11,2",20,"8,0"
27,adult,resident,mobile,0.264862699158784,"11,2",21,"7,0"
27,adult,resident,mobile,0.264862699158784,"11,2",22,"11,2"
27,adult,resident,mobile,0.264862699158784,"11,2",23,"11,2"
28,adult,worker,mobile,0.25879019854094,"3,2",0,"3,2"
28,adult,worker,mobile,0.25879019854094,"3,2",1,"3,2"
28,adult,worker,mobile,0.25879019854094,"3,2",2,"3,2"
28,adult,worker,mobile,0.25879019854094,"3,2",3,"3,2"
28,adult,worker,mobile,0.25879019854094,"3,2",4,"3,2"
28,adult,worker,mobile,0.25879019854094,"3,2",5,"3,2"
28,adult,worker,mobile,0.25879019854094,"3,2",6,"3,2"
28,adult,worker,mobile,0.25879019854094,"3,2",7,"2,8"
28,adult,worker,mobile,0.25879019854094,"3,2",8,"1,8"
28,adult,worker,mobile,0.25879019854094,"3,2",9,"2,9"
28,adult,worker,mobile,0.25879019854094,"3,2",10,"2,9"
28,adult,worker,mobile,0.25879019854094,"3,2",11,"2,9"
28,adult,worker,mobile,0.25879019854094,"3,2",12,"2,9"
28,adult,worker,mobile,0.25879019854094,"3,2",13,"2,9"
28,adult,worker,mobile,0.25879019854094,"3,2",14,"2,9"
28,adult,worker,mobile,0.25879019854094,"3,2",15,"2,9"
28,adult,worker,mobile,0.25879019854094,"3,2",16,"2,9"
28,adult,worker,mobile,0.25879019854094,"3,2",17,"1,9"
28,adult,worker,mobile,0.25879019854094,"3,2",18,"2,9"
28,adult,worker,mobile,0.25879019854094,"3,2",19,"4,8"
28,adult,worker,mobile,0.25879019854094,"3,2",20,"1,8"
28,adult,worker,mobile,0.25879019854094,"3,2",21,"4,9"
28,adult,worker,mobile,0.25879019854094,"3,2",22,"3,2"
28,adult,worker,mobile,0.25879019854094,"3,2",23,"3,2"
29,adult,commuter,mobile,0.31974955111962444,"1,7",0,"1,7"
29,adult,commuter,mobile,0.31974955111962444,"1,7",1,"1,7"
29,adult,commuter,mobile,0.31974955111962444,"1,7",2,"1,7"
29,adult,commuter,mobile,0.31974955111962444,"1,7",3,"1,7"
29,adult,commuter,mobile,0.31974955111962444,"1,7",4,"1,7"
29,adult,commuter,mobile,0.31974955111962444,"1,7",5,"1,7"
29,adult,commuter,mobile,0.31974955111962444,"1,7",6,"1,7"
29,adult,commuter,mobile,0.31974955111962444,"1,7",7,"0,9"
29,adult,commuter,mobile,0.31974955111962444,"1,7",8,"0,8"
29,adult,commuter,mobile,0.31974955111962444,"1,7",9,"0,7"
29,adult,commuter,mobile,0.31974955111962444,"1,7",10,"0,7"
29,adult,commuter,mobile,0.31974955111962444,"1,7",11,"0,7"
29,adult,commuter,mobile,0.31974955111962444,"1,7",12,"0,7"
29,adult,commuter,mobile,0.31974955111962444,"1,7",13,"0,7"
29,adult,commuter,mobile,0.31974955111962444,"1,7",14,"0,7"
29,adult,commuter,mobile,0.31974955111962444,"1,7",15,"0,7"
29,adult,commuter,mobile,0.31974955111962444,"1,7",16,"0,7"
29,adult,commuter,mobile,0.31974955111962444,"1,7",17,"2,7"
29,adult,commuter,mobile,0.31974955111962444,"1,7",18,"2,5"
29,adult,commuter,mobile,0.31974955111962444,"1,7",19,"2,9"
29,adult,commuter,mobile,0.31974955111962444,"1,7",20,"0,8"
29,adult,commuter,mobile,0.31974955111962444,"1,7",21,"1,7"
29,adult,commuter,mobile,0.31974955111962444,"1,7",22,"1,7"
29,adult,commuter,mobile,0.31974955111962444,"1,7",23,"1,7"
30,adult,worker,mobile,0.1555928571749553,"6,4",0,"6,4"
30,adult,worker,mobile,0.1555928571749553,"6,4",1,"6,4"
30,adult,worker,mobile,0.1555928571749553,"6,4",2,"6,4"
30,adult,worker,mobile,0.1555928571749553,"6,4",3,"6,4"
30,adult,worker,mobile,0.1555928571749553,"6,4",4,"6,4"
30,adult,worker,mobile,0.1555928571749553,"6,4",5,"6,4"
30,adult,worker,mobile,0.1555928571749553,"6,4",6,"6,4"
30,adult,worker,mobile,0.1555928571749553,"6,4",7,"15,9"
30,adult,worker,mobile,0.1555928571749553,"6,4",8,"16,9"
30,adult,worker,mobile,0.1555928571749553,"6,4",9,"14,7"
30,adult,worker,mobile,0.1555928571749553,"6,4",10,"14,7"
30,adult,worker,mobile,0.1555928571749553,"6,4",11,"14,7"
30,adult,worker,mobile,0.1555928571749553,"6,4",12,"14,7"
30,adult,worker,mobile,0.1555928571749553,"6,4",13,"14,7"
30,adult,worker,mobile,0.1555928571749553,"6,4",14,"14,7"
30,adult,worker,mobile,0.1555928571749553,"6,4",15,"14,7"
30,adult,worker,mobile,0.1555928571749553,"6,4",16,"14,7"
30,adult,worker,mobile,0.1555928571749553,"6,4",17,"15,6"
30,adult,worker,mobile,0.1555928571749553,"6,4",18,"13,6"
30,adult,worker,mobile,0.1555928571749553,"6,4",19,"14,9"
30,adult,worker,mobile,0.1555928571749553,"6,4",20,"15,6"
30,adult,worker,mobile,0.1555928571749553,"6,4",21,"15,9"
30,adult,worker,mobile,0.1555928571749553,"6,4",22,"6,4"
30,adult,worker,mobile,0.1555928571749553,"6,4",23,"6,4"
31,child,student,mobile,0.548458082951535,"8,1",0,"8,1"
31,child,student,mobile,0.548458082951535,"8,1",1,"8,1"
31,child,student,mobile,0.548458082951535,"8,1",2,"8,1"
31,child,student,mobile,0.548458082951535,"8,1",3,"8,1"
31,child,student,mobile,0.548458082951535,"8,1",4,"8,1"
31,child,student,mobile,0.548458082951535,"8,1",5,"8,1"
31,child,student,mobile,0.548458082951535,"8,1",6,"8,1"
31,child,student,mobile,0.548458082951535,"8,1",7,"14,7"
31,child,student,mobile,0.548458082951535,"8,1",8,"13,4"
31,child,student,mobile,0.548458082951535,"8,1",9,"14,6"
31,child,student,mobile,0.548458082951535,"8,1",10,"14,6"
31,child,student,mobile,0.548458082951535,"8,1",11,"14,6"
31,child,student,mobile,0.548458082951535,"8,1",12,"14,6"
31,child,student,mobile,0.548458082951535,"8,1",13,"14,6"
31,child,student,mobile,0.548458082951535,"8,1",14,"14,6"
31,child,student,mobile,0.548458082951535,"8,1",15,"14,6"
31,child,student,mobile,0.548458082951535,"8,1",16,"14,6"
31,child,student,mobile,0.548458082951535,"8,1",17,"13,8"
31,child,student,mobile,0.548458082951535,"8,1",18,"16,6"
31,child,student,mobile,0.548458082951535,"8,1",19,"13,8"
31,child,student,mobile,0.548458082951535,"8,1",20,"16,4"
31,child,student,mobile,0.548458082951535,"8,1",21,"15,6"
31,child,student,mobile,0.548458082951535,"8,1",22,"8,1"
31,child,student,mobile,0.548458082951535,"8,1",23,"8,1"
32,adult,commuter,mobile,0.2544761312097897,"18,3",0,"18,3"
32,adult,commuter,mobile,0.2544761312097897,"18,3",1,"18,3"
32,adult,commuter,mobile,0.2544761312097897,"18,3",2,"18,3"
32,adult,commuter,mobile,0.2544761312097897,"18,3",3,"18,3"
32,adult,commuter,mobile,0.2544761312097897,"18,3",4,"18,3"
32,adult,commuter,mobile,0.2544761312097897,"18,3",5,"18,3"
32,adult,commuter,mobile,0.2544761312097897,"18,3",6,"18,3"
32,adult,commuter,mobile,0.2544761312097897,"18,3",7,"4,4"
32,adult,commuter,mobile,0.2544761312097897,"18,3",8,"6,7"
32,adult,commuter,mobile,0.2544761312097897,"18,3",9,"4,5"
32,adult,commuter,mobile,0.2544761312097897,"18,3",10,"4,5"
32,adult,commuter,mobile,0.2544761312097897,"18,3",11,"4,5"
32,adult,commuter,mobile,0.2544761312097897,"18,3",12,"4,5"
32,adult,commuter,mobile,0.2544761312097897,"18,3",13,"4,5"
32,adult,commuter,mobile,0.2544761312097897,"18,3",14,"4,5"
32,adult,commuter,mobile,0.2544761312097897,"18,3",15,"4,5"
32,adult,commuter,mobile,0.2544761312097897,"18,3",16,"4,5"
32,adult,commuter,mobile,0.2544761312097897,"18,3",17,"2,5"
32,adult,commuter,mobile,0.2544761312097897,"18,3",18,"5,5"
32,adult,commuter,mobile,0.2544761312097897,"18,3",19,"6,4"
32,adult,commuter,mobile,0.2544761312097897,"18,3",20,"6,4"
32,adult,commuter,mobile,0.2544761312097897,"18,3",21,"6,7"
32,adult,commuter,mobile,0.2544761312097897,"18,3",22,"18,3"
32,adult,commuter,mobile,0.2544761312097897,"18,3",23,"18,3"
33,adult,resident,mobile,0.3227939887511161,"12,1",0,"12,1"
33,adult,resident,mobile,0.3227939887511161,"12,1",1,"12,1"
33,adult,resident,mobile,0.3227939887511161,"12,1",2,"12,1"
33,adult,resident,mobile,0.3227939887511161,"12,1",3,"12,1"
33,adult,resident,mobile,0.3227939887511161,"12,1",4,"12,1"
33,adult,resident,mobile,0.3227939887511161,"12,1",5,"12,1"
33,adult,resident,mobile,0.3227939887511161,"12,1",6,"12,1"
33,adult,resident,mobile,0.3227939887511161,"12,1",7,"15,9"
33,adult,resident,mobile,0.3227939887511161,"12,1",8,"16,9"
33,adult,resident,mobile,0.3227939887511161,"12,1",9,"15,9"
33,adult,resident,mobile,0.3227939887511161,"12,1",10,"15,9"
33,adult,resident,mobile,0.3227939887511161,"12,1",11,"15,9"
33,adult,resident,mobile,0.3227939887511161,"12,1",12,"15,9"
33,adult,resident,mobile,0.3227939887511161,"12,1",13,"15,9"
33,adult,resident,mobile,0.3227939887511161,"12,1",14,"15,9"
33,adult,resident,mobile,0.3227939887511161,"12,1",15,"15,9"
33,adult,resident,mobile,0.3227939887511161,"12,1",16,"15,9"
33,adult,resident,mobile,0.3227939887511161,"12,1",17,"17,9"
33,adult,resident,mobile,0.3227939887511161,"12,1",18,"13,9"
33,adult,resident,mobile,0.3227939887511161,"12,1",19,"15,9"
33,adult,resident,mobile,0.3227939887511161,"12,1",20,"15,9"
33,adult,resident,mobile,0.3227939887511161,"12,1",21,"13,8"
33,adult,resident,mobile,0.3227939887511161,"12,1",22,"12,1"
33,adult,resident,mobile,0.3227939887511161,"12,1",23,"12,1"
34,child,student,assisted,0.6558716694259125,"6,8",0,"6,8"
34,child,student,assisted,0.6558716694259125,"6,8",1,"6,8"
34,child,student,assisted,0.6558716694259125,"6,8",2,"6,8"
34,child,student,assisted,0.6558716694259125,"6,8",3,"6,8"
34,child,student,assisted,0.6558716694259125,"6,8",4,"6,8"
34,child,student,assisted,0.6558716694259125,"6,8",5,"6,8"
34,child,student,assisted,0.6558716694259125,"6,8",6,"6,8"
34,child,student,assisted,0.6558716694259125,"6,8",7,"16,9"
34,child,student,assisted,0.6558716694259125,"6,8",8,"15,9"
34,child,student,assisted,0.6558716694259125,"6,8",9,"15,9"
34,child,student,assisted,0.6558716694259125,"6,8",10,"15,9"
34,child,student,assisted,0.6558716694259125,"6,8",11,"15,9"
34,child,student,assisted,0.6558716694259125,"6,8",12,"15,9"
34,child,student,assisted,0.6558716694259125,"6,8",13,"15,9"
34,child,student,assisted,0.6558716694259125,"6,8",14,"15,9"
34,child,student,assisted,0.6558716694259125,"6,8",15,"15,9"
34,child,student,assisted,0.6558716694259125,"6,8",16,"15,9"
34,child,student,assisted,0.6558716694259125,"6,8",17,"14,7"
34,child,student,assisted,0.6558716694259125,"6,8",18,"15,7"
34,child,student,assisted,0.6558716694259125,"6,8",19,"13,8"
34,child,student,assisted,0.6558716694259125,"6,8",20,"14,8"
34,child,student,assisted,0.6558716694259125,"6,8",21,"13,7"
34,child,student,assisted,0.6558716694259125,"6,8",22,"6,8"
34,child,student,assisted,0.6558716694259125,"6,8",23,"6,8"
35,child,visitor,mobile,0.5492700374659585,"4,4",0,"4,4"
35,child,visitor,mobile,0.5492700374659585,"4,4",1,"4,4"
35,child,visitor,mobile,0.5492700374659585,"4,4",2,"4,4"
35,child,visitor,mobile,0.5492700374659585,"4,4",3,"4,4"
35,child,visitor,mobile,0.5492700374659585,"4,4",4,"4,4"
35,child,visitor,mobile,0.5492700374659585,"4,4",5,"4,4"
35,child,visitor,mobile,0.5492700374659585,"4,4",6,"4,4"
35,child,visitor,mobile,0.5492700374659585,"4,4",7,"9,9"
35,child,visitor,mobile,0.5492700374659585,"4,4",8,"9,6"
35,child,visitor,mobile,0.5492700374659585,"4,4",9,"9,7"
35,child,visitor,mobile,0.5492700374659585,"4,4",10,"9,7"
35,child,visitor,mobile,0.5492700374659585,"4,4",11,"9,7"
35,child,visitor,mobile,0.5492700374659585,"4,4",12,"9,7"
35,child,visitor,mobile,0.5492700374659585,"4,4",13,"9,7"
35,child,visitor,mobile,0.5492700374659585,"4,4",14,"9,7"
35,child,visitor,mobile,0.5492700374659585,"4,4",15,"9,7"
35,child,visitor,mobile,0.5492700374659585,"4,4",16,"9,7"
35,child,visitor,mobile,0.5492700374659585,"4,4",17,"8,7"
35,child,visitor,mobile,0.5492700374659585,"4,4",18,"9,5"
35,child,visitor,mobile,0.5492700374659585,"4,4",19,"9,6"
35,child,visitor,mobile,0.5492700374659585,"4,4",20,"9,6"
35,child,visitor,mobile,0.5492700374659585,"4,4",21,"11,6"
35,child,visitor,mobile,0.5492700374659585,"4,4",22,"4,4"
35,child,visitor,mobile,0.5492700374659585,"4,4",23,"4,4"
36,adult,commuter,mobile,0.28742961388729216,"9,8",0,"9,8"
36,adult,commuter,mobile,0.28742961388729216,"9,8",1,"9,8"
36,adult,commuter,mobile,0.28742961388729216,"9,8",2,"9,8"
36,adult,commuter,mobile,0.28742961388729216,"9,8",3,"9,8"
36,adult,commuter,mobile,0.28742961388729216,"9,8",4,"9,8"
36,adult,commuter,mobile,0.28742961388729216,"9,8",5,"9,8"
36,adult,commuter,mobile,0.28742961388729216,"9,8",6,"9,8"
36,adult,commuter,mobile,0.28742961388729216,"9,8",7,"0,0"
36,adult,commuter,mobile,0.28742961388729216,"9,8",8,"0,0"
36,adult,commuter,mobile,0.28742961388729216,"9,8",9,"0,0"
36,adult,commuter,mobile,0.28742961388729216,"9,8",10,"0,0"
36,adult,commuter,mobile,0.28742961388729216,"9,8",11,"0,0"
36,adult,commuter,mobile,0.28742961388729216,"9,8",12,"0,0"
36,adult,commuter,mobile,0.28742961388729216,"9,8",13,"0,0"
36,adult,commuter,mobile,0.28742961388729216,"9,8",14,"0,0"
36,adult,commuter,mobile,0.28742961388729216,"9,8",15,"0,0"
36,adult,commuter,mobile,0.28742961388729216,"9,8",16,"0,0"
36,adult,commuter,mobile,0.28742961388729216,"9,8",17,"0,2"
36,adult,commuter,mobile,0.28742961388729216,"9,8",18,"0,1"
36,adult,commuter,mobile,0.28742961388729216,"9,8",19,"0,1"
36,adult,commuter,mobile,0.28742961388729216,"9,8",20,"0,2"
36,adult,commuter,mobile,0.28742961388729216,"9,8",21,"0,0"
36,adult,commuter,mobile,0.28742961388729216,"9,8",22,"9,8"
36,adult,commuter,mobile,0.28742961388729216,"9,8",23,"9,8"
37,elderly,resident,assisted,0.862770385621313,"3,2",0,"3,2"
37,elderly,resident,assisted,0.862770385621313,"3,2",1,"3,2"
37,elderly,resident,assisted,0.862770385621313,"3,2",2,"3,2"
37,elderly,resident,assisted,0.862770385621313,"3,2",3,"3,2"
37,elderly,resident,assisted,0.862770385621313,"3,2",4,"3,2"
37,elderly,resident,assisted,0.862770385621313,"3,2",5,"3,2"
37,elderly,resident,assisted,0.862770385621313,"3,2",6,"3,2"
37,elderly,resident,assisted,0.862770385621313,"3,2",7,"1,2"
37,elderly,resident,assisted,0.862770385621313,"3,2",8,"2,3"
37,elderly,resident,assisted,0.862770385621313,"3,2",9,"3,4"
37,elderly,resident,assisted,0.862770385621313,"3,2",10,"3,4"
37,elderly,resident,assisted,0.862770385621313,"3,2",11,"3,4"
37,elderly,resident,assisted,0.862770385621313,"3,2",12,"3,4"
37,elderly,resident,assisted,0.862770385621313,"3,2",13,"3,4"
37,elderly,resident,assisted,0.862770385621313,"3,2",14,"3,4"
37,elderly,resident,assisted,0.862770385621313,"3,2",15,"3,4"
37,elderly,resident,assisted,0.862770385621313,"3,2",16,"3,4"
37,elderly,resident,assisted,0.862770385621313,"3,2",17,"5,6"
37,elderly,resident,assisted,0.862770385621313,"3,2",18,"2,6"
37,elderly,resident,assisted,0.862770385621313,"3,2",19,"5,4"
37,elderly,resident,assisted,0.862770385621313,"3,2",20,"3,5"
37,elderly,resident,assisted,0.862770385621313,"3,2",21,"1,6"
37,elderly,resident,assisted,0.862770385621313,"3,2",22,"3,2"
37,elderly,resident,assisted,0.862770385621313,"3,2",23,"3,2"
38,adult,student,mobile,0.23693857704201632,"9,5",0,"9,5"
38,adult,student,mobile,0.23693857704201632,"9,5",1,"9,5"
38,adult,student,mobile,0.23693857704201632,"9,5",2,"9,5"
38,adult,student,mobile,0.23693857704201632,"9,5",3,"9,5"
38,adult,student,mobile,0.23693857704201632,"9,5",4,"9,5"
38,adult,student,mobile,0.23693857704201632,"9,5",5,"9,5"
38,adult,student,mobile,0.23693857704201632,"9,5",6,"9,5"
38,adult,student,mobile,0.23693857704201632,"9,5",7,"0,6"
38,adult,student,mobile,0.23693857704201632,"9,5",8,"2,6"
38,adult,student,mobile,0.23693857704201632,"9,5",9,"0,5"
38,adult,student,mobile,0.23693857704201632,"9,5",10,"0,5"
38,adult,student,mobile,0.23693857704201632,"9,5",11,"0,5"
38,adult,student,mobile,0.23693857704201632,"9,5",12,"0,5"
38,adult,student,mobile,0.23693857704201632,"9,5",13,"0,5"
38,adult,student,mobile,0.23693857704201632,"9,5",14,"0,5"
38,adult,student,mobile,0.23693857704201632,"9,5",15,"0,5"
38,adult,student,mobile,0.23693857704201632,"9,5",16,"0,5"
38,adult,student,mobile,0.23693857704201632,"9,5",17,"2,3"
38,adult,student,mobile,0.23693857704201632,"9,5",18,"2,6"
38,adult,student,mobile,0.23693857704201632,"9,5",19,"2,7"
38,adult,student,mobile,0.23693857704201632,"9,5",20,"0,6"
38,adult,student,mobile,0.23693857704201632,"9,5",21,"0,7"
38,adult,student,mobile,0.23693857704201632,"9,5",22,"9,5"
38,adult,student,mobile,0.23693857704201632,"9,5",23,"9,5"
39,adult,resident,mobile,0.2454791545887237,"5,4",0,"5,4"
39,adult,resident,mobile,0.2454791545887237,"5,4",1,"5,4"
39,adult,resident,mobile,0.2454791545887237,"5,4",2,"5,4"
39,adult,resident,mobile,0.2454791545887237,"5,4",3,"5,4"
39,adult,resident,mobile,0.2454791545887237,"5,4",4,"5,4"
39,adult,resident,mobile,0.2454791545887237,"5,4",5,"5,4"
39,adult,resident,mobile,0.2454791545887237,"5,4",6,"5,4"
39,adult,resident,mobile,0.2454791545887237,"5,4",7,"3,7"
39,adult,resident,mobile,0.2454791545887237,"5,4",8,"1,9"
39,adult,resident,mobile,0.2454791545887237,"5,4",9,"3,8"
39,adult,resident,mobile,0.2454791545887237,"5,4",10,"3,8"
39,adult,resident,mobile,0.2454791545887237,"5,4",11,"3,8"
39,adult,resident,mobile,0.2454791545887237,"5,4",12,"3,8"
39,adult,resident,mobile,0.2454791545887237,"5,4",13,"3,8"
39,adult,resident,mobile,0.2454791545887237,"5,4",14,"3,8"
39,adult,resident,mobile,0.2454791545887237,"5,4",15,"3,8"
39,adult,resident,mobile,0.2454791545887237,"5,4",16,"3,8"
39,adult,resident,mobile,0.2454791545887237,"5,4",17,"3,9"
39,adult,resident,mobile,0.2454791545887237,"5,4",18,"5,9"
39,adult,resident,mobile,0.2454791545887237,"5,4",19,"1,9"
39,adult,resident,mobile,0.2454791545887237,"5,4",20,"5,9"
39,adult,resident,mobile,0.2454791545887237,"5,4",21,"2,6"
39,adult,resident,mobile,0.2454791545887237,"5,4",22,"5,4"
39,adult,resident,mobile,0.2454791545887237,"5,4",23,"5,4"
40,child,visitor,mobile,0.583334998890488,"10,1",0,"10,1"
40,child,visitor,mobile,0.583334998890488,"10,1",1,"10,1"
40,child,visitor,mobile,0.583334998890488,"10,1",2,"10,1"
40,child,visitor,mobile,0.583334998890488,"10,1",3,"10,1"
40,child,visitor,mobile,0.583334998890488,"10,1",4,"10,1"
40,child,visitor,mobile,0.583334998890488,"10,1",5,"10,1"
40,child,visitor,mobile,0.583334998890488,"10,1",6,"10,1"
40,child,visitor,mobile,0.583334998890488,"10,1",7,"8,4"
40,child,visitor,mobile,0.583334998890488,"10,1",8,"8,4"
40,child,visitor,mobile,0.583334998890488,"10,1",9,"7,4"
40,child,visitor,mobile,0.583334998890488,"10,1",10,"7,4"
40,child,visitor,mobile,0.583334998890488,"10,1",11,"7,4"
40,child,visitor,mobile,0.583334998890488,"10,1",12,"7,4"
40,child,visitor,mobile,0.583334998890488,"10,1",13,"7,4"
40,child,visitor,mobile,0.583334998890488,"10,1",14,"7,4"
40,child,visitor,mobile,0.583334998890488,"10,1",15,"7,4"
40,child,visitor,mobile,0.583334998890488,"10,1",16,"7,4"
40,child,visitor,mobile,0.583334998890488,"10,1",17,"5,5"
40,child,visitor,mobile,0.583334998890488,"10,1",18,"5,3"
40,child,visitor,mobile,0.583334998890488,"10,1",19,"9,6"
40,child,visitor,mobile,0.583334998890488,"10,1",20,"9,3"
40,child,visitor,mobile,0.583334998890488,"10,1",21,"8,2"
40,child,visitor,mobile,0.583334998890488,"10,1",22,"10,1"
40,child,visitor,mobile,0.583334998890488,"10,1",23,"10,1"
41,adult,student,mobile,0.2636638551640602,"13,9",0,"13,9"
41,adult,student,mobile,0.2636638551640602,"13,9",1,"13,9"
41,adult,student,mobile,0.2636638551640602,"13,9",2,"13,9"
41,adult,student,mobile,0.2636638551640602,"13,9",3,"13,9"
41,adult,student,mobile,0.2636638551640602,"13,9",4,"13,9"
41,adult,student,mobile,0.2636638551640602,"13,9",5,"13,9"
41,adult,student,mobile,0.2636638551640602,"13,9",6,"13,9"
41,adult,student,mobile,0.2636638551640602,"13,9",7,"5,5"
41,adult,student,mobile,0.2636638551640602,"13,9",8,"6,1"
41,adult,student,mobile,0.2636638551640602,"13,9",9,"7,3"
41,adult,student,mobile,0.2636638551640602,"13,9",10,"7,3"
41,adult,student,mobile,0.2636638551640602,"13,9",11,"7,3"
41,adult,student,mobile,0.2636638551640602,"13,9",12,"7,3"
41,adult,student,mobile,0.2636638551640602,"13,9",13,"7,3"
41,adult,student,mobile,0.2636638551640602,"13,9",14,"7,3"
41,adult,student,mobile,0.2636638551640602,"13,9",15,"7,3"
41,adult,student,mobile,0.2636638551640602,"13,9",16,"7,3"
41,adult,student,mobile,0.2636638551640602,"13,9",17,"7,5"
41,adult,student,mobile,0.2636638551640602,"13,9",18,"5,2"
41,adult,student,mobile,0.2636638551640602,"13,9",19,"9,1"
41,adult,student,mobile,0.2636638551640602,"13,9",20,"5,4"
41,adult,student,mobile,0.2636638551640602,"13,9",21,"5,5"
41,adult,student,mobile,0.2636638551640602,"13,9",22,"13,9"
41,adult,student,mobile,0.2636638551640602,"13,9",23,"13,9"
42,elderly,visitor,restricted,0.9350941601422765,"3,1",0,"3,1"
42,elderly,visitor,restricted,0.9350941601422765,"3,1",1,"3,1"
42,elderly,visitor,restricted,0.9350941601422765,"3,1",2,"3,1"
42,elderly,visitor,restricted,0.9350941601422765,"3,1",3,"3,1"
42,elderly,visitor,restricted,0.9350941601422765,"3,1",4,"3,1"
42,elderly,visitor,restricted,0.9350941601422765,"3,1",5,"3,1"
42,elderly,visitor,restricted,0.9350941601422765,"3,1",6,"3,1"
42,elderly,visitor,restricted,0.9350941601422765,"3,1",7,"13,7"
42,elderly,visitor,restricted,0.9350941601422765,"3,1",8,"13,7"
42,elderly,visitor,restricted,0.9350941601422765,"3,1",9,"12,8"
42,elderly,visitor,restricted,0.9350941601422765,"3,1",10,"12,8"
42,elderly,visitor,restricted,0.9350941601422765,"3,1",11,"12,8"
42,elderly,visitor,restricted,0.9350941601422765,"3,1",12,"12,8"
42,elderly,visitor,restricted,0.9350941601422765,"3,1",13,"12,8"
42,elderly,visitor,restricted,0.9350941601422765,"3,1",14,"12,8"
42,elderly,visitor,restricted,0.9350941601422765,"3,1",15,"12,8"
42,elderly,visitor,restricted,0.9350941601422765,"3,1",16,"12,8"
42,elderly,visitor,restricted,0.9350941601422765,"3,1",17,"10,8"
42,elderly,visitor,restricted,0.9350941601422765,"3,1",18,"14,6"
42,elderly,visitor,restricted,0.9350941601422765,"3,1",19,"11,6"
42,elderly,visitor,restricted,0.9350941601422765,"3,1",20,"11,7"
42,elderly,visitor,restricted,0.9350941601422765,"3,1",21,"10,8"
42,elderly,visitor,restricted,0.9350941601422765,"3,1",22,"3,1"
42,elderly,visitor,restricted,0.9350941601422765,"3,1",23,"3,1"
43,adult,student,mobile,0.21562936030731708,"1,6",0,"1,6"
43,adult,student,mobile,0.21562936030731708,"1,6",1,"1,6"
43,adult,student,mobile,0.21562936030731708,"1,6",2,"1,6"
43,adult,student,mobile,0.21562936030731708,"1,6",3,"1,6"
43,adult,student,mobile,0.21562936030731708,"1,6",4,"1,6"
43,adult,student,mobile,0.21562936030731708,"1,6",5,"1,6"
43,adult,student,mobile,0.21562936030731708,"1,6",6,"1,6"
43,adult,student,mobile,0.21562936030731708,"1,6",7,"19,7"
43,adult,student,mobile,0.21562936030731708,"1,6",8,"18,5"
43,adult,student,mobile,0.21562936030731708,"1,6",9,"19,7"
43,adult,student,mobile,0.21562936030731708,"1,6",10,"19,7"
43,adult,student,mobile,0.21562936030731708,"1,6",11,"19,7"
43,adult,student,mobile,0.21562936030731708,"1,6",12,"19,7"
43,adult,student,mobile,0.21562936030731708,"1,6",13,"19,7"
43,adult,student,mobile,0.21562936030731708,"1,6",14,"19,7"
43,adult,student,mobile,0.21562936030731708,"1,6",15,"19,7"
43,adult,student,mobile,0.21562936030731708,"1,6",16,"19,7"
43,adult,student,mobile,0.21562936030731708,"1,6",17,"19,5"
43,adult,student,mobile,0.21562936030731708,"1,6",18,"19,8"
43,adult,student,mobile,0.21562936030731708,"1,6",19,"17,6"
43,adult,student,mobile,0.21562936030731708,"1,6",20,"19,8"
43,adult,student,mobile,0.21562936030731708,"1,6",21,"19,7"
43,adult,student,mobile,0.21562936030731708,"1,6",22,"1,6"
43,adult,student,mobile,0.21562936030731708,"1,6",23,"1,6"
44,child,student,mobile,0.5397436170004551,"19,3",0,"19,3"
44,child,student,mobile,0.5397436170004551,"19,3",1,"19,3"
44,child,student,mobile,0.5397436170004551,"19,3",2,"19,3"
44,child,student,mobile,0.5397436170004551,"19,3",3,"19,3"
44,child,student,mobile,0.5397436170004551,"19,3",4,"19,3"
44,child,student,mobile,0.5397436170004551,"19,3",5,"19,3"
44,child,student,mobile,0.5397436170004551,"19,3",6,"19,3"
44,child,student,mobile,0.5397436170004551,"19,3",7,"11,4"
44,child,student,mobile,0.5397436170004551,"19,3",8,"14,1"
44,child,student,mobile,0.5397436170004551,"19,3",9,"12,3"
44,child,student,mobile,0.5397436170004551,"19,3",10,"12,3"
44,child,student,mobile,0.5397436170004551,"19,3",11,"12,3"
44,child,student,mobile,0.5397436170004551,"19,3",12,"12,3"
44,child,student,mobile,0.5397436170004551,"19,3",13,"12,3"
44,child,student,mobile,0.5397436170004551,"19,3",14,"12,3"
44,child,student,mobile,0.5397436170004551,"19,3",15,"12,3"
44,child,student,mobile,0.5397436170004551,"19,3",16,"12,3"
44,child,student,mobile,0.5397436170004551,"19,3",17,"10,3"
44,child,student,mobile,0.5397436170004551,"19,3",18,"12,4"
44,child,student,mobile,0.5397436170004551,"19,3",19,"13,5"
44,child,student,mobile,0.5397436170004551,"19,3",20,"14,1"
44,child,student,mobile,0.5397436170004551,"19,3",21,"11,1"
44,child,student,mobile,0.5397436170004551,"19,3",22,"19,3"
44,child,student,mobile,0.5397436170004551,"19,3",23,"19,3"
45,adult,worker,mobile,0.18354442553252845,"17,2",0,"17,2"
45,adult,worker,mobile,0.18354442553252845,"17,2",1,"17,2"
45,adult,worker,mobile,0.18354442553252845,"17,2",2,"17,2"
45,adult,worker,mobile,0.18354442553252845,"17,2",3,"17,2"
45,adult,worker,mobile,0.18354442553252845,"17,2",4,"17,2"
45,adult,worker,mobile,0.18354442553252845,"17,2",5,"17,2"
45,adult,worker,mobile,0.18354442553252845,"17,2",6,"17,2"
45,adult,worker,mobile,0.18354442553252845,"17,2",7,"0,2"
45,adult,worker,mobile,0.18354442553252845,"17,2",8,"0,3"
45,adult,worker,mobile,0.18354442553252845,"17,2",9,"0,2"
45,adult,worker,mobile,0.18354442553252845,"17,2",10,"0,2"
45,adult,worker,mobile,0.18354442553252845,"17,2",11,"0,2"
45,adult,worker,mobile,0.18354442553252845,"17,2",12,"0,2"
45,adult,worker,mobile,0.18354442553252845,"17,2",13,"0,2"
45,adult,worker,mobile,0.18354442553252845,"17,2",14,"0,2"
45,adult,worker,mobile,0.18354442553252845,"17,2",15,"0,2"
45,adult,worker,mobile,0.18354442553252845,"17,2",16,"0,2"
45,adult,worker,mobile,0.18354442553252845,"17,2",17,"0,1"
45,adult,worker,mobile,0.18354442553252845,"17,2",18,"0,0"
45,adult,worker,mobile,0.18354442553252845,"17,2",19,"0,0"
45,adult,worker,mobile,0.18354442553252845,"17,2",20,"0,1"
45,adult,worker,mobile,0.18354442553252845,"17,2",21,"1,0"
45,adult,worker,mobile,0.18354442553252845,"17,2",22,"17,2"
45,adult,worker,mobile,0.18354442553252845,"17,2",23,"17,2"
46,adult,resident,mobile,0.27255587776068274,"11,0",0,"11,0"
46,adult,resident,mobile,0.27255587776068274,"11,0",1,"11,0"
46,adult,resident,mobile,0.27255587776068274,"11,0",2,"11,0"
46,adult,resident,mobile,0.27255587776068274,"11,0",3,"11,0"
46,adult,resident,mobile,0.27255587776068274,"11,0",4,"11,0"
46,adult,resident,mobile,0.27255587776068274,"11,0",5,"11,0"
46,adult,resident,mobile,0.27255587776068274,"11,0",6,"11,0"
46,adult,resident,mobile,0.27255587776068274,"11,0",7,"19,0"
46,adult,resident,mobile,0.27255587776068274,"11,0",8,"19,0"
46,adult,resident,mobile,0.27255587776068274,"11,0",9,"19,0"
46,adult,resident,mobile,0.27255587776068274,"11,0",10,"19,0"
46,adult,resident,mobile,0.27255587776068274,"11,0",11,"19,0"
46,adult,resident,mobile,0.27255587776068274,"11,0",12,"19,0"
46,adult,resident,mobile,0.27255587776068274,"11,0",13,"19,0"
46,adult,resident,mobile,0.27255587776068274,"11,0",14,"19,0"
46,adult,resident,mobile,0.27255587776068274,"11,0",15,"19,0"
46,adult,resident,mobile,0.27255587776068274,"11,0",16,"19,0"
46,adult,resident,mobile,0.27255587776068274,"11,0",17,"19,1"
46,adult,resident,mobile,0.27255587776068274,"11,0",18,"17,0"
46,adult,resident,mobile,0.27255587776068274,"11,0",19,"18,0"
46,adult,resident,mobile,0.27255587776068274,"11,0",20,"19,1"
46,adult,resident,mobile,0.27255587776068274,"11,0",21,"19,0"
46,adult,resident,mobile,0.27255587776068274,"11,0",22,"11,0"
46,adult,resident,mobile,0.27255587776068274,"11,0",23,"11,0"
47,adult,resident,mobile,0.30152879677991906,"6,5",0,"6,5"
47,adult,resident,mobile,0.30152879677991906,"6,5",1,"6,5"
47,adult,resident,mobile,0.30152879677991906,"6,5",2,"6,5"
47,adult,resident,mobile,0.30152879677991906,"6,5",3,"6,5"
47,adult,resident,mobile,0.30152879677991906,"6,5",4,"6,5"
47,adult,resident,mobile,0.30152879677991906,"6,5",5,"6,5"
47,adult,resident,mobile,0.30152879677991906,"6,5",6,"6,5"
47,adult,resident,mobile,0.30152879677991906,"6,5",7,"10,7"
47,adult,resident,mobile,0.30152879677991906,"6,5",8,"11,7"
47,adult,resident,mobile,0.30152879677991906,"6,5",9,"12,5"
47,adult,resident,mobile,0.30152879677991906,"6,5",10,"12,5"
47,adult,resident,mobile,0.30152879677991906,"6,5",11,"12,5"
47,adult,resident,mobile,0.30152879677991906,"6,5",12,"12,5"
47,adult,resident,mobile,0.30152879677991906,"6,5",13,"12,5"
47,adult,resident,mobile,0.30152879677991906,"6,5",14,"12,5"
47,adult,resident,mobile,0.30152879677991906,"6,5",15,"12,5"
47,adult,resident,mobile,0.30152879677991906,"6,5",16,"12,5"
47,adult,resident,mobile,0.30152879677991906,"6,5",17,"10,5"
47,adult,resident,mobile,0.30152879677991906,"6,5",18,"13,6"
47,adult,resident,mobile,0.30152879677991906,"6,5",19,"14,6"
47,adult,resident,mobile,0.30152879677991906,"6,5",20,"11,3"
47,adult,resident,mobile,0.30152879677991906,"6,5",21,"13,6"
47,adult,resident,mobile,0.30152879677991906,"6,5",22,"6,5"
47,adult,resident,mobile,0.30152879677991906,"6,5",23,"6,5"
48,adult,worker,mobile,0.2424720207354753,"12,8",0,"12,8"
48,adult,worker,mobile,0.2424720207354753,"12,8",1,"12,8"
48,adult,worker,mobile,0.2424720207354753,"12,8",2,"12,8"
48,adult,worker,mobile,0.2424720207354753,"12,8",3,"12,8"
48,adult,worker,mobile,0.2424720207354753,"12,8",4,"12,8"
48,adult,worker,mobile,0.2424720207354753,"12,8",5,"12,8"
48,adult,worker,mobile,0.2424720207354753,"12,8",6,"12,8"
48,adult,worker,mobile,0.2424720207354753,"12,8",7,"11,8"
48,adult,worker,mobile,0.2424720207354753,"12,8",8,"13,6"
48,adult,worker,mobile,0.2424720207354753,"12,8",9,"12,7"
48,adult,worker,mobile,0.2424720207354753,"12,8",10,"12,7"
48,adult,worker,mobile,0.2424720207354753,"12,8",11,"12,7"
48,adult,worker,mobile,0.2424720207354753,"12,8",12,"12,7"
48,adult,worker,mobile,0.2424720207354753,"12,8",13,"12,7"
48,adult,worker,mobile,0.2424720207354753,"12,8",14,"12,7"
48,adult,worker,mobile,0.2424720207354753,"12,8",15,"12,7"
48,adult,worker,mobile,0.2424720207354753,"12,8",16,"12,7"
48,adult,worker,mobile,0.2424720207354753,"12,8",17,"10,7"
48,adult,worker,mobile,0.2424720207354753,"12,8",18,"14,5"
48,adult,worker,mobile,0.2424720207354753,"12,8",19,"11,8"
48,adult,worker,mobile,0.2424720207354753,"12,8",20,"11,9"
48,adult,worker,mobile,0.2424720207354753,"12,8",21,"12,8"
48,adult,worker,mobile,0.2424720207354753,"12,8",22,"12,8"
48,adult,worker,mobile,0.2424720207354753,"12,8",23,"12,8"
49,elderly,visitor,mobile,0.7645513584523809,"18,1",0,"18,1"
49,elderly,visitor,mobile,0.7645513584523809,"18,1",1,"18,1"
49,elderly,visitor,mobile,0.7645513584523809,"18,1",2,"18,1"
49,elderly,visitor,mobile,0.7645513584523809,"18,1",3,"18,1"
49,elderly,visitor,mobile,0.7645513584523809,"18,1",4,"18,1"
49,elderly,visitor,mobile,0.7645513584523809,"18,1",5,"18,1"
49,elderly,visitor,mobile,0.7645513584523809,"18,1",6,"18,1"
49,elderly,visitor,mobile,0.7645513584523809,"18,1",7,"16,5"
49,elderly,visitor,mobile,0.7645513584523809,"18,1",8,"13,4"
49,elderly,visitor,mobile,0.7645513584523809,"18,1",9,"15,5"
49,elderly,visitor,mobile,0.7645513584523809,"18,1",10,"15,5"
49,elderly,visitor,mobile,0.7645513584523809,"18,1",11,"15,5"
49,elderly,visitor,mobile,0.7645513584523809,"18,1",12,"15,5"
49,elderly,visitor,mobile,0.7645513584523809,"18,1",13,"15,5"
49,elderly,visitor,mobile,0.7645513584523809,"18,1",14,"15,5"
49,elderly,visitor,mobile,0.7645513584523809,"18,1",15,"15,5"
49,elderly,visitor,mobile,0.7645513584523809,"18,1",16,"15,5"
49,elderly,visitor,mobile,0.7645513584523809,"18,1",17,"15,4"
49,elderly,visitor,mobile,0.7645513584523809,"18,1",18,"14,6"
49,elderly,visitor,mobile,0.7645513584523809,"18,1",19,"13,5"
49,elderly,visitor,mobile,0.7645513584523809,"18,1",20,"17,5"
49,elderly,visitor,mobile,0.7645513584523809,"18,1",21,"13,3"
49,elderly,visitor,mobile,0.7645513584523809,"18,1",22,"18,1"
49,elderly,visitor,mobile,0.7645513584523809,"18,1",23,"18,1"
50,adult,resident,assisted,0.41514306586559097,"9,8",0,"9,8"
50,adult,resident,assisted,0.41514306586559097,"9,8",1,"9,8"
50,adult,resident,assisted,0.41514306586559097,"9,8",2,"9,8"
50,adult,resident,assisted,0.41514306586559097,"9,8",3,"9,8"
50,adult,resident,assisted,0.41514306586559097,"9,8",4,"9,8"
50,adult,resident,assisted,0.41514306586559097,"9,8",5,"9,8"
50,adult,resident,assisted,0.41514306586559097,"9,8",6,"9,8"
50,adult,resident,assisted,0.41514306586559097,"9,8",7,"13,7"
50,adult,resident,assisted,0.41514306586559097,"9,8",8,"12,7"
50,adult,resident,assisted,0.41514306586559097,"9,8",9,"11,8"
50,adult,resident,assisted,0.41514306586559097,"9,8",10,"11,8"
50,adult,resident,assisted,0.41514306586559097,"9,8",11,"11,8"
50,adult,resident,assisted,0.41514306586559097,"9,8",12,"11,8"
50,adult,resident,assisted,0.41514306586559097,"9,8",13,"11,8"
50,adult,resident,assisted,0.41514306586559097,"9,8",14,"11,8"
50,adult,resident,assisted,0.41514306586559097,"9,8",15,"11,8"
50,adult,resident,assisted,0.41514306586559097,"9,8",16,"11,8"
50,adult,resident,assisted,0.41514306586559097,"9,8",17,"13,9"
50,adult,resident,assisted,0.41514306586559097,"9,8",18,"11,7"
50,adult,resident,assisted,0.41514306586559097,"9,8",19,"12,9"
50,adult,resident,assisted,0.41514306586559097,"9,8",20,"9,7"
50,adult,resident,assisted,0.41514306586559097,"9,8",21,"13,9"
50,adult,resident,assisted,0.41514306586559097,"9,8",22,"9,8"
50,adult,resident,assisted,0.41514306586559097,"9,8",23,"9,8"
51,adult,worker,mobile,0.2061884568547753,"1,1",0,"1,1"
51,adult,worker,mobile,0.2061884568547753,"1,1",1,"1,1"
51,adult,worker,mobile,0.2061884568547753,"1,1",2,"1,1"
51,adult,worker,mobile,0.2061884568547753,"1,1",3,"1,1"
51,adult,worker,mobile,0.2061884568547753,"1,1",4,"1,1"
51,adult,worker,mobile,0.2061884568547753,"1,1",5,"1,1"
51,adult,worker,mobile,0.2061884568547753,"1,1",6,"1,1"
51,adult,worker,mobile,0.2061884568547753,"1,1",7,"12,0"
51,adult,worker,mobile,0.2061884568547753,"1,1",8,"12,1"
51,adult,worker,mobile,0.2061884568547753,"1,1",9,"11,0"
51,adult,worker,mobile,0.2061884568547753,"1,1",10,"11,0"
51,adult,worker,mobile,0.2061884568547753,"1,1",11,"11,0"
51,adult,worker,mobile,0.2061884568547753,"1,1",12,"11,0"
51,adult,worker,mobile,0.2061884568547753,"1,1",13,"11,0"
51,adult,worker,mobile,0.2061884568547753,"1,1",14,"11,0"
51,adult,worker,mobile,0.2061884568547753,"1,1",15,"11,0"
51,adult,worker,mobile,0.2061884568547753,"1,1",16,"11,0"
51,adult,worker,mobile,0.2061884568547753,"1,1",17,"13,0"
51,adult,worker,mobile,0.2061884568547753,"1,1",18,"10,2"
51,adult,worker,mobile,0.2061884568547753,"1,1",19,"11,0"
51,adult,worker,mobile,0.2061884568547753,"1,1",20,"9,2"
51,adult,worker,mobile,0.2061884568547753,"1,1",21,"9,0"
51,adult,worker,mobile,0.2061884568547753,"1,1",22,"1,1"
51,adult,worker,mobile,0.2061884568547753,"1,1",23,"1,1"
52,adult,worker,mobile,0.31853752554381776,"12,3",0,"12,3"
52,adult,worker,mobile,0.31853752554381776,"12,3",1,"12,3"
52,adult,worker,mobile,0.31853752554381776,"12,3",2,"12,3"
52,adult,worker,mobile,0.31853752554381776,"12,3",3,"12,3"
52,adult,worker,mobile,0.31853752554381776,"12,3",4,"12,3"
52,adult,worker,mobile,0.31853752554381776,"12,3",5,"12,3"
52,adult,worker,mobile,0.31853752554381776,"12,3",6,"12,3"
52,adult,worker,mobile,0.31853752554381776,"12,3",7,"7,8"
52,adult,worker,mobile,0.31853752554381776,"12,3",8,"6,9"
52,adult,worker,mobile,0.31853752554381776,"12,3",9,"7,8"
52,adult,worker,mobile,0.31853752554381776,"12,3",10,"7,8"
52,adult,worker,mobile,0.31853752554381776,"12,3",11,"7,8"
52,adult,worker,mobile,0.31853752554381776,"12,3",12,"7,8"
52,adult,worker,mobile,0.31853752554381776,"12,3",13,"7,8"
52,adult,worker,mobile,0.31853752554381776,"12,3",14,"7,8"
52,adult,worker,mobile,0.31853752554381776,"12,3",15,"7,8"
52,adult,worker,mobile,0.31853752554381776,"12,3",16,"7,8"
52,adult,worker,mobile,0.31853752554381776,"12,3",17,"8,7"
52,adult,worker,mobile,0.31853752554381776,"12,3",18,"7,9"
52,adult,worker,mobile,0.31853752554381776,"12,3",19,"6,8"
52,adult,worker,mobile,0.31853752554381776,"12,3",20,"5,9"
52,adult,worker,mobile,0.31853752554381776,"12,3",21,"5,9"
52,adult,worker,mobile,0.31853752554381776,"12,3",22,"12,3"
52,adult,worker,mobile,0.31853752554381776,"12,3",23,"12,3"
53,adult,commuter,mobile,0.2638404878487771,"17,7",0,"17,7"
53,adult,commuter,mobile,0.2638404878487771,"17,7",1,"17,7"
53,adult,commuter,mobile,0.2638404878487771,"17,7",2,"17,7"
53,adult,commuter,mobile,0.2638404878487771,"17,7",3,"17,7"
53,adult,commuter,mobile,0.2638404878487771,"17,7",4,"17,7"
53,adult,commuter,mobile,0.2638404878487771,"17,7",5,"17,7"
53,adult,commuter,mobile,0.2638404878487771,"17,7",6,"17,7"
53,adult,commuter,mobile,0.2638404878487771,"17,7",7,"15,6"
53,adult,commuter,mobile,0.2638404878487771,"17,7",8,"18,7"
53,adult,commuter,mobile,0.2638404878487771,"17,7",9,"16,7"
53,adult,commuter,mobile,0.2638404878487771,"17,7",10,"16,7"
53,adult,commuter,mobile,0.2638404878487771,"17,7",11,"16,7"
53,adult,commuter,mobile,0.2638404878487771,"17,7",12,"16,7"
53,adult,commuter,mobile,0.2638404878487771,"17,7",13,"16,7"
53,adult,commuter,mobile,0.2638404878487771,"17,7",14,"16,7"
53,adult,commuter,mobile,0.2638404878487771,"17,7",15,"16,7"
53,adult,commuter,mobile,0.2638404878487771,"17,7",16,"16,7"
53,adult,commuter,mobile,0.2638404878487771,"17,7",17,"17,9"
53,adult,commuter,mobile,0.2638404878487771,"17,7",18,"18,6"
53,adult,commuter,mobile,0.2638404878487771,"17,7",19,"18,9"
53,adult,commuter,mobile,0.2638404878487771,"17,7",20,"14,7"
53,adult,commuter,mobile,0.2638404878487771,"17,7",21,"14,6"
53,adult,commuter,mobile,0.2638404878487771,"17,7",22,"17,7"
53,adult,commuter,mobile,0.2638404878487771,"17,7",23,"17,7"
54,adult,worker,mobile,0.21400695401395703,"4,0",0,"4,0"
54,adult,worker,mobile,0.21400695401395703,"4,0",1,"4,0"
54,adult,worker,mobile,0.21400695401395703,"4,0",2,"4,0"
54,adult,worker,mobile,0.21400695401395703,"4,0",3,"4,0"
54,adult,worker,mobile,0.21400695401395703,"4,0",4,"4,0"
54,adult,worker,mobile,0.21400695401395703,"4,0",5,"4,0"
54,adult,worker,mobile,0.21400695401395703,"4,0",6,"4,0"
54,adult,worker,mobile,0.21400695401395703,"4,0",7,"0,4"
54,adult,worker,mobile,0.21400695401395703,"4,0",8,"0,2"
54,adult,worker,mobile,0.21400695401395703,"4,0",9,"0,3"
54,adult,worker,mobile,0.21400695401395703,"4,0",10,"0,3"
54,adult,worker,mobile,0.21400695401395703,"4,0",11,"0,3"
54,adult,worker,mobile,0.21400695401395703,"4,0",12,"0,3"
54,adult,worker,mobile,0.21400695401395703,"4,0",13,"0,3"
54,adult,worker,mobile,0.21400695401395703,"4,0",14,"0,3"
54,adult,worker,mobile,0.21400695401395703,"4,0",15,"0,3"
54,adult,worker,mobile,0.21400695401395703,"4,0",16,"0,3"
54,adult,worker,mobile,0.21400695401395703,"4,0",17,"1,3"
54,adult,worker,mobile,0.21400695401395703,"4,0",18,"0,5"
54,adult,worker,mobile,0.21400695401395703,"4,0",19,"1,3"
54,adult,worker,mobile,0.21400695401395703,"4,0",20,"0,1"
54,adult,worker,mobile,0.21400695401395703,"4,0",21,"2,5"
54,adult,worker,mobile,0.21400695401395703,"4,0",22,"4,0"
54,adult,worker,mobile,0.21400695401395703,"4,0",23,"4,0"
55,adult,commuter,mobile,0.3026292881022382,"17,3",0,"17,3"
55,adult,commuter,mobile,0.3026292881022382,"17,3",1,"17,3"
55,adult,commuter,mobile,0.3026292881022382,"17,3",2,"17,3"
55,adult,commuter,mobile,0.3026292881022382,"17,3",3,"17,3"
55,adult,commuter,mobile,0.3026292881022382,"17,3",4,"17,3"
55,adult,commuter,mobile,0.3026292881022382,"17,3",5,"17,3"
55,adult,commuter,mobile,0.3026292881022382,"17,3",6,"17,3"
55,adult,commuter,mobile,0.3026292881022382,"17,3",7,"0,0"
55,adult,commuter,mobile,0.3026292881022382,"17,3",8,"2,0"
55,adult,commuter,mobile,0.3026292881022382,"17,3",9,"0,1"
55,adult,commuter,mobile,0.3026292881022382,"17,3",10,"0,1"
55,adult,commuter,mobile,0.3026292881022382,"17,3",11,"0,1"
55,adult,commuter,mobile,0.3026292881022382,"17,3",12,"0,1"
55,adult,commuter,mobile,0.3026292881022382,"17,3",13,"0,1"
55,adult,commuter,mobile,0.3026292881022382,"17,3",14,"0,1"
55,adult,commuter,mobile,0.3026292881022382,"17,3",15,"0,1"
55,adult,commuter,mobile,0.3026292881022382,"17,3",16,"0,1"
55,adult,commuter,mobile,0.3026292881022382,"17,3",17,"1,0"
55,adult,commuter,mobile,0.3026292881022382,"17,3",18,"0,0"
55,adult,commuter,mobile,0.3026292881022382,"17,3",19,"0,2"
55,adult,commuter,mobile,0.3026292881022382,"17,3",20,"0,1"
55,adult,commuter,mobile,0.3026292881022382,"17,3",21,"0,1"
55,adult,commuter,mobile,0.3026292881022382,"17,3",22,"17,3"
55,adult,commuter,mobile,0.3026292881022382,"17,3",23,"17,3"
56,elderly,resident,mobile,0.7372548908762495,"4,0",0,"4,0"
56,elderly,resident,mobile,0.7372548908762495,"4,0",1,"4,0"
56,elderly,resident,mobile,0.7372548908762495,"4,0",2,"4,0"
56,elderly,resident,mobile,0.7372548908762495,"4,0",3,"4,0"
56,elderly,resident,mobile,0.7372548908762495,"4,0",4,"4,0"
56,elderly,resident,mobile,0.7372548908762495,"4,0",5,"4,0"
56,elderly,resident,mobile,0.7372548908762495,"4,0",6,"4,0"
56,elderly,resident,mobile,0.7372548908762495,"4,0",7,"12,0"
56,elderly,resident,mobile,0.7372548908762495,"4,0",8,"11,0"
56,elderly,resident,mobile,0.7372548908762495,"4,0",9,"11,0"
56,elderly,resident,mobile,0.7372548908762495,"4,0",10,"11,0"
56,elderly,resident,mobile,0.7372548908762495,"4,0",11,"11,0"
56,elderly,resident,mobile,0.7372548908762495,"4,0",12,"11,0"
56,elderly,resident,mobile,0.7372548908762495,"4,0",13,"11,0"
56,elderly,resident,mobile,0.7372548908762495,"4,0",14,"11,0"
56,elderly,resident,mobile,0.7372548908762495,"4,0",15,"11,0"
56,elderly,resident,mobile,0.7372548908762495,"4,0",16,"11,0"
56,elderly,resident,mobile,0.7372548908762495,"4,0",17,"12,1"
56,elderly,resident,mobile,0.7372548908762495,"4,0",18,"11,0"
56,elderly,resident,mobile,0.7372548908762495,"4,0",19,"13,1"
56,elderly,resident,mobile,0.7372548908762495,"4,0",20,"10,0"
56,elderly,resident,mobile,0.7372548908762495,"4,0",21,"13,0"
56,elderly,resident,mobile,0.7372548908762495,"4,0",22,"4,0"
56,elderly,resident,mobile,0.7372548908762495,"4,0",23,"4,0"
57,adult,worker,mobile,0.2208870448850433,"18,8",0,"18,8"
57,adult,worker,mobile,0.2208870448850433,"18,8",1,"18,8"
57,adult,worker,mobile,0.2208870448850433,"18,8",2,"18,8"
57,adult,worker,mobile,0.2208870448850433,"18,8",3,"18,8"
57,adult,worker,mobile,0.2208870448850433,"18,8",4,"18,8"
57,adult,worker,mobile,0.2208870448850433,"18,8",5,"18,8"
57,adult,worker,mobile,0.2208870448850433,"18,8",6,"18,8"
57,adult,worker,mobile,0.2208870448850433,"18,8",7,"8,1"
57,adult,worker,mobile,0.2208870448850433,"18,8",8,"9,0"
57,adult,worker,mobile,0.2208870448850433,"18,8",9,"7,0"
57,adult,worker,mobile,0.2208870448850433,"18,8",10,"7,0"
57,adult,worker,mobile,0.2208870448850433,"18,8",11,"7,0"
57,adult,worker,mobile,0.2208870448850433,"18,8",12,"7,0"
57,adult,worker,mobile,0.2208870448850433,"18,8",13,"7,0"
57,adult,worker,mobile,0.2208870448850433,"18,8",14,"7,0"
57,adult,worker,mobile,0.2208870448850433,"18,8",15,"7,0"
57,adult,worker,mobile,0.2208870448850433,"18,8",16,"7,0"
57,adult,worker,mobile,0.2208870448850433,"18,8",17,"7,0"
57,adult,worker,mobile,0.2208870448850433,"18,8",18,"5,0"
57,adult,worker,mobile,0.2208870448850433,"18,8",19,"7,2"
57,adult,worker,mobile,0.2208870448850433,"18,8",20,"6,0"
57,adult,worker,mobile,0.2208870448850433,"18,8",21,"9,0"
57,adult,worker,mobile,0.2208870448850433,"18,8",22,"18,8"
57,adult,worker,mobile,0.2208870448850433,"18,8",23,"18,8"
58,adult,resident,mobile,0.3144823244892736,"7,2",0,"7,2"
58,adult,resident,mobile,0.3144823244892736,"7,2",1,"7,2"
58,adult,resident,mobile,0.3144823244892736,"7,2",2,"7,2"
58,adult,resident,mobile,0.3144823244892736,"7,2",3,"7,2"
58,adult,resident,mobile,0.3144823244892736,"7,2",4,"7,2"
58,adult,resident,mobile,0.3144823244892736,"7,2",5,"7,2"
58,adult,resident,mobile,0.3144823244892736,"7,2",6,"7,2"
58,adult,resident,mobile,0.3144823244892736,"7,2",7,"4,6"
58,adult,resident,mobile,0.3144823244892736,"7,2",8,"5,6"
58,adult,resident,mobile,0.3144823244892736,"7,2",9,"5,6"
58,adult,resident,mobile,0.3144823244892736,"7,2",10,"5,6"
58,adult,resident,mobile,0.3144823244892736,"7,2",11,"5,6"
58,adult,resident,mobile,0.3144823244892736,"7,2",12,"5,6"
58,adult,resident,mobile,0.3144823244892736,"7,2",13,"5,6"
58,adult,resident,mobile,0.3144823244892736,"7,2",14,"5,6"
58,adult,resident,mobile,0.3144823244892736,"7,2",15,"5,6"
58,adult,resident,mobile,0.3144823244892736,"7,2",16,"5,6"
58,adult,resident,mobile,0.3144823244892736,"7,2",17,"6,7"
58,adult,resident,mobile,0.3144823244892736,"7,2",18,"5,6"
58,adult,resident,mobile,0.3144823244892736,"7,2",19,"4,5"
58,adult,resident,mobile,0.3144823244892736,"7,2",20,"7,7"
58,adult,resident,mobile,0.3144823244892736,"7,2",21,"4,4"
58,adult,resident,mobile,0.3144823244892736,"7,2",22,"7,2"
58,adult,resident,mobile,0.3144823244892736,"7,2",23,"7,2"
59,adult,commuter,mobile,0.22063955497119142,"14,6",0,"14,6"
59,adult,commuter,mobile,0.22063955497119142,"14,6",1,"14,6"
59,adult,commuter,mobile,0.22063955497119142,"14,6",2,"14,6"
59,adult,commuter,mobile,0.22063955497119142,"14,6",3,"14,6"
59,adult,commuter,mobile,0.22063955497119142,"14,6",4,"14,6"
59,adult,commuter,mobile,0.22063955497119142,"14,6",5,"14,6"
59,adult,commuter,mobile,0.22063955497119142,"14,6",6,"14,6"
59,adult,commuter,mobile,0.22063955497119142,"14,6",7,"14,0"
59,adult,commuter,mobile,0.22063955497119142,"14,6",8,"13,0"
59,adult,commuter,mobile,0.22063955497119142,"14,6",9,"13,1"
59,adult,commuter,mobile,0.22063955497119142,"14,6",10,"13,1"
59,adult,commuter,mobile,0.22063955497119142,"14,6",11,"13,1"
59,adult,commuter,mobile,0.22063955497119142,"14,6",12,"13,1"
59,adult,commuter,mobile,0.22063955497119142,"14,6",13,"13,1"
59,adult,commuter,mobile,0.22063955497119142,"14,6",14,"13,1"
59,adult,commuter,mobile,0.22063955497119142,"14,6",15,"13,1"
59,adult,commuter,mobile,0.22063955497119142,"14,6",16,"13,1"
59,adult,commuter,mobile,0.22063955497119142,"14,6",17,"11,1"
59,adult,commuter,mobile,0.22063955497119142,"14,6",18,"15,0"
59,adult,commuter,mobile,0.22063955497119142,"14,6",19,"11,0"
59,adult,commuter,mobile,0.22063955497119142,"14,6",20,"14,1"
59,adult,commuter,mobile,0.22063955497119142,"14,6",21,"14,1"
59,adult,commuter,mobile,0.22063955497119142,"14,6",22,"14,6"
59,adult,commuter,mobile,0.22063955497119142,"14,6",23,"14,6"
60,child,student,mobile,0.5166058535491507,"10,5",0,"10,5"
60,child,student,mobile,0.5166058535491507,"10,5",1,"10,5"
60,child,student,mobile,0.5166058535491507,"10,5",2,"10,5"
60,child,student,mobile,0.5166058535491507,"10,5",3,"10,5"
60,child,student,mobile,0.5166058535491507,"10,5",4,"10,5"
60,child,student,mobile,0.5166058535491507,"10,5",5,"10,5"
60,child,student,mobile,0.5166058535491507,"10,5",6,"10,5"
60,child,student,mobile,0.5166058535491507,"10,5",7,"16,2"
60,child,student,mobile,0.5166058535491507,"10,5",8,"17,3"
60,child,student,mobile,0.5166058535491507,"10,5",9,"17,3"
60,child,student,mobile,0.5166058535491507,"10,5",10,"17,3"
60,child,student,mobile,0.5166058535491507,"10,5",11,"17,3"
60,child,student,mobile,0.5166058535491507,"10,5",12,"17,3"
60,child,student,mobile,0.5166058535491507,"10,5",13,"17,3"
60,child,student,mobile,0.5166058535491507,"10,5",14,"17,3"
60,child,student,mobile,0.5166058535491507,"10,5",15,"17,3"
60,child,student,mobile,0.5166058535491507,"10,5",16,"17,3"
60,child,student,mobile,0.5166058535491507,"10,5",17,"15,3"
60,child,student,mobile,0.5166058535491507,"10,5",18,"18,3"
60,child,student,mobile,0.5166058535491507,"10,5",19,"17,4"
60,child,student,mobile,0.5166058535491507,"10,5",20,"17,2"
60,child,student,mobile,0.5166058535491507,"10,5",21,"15,1"
60,child,student,mobile,0.5166058535491507,"10,5",22,"10,5"
60,child,student,mobile,0.5166058535491507,"10,5",23,"10,5"
61,adult,worker,mobile,0.23464792877787313,"7,3",0,"7,3"
61,adult,worker,mobile,0.23464792877787313,"7,3",1,"7,3"
61,adult,worker,mobile,0.23464792877787313,"7,3",2,"7,3"
61,adult,worker,mobile,0.23464792877787313,"7,3",3,"7,3"
61,adult,worker,mobile,0.23464792877787313,"7,3",4,"7,3"
61,adult,worker,mobile,0.23464792877787313,"7,3",5,"7,3"
61,adult,worker,mobile,0.23464792877787313,"7,3",6,"7,3"
61,adult,worker,mobile,0.23464792877787313,"7,3",7,"14,0"
61,adult,worker,mobile,0.23464792877787313,"7,3",8,"12,0"
61,adult,worker,mobile,0.23464792877787313,"7,3",9,"13,0"
61,adult,worker,mobile,0.23464792877787313,"7,3",10,"13,0"
61,adult,worker,mobile,0.23464792877787313,"7,3",11,"13,0"
61,adult,worker,mobile,0.23464792877787313,"7,3",12,"13,0"
61,adult,worker,mobile,0.23464792877787313,"7,3",13,"13,0"
61,adult,worker,mobile,0.23464792877787313,"7,3",14,"13,0"
61,adult,worker,mobile,0.23464792877787313,"7,3",15,"13,0"
61,adult,worker,mobile,0.23464792877787313,"7,3",16,"13,0"
61,adult,worker,mobile,0.23464792877787313,"7,3",17,"12,0"
61,adult,worker,mobile,0.23464792877787313,"7,3",18,"12,1"
61,adult,worker,mobile,0.23464792877787313,"7,3",19,"14,1"
61,adult,worker,mobile,0.23464792877787313,"7,3",20,"12,0"
61,adult,worker,mobile,0.23464792877787313,"7,3",21,"13,0"
61,adult,worker,mobile,0.23464792877787313,"7,3",22,"7,3"
61,adult,worker,mobile,0.23464792877787313,"7,3",23,"7,3"
62,elderly,visitor,mobile,0.7780271499327811,"15,3",0,"15,3"
62,elderly,visitor,mobile,0.7780271499327811,"15,3",1,"15,3"
62,elderly,visitor,mobile,0.7780271499327811,"15,3",2,"15,3"
62,elderly,visitor,mobile,0.7780271499327811,"15,3",3,"15,3"
62,elderly,visitor,mobile,0.7780271499327811,"15,3",4,"15,3"
62,elderly,visitor,mobile,0.7780271499327811,"15,3",5,"15,3"
62,elderly,visitor,mobile,0.7780271499327811,"15,3",6,"15,3"
62,elderly,visitor,mobile,0.7780271499327811,"15,3",7,"2,1"
62,elderly,visitor,mobile,0.7780271499327811,"15,3",8,"3,0"
62,elderly,visitor,mobile,0.7780271499327811,"15,3",9,"1,1"
62,elderly,visitor,mobile,0.7780271499327811,"15,3",10,"1,1"
62,elderly,visitor,mobile,0.7780271499327811,"15,3",11,"1,1"
62,elderly,visitor,mobile,0.7780271499327811,"15,3",12,"1,1"
62,elderly,visitor,mobile,0.7780271499327811,"15,3",13,"1,1"
62,elderly,visitor,mobile,0.7780271499327811,"15,3",14,"1,1"
62,elderly,visitor,mobile,0.7780271499327811,"15,3",15,"1,1"
62,elderly,visitor,mobile,0.7780271499327811,"15,3",16,"1,1"
62,elderly,visitor,mobile,0.7780271499327811,"15,3",17,"3,3"
62,elderly,visitor,mobile,0.7780271499327811,"15,3",18,"2,2"
62,elderly,visitor,mobile,0.7780271499327811,"15,3",19,"0,0"
62,elderly,visitor,mobile,0.7780271499327811,"15,3",20,"0,1"
62,elderly,visitor,mobile,0.7780271499327811,"15,3",21,"1,1"
62,elderly,visitor,mobile,0.7780271499327811,"15,3",22,"15,3"
62,elderly,visitor,mobile,0.7780271499327811,"15,3",23,"15,3"
63,elderly,resident,mobile,0.7701272985546185,"15,7",0,"15,7"
63,elderly,resident,mobile,0.7701272985546185,"15,7",1,"15,7"
63,elderly,resident,mobile,0.7701272985546185,"15,7",2,"15,7"
63,elderly,resident,mobile,0.7701272985546185,"15,7",3,"15,7"
63,elderly,resident,mobile,0.7701272985546185,"15,7",4,"15,7"
63,elderly,resident,mobile,0.7701272985546185,"15,7",5,"15,7"
63,elderly,resident,mobile,0.7701272985546185,"15,7",6,"15,7"
63,elderly,resident,mobile,0.7701272985546185,"15,7",7,"5,2"
63,elderly,resident,mobile,0.7701272985546185,"15,7",8,"5,5"
63,elderly,resident,mobile,0.7701272985546185,"15,7",9,"5,4"
63,elderly,resident,mobile,0.7701272985546185,"15,7",10,"5,4"
63,elderly,resident,mobile,0.7701272985546185,"15,7",11,"5,4"
63,elderly,resident,mobile,0.7701272985546185,"15,7",12,"5,4"
63,elderly,resident,mobile,0.7701272985546185,"15,7",13,"5,4"
63,elderly,resident,mobile,0.7701272985546185,"15,7",14,"5,4"
63,elderly,resident,mobile,0.7701272985546185,"15,7",15,"5,4"
63,elderly,resident,mobile,0.7701272985546185,"15,7",16,"5,4"
63,elderly,resident,mobile,0.7701272985546185,"15,7",17,"3,4"
63,elderly,resident,mobile,0.7701272985546185,"15,7",18,"4,2"
63,elderly,resident,mobile,0.7701272985546185,"15,7",19,"7,5"
63,elderly,resident,mobile,0.7701272985546185,"15,7",20,"7,4"
63,elderly,resident,mobile,0.7701272985546185,"15,7",21,"3,3"
63,elderly,resident,mobile,0.7701272985546185,"15,7",22,"15,7"
63,elderly,resident,mobile,0.7701272985546185,"15,7",23,"15,7"
64,adult,commuter,mobile,0.260395348860413,"3,9",0,"3,9"
64,adult,commuter,mobile,0.260395348860413,"3,9",1,"3,9"
64,adult,commuter,mobile,0.260395348860413,"3,9",2,"3,9"
64,adult,commuter,mobile,0.260395348860413,"3,9",3,"3,9"
64,adult,commuter,mobile,0.260395348860413,"3,9",4,"3,9"
64,adult,commuter,mobile,0.260395348860413,"3,9",5,"3,9"
64,adult,commuter,mobile,0.260395348860413,"3,9",6,"3,9"
64,adult,commuter,mobile,0.260395348860413,"3,9",7,"16,3"
64,adult,commuter,mobile,0.260395348860413,"3,9",8,"16,4"
64,adult,commuter,mobile,0.260395348860413,"3,9",9,"15,4"
64,adult,commuter,mobile,0.260395348860413,"3,9",10,"15,4"
64,adult,commuter,mobile,0.260395348860413,"3,9",11,"15,4"
64,adult,commuter,mobile,0.260395348860413,"3,9",12,"15,4"
64,adult,commuter,mobile,0.260395348860413,"3,9",13,"15,4"
64,adult,commuter,mobile,0.260395348860413,"3,9",14,"15,4"
64,adult,commuter,mobile,0.260395348860413,"3,9",15,"15,4"
64,adult,commuter,mobile,0.260395348860413,"3,9",16,"15,4"
64,adult,commuter,mobile,0.260395348860413,"3,9",17,"13,6"
64,adult,commuter,mobile,0.260395348860413,"3,9",18,"16,6"
64,adult,commuter,mobile,0.260395348860413,"3,9",19,"17,5"
64,adult,commuter,mobile,0.260395348860413,"3,9",20,"17,6"
64,adult,commuter,mobile,0.260395348860413,"3,9",21,"14,5"
64,adult,commuter,mobile,0.260395348860413,"3,9",22,"3,9"
64,adult,commuter,mobile,0.260395348860413,"3,9",23,"3,9"
65,adult,commuter,mobile,0.18124989624959473,"0,6",0,"0,6"
65,adult,commuter,mobile,0.18124989624959473,"0,6",1,"0,6"
65,adult,commuter,mobile,0.18124989624959473,"0,6",2,"0,6"
65,adult,commuter,mobile,0.18124989624959473,"0,6",3,"0,6"
65,adult,commuter,mobile,0.18124989624959473,"0,6",4,"0,6"
65,adult,commuter,mobile,0.18124989624959473,"0,6",5,"0,6"
65,adult,commuter,mobile,0.18124989624959473,"0,6",6,"0,6"
65,adult,commuter,mobile,0.18124989624959473,"0,6",7,"15,8"
65,adult,commuter,mobile,0.18124989624959473,"0,6",8,"17,9"
65,adult,commuter,mobile,0.18124989624959473,"0,6",9,"17,9"
65,adult,commuter,mobile,0.18124989624959473,"0,6",10,"17,9"
65,adult,commuter,mobile,0.18124989624959473,"0,6",11,"17,9"
65,adult,commuter,mobile,0.18124989624959473,"0,6",12,"17,9"
65,adult,commuter,mobile,0.18124989624959473,"0,6",13,"17,9"
65,adult,commuter,mobile,0.18124989624959473,"0,6",14,"17,9"
65,adult,commuter,mobile,0.18124989624959473,"0,6",15,"17,9"
65,adult,commuter,mobile,0.18124989624959473,"0,6",16,"17,9"
65,adult,commuter,mobile,0.18124989624959473,"0,6",17,"16,8"
65,adult,commuter,mobile,0.18124989624959473,"0,6",18,"19,9"
65,adult,commuter,mobile,0.18124989624959473,"0,6",19,"15,9"
65,adult,commuter,mobile,0.18124989624959473,"0,6",20,"18,7"
65,adult,commuter,mobile,0.18124989624959473,"0,6",21,"17,8"
65,adult,commuter,mobile,0.18124989624959473,"0,6",22,"0,6"
65,adult,commuter,mobile,0.18124989624959473,"0,6",23,"0,6"
66,elderly,visitor,mobile,0.7479987221088478,"14,2",0,"14,2"
66,elderly,visitor,mobile,0.7479987221088478,"14,2",1,"14,2"
66,elderly,visitor,mobile,0.7479987221088478,"14,2",2,"14,2"
66,elderly,visitor,mobile,0.7479987221088478,"14,2",3,"14,2"
66,elderly,visitor,mobile,0.7479987221088478,"14,2",4,"14,2"
66,elderly,visitor,mobile,0.7479987221088478,"14,2",5,"14,2"
66,elderly,visitor,mobile,0.7479987221088478,"14,2",6,"14,2"
66,elderly,visitor,mobile,0.7479987221088478,"14,2",7,"10,9"
66,elderly,visitor,mobile,0.7479987221088478,"14,2",8,"6,9"
66,elderly,visitor,mobile,0.7479987221088478,"14,2",9,"8,9"
66,elderly,visitor,mobile,0.7479987221088478,"14,2",10,"8,9"
66,elderly,visitor,mobile,0.7479987221088478,"14,2",11,"8,9"
66,elderly,visitor,mobile,0.7479987221088478,"14,2",12,"8,9"
66,elderly,visitor,mobile,0.7479987221088478,"14,2",13,"8,9"
66,elderly,visitor,mobile,0.7479987221088478,"14,2",14,"8,9"
66,elderly,visitor,mobile,0.7479987221088478,"14,2",15,"8,9"
66,elderly,visitor,mobile,0.7479987221088478,"14,2",16,"8,9"
66,elderly,visitor,mobile,0.7479987221088478,"14,2",17,"10,9"
66,elderly,visitor,mobile,0.7479987221088478,"14,2",18,"6,9"
66,elderly,visitor,mobile,0.7479987221088478,"14,2",19,"7,8"
66,elderly,visitor,mobile,0.7479987221088478,"14,2",20,"6,9"
66,elderly,visitor,mobile,0.7479987221088478,"14,2",21,"8,8"
66,elderly,visitor,mobile,0.7479987221088478,"14,2",22,"14,2"
66,elderly,visitor,mobile,0.7479987221088478,"14,2",23,"14,2"
67,adult,worker,mobile,0.2747694705910339,"19,0",0,"19,0"
67,adult,worker,mobile,0.2747694705910339,"19,0",1,"19,0"
67,adult,worker,mobile,0.2747694705910339,"19,0",2,"19,0"
67,adult,worker,mobile,0.2747694705910339,"19,0",3,"19,0"
67,adult,worker,mobile,0.2747694705910339,"19,0",4,"19,0"
67,adult,worker,mobile,0.2747694705910339,"19,0",5,"19,0"
67,adult,worker,mobile,0.2747694705910339,"19,0",6,"19,0"
67,adult,worker,mobile,0.2747694705910339,"19,0",7,"0,3"
67,adult,worker,mobile,0.2747694705910339,"19,0",8,"2,6"
67,adult,worker,mobile,0.2747694705910339,"19,0",9,"0,5"
67,adult,worker,mobile,0.2747694705910339,"19,0",10,"0,5"
67,adult,worker,mobile,0.2747694705910339,"19,0",11,"0,5"
67,adult,worker,mobile,0.2747694705910339,"19,0",12,"0,5"
67,adult,worker,mobile,0.2747694705910339,"19,0",13,"0,5"
67,adult,worker,mobile,0.2747694705910339,"19,0",14,"0,5"
67,adult,worker,mobile,0.2747694705910339,"19,0",15,"0,5"
67,adult,worker,mobile,0.2747694705910339,"19,0",16,"0,5"
67,adult,worker,mobile,0.2747694705910339,"19,0",17,"0,3"
67,adult,worker,mobile,0.2747694705910339,"19,0",18,"1,4"
67,adult,worker,mobile,0.2747694705910339,"19,0",19,"2,4"
67,adult,worker,mobile,0.2747694705910339,"19,0",20,"0,5"
67,adult,worker,mobile,0.2747694705910339,"19,0",21,"0,7"
67,adult,worker,mobile,0.2747694705910339,"19,0",22,"19,0"
67,adult,worker,mobile,0.2747694705910339,"19,0",23,"19,0"
68,adult,visitor,mobile,0.2623728676439467,"13,3",0,"13,3"
68,adult,visitor,mobile,0.2623728676439467,"13,3",1,"13,3"
68,adult,visitor,mobile,0.2623728676439467,"13,3",2,"13,3"
68,adult,visitor,mobile,0.2623728676439467,"13,3",3,"13,3"
68,adult,visitor,mobile,0.2623728676439467,"13,3",4,"13,3"
68,adult,visitor,mobile,0.2623728676439467,"13,3",5,"13,3"
68,adult,visitor,mobile,0.2623728676439467,"13,3",6,"13,3"
68,adult,visitor,mobile,0.2623728676439467,"13,3",7,"14,3"
68,adult,visitor,mobile,0.2623728676439467,"13,3",8,"18,1"
68,adult,visitor,mobile,0.2623728676439467,"13,3",9,"16,1"
68,adult,visitor,mobile,0.2623728676439467,"13,3",10,"16,1"
68,adult,visitor,mobile,0.2623728676439467,"13,3",11,"16,1"
68,adult,visitor,mobile,0.2623728676439467,"13,3",12,"16,1"
68,adult,visitor,mobile,0.2623728676439467,"13,3",13,"16,1"
68,adult,visitor,mobile,0.2623728676439467,"13,3",14,"16,1"
68,adult,visitor,mobile,0.2623728676439467,"13,3",15,"16,1"
68,adult,visitor,mobile,0.2623728676439467,"13,3",16,"16,1"
68,adult,visitor,mobile,0.2623728676439467,"13,3",17,"16,2"
68,adult,visitor,mobile,0.2623728676439467,"13,3",18,"14,0"
68,adult,visitor,mobile,0.2623728676439467,"13,3",19,"16,0"
68,adult,visitor,mobile,0.2623728676439467,"13,3",20,"16,0"
68,adult,visitor,mobile,0.2623728676439467,"13,3",21,"14,0"
68,adult,visitor,mobile,0.2623728676439467,"13,3",22,"13,3"
68,adult,visitor,mobile,0.2623728676439467,"13,3",23,"13,3"
69,adult,worker,mobile,0.3475954363017591,"13,3",0,"13,3"
69,adult,worker,mobile,0.3475954363017591,"13,3",1,"13,3"
69,adult,worker,mobile,0.3475954363017591,"13,3",2,"13,3"
69,adult,worker,mobile,0.3475954363017591,"13,3",3,"13,3"
69,adult,worker,mobile,0.3475954363017591,"13,3",4,"13,3"
69,adult,worker,mobile,0.3475954363017591,"13,3",5,"13,3"
69,adult,worker,mobile,0.3475954363017591,"13,3",6,"13,3"
69,adult,worker,mobile,0.3475954363017591,"13,3",7,"13,4"
69,adult,worker,mobile,0.3475954363017591,"13,3",8,"10,3"
69,adult,worker,mobile,0.3475954363017591,"13,3",9,"12,4"
69,adult,worker,mobile,0.3475954363017591,"13,3",10,"12,4"
69,adult,worker,mobile,0.3475954363017591,"13,3",11,"12,4"
69,adult,worker,mobile,0.3475954363017591,"13,3",12,"12,4"
69,adult,worker,mobile,0.3475954363017591,"13,3",13,"12,4"
69,adult,worker,mobile,0.3475954363017591,"13,3",14,"12,4"
69,adult,worker,mobile,0.3475954363017591,"13,3",15,"12,4"
69,adult,worker,mobile,0.3475954363017591,"13,3",16,"12,4"
69,adult,worker,mobile,0.3475954363017591,"13,3",17,"12,5"
69,adult,worker,mobile,0.3475954363017591,"13,3",18,"11,6"
69,adult,worker,mobile,0.3475954363017591,"13,3",19,"11,6"
69,adult,worker,mobile,0.3475954363017591,"13,3",20,"14,2"
69,adult,worker,mobile,0.3475954363017591,"13,3",21,"14,4"
69,adult,worker,mobile,0.3475954363017591,"13,3",22,"13,3"
69,adult,worker,mobile,0.3475954363017591,"13,3",23,"13,3"
70,adult,commuter,mobile,0.18683697056304266,"17,4",0,"17,4"
70,adult,commuter,mobile,0.18683697056304266,"17,4",1,"17,4"
70,adult,commuter,mobile,0.18683697056304266,"17,4",2,"17,4"
70,adult,commuter,mobile,0.18683697056304266,"17,4",3,"17,4"
70,adult,commuter,mobile,0.18683697056304266,"17,4",4,"17,4"
70,adult,commuter,mobile,0.18683697056304266,"17,4",5,"17,4"
70,adult,commuter,mobile,0.18683697056304266,"17,4",6,"17,4"
70,adult,commuter,mobile,0.18683697056304266,"17,4",7,"5,7"
70,adult,commuter,mobile,0.18683697056304266,"17,4",8,"7,9"
70,adult,commuter,mobile,0.18683697056304266,"17,4",9,"7,9"
70,adult,commuter,mobile,0.18683697056304266,"17,4",10,"7,9"
70,adult,commuter,mobile,0.18683697056304266,"17,4",11,"7,9"
70,adult,commuter,mobile,0.18683697056304266,"17,4",12,"7,9"
70,adult,commuter,mobile,0.18683697056304266,"17,4",13,"7,9"
70,adult,commuter,mobile,0.18683697056304266,"17,4",14,"7,9"
70,adult,commuter,mobile,0.18683697056304266,"17,4",15,"7,9"
70,adult,commuter,mobile,0.18683697056304266,"17,4",16,"7,9"
70,adult,commuter,mobile,0.18683697056304266,"17,4",17,"5,9"
70,adult,commuter,mobile,0.18683697056304266,"17,4",18,"7,9"
70,adult,commuter,mobile,0.18683697056304266,"17,4",19,"5,9"
70,adult,commuter,mobile,0.18683697056304266,"17,4",20,"5,7"
70,adult,commuter,mobile,0.18683697056304266,"17,4",21,"9,8"
70,adult,commuter,mobile,0.18683697056304266,"17,4",22,"17,4"
70,adult,commuter,mobile,0.18683697056304266,"17,4",23,"17,4"
71,adult,commuter,mobile,0.2252873014963322,"4,8",0,"4,8"
71,adult,commuter,mobile,0.2252873014963322,"4,8",1,"4,8"
71,adult,commuter,mobile,0.2252873014963322,"4,8",2,"4,8"
71,adult,commuter,mobile,0.2252873014963322,"4,8",3,"4,8"
71,adult,commuter,mobile,0.2252873014963322,"4,8",4,"4,8"
71,adult,commuter,mobile,0.2252873014963322,"4,8",5,"4,8"
71,adult,commuter,mobile,0.2252873014963322,"4,8",6,"4,8"
71,adult,commuter,mobile,0.2252873014963322,"4,8",7,"10,3"
71,adult,commuter,mobile,0.2252873014963322,"4,8",8,"9,5"
71,adult,commuter,mobile,0.2252873014963322,"4,8",9,"8,3"
71,adult,commuter,mobile,0.2252873014963322,"4,8",10,"8,3"
71,adult,commuter,mobile,0.2252873014963322,"4,8",11,"8,3"
71,adult,commuter,mobile,0.2252873014963322,"4,8",12,"8,3"
71,adult,commuter,mobile,0.2252873014963322,"4,8",13,"8,3"
71,adult,commuter,mobile,0.2252873014963322,"4,8",14,"8,3"
71,adult,commuter,mobile,0.2252873014963322,"4,8",15,"8,3"
71,adult,commuter,mobile,0.2252873014963322,"4,8",16,"8,3"
71,adult,commuter,mobile,0.2252873014963322,"4,8",17,"10,2"
71,adult,commuter,mobile,0.2252873014963322,"4,8",18,"9,5"
71,adult,commuter,mobile,0.2252873014963322,"4,8",19,"6,5"
71,adult,commuter,mobile,0.2252873014963322,"4,8",20,"7,4"
71,adult,commuter,mobile,0.2252873014963322,"4,8",21,"7,4"
71,adult,commuter,mobile,0.2252873014963322,"4,8",22,"4,8"
71,adult,commuter,mobile,0.2252873014963322,"4,8",23,"4,8"
72,adult,commuter,mobile,0.3073174185068305,"11,5",0,"11,5"
72,adult,commuter,mobile,0.3073174185068305,"11,5",1,"11,5"
72,adult,commuter,mobile,0.3073174185068305,"11,5",2,"11,5"
72,adult,commuter,mobile,0.3073174185068305,"11,5",3,"11,5"
72,adult,commuter,mobile,0.3073174185068305,"11,5",4,"11,5"
72,adult,commuter,mobile,0.3073174185068305,"11,5",5,"11,5"
72,adult,commuter,mobile,0.3073174185068305,"11,5",6,"11,5"
72,adult,commuter,mobile,0.3073174185068305,"11,5",7,"4,6"
72,adult,commuter,mobile,0.3073174185068305,"11,5",8,"4,7"
72,adult,commuter,mobile,0.3073174185068305,"11,5",9,"3,6"
72,adult,commuter,mobile,0.3073174185068305,"11,5",10,"3,6"
72,adult,commuter,mobile,0.3073174185068305,"11,5",11,"3,6"
72,adult,commuter,mobile,0.3073174185068305,"11,5",12,"3,6"
72,adult,commuter,mobile,0.3073174185068305,"11,5",13,"3,6"
72,adult,commuter,mobile,0.3073174185068305,"11,5",14,"3,6"
72,adult,commuter,mobile,0.3073174185068305,"11,5",15,"3,6"
72,adult,commuter,mobile,0.3073174185068305,"11,5",16,"3,6"
72,adult,commuter,mobile,0.3073174185068305,"11,5",17,"2,6"
72,adult,commuter,mobile,0.3073174185068305,"11,5",18,"1,8"
72,adult,commuter,mobile,0.3073174185068305,"11,5",19,"4,7"
72,adult,commuter,mobile,0.3073174185068305,"11,5",20,"3,4"
72,adult,commuter,mobile,0.3073174185068305,"11,5",21,"1,7"
72,adult,commuter,mobile,0.3073174185068305,"11,5",22,"11,5"
72,adult,commuter,mobile,0.3073174185068305,"11,5",23,"11,5"
73,adult,worker,mobile,0.28651314785661347,"16,5",0,"16,5"
73,adult,worker,mobile,0.28651314785661347,"16,5",1,"16,5"
73,adult,worker,mobile,0.28651314785661347,"16,5",2,"16,5"
73,adult,worker,mobile,0.28651314785661347,"16,5",3,"16,5"
73,adult,worker,mobile,0.28651314785661347,"16,5",4,"16,5"
73,adult,worker,mobile,0.28651314785661347,"16,5",5,"16,5"
73,adult,worker,mobile,0.28651314785661347,"16,5",6,"16,5"
73,adult,worker,mobile,0.28651314785661347,"16,5",7,"19,2"
73,adult,worker,mobile,0.28651314785661347,"16,5",8,"19,4"
73,adult,worker,mobile,0.28651314785661347,"16,5",9,"19,3"
73,adult,worker,mobile,0.28651314785661347,"16,5",10,"19,3"
73,adult,worker,mobile,0.28651314785661347,"16,5",11,"19,3"
73,adult,worker,mobile,0.28651314785661347,"16,5",12,"19,3"
73,adult,worker,mobile,0.28651314785661347,"16,5",13,"19,3"
73,adult,worker,mobile,0.28651314785661347,"16,5",14,"19,3"
73,adult,worker,mobile,0.28651314785661347,"16,5",15,"19,3"
73,adult,worker,mobile,0.28651314785661347,"16,5",16,"19,3"
73,adult,worker,mobile,0.28651314785661347,"16,5",17,"19,2"
73,adult,worker,mobile,0.28651314785661347,"16,5",18,"19,5"
73,adult,worker,mobile,0.28651314785661347,"16,5",19,"19,2"
73,adult,worker,mobile,0.28651314785661347,"16,5",20,"19,4"
73,adult,worker,mobile,0.28651314785661347,"16,5",21,"17,2"
73,adult,worker,mobile,0.28651314785661347,"16,5",22,"16,5"
73,adult,worker,mobile,0.28651314785661347,"16,5",23,"16,5"
74,elderly,visitor,mobile,0.7497164804572996,"10,3",0,"10,3"
74,elderly,visitor,mobile,0.7497164804572996,"10,3",1,"10,3"
74,elderly,visitor,mobile,0.7497164804572996,"10,3",2,"10,3"
74,elderly,visitor,mobile,0.7497164804572996,"10,3",3,"10,3"
74,elderly,visitor,mobile,0.7497164804572996,"10,3",4,"10,3"
74,elderly,visitor,mobile,0.7497164804572996,"10,3",5,"10,3"
74,elderly,visitor,mobile,0.7497164804572996,"10,3",6,"10,3"
74,elderly,visitor,mobile,0.7497164804572996,"10,3",7,"0,9"
74,elderly,visitor,mobile,0.7497164804572996,"10,3",8,"0,5"
74,elderly,visitor,mobile,0.7497164804572996,"10,3",9,"0,7"
74,elderly,visitor,mobile,0.7497164804572996,"10,3",10,"0,7"
74,elderly,visitor,mobile,0.7497164804572996,"10,3",11,"0,7"
74,elderly,visitor,mobile,0.7497164804572996,"10,3",12,"0,7"
74,elderly,visitor,mobile,0.7497164804572996,"10,3",13,"0,7"
74,elderly,visitor,mobile,0.7497164804572996,"10,3",14,"0,7"
74,elderly,visitor,mobile,0.7497164804572996,"10,3",15,"0,7"
74,elderly,visitor,mobile,0.7497164804572996,"10,3",16,"0,7"
74,elderly,visitor,mobile,0.7497164804572996,"10,3",17,"2,5"
74,elderly,visitor,mobile,0.7497164804572996,"10,3",18,"0,8"
74,elderly,visitor,mobile,0.7497164804572996,"10,3",19,"0,9"
74,elderly,visitor,mobile,0.7497164804572996,"10,3",20,"0,9"
74,elderly,visitor,mobile,0.7497164804572996,"10,3",21,"2,7"
74,elderly,visitor,mobile,0.7497164804572996,"10,3",22,"10,3"
74,elderly,visitor,mobile,0.7497164804572996,"10,3",23,"10,3"
75,elderly,resident,assisted,0.8576126643135189,"19,8",0,"19,8"
75,elderly,resident,assisted,0.8576126643135189,"19,8",1,"19,8"
75,elderly,resident,assisted,0.8576126643135189,"19,8",2,"19,8"
75,elderly,resident,assisted,0.8576126643135189,"19,8",3,"19,8"
75,elderly,resident,assisted,0.8576126643135189,"19,8",4,"19,8"
75,elderly,resident,assisted,0.8576126643135189,"19,8",5,"19,8"
75,elderly,resident,assisted,0.8576126643135189,"19,8",6,"19,8"
75,elderly,resident,assisted,0.8576126643135189,"19,8",7,"13,2"
75,elderly,resident,assisted,0.8576126643135189,"19,8",8,"14,4"
75,elderly,resident,assisted,0.8576126643135189,"19,8",9,"13,2"
75,elderly,resident,assisted,0.8576126643135189,"19,8",10,"13,2"
75,elderly,resident,assisted,0.8576126643135189,"19,8",11,"13,2"
75,elderly,resident,assisted,0.8576126643135189,"19,8",12,"13,2"
75,elderly,resident,assisted,0.8576126643135189,"19,8",13,"13,2"
75,elderly,resident,assisted,0.8576126643135189,"19,8",14,"13,2"
75,elderly,resident,assisted,0.8576126643135189,"19,8",15,"13,2"
75,elderly,resident,assisted,0.8576126643135189,"19,8",16,"13,2"
75,elderly,resident,assisted,0.8576126643135189,"19,8",17,"12,1"
75,elderly,resident,assisted,0.8576126643135189,"19,8",18,"15,2"
75,elderly,resident,assisted,0.8576126643135189,"19,8",19,"15,3"
75,elderly,resident,assisted,0.8576126643135189,"19,8",20,"12,4"
75,elderly,resident,assisted,0.8576126643135189,"19,8",21,"15,0"
75,elderly,resident,assisted,0.8576126643135189,"19,8",22,"19,8"
75,elderly,resident,assisted,0.8576126643135189,"19,8",23,"19,8"
76,adult,commuter,mobile,0.24339714453787592,"17,4",0,"17,4"
76,adult,commuter,mobile,0.24339714453787592,"17,4",1,"17,4"
76,adult,commuter,mobile,0.24339714453787592,"17,4",2,"17,4"
76,adult,commuter,mobile,0.24339714453787592,"17,4",3,"17,4"
76,adult,commuter,mobile,0.24339714453787592,"17,4",4,"17,4"
76,adult,commuter,mobile,0.24339714453787592,"17,4",5,"17,4"
76,adult,commuter,mobile,0.24339714453787592,"17,4",6,"17,4"
76,adult,commuter,mobile,0.24339714453787592,"17,4",7,"1,4"
76,adult,commuter,mobile,0.24339714453787592,"17,4",8,"1,5"
76,adult,commuter,mobile,0.24339714453787592,"17,4",9,"3,5"
76,adult,commuter,mobile,0.24339714453787592,"17,4",10,"3,5"
76,adult,commuter,mobile,0.24339714453787592,"17,4",11,"3,5"
76,adult,commuter,mobile,0.24339714453787592,"17,4",12,"3,5"
76,adult,commuter,mobile,0.24339714453787592,"17,4",13,"3,5"
76,adult,commuter,mobile,0.24339714453787592,"17,4",14,"3,5"
76,adult,commuter,mobile,0.24339714453787592,"17,4",15,"3,5"
76,adult,commuter,mobile,0.24339714453787592,"17,4",16,"3,5"
76,adult,commuter,mobile,0.24339714453787592,"17,4",17,"1,6"
76,adult,commuter,mobile,0.24339714453787592,"17,4",18,"5,7"
76,adult,commuter,mobile,0.24339714453787592,"17,4",19,"1,5"
76,adult,commuter,mobile,0.24339714453787592,"17,4",20,"3,4"
76,adult,commuter,mobile,0.24339714453787592,"17,4",21,"3,7"
76,adult,commuter,mobile,0.24339714453787592,"17,4",22,"17,4"
76,adult,commuter,mobile,0.24339714453787592,"17,4",23,"17,4"
77,child,visitor,mobile,0.5658695094941405,"16,3",0,"16,3"
77,child,visitor,mobile,0.5658695094941405,"16,3",1,"16,3"
77,child,visitor,mobile,0.5658695094941405,"16,3",2,"16,3"
77,child,visitor,mobile,0.5658695094941405,"16,3",3,"16,3"
77,child,visitor,mobile,0.5658695094941405,"16,3",4,"16,3"
77,child,visitor,mobile,0.5658695094941405,"16,3",5,"16,3"
77,child,visitor,mobile,0.5658695094941405,"16,3",6,"16,3"
77,child,visitor,mobile,0.5658695094941405,"16,3",7,"7,2"
77,child,visitor,mobile,0.5658695094941405,"16,3",8,"7,5"
77,child,visitor,mobile,0.5658695094941405,"16,3",9,"6,3"
77,child,visitor,mobile,0.5658695094941405,"16,3",10,"6,3"
77,child,visitor,mobile,0.5658695094941405,"16,3",11,"6,3"
77,child,visitor,mobile,0.5658695094941405,"16,3",12,"6,3"
77,child,visitor,mobile,0.5658695094941405,"16,3",13,"6,3"
77,child,visitor,mobile,0.5658695094941405,"16,3",14,"6,3"
77,child,visitor,mobile,0.5658695094941405,"16,3",15,"6,3"
77,child,visitor,mobile,0.5658695094941405,"16,3",16,"6,3"
77,child,visitor,mobile,0.5658695094941405,"16,3",17,"8,2"
77,child,visitor,mobile,0.5658695094941405,"16,3",18,"7,1"
77,child,visitor,mobile,0.5658695094941405,"16,3",19,"5,2"
77,child,visitor,mobile,0.5658695094941405,"16,3",20,"6,5"
77,child,visitor,mobile,0.5658695094941405,"16,3",21,"7,3"
77,child,visitor,mobile,0.5658695094941405,"16,3",22,"16,3"
77,child,visitor,mobile,0.5658695094941405,"16,3",23,"16,3"
78,adult,visitor,mobile,0.2557292455827229,"8,8",0,"8,8"
78,adult,visitor,mobile,0.2557292455827229,"8,8",1,"8,8"
78,adult,visitor,mobile,0.2557292455827229,"8,8",2,"8,8"
78,adult,visitor,mobile,0.2557292455827229,"8,8",3,"8,8"
78,adult,visitor,mobile,0.2557292455827229,"8,8",4,"8,8"
78,adult,visitor,mobile,0.2557292455827229,"8,8",5,"8,8"
78,adult,visitor,mobile,0.2557292455827229,"8,8",6,"8,8"
78,adult,visitor,mobile,0.2557292455827229,"8,8",7,"19,1"
78,adult,visitor,mobile,0.2557292455827229,"8,8",8,"17,2"
78,adult,visitor,mobile,0.2557292455827229,"8,8",9,"19,2"
78,adult,visitor,mobile,0.2557292455827229,"8,8",10,"19,2"
78,adult,visitor,mobile,0.2557292455827229,"8,8",11,"19,2"
78,adult,visitor,mobile,0.2557292455827229,"8,8",12,"19,2"
78,adult,visitor,mobile,0.2557292455827229,"8,8",13,"19,2"
78,adult,visitor,mobile,0.2557292455827229,"8,8",14,"19,2"
78,adult,visitor,mobile,0.2557292455827229,"8,8",15,"19,2"
78,adult,visitor,mobile,0.2557292455827229,"8,8",16,"19,2"
78,adult,visitor,mobile,0.2557292455827229,"8,8",17,"19,1"
78,adult,visitor,mobile,0.2557292455827229,"8,8",18,"17,1"
78,adult,visitor,mobile,0.2557292455827229,"8,8",19,"19,0"
78,adult,visitor,mobile,0.2557292455827229,"8,8",20,"19,1"
78,adult,visitor,mobile,0.2557292455827229,"8,8",21,"19,4"
78,adult,visitor,mobile,0.2557292455827229,"8,8",22,"8,8"
78,adult,visitor,mobile,0.2557292455827229,"8,8",23,"8,8"
79,adult,worker,mobile,0.31274852127145286,"2,8",0,"2,8"
79,adult,worker,mobile,0.31274852127145286,"2,8",1,"2,8"
79,adult,worker,mobile,0.31274852127145286,"2,8",2,"2,8"
79,adult,worker,mobile,0.31274852127145286,"2,8",3,"2,8"
79,adult,worker,mobile,0.31274852127145286,"2,8",4,"2,8"
79,adult,worker,mobile,0.31274852127145286,"2,8",5,"2,8"
79,adult,worker,mobile,0.31274852127145286,"2,8",6,"2,8"
79,adult,worker,mobile,0.31274852127145286,"2,8",7,"4,6"
79,adult,worker,mobile,0.31274852127145286,"2,8",8,"5,4"
79,adult,worker,mobile,0.31274852127145286,"2,8",9,"4,5"
79,adult,worker,mobile,0.31274852127145286,"2,8",10,"4,5"
79,adult,worker,mobile,0.31274852127145286,"2,8",11,"4,5"
79,adult,worker,mobile,0.31274852127145286,"2,8",12,"4,5"
79,adult,worker,mobile,0.31274852127145286,"2,8",13,"4,5"
79,adult,worker,mobile,0.31274852127145286,"2,8",14,"4,5"
79,adult,worker,mobile,0.31274852127145286,"2,8",15,"4,5"
79,adult,worker,mobile,0.31274852127145286,"2,8",16,"4,5"
79,adult,worker,mobile,0.31274852127145286,"2,8",17,"3,6"
79,adult,worker,mobile,0.31274852127145286,"2,8",18,"6,7"
79,adult,worker,mobile,0.31274852127145286,"2,8",19,"5,5"
79,adult,worker,mobile,0.31274852127145286,"2,8",20,"5,4"
79,adult,worker,mobile,0.31274852127145286,"2,8",21,"5,3"
79,adult,worker,mobile,0.31274852127145286,"2,8",22,"2,8"
79,adult,worker,mobile,0.31274852127145286,"2,8",23,"2,8"
80,adult,commuter,mobile,0.24192319037630758,"0,9",0,"0,9"
80,adult,commuter,mobile,0.24192319037630758,"0,9",1,"0,9"
80,adult,commuter,mobile,0.24192319037630758,"0,9",2,"0,9"
80,adult,commuter,mobile,0.24192319037630758,"0,9",3,"0,9"
80,adult,commuter,mobile,0.24192319037630758,"0,9",4,"0,9"
80,adult,commuter,mobile,0.24192319037630758,"0,9",5,"0,9"
80,adult,commuter,mobile,0.24192319037630758,"0,9",6,"0,9"
80,adult,commuter,mobile,0.24192319037630758,"0,9",7,"0,0"
80,adult,commuter,mobile,0.24192319037630758,"0,9",8,"0,0"
80,adult,commuter,mobile,0.24192319037630758,"0,9",9,"0,0"
80,adult,commuter,mobile,0.24192319037630758,"0,9",10,"0,0"
80,adult,commuter,mobile,0.24192319037630758,"0,9",11,"0,0"
80,adult,commuter,mobile,0.24192319037630758,"0,9",12,"0,0"
80,adult,commuter,mobile,0.24192319037630758,"0,9",13,"0,0"
80,adult,commuter,mobile,0.24192319037630758,"0,9",14,"0,0"
80,adult,commuter,mobile,0.24192319037630758,"0,9",15,"0,0"
80,adult,commuter,mobile,0.24192319037630758,"0,9",16,"0,0"
80,adult,commuter,mobile,0.24192319037630758,"0,9",17,"1,0"
80,adult,commuter,mobile,0.24192319037630758,"0,9",18,"1,0"
80,adult,commuter,mobile,0.24192319037630758,"0,9",19,"1,2"
80,adult,commuter,mobile,0.24192319037630758,"0,9",20,"0,0"
80,adult,commuter,mobile,0.24192319037630758,"0,9",21,"1,0"
80,adult,commuter,mobile,0.24192319037630758,"0,9",22,"0,9"
80,adult,commuter,mobile,0.24192319037630758,"0,9",23,"0,9"
81,elderly,resident,mobile,0.7495257436955758,"12,2",0,"12,2"
81,elderly,resident,mobile,0.7495257436955758,"12,2",1,"12,2"
81,elderly,resident,mobile,0.7495257436955758,"12,2",2,"12,2"
81,elderly,resident,mobile,0.7495257436955758,"12,2",3,"12,2"
81,elderly,resident,mobile,0.7495257436955758,"12,2",4,"12,2"
81,elderly,resident,mobile,0.7495257436955758,"12,2",5,"12,2"
81,elderly,resident,mobile,0.7495257436955758,"12,2",6,"12,2"
81,elderly,resident,mobile,0.7495257436955758,"12,2",7,"19,7"
81,elderly,resident,mobile,0.7495257436955758,"12,2",8,"17,7"
81,elderly,resident,mobile,0.7495257436955758,"12,2",9,"19,6"
81,elderly,resident,mobile,0.7495257436955758,"12,2",10,"19,6"
81,elderly,resident,mobile,0.7495257436955758,"12,2",11,"19,6"
81,elderly,resident,mobile,0.7495257436955758,"12,2",12,"19,6"
81,elderly,resident,mobile,0.7495257436955758,"12,2",13,"19,6"
81,elderly,resident,mobile,0.7495257436955758,"12,2",14,"19,6"
81,elderly,resident,mobile,0.7495257436955758,"12,2",15,"19,6"
81,elderly,resident,mobile,0.7495257436955758,"12,2",16,"19,6"
81,elderly,resident,mobile,0.7495257436955758,"12,2",17,"18,7"
81,elderly,resident,mobile,0.7495257436955758,"12,2",18,"17,7"
81,elderly,resident,mobile,0.7495257436955758,"12,2",19,"19,4"
81,elderly,resident,mobile,0.7495257436955758,"12,2",20,"19,7"
81,elderly,resident,mobile,0.7495257436955758,"12,2",21,"17,6"
81,elderly,resident,mobile,0.7495257436955758,"12,2",22,"12,2"
81,elderly,resident,mobile,0.7495257436955758,"12,2",23,"12,2"
82,adult,commuter,mobile,0.2094635281564155,"13,2",0,"13,2"
82,adult,commuter,mobile,0.2094635281564155,"13,2",1,"13,2"
82,adult,commuter,mobile,0.2094635281564155,"13,2",2,"13,2"
82,adult,commuter,mobile,0.2094635281564155,"13,2",3,"13,2"
82,adult,commuter,mobile,0.2094635281564155,"13,2",4,"13,2"
82,adult,commuter,mobile,0.2094635281564155,"13,2",5,"13,2"
82,adult,commuter,mobile,0.2094635281564155,"13,2",6,"13,2"
82,adult,commuter,mobile,0.2094635281564155,"13,2",7,"14,2"
82,adult,commuter,mobile,0.2094635281564155,"13,2",8,"17,2"
82,adult,commuter,mobile,0.2094635281564155,"13,2",9,"16,1"
82,adult,commuter,mobile,0.2094635281564155,"13,2",10,"16,1"
82,adult,commuter,mobile,0.2094635281564155,"13,2",11,"16,1"
82,adult,commuter,mobile,0.2094635281564155,"13,2",12,"16,1"
82,adult,commuter,mobile,0.2094635281564155,"13,2",13,"16,1"
82,adult,commuter,mobile,0.2094635281564155,"13,2",14,"16,1"
82,adult,commuter,mobile,0.2094635281564155,"13,2",15,"16,1"
82,adult,commuter,mobile,0.2094635281564155,"13,2",16,"16,1"
82,adult,commuter,mobile,0.2094635281564155,"13,2",17,"16,3"
82,adult,commuter,mobile,0.2094635281564155,"13,2",18,"15,2"
82,adult,commuter,mobile,0.2094635281564155,"13,2",19,"15,1"
82,adult,commuter,mobile,0.2094635281564155,"13,2",20,"16,1"
82,adult,commuter,mobile,0.2094635281564155,"13,2",21,"17,1"
82,adult,commuter,mobile,0.2094635281564155,"13,2",22,"13,2"
82,adult,commuter,mobile,0.2094635281564155,"13,2",23,"13,2"
83,adult,student,mobile,0.2368250785688548,"13,0",0,"13,0"
83,adult,student,mobile,0.2368250785688548,"13,0",1,"13,0"
83,adult,student,mobile,0.2368250785688548,"13,0",2,"13,0"
83,adult,student,mobile,0.2368250785688548,"13,0",3,"13,0"
83,adult,student,mobile,0.2368250785688548,"13,0",4,"13,0"
83,adult,student,mobile,0.2368250785688548,"13,0",5,"13,0"
83,adult,student,mobile,0.2368250785688548,"13,0",6,"13,0"
83,adult,student,mobile,0.2368250785688548,"13,0",7,"11,3"
83,adult,student,mobile,0.2368250785688548,"13,0",8,"12,0"
83,adult,student,mobile,0.2368250785688548,"13,0",9,"12,1"
83,adult,student,mobile,0.2368250785688548,"13,0",10,"12,1"
83,adult,student,mobile,0.2368250785688548,"13,0",11,"12,1"
83,adult,student,mobile,0.2368250785688548,"13,0",12,"12,1"
83,adult,student,mobile,0.2368250785688548,"13,0",13,"12,1"
83,adult,student,mobile,0.2368250785688548,"13,0",14,"12,1"
83,adult,student,mobile,0.2368250785688548,"13,0",15,"12,1"
83,adult,student,mobile,0.2368250785688548,"13,0",16,"12,1"
83,adult,student,mobile,0.2368250785688548,"13,0",17,"12,1"
83,adult,student,mobile,0.2368250785688548,"13,0",18,"11,3"
83,adult,student,mobile,0.2368250785688548,"13,0",19,"14,2"
83,adult,student,mobile,0.2368250785688548,"13,0",20,"14,1"
83,adult,student,mobile,0.2368250785688548,"13,0",21,"14,2"
83,adult,student,mobile,0.2368250785688548,"13,0",22,"13,0"
83,adult,student,mobile,0.2368250785688548,"13,0",23,"13,0"
84,elderly,resident,mobile,0.7597628712547879,"14,1",0,"14,1"
84,elderly,resident,mobile,0.7597628712547879,"14,1",1,"14,1"
84,elderly,resident,mobile,0.7597628712547879,"14,1",2,"14,1"
84,elderly,resident,mobile,0.7597628712547879,"14,1",3,"14,1"
84,elderly,resident,mobile,0.7597628712547879,"14,1",4,"14,1"
84,elderly,resident,mobile,0.7597628712547879,"14,1",5,"14,1"
84,elderly,resident,mobile,0.7597628712547879,"14,1",6,"14,1"
84,elderly,resident,mobile,0.7597628712547879,"14,1",7,"2,9"
84,elderly,resident,mobile,0.7597628712547879,"14,1",8,"3,5"
84,elderly,resident,mobile,0.7597628712547879,"14,1",9,"3,7"
84,elderly,resident,mobile,0.7597628712547879,"14,1",10,"3,7"
84,elderly,resident,mobile,0.7597628712547879,"14,1",11,"3,7"
84,elderly,resident,mobile,0.7597628712547879,"14,1",12,"3,7"
84,elderly,resident,mobile,0.7597628712547879,"14,1",13,"3,7"
84,elderly,resident,mobile,0.7597628712547879,"14,1",14,"3,7"
84,elderly,resident,mobile,0.7597628712547879,"14,1",15,"3,7"
84,elderly,resident,mobile,0.7597628712547879,"14,1",16,"3,7"
84,elderly,resident,mobile,0.7597628712547879,"14,1",17,"2,5"
84,elderly,resident,mobile,0.7597628712547879,"14,1",18,"3,6"
84,elderly,resident,mobile,0.7597628712547879,"14,1",19,"2,8"
84,elderly,resident,mobile,0.7597628712547879,"14,1",20,"2,8"
84,elderly,resident,mobile,0.7597628712547879,"14,1",21,"2,7"
84,elderly,resident,mobile,0.7597628712547879,"14,1",22,"14,1"
84,elderly,resident,mobile,0.7597628712547879,"14,1",23,"14,1"
85,adult,resident,mobile,0.2134449412553841,"12,7",0,"12,7"
85,adult,resident,mobile,0.2134449412553841,"12,7",1,"12,7"
85,adult,resident,mobile,0.2134449412553841,"12,7",2,"12,7"
85,adult,resident,mobile,0.2134449412553841,"12,7",3,"12,7"
85,adult,resident,mobile,0.2134449412553841,"12,7",4,"12,7"
85,adult,resident,mobile,0.2134449412553841,"12,7",5,"12,7"
85,adult,resident,mobile,0.2134449412553841,"12,7",6,"12,7"
85,adult,resident,mobile,0.2134449412553841,"12,7",7,"11,9"
85,adult,resident,mobile,0.2134449412553841,"12,7",8,"13,7"
85,adult,resident,mobile,0.2134449412553841,"12,7",9,"11,7"
85,adult,resident,mobile,0.2134449412553841,"12,7",10,"11,7"
85,adult,resident,mobile,0.2134449412553841,"12,7",11,"11,7"
85,adult,resident,mobile,0.2134449412553841,"12,7",12,"11,7"
85,adult,resident,mobile,0.2134449412553841,"12,7",13,"11,7"
85,adult,resident,mobile,0.2134449412553841,"12,7",14,"11,7"
85,adult,resident,mobile,0.2134449412553841,"12,7",15,"11,7"
85,adult,resident,mobile,0.2134449412553841,"12,7",16,"11,7"
85,adult,resident,mobile,0.2134449412553841,"12,7",17,"12,5"
85,adult,resident,mobile,0.2134449412553841,"12,7",18,"11,7"
85,adult,resident,mobile,0.2134449412553841,"12,7",19,"12,6"
85,adult,resident,mobile,0.2134449412553841,"12,7",20,"9,6"
85,adult,resident,mobile,0.2134449412553841,"12,7",21,"13,9"
85,adult,resident,mobile,0.2134449412553841,"12,7",22,"12,7"
85,adult,resident,mobile,0.2134449412553841,"12,7",23,"12,7"
86,adult,visitor,mobile,0.26029034175119803,"8,0",0,"8,0"
86,adult,visitor,mobile,0.26029034175119803,"8,0",1,"8,0"
86,adult,visitor,mobile,0.26029034175119803,"8,0",2,"8,0"
86,adult,visitor,mobile,0.26029034175119803,"8,0",3,"8,0"
86,adult,visitor,mobile,0.26029034175119803,"8,0",4,"8,0"
86,adult,visitor,mobile,0.26029034175119803,"8,0",5,"8,0"
86,adult,visitor,mobile,0.26029034175119803,"8,0",6,"8,0"
86,adult,visitor,mobile,0.26029034175119803,"8,0",7,"8,5"
86,adult,visitor,mobile,0.26029034175119803,"8,0",8,"7,4"
86,adult,visitor,mobile,0.26029034175119803,"8,0",9,"7,3"
86,adult,visitor,mobile,0.26029034175119803,"8,0",10,"7,3"
86,adult,visitor,mobile,0.26029034175119803,"8,0",11,"7,3"
86,adult,visitor,mobile,0.26029034175119803,"8,0",12,"7,3"
86,adult,visitor,mobile,0.26029034175119803,"8,0",13,"7,3"
86,adult,visitor,mobile,0.26029034175119803,"8,0",14,"7,3"
86,adult,visitor,mobile,0.26029034175119803,"8,0",15,"7,3"
86,adult,visitor,mobile,0.26029034175119803,"8,0",16,"7,3"
86,adult,visitor,mobile,0.26029034175119803,"8,0",17,"8,4"
86,adult,visitor,mobile,0.26029034175119803,"8,0",18,"7,4"
86,adult,visitor,mobile,0.26029034175119803,"8,0",19,"5,4"
86,adult,visitor,mobile,0.26029034175119803,"8,0",20,"8,5"
86,adult,visitor,mobile,0.26029034175119803,"8,0",21,"9,4"
86,adult,visitor,mobile,0.26029034175119803,"8,0",22,"8,0"
86,adult,visitor,mobile,0.26029034175119803,"8,0",23,"8,0"
87,elderly,visitor,assisted,0.8739793646798583,"10,0",0,"10,0"
87,elderly,visitor,assisted,0.8739793646798583,"10,0",1,"10,0"
87,elderly,visitor,assisted,0.8739793646798583,"10,0",2,"10,0"
87,elderly,visitor,assisted,0.8739793646798583,"10,0",3,"10,0"
87,elderly,visitor,assisted,0.8739793646798583,"10,0",4,"10,0"
87,elderly,visitor,assisted,0.8739793646798583,"10,0",5,"10,0"
87,elderly,visitor,assisted,0.8739793646798583,"10,0",6,"10,0"
87,elderly,visitor,assisted,0.8739793646798583,"10,0",7,"8,8"
87,elderly,visitor,assisted,0.8739793646798583,"10,0",8,"10,8"
87,elderly,visitor,assisted,0.8739793646798583,"10,0",9,"9,9"
87,elderly,visitor,assisted,0.8739793646798583,"10,0",10,"9,9"
87,elderly,visitor,assisted,0.8739793646798583,"10,0",11,"9,9"
87,elderly,visitor,assisted,0.8739793646798583,"10,0",12,"9,9"
87,elderly,visitor,assisted,0.8739793646798583,"10,0",13,"9,9"
87,elderly,visitor,assisted,0.8739793646798583,"10,0",14,"9,9"
87,elderly,visitor,assisted,0.8739793646798583,"10,0",15,"9,9"
87,elderly,visitor,assisted,0.8739793646798583,"10,0",16,"9,9"
87,elderly,visitor,assisted,0.8739793646798583,"10,0",17,"7,7"
87,elderly,visitor,assisted,0.8739793646798583,"10,0",18,"8,9"
87,elderly,visitor,assisted,0.8739793646798583,"10,0",19,"8,7"
87,elderly,visitor,assisted,0.8739793646798583,"10,0",20,"11,9"
87,elderly,visitor,assisted,0.8739793646798583,"10,0",21,"8,8"
87,elderly,visitor,assisted,0.8739793646798583,"10,0",22,"10,0"
87,elderly,visitor,assisted,0.8739793646798583,"10,0",23,"10,0"
88,adult,resident,mobile,0.23068402377938965,"16,6",0,"16,6"
88,adult,resident,mobile,0.23068402377938965,"16,6",1,"16,6"
88,adult,resident,mobile,0.23068402377938965,"16,6",2,"16,6"
88,adult,resident,mobile,0.23068402377938965,"16,6",3,"16,6"
88,adult,resident,mobile,0.23068402377938965,"16,6",4,"16,6"
88,adult,resident,mobile,0.23068402377938965,"16,6",5,"16,6"
88,adult,resident,mobile,0.23068402377938965,"16,6",6,"16,6"
88,adult,resident,mobile,0.23068402377938965,"16,6",7,"19,9"
88,adult,resident,mobile,0.23068402377938965,"16,6",8,"19,7"
88,adult,resident,mobile,0.23068402377938965,"16,6",9,"19,8"
88,adult,resident,mobile,0.23068402377938965,"16,6",10,"19,8"
88,adult,resident,mobile,0.23068402377938965,"16,6",11,"19,8"
88,adult,resident,mobile,0.23068402377938965,"16,6",12,"19,8"
88,adult,resident,mobile,0.23068402377938965,"16,6",13,"19,8"
88,adult,resident,mobile,0.23068402377938965,"16,6",14,"19,8"
88,adult,resident,mobile,0.23068402377938965,"16,6",15,"19,8"
88,adult,resident,mobile,0.23068402377938965,"16,6",16,"19,8"
88,adult,resident,mobile,0.23068402377938965,"16,6",17,"19,6"
88,adult,resident,mobile,0.23068402377938965,"16,6",18,"19,9"
88,adult,resident,mobile,0.23068402377938965,"16,6",19,"19,9"
88,adult,resident,mobile,0.23068402377938965,"16,6",20,"19,6"
88,adult,resident,mobile,0.23068402377938965,"16,6",21,"18,8"
88,adult,resident,mobile,0.23068402377938965,"16,6",22,"16,6"
88,adult,resident,mobile,0.23068402377938965,"16,6",23,"16,6"
89,adult,worker,mobile,0.21593278881496686,"11,1",0,"11,1"
89,adult,worker,mobile,0.21593278881496686,"11,1",1,"11,1"
89,adult,worker,mobile,0.21593278881496686,"11,1",2,"11,1"
89,adult,worker,mobile,0.21593278881496686,"11,1",3,"11,1"
89,adult,worker,mobile,0.21593278881496686,"11,1",4,"11,1"
89,adult,worker,mobile,0.21593278881496686,"11,1",5,"11,1"
89,adult,worker,mobile,0.21593278881496686,"11,1",6,"11,1"
89,adult,worker,mobile,0.21593278881496686,"11,1",7,"16,2"
89,adult,worker,mobile,0.21593278881496686,"11,1",8,"16,5"
89,adult,worker,mobile,0.21593278881496686,"11,1",9,"14,3"
89,adult,worker,mobile,0.21593278881496686,"11,1",10,"14,3"
89,adult,worker,mobile,0.21593278881496686,"11,1",11,"14,3"
89,adult,worker,mobile,0.21593278881496686,"11,1",12,"14,3"
89,adult,worker,mobile,0.21593278881496686,"11,1",13,"14,3"
89,adult,worker,mobile,0.21593278881496686,"11,1",14,"14,3"
89,adult,worker,mobile,0.21593278881496686,"11,1",15,"14,3"
89,adult,worker,mobile,0.21593278881496686,"11,1",16,"14,3"
89,adult,worker,mobile,0.21593278881496686,"11,1",17,"12,4"
89,adult,worker,mobile,0.21593278881496686,"11,1",18,"13,1"
89,adult,worker,mobile,0.21593278881496686,"11,1",19,"14,2"
89,adult,worker,mobile,0.21593278881496686,"11,1",20,"13,1"
89,adult,worker,mobile,0.21593278881496686,"11,1",21,"13,4"
89,adult,worker,mobile,0.21593278881496686,"11,1",22,"11,1"
89,adult,worker,mobile,0.21593278881496686,"11,1",23,"11,1"
90,elderly,resident,mobile,0.7286621276353521,"8,7",0,"8,7"
90,elderly,resident,mobile,0.7286621276353521,"8,7",1,"8,7"
90,elderly,resident,mobile,0.7286621276353521,"8,7",2,"8,7"
90,elderly,resident,mobile,0.7286621276353521,"8,7",3,"8,7"
90,elderly,resident,mobile,0.7286621276353521,"8,7",4,"8,7"
90,elderly,resident,mobile,0.7286621276353521,"8,7",5,"8,7"
90,elderly,resident,mobile,0.7286621276353521,"8,7",6,"8,7"
90,elderly,resident,mobile,0.7286621276353521,"8,7",7,"15,8"
90,elderly,resident,mobile,0.7286621276353521,"8,7",8,"15,9"
90,elderly,resident,mobile,0.7286621276353521,"8,7",9,"13,9"
90,elderly,resident,mobile,0.7286621276353521,"8,7",10,"13,9"
90,elderly,resident,mobile,0.7286621276353521,"8,7",11,"13,9"
90,elderly,resident,mobile,0.7286621276353521,"8,7",12,"13,9"
90,elderly,resident,mobile,0.7286621276353521,"8,7",13,"13,9"
90,elderly,resident,mobile,0.7286621276353521,"8,7",14,"13,9"
90,elderly,resident,mobile,0.7286621276353521,"8,7",15,"13,9"
90,elderly,resident,mobile,0.7286621276353521,"8,7",16,"13,9"
90,elderly,resident,mobile,0.7286621276353521,"8,7",17,"12,8"
90,elderly,resident,mobile,0.7286621276353521,"8,7",18,"12,7"
90,elderly,resident,mobile,0.7286621276353521,"8,7",19,"11,9"
90,elderly,resident,mobile,0.7286621276353521,"8,7",20,"15,7"
90,elderly,resident,mobile,0.7286621276353521,"8,7",21,"11,9"
90,elderly,resident,mobile,0.7286621276353521,"8,7",22,"8,7"
90,elderly,resident,mobile,0.7286621276353521,"8,7",23,"8,7"
91,adult,worker,mobile,0.2651344904420061,"5,7",0,"5,7"
91,adult,worker,mobile,0.2651344904420061,"5,7",1,"5,7"
91,adult,worker,mobile,0.2651344904420061,"5,7",2,"5,7"
91,adult,worker,mobile,0.2651344904420061,"5,7",3,"5,7"
91,adult,worker,mobile,0.2651344904420061,"5,7",4,"5,7"
91,adult,worker,mobile,0.2651344904420061,"5,7",5,"5,7"
91,adult,worker,mobile,0.2651344904420061,"5,7",6,"5,7"
91,adult,worker,mobile,0.2651344904420061,"5,7",7,"18,3"
91,adult,worker,mobile,0.2651344904420061,"5,7",8,"19,3"
91,adult,worker,mobile,0.2651344904420061,"5,7",9,"18,2"
91,adult,worker,mobile,0.2651344904420061,"5,7",10,"18,2"
91,adult,worker,mobile,0.2651344904420061,"5,7",11,"18,2"
91,adult,worker,mobile,0.2651344904420061,"5,7",12,"18,2"
91,adult,worker,mobile,0.2651344904420061,"5,7",13,"18,2"
91,adult,worker,mobile,0.2651344904420061,"5,7",14,"18,2"
91,adult,worker,mobile,0.2651344904420061,"5,7",15,"18,2"
91,adult,worker,mobile,0.2651344904420061,"5,7",16,"18,2"
91,adult,worker,mobile,0.2651344904420061,"5,7",17,"19,2"
91,adult,worker,mobile,0.2651344904420061,"5,7",18,"16,1"
91,adult,worker,mobile,0.2651344904420061,"5,7",19,"19,4"
91,adult,worker,mobile,0.2651344904420061,"5,7",20,"17,1"
91,adult,worker,mobile,0.2651344904420061,"5,7",21,"17,3"
91,adult,worker,mobile,0.2651344904420061,"5,7",22,"5,7"
91,adult,worker,mobile,0.2651344904420061,"5,7",23,"5,7"
92,adult,commuter,mobile,0.20377115206369537,"14,7",0,"14,7"
92,adult,commuter,mobile,0.20377115206369537,"14,7",1,"14,7"
92,adult,commuter,mobile,0.20377115206369537,"14,7",2,"14,7"
92,adult,commuter,mobile,0.20377115206369537,"14,7",3,"14,7"
92,adult,commuter,mobile,0.20377115206369537,"14,7",4,"14,7"
92,adult,commuter,mobile,0.20377115206369537,"14,7",5,"14,7"
92,adult,commuter,mobile,0.20377115206369537,"14,7",6,"14,7"
92,adult,commuter,mobile,0.20377115206369537,"14,7",7,"15,5"
92,adult,commuter,mobile,0.20377115206369537,"14,7",8,"18,5"
92,adult,commuter,mobile,0.20377115206369537,"14,7",9,"17,4"
92,adult,commuter,mobile,0.20377115206369537,"14,7",10,"17,4"
92,adult,commuter,mobile,0.20377115206369537,"14,7",11,"17,4"
92,adult,commuter,mobile,0.20377115206369537,"14,7",12,"17,4"
92,adult,commuter,mobile,0.20377115206369537,"14,7",13,"17,4"
92,adult,commuter,mobile,0.20377115206369537,"14,7",14,"17,4"
92,adult,commuter,mobile,0.20377115206369537,"14,7",15,"17,4"
92,adult,commuter,mobile,0.20377115206369537,"14,7",16,"17,4"
92,adult,commuter,mobile,0.20377115206369537,"14,7",17,"18,6"
92,adult,commuter,mobile,0.20377115206369537,"14,7",18,"19,4"
92,adult,commuter,mobile,0.20377115206369537,"14,7",19,"15,3"
92,adult,commuter,mobile,0.20377115206369537,"14,7",20,"15,6"
92,adult,commuter,mobile,0.20377115206369537,"14,7",21,"18,4"
92,adult,commuter,mobile,0.20377115206369537,"14,7",22,"14,7"
92,adult,commuter,mobile,0.20377115206369537,"14,7",23,"14,7"
93,adult,visitor,mobile,0.20132533923371512,"15,7",0,"15,7"
93,adult,visitor,mobile,0.20132533923371512,"15,7",1,"15,7"
93,adult,visitor,mobile,0.20132533923371512,"15,7",2,"15,7"
93,adult,visitor,mobile,0.20132533923371512,"15,7",3,"15,7"
93,adult,visitor,mobile,0.20132533923371512,"15,7",4,"15,7"
93,adult,visitor,mobile,0.20132533923371512,"15,7",5,"15,7"
93,adult,visitor,mobile,0.20132533923371512,"15,7",6,"15,7"
93,adult,visitor,mobile,0.20132533923371512,"15,7",7,"3,5"
93,adult,visitor,mobile,0.20132533923371512,"15,7",8,"3,8"
93,adult,visitor,mobile,0.20132533923371512,"15,7",9,"2,6"
93,adult,visitor,mobile,0.20132533923371512,"15,7",10,"2,6"
93,adult,visitor,mobile,0.20132533923371512,"15,7",11,"2,6"
93,adult,visitor,mobile,0.20132533923371512,"15,7",12,"2,6"
93,adult,visitor,mobile,0.20132533923371512,"15,7",13,"2,6"
93,adult,visitor,mobile,0.20132533923371512,"15,7",14,"2,6"
93,adult,visitor,mobile,0.20132533923371512,"15,7",15,"2,6"
93,adult,visitor,mobile,0.20132533923371512,"15,7",16,"2,6"
93,adult,visitor,mobile,0.20132533923371512,"15,7",17,"3,8"
93,adult,visitor,mobile,0.20132533923371512,"15,7",18,"2,7"
93,adult,visitor,mobile,0.20132533923371512,"15,7",19,"3,8"
93,adult,visitor,mobile,0.20132533923371512,"15,7",20,"4,4"
93,adult,visitor,mobile,0.20132533923371512,"15,7",21,"4,7"
93,adult,visitor,mobile,0.20132533923371512,"15,7",22,"15,7"
93,adult,visitor,mobile,0.20132533923371512,"15,7",23,"15,7"
94,elderly,resident,mobile,0.7049720665964455,"15,0",0,"15,0"
94,elderly,resident,mobile,0.7049720665964455,"15,0",1,"15,0"
94,elderly,resident,mobile,0.7049720665964455,"15,0",2,"15,0"
94,elderly,resident,mobile,0.7049720665964455,"15,0",3,"15,0"
94,elderly,resident,mobile,0.7049720665964455,"15,0",4,"15,0"
94,elderly,resident,mobile,0.7049720665964455,"15,0",5,"15,0"
94,elderly,resident,mobile,0.7049720665964455,"15,0",6,"15,0"
94,elderly,resident,mobile,0.7049720665964455,"15,0",7,"0,9"
94,elderly,resident,mobile,0.7049720665964455,"15,0",8,"1,9"
94,elderly,resident,mobile,0.7049720665964455,"15,0",9,"0,9"
94,elderly,resident,mobile,0.7049720665964455,"15,0",10,"0,9"
94,elderly,resident,mobile,0.7049720665964455,"15,0",11,"0,9"
94,elderly,resident,mobile,0.7049720665964455,"15,0",12,"0,9"
94,elderly,resident,mobile,0.7049720665964455,"15,0",13,"0,9"
94,elderly,resident,mobile,0.7049720665964455,"15,0",14,"0,9"
94,elderly,resident,mobile,0.7049720665964455,"15,0",15,"0,9"
94,elderly,resident,mobile,0.7049720665964455,"15,0",16,"0,9"
94,elderly,resident,mobile,0.7049720665964455,"15,0",17,"2,9"
94,elderly,resident,mobile,0.7049720665964455,"15,0",18,"2,9"
94,elderly,resident,mobile,0.7049720665964455,"15,0",19,"2,9"
94,elderly,resident,mobile,0.7049720665964455,"15,0",20,"0,7"
94,elderly,resident,mobile,0.7049720665964455,"15,0",21,"2,8"
94,elderly,resident,mobile,0.7049720665964455,"15,0",22,"15,0"
94,elderly,resident,mobile,0.7049720665964455,"15,0",23,"15,0"
95,adult,commuter,mobile,0.25100462370739207,"1,3",0,"1,3"
95,adult,commuter,mobile,0.25100462370739207,"1,3",1,"1,3"
95,adult,commuter,mobile,0.25100462370739207,"1,3",2,"1,3"
95,adult,commuter,mobile,0.25100462370739207,"1,3",3,"1,3"
95,adult,commuter,mobile,0.25100462370739207,"1,3",4,"1,3"
95,adult,commuter,mobile,0.25100462370739207,"1,3",5,"1,3"
95,adult,commuter,mobile,0.25100462370739207,"1,3",6,"1,3"
95,adult,commuter,mobile,0.25100462370739207,"1,3",7,"17,3"
95,adult,commuter,mobile,0.25100462370739207,"1,3",8,"13,0"
95,adult,commuter,mobile,0.25100462370739207,"1,3",9,"15,1"
95,adult,commuter,mobile,0.25100462370739207,"1,3",10,"15,1"
95,adult,commuter,mobile,0.25100462370739207,"1,3",11,"15,1"
95,adult,commuter,mobile,0.25100462370739207,"1,3",12,"15,1"
95,adult,commuter,mobile,0.25100462370739207,"1,3",13,"15,1"
95,adult,commuter,mobile,0.25100462370739207,"1,3",14,"15,1"
95,adult,commuter,mobile,0.25100462370739207,"1,3",15,"15,1"
95,adult,commuter,mobile,0.25100462370739207,"1,3",16,"15,1"
95,adult,commuter,mobile,0.25100462370739207,"1,3",17,"15,0"
95,adult,commuter,mobile,0.25100462370739207,"1,3",18,"14,1"
95,adult,commuter,mobile,0.25100462370739207,"1,3",19,"16,0"
95,adult,commuter,mobile,0.25100462370739207,"1,3",20,"15,1"
95,adult,commuter,mobile,0.25100462370739207,"1,3",21,"14,1"
95,adult,commuter,mobile,0.25100462370739207,"1,3",22,"1,3"
95,adult,commuter,mobile,0.25100462370739207,"1,3",23,"1,3"
96,child,student,mobile,0.4955828490431283,"15,1",0,"15,1"
96,child,student,mobile,0.4955828490431283,"15,1",1,"15,1"
96,child,student,mobile,0.4955828490431283,"15,1",2,"15,1"
96,child,student,mobile,0.4955828490431283,"15,1",3,"15,1"
96,child,student,mobile,0.4955828490431283,"15,1",4,"15,1"
96,child,student,mobile,0.4955828490431283,"15,1",5,"15,1"
96,child,student,mobile,0.4955828490431283,"15,1",6,"15,1"
96,child,student,mobile,0.4955828490431283,"15,1",7,"4,7"
96,child,student,mobile,0.4955828490431283,"15,1",8,"2,6"
96,child,student,mobile,0.4955828490431283,"15,1",9,"4,7"
96,child,student,mobile,0.4955828490431283,"15,1",10,"4,7"
96,child,student,mobile,0.4955828490431283,"15,1",11,"4,7"
96,child,student,mobile,0.4955828490431283,"15,1",12,"4,7"
96,child,student,mobile,0.4955828490431283,"15,1",13,"4,7"
96,child,student,mobile,0.4955828490431283,"15,1",14,"4,7"
96,child,student,mobile,0.4955828490431283,"15,1",15,"4,7"
96,child,student,mobile,0.4955828490431283,"15,1",16,"4,7"
96,child,student,mobile,0.4955828490431283,"15,1",17,"4,6"
96,child,student,mobile,0.4955828490431283,"15,1",18,"6,7"
96,child,student,mobile,0.4955828490431283,"15,1",19,"6,6"
96,child,student,mobile,0.4955828490431283,"15,1",20,"6,6"
96,child,student,mobile,0.4955828490431283,"15,1",21,"4,7"
96,child,student,mobile,0.4955828490431283,"15,1",22,"15,1"
96,child,student,mobile,0.4955828490431283,"15,1",23,"15,1"
97,adult,visitor,mobile,0.27283994893939245,"7,8",0,"7,8"
97,adult,visitor,mobile,0.27283994893939245,"7,8",1,"7,8"
97,adult,visitor,mobile,0.27283994893939245,"7,8",2,"7,8"
97,adult,visitor,mobile,0.27283994893939245,"7,8",3,"7,8"
97,adult,visitor,mobile,0.27283994893939245,"7,8",4,"7,8"
97,adult,visitor,mobile,0.27283994893939245,"7,8",5,"7,8"
97,adult,visitor,mobile,0.27283994893939245,"7,8",6,"7,8"
97,adult,visitor,mobile,0.27283994893939245,"7,8",7,"19,1"
97,adult,visitor,mobile,0.27283994893939245,"7,8",8,"17,0"
97,adult,visitor,mobile,0.27283994893939245,"7,8",9,"17,0"
97,adult,visitor,mobile,0.27283994893939245,"7,8",10,"17,0"
97,adult,visitor,mobile,0.27283994893939245,"7,8",11,"17,0"
97,adult,visitor,mobile,0.27283994893939245,"7,8",12,"17,0"
97,adult,visitor,mobile,0.27283994893939245,"7,8",13,"17,0"
97,adult,visitor,mobile,0.27283994893939245,"7,8",14,"17,0"
97,adult,visitor,mobile,0.27283994893939245,"7,8",15,"17,0"
97,adult,visitor,mobile,0.27283994893939245,"7,8",16,"17,0"
97,adult,visitor,mobile,0.27283994893939245,"7,8",17,"15,2"
97,adult,visitor,mobile,0.27283994893939245,"7,8",18,"18,0"
97,adult,visitor,mobile,0.27283994893939245,"7,8",19,"19,2"
97,adult,visitor,mobile,0.27283994893939245,"7,8",20,"17,0"
97,adult,visitor,mobile,0.27283994893939245,"7,8",21,"15,0"
97,adult,visitor,mobile,0.27283994893939245,"7,8",22,"7,8"
97,adult,visitor,mobile,0.27283994893939245,"7,8",23,"7,8"
98,adult,worker,mobile,0.21712454129440448,"10,1",0,"10,1"
98,adult,worker,mobile,0.21712454129440448,"10,1",1,"10,1"
98,adult,worker,mobile,0.21712454129440448,"10,1",2,"10,1"
98,adult,worker,mobile,0.21712454129440448,"10,1",3,"10,1"
98,adult,worker,mobile,0.21712454129440448,"10,1",4,"10,1"
98,adult,worker,mobile,0.21712454129440448,"10,1",5,"10,1"
98,adult,worker,mobile,0.21712454129440448,"10,1",6,"10,1"
98,adult,worker,mobile,0.21712454129440448,"10,1",7,"17,7"
98,adult,worker,mobile,0.21712454129440448,"10,1",8,"14,9"
98,adult,worker,mobile,0.21712454129440448,"10,1",9,"16,7"
98,adult,worker,mobile,0.21712454129440448,"10,1",10,"16,7"
98,adult,worker,mobile,0.21712454129440448,"10,1",11,"16,7"
98,adult,worker,mobile,0.21712454129440448,"10,1",12,"16,7"
98,adult,worker,mobile,0.21712454129440448,"10,1",13,"16,7"
98,adult,worker,mobile,0.21712454129440448,"10,1",14,"16,7"
98,adult,worker,mobile,0.21712454129440448,"10,1",15,"16,7"
98,adult,worker,mobile,0.21712454129440448,"10,1",16,"16,7"
98,adult,worker,mobile,0.21712454129440448,"10,1",17,"18,5"
98,adult,worker,mobile,0.21712454129440448,"10,1",18,"15,5"
98,adult,worker,mobile,0.21712454129440448,"10,1",19,"16,8"
98,adult,worker,mobile,0.21712454129440448,"10,1",20,"17,6"
98,adult,worker,mobile,0.21712454129440448,"10,1",21,"14,7"
98,adult,worker,mobile,0.21712454129440448,"10,1",22,"10,1"
98,adult,worker,mobile,0.21712454129440448,"10,1",23,"10,1"
99,elderly,resident,mobile,0.7185461557640977,"9,7",0,"9,7"
99,elderly,resident,mobile,0.7185461557640977,"9,7",1,"9,7"
99,elderly,resident,mobile,0.7185461557640977,"9,7",2,"9,7"
99,elderly,resident,mobile,0.7185461557640977,"9,7",3,"9,7"
99,elderly,resident,mobile,0.7185461557640977,"9,7",4,"9,7"
99,elderly,resident,mobile,0.7185461557640977,"9,7",5,"9,7"
99,elderly,resident,mobile,0.7185461557640977,"9,7",6,"9,7"
99,elderly,resident,mobile,0.7185461557640977,"9,7",7,"6,7"
99,elderly,resident,mobile,0.7185461557640977,"9,7",8,"5,6"
99,elderly,resident,mobile,0.7185461557640977,"9,7",9,"6,7"
99,elderly,resident,mobile,0.7185461557640977,"9,7",10,"6,7"
99,elderly,resident,mobile,0.7185461557640977,"9,7",11,"6,7"
99,elderly,resident,mobile,0.7185461557640977,"9,7",12,"6,7"
99,elderly,resident,mobile,0.7185461557640977,"9,7",13,"6,7"
99,elderly,resident,mobile,0.7185461557640977,"9,7",14,"6,7"
99,elderly,resident,mobile,0.7185461557640977,"9,7",15,"6,7"
99,elderly,resident,mobile,0.7185461557640977,"9,7",16,"6,7"
99,elderly,resident,mobile,0.7185461557640977,"9,7",17,"6,5"
99,elderly,resident,mobile,0.7185461557640977,"9,7",18,"4,6"
99,elderly,resident,mobile,0.7185461557640977,"9,7",19,"8,6"
99,elderly,resident,mobile,0.7185461557640977,"9,7",20,"4,9"
99,elderly,resident,mobile,0.7185461557640977,"9,7",21,"4,7"
99,elderly,resident,mobile,0.7185461557640977,"9,7",22,"9,7"
99,elderly,resident,mobile,0.7185461557640977,"9,7",23,"9,7"
100,child,student,mobile,0.4754623971272218,"4,9",0,"4,9"
100,child,student,mobile,0.4754623971272218,"4,9",1,"4,9"
100,child,student,mobile,0.4754623971272218,"4,9",2,"4,9"
100,child,student,mobile,0.4754623971272218,"4,9",3,"4,9"
100,child,student,mobile,0.4754623971272218,"4,9",4,"4,9"
100,child,student,mobile,0.4754623971272218,"4,9",5,"4,9"
100,child,student,mobile,0.4754623971272218,"4,9",6,"4,9"
100,child,student,mobile,0.4754623971272218,"4,9",7,"11,4"
100,child,student,mobile,0.4754623971272218,"4,9",8,"10,2"
100,child,student,mobile,0.4754623971272218,"4,9",9,"12,2"
100,child,student,mobile,0.4754623971272218,"4,9",10,"12,2"
100,child,student,mobile,0.4754623971272218,"4,9",11,"12,2"
100,child,student,mobile,0.4754623971272218,"4,9",12,"12,2"
100,child,student,mobile,0.4754623971272218,"4,9",13,"12,2"
100,child,student,mobile,0.4754623971272218,"4,9",14,"12,2"
100,child,student,mobile,0.4754623971272218,"4,9",15,"12,2"
100,child,student,mobile,0.4754623971272218,"4,9",16,"12,2"
100,child,student,mobile,0.4754623971272218,"4,9",17,"12,3"
100,child,student,mobile,0.4754623971272218,"4,9",18,"14,3"
100,child,student,mobile,0.4754623971272218,"4,9",19,"14,3"
100,child,student,mobile,0.4754623971272218,"4,9",20,"11,2"
100,child,student,mobile,0.4754623971272218,"4,9",21,"10,0"
100,child,student,mobile,0.4754623971272218,"4,9",22,"4,9"
100,child,student,mobile,0.4754623971272218,"4,9",23,"4,9"
101,elderly,resident,assisted,0.814329171491318,"1,9",0,"1,9"
101,elderly,resident,assisted,0.814329171491318,"1,9",1,"1,9"
101,elderly,resident,assisted,0.814329171491318,"1,9",2,"1,9"
101,elderly,resident,assisted,0.814329171491318,"1,9",3,"1,9"
101,elderly,resident,assisted,0.814329171491318,"1,9",4,"1,9"
101,elderly,resident,assisted,0.814329171491318,"1,9",5,"1,9"
101,elderly,resident,assisted,0.814329171491318,"1,9",6,"1,9"
101,elderly,resident,assisted,0.814329171491318,"1,9",7,"9,4"
101,elderly,resident,assisted,0.814329171491318,"1,9",8,"7,1"
101,elderly,resident,assisted,0.814329171491318,"1,9",9,"7,3"
101,elderly,resident,assisted,0.814329171491318,"1,9",10,"7,3"
101,elderly,resident,assisted,0.814329171491318,"1,9",11,"7,3"
101,elderly,resident,assisted,0.814329171491318,"1,9",12,"7,3"
101,elderly,resident,assisted,0.814329171491318,"1,9",13,"7,3"
101,elderly,resident,assisted,0.814329171491318,"1,9",14,"7,3"
101,elderly,resident,assisted,0.814329171491318,"1,9",15,"7,3"
101,elderly,resident,assisted,0.814329171491318,"1,9",16,"7,3"
101,elderly,resident,assisted,0.814329171491318,"1,9",17,"8,1"
101,elderly,resident,assisted,0.814329171491318,"1,9",18,"7,2"
101,elderly,resident,assisted,0.814329171491318,"1,9",19,"8,2"
101,elderly,resident,assisted,0.814329171491318,"1,9",20,"9,3"
101,elderly,resident,assisted,0.814329171491318,"1,9",21,"6,2"
101,elderly,resident,assisted,0.814329171491318,"1,9",22,"1,9"
101,elderly,resident,assisted,0.814329171491318,"1,9",23,"1,9"
102,elderly,resident,restricted,0.9382392363354756,"15,7",0,"15,7"
102,elderly,resident,restricted,0.9382392363354756,"15,7",1,"15,7"
102,elderly,resident,restricted,0.9382392363354756,"15,7",2,"15,7"
102,elderly,resident,restricted,0.9382392363354756,"15,7",3,"15,7"
102,elderly,resident,restricted,0.9382392363354756,"15,7",4,"15,7"
102,elderly,resident,restricted,0.9382392363354756,"15,7",5,"15,7"
102,elderly,resident,restricted,0.9382392363354756,"15,7",6,"15,7"
102,elderly,resident,restricted,0.9382392363354756,"15,7",7,"3,9"
102,elderly,resident,restricted,0.9382392363354756,"15,7",8,"1,8"
102,elderly,resident,restricted,0.9382392363354756,"15,7",9,"1,9"
102,elderly,resident,restricted,0.9382392363354756,"15,7",10,"1,9"
102,elderly,resident,restricted,0.9382392363354756,"15,7",11,"1,9"
102,elderly,resident,restricted,0.9382392363354756,"15,7",12,"1,9"
102,elderly,resident,restricted,0.9382392363354756,"15,7",13,"1,9"
102,elderly,resident,restricted,0.9382392363354756,"15,7",14,"1,9"
102,elderly,resident,restricted,0.9382392363354756,"15,7",15,"1,9"
102,elderly,resident,restricted,0.9382392363354756,"15,7",16,"1,9"
102,elderly,resident,restricted,0.9382392363354756,"15,7",17,"3,9"
102,elderly,resident,restricted,0.9382392363354756,"15,7",18,"0,7"
102,elderly,resident,restricted,0.9382392363354756,"15,7",19,"0,9"
102,elderly,resident,restricted,0.9382392363354756,"15,7",20,"1,9"
102,elderly,resident,restricted,0.9382392363354756,"15,7",21,"0,8"
102,elderly,resident,restricted,0.9382392363354756,"15,7",22,"15,7"
102,elderly,resident,restricted,0.9382392363354756,"15,7",23,"15,7"
103,adult,worker,mobile,0.30010692589416543,"14,7",0,"14,7"
103,adult,worker,mobile,0.30010692589416543,"14,7",1,"14,7"
103,adult,worker,mobile,0.30010692589416543,"14,7",2,"14,7"
103,adult,worker,mobile,0.30010692589416543,"14,7",3,"14,7"
103,adult,worker,mobile,0.30010692589416543,"14,7",4,"14,7"
103,adult,worker,mobile,0.30010692589416543,"14,7",5,"14,7"
103,adult,worker,mobile,0.30010692589416543,"14,7",6,"14,7"
103,adult,worker,mobile,0.30010692589416543,"14,7",7,"2,2"
103,adult,worker,mobile,0.30010692589416543,"14,7",8,"0,0"
103,adult,worker,mobile,0.30010692589416543,"14,7",9,"0,2"
103,adult,worker,mobile,0.30010692589416543,"14,7",10,"0,2"
103,adult,worker,mobile,0.30010692589416543,"14,7",11,"0,2"
103,adult,worker,mobile,0.30010692589416543,"14,7",12,"0,2"
103,adult,worker,mobile,0.30010692589416543,"14,7",13,"0,2"
103,adult,worker,mobile,0.30010692589416543,"14,7",14,"0,2"
103,adult,worker,mobile,0.30010692589416543,"14,7",15,"0,2"
103,adult,worker,mobile,0.30010692589416543,"14,7",16,"0,2"
103,adult,worker,mobile,0.30010692589416543,"14,7",17,"0,3"
103,adult,worker,mobile,0.30010692589416543,"14,7",18,"0,0"
103,adult,worker,mobile,0.30010692589416543,"14,7",19,"0,1"
103,adult,worker,mobile,0.30010692589416543,"14,7",20,"2,0"
103,adult,worker,mobile,0.30010692589416543,"14,7",21,"2,4"
103,adult,worker,mobile,0.30010692589416543,"14,7",22,"14,7"
103,adult,worker,mobile,0.30010692589416543,"14,7",23,"14,7"
104,elderly,visitor,mobile,0.8126300272600911,"7,2",0,"7,2"
104,elderly,visitor,mobile,0.8126300272600911,"7,2",1,"7,2"
104,elderly,visitor,mobile,0.8126300272600911,"7,2",2,"7,2"
104,elderly,visitor,mobile,0.8126300272600911,"7,2",3,"7,2"
104,elderly,visitor,mobile,0.8126300272600911,"7,2",4,"7,2"
104,elderly,visitor,mobile,0.8126300272600911,"7,2",5,"7,2"
104,elderly,visitor,mobile,0.8126300272600911,"7,2",6,"7,2"
104,elderly,visitor,mobile,0.8126300272600911,"7,2",7,"6,5"
104,elderly,visitor,mobile,0.8126300272600911,"7,2",8,"4,3"
104,elderly,visitor,mobile,0.8126300272600911,"7,2",9,"4,4"
104,elderly,visitor,mobile,0.8126300272600911,"7,2",10,"4,4"
104,elderly,visitor,mobile,0.8126300272600911,"7,2",11,"4,4"
104,elderly,visitor,mobile,0.8126300272600911,"7,2",12,"4,4"
104,elderly,visitor,mobile,0.8126300272600911,"7,2",13,"4,4"
104,elderly,visitor,mobile,0.8126300272600911,"7,2",14,"4,4"
104,elderly,visitor,mobile,0.8126300272600911,"7,2",15,"4,4"
104,elderly,visitor,mobile,0.8126300272600911,"7,2",16,"4,4"
104,elderly,visitor,mobile,0.8126300272600911,"7,2",17,"4,2"
104,elderly,visitor,mobile,0.8126300272600911,"7,2",18,"6,4"
104,elderly,visitor,mobile,0.8126300272600911,"7,2",19,"4,5"
104,elderly,visitor,mobile,0.8126300272600911,"7,2",20,"4,6"
104,elderly,visitor,mobile,0.8126300272600911,"7,2",21,"2,3"
104,elderly,visitor,mobile,0.8126300272600911,"7,2",22,"7,2"
104,elderly,visitor,mobile,0.8126300272600911,"7,2",23,"7,2"
105,adult,worker,mobile,0.23441354547710377,"3,2",0,"3,2"
105,adult,worker,mobile,0.23441354547710377,"3,2",1,"3,2"
105,adult,worker,mobile,0.23441354547710377,"3,2",2,"3,2"
105,adult,worker,mobile,0.23441354547710377,"3,2",3,"3,2"
105,adult,worker,mobile,0.23441354547710377,"3,2",4,"3,2"
105,adult,worker,mobile,0.23441354547710377,"3,2",5,"3,2"
105,adult,worker,mobile,0.23441354547710377,"3,2",6,"3,2"
105,adult,worker,mobile,0.23441354547710377,"3,2",7,"17,5"
105,adult,worker,mobile,0.23441354547710377,"3,2",8,"19,8"
105,adult,worker,mobile,0.23441354547710377,"3,2",9,"17,7"
105,adult,worker,mobile,0.23441354547710377,"3,2",10,"17,7"
105,adult,worker,mobile,0.23441354547710377,"3,2",11,"17,7"
105,adult,worker,mobile,0.23441354547710377,"3,2",12,"17,7"
105,adult,worker,mobile,0.23441354547710377,"3,2",13,"17,7"
105,adult,worker,mobile,0.23441354547710377,"3,2",14,"17,7"
105,adult,worker,mobile,0.23441354547710377,"3,2",15,"17,7"
105,adult,worker,mobile,0.23441354547710377,"3,2",16,"17,7"
105,adult,worker,mobile,0.23441354547710377,"3,2",17,"18,6"
105,adult,worker,mobile,0.23441354547710377,"3,2",18,"16,6"
105,adult,worker,mobile,0.23441354547710377,"3,2",19,"18,7"
105,adult,worker,mobile,0.23441354547710377,"3,2",20,"19,7"
105,adult,worker,mobile,0.23441354547710377,"3,2",21,"19,7"
105,adult,worker,mobile,0.23441354547710377,"3,2",22,"3,2"
105,adult,worker,mobile,0.23441354547710377,"3,2",23,"3,2"
106,child,visitor,mobile,0.5066140359967927,"9,5",0,"9,5"
106,child,visitor,mobile,0.5066140359967927,"9,5",1,"9,5"
106,child,visitor,mobile,0.5066140359967927,"9,5",2,"9,5"
106,child,visitor,mobile,0.5066140359967927,"9,5",3,"9,5"
106,child,visitor,mobile,0.5066140359967927,"9,5",4,"9,5"
106,child,visitor,mobile,0.5066140359967927,"9,5",5,"9,5"
106,child,visitor,mobile,0.5066140359967927,"9,5",6,"9,5"
106,child,visitor,mobile,0.5066140359967927,"9,5",7,"4,2"
106,child,visitor,mobile,0.5066140359967927,"9,5",8,"3,5"
106,child,visitor,mobile,0.5066140359967927,"9,5",9,"4,3"
106,child,visitor,mobile,0.5066140359967927,"9,5",10,"4,3"
106,child,visitor,mobile,0.5066140359967927,"9,5",11,"4,3"
106,child,visitor,mobile,0.5066140359967927,"9,5",12,"4,3"
106,child,visitor,mobile,0.5066140359967927,"9,5",13,"4,3"
106,child,visitor,mobile,0.5066140359967927,"9,5",14,"4,3"
106,child,visitor,mobile,0.5066140359967927,"9,5",15,"4,3"
106,child,visitor,mobile,0.5066140359967927,"9,5",16,"4,3"
106,child,visitor,mobile,0.5066140359967927,"9,5",17,"3,2"
106,child,visitor,mobile,0.5066140359967927,"9,5",18,"2,5"
106,child,visitor,mobile,0.5066140359967927,"9,5",19,"5,4"
106,child,visitor,mobile,0.5066140359967927,"9,5",20,"3,1"
106,child,visitor,mobile,0.5066140359967927,"9,5",21,"2,2"
106,child,visitor,mobile,0.5066140359967927,"9,5",22,"9,5"
106,child,visitor,mobile,0.5066140359967927,"9,5",23,"9,5"
107,child,visitor,mobile,0.5631658536919568,"4,0",0,"4,0"
107,child,visitor,mobile,0.5631658536919568,"4,0",1,"4,0"
107,child,visitor,mobile,0.5631658536919568,"4,0",2,"4,0"
107,child,visitor,mobile,0.5631658536919568,"4,0",3,"4,0"
107,child,visitor,mobile,0.5631658536919568,"4,0",4,"4,0"
107,child,visitor,mobile,0.5631658536919568,"4,0",5,"4,0"
107,child,visitor,mobile,0.5631658536919568,"4,0",6,"4,0"
107,child,visitor,mobile,0.5631658536919568,"4,0",7,"4,0"
107,child,visitor,mobile,0.5631658536919568,"4,0",8,"4,4"
107,child,visitor,mobile,0.5631658536919568,"4,0",9,"3,2"
107,child,visitor,mobile,0.5631658536919568,"4,0",10,"3,2"
107,child,visitor,mobile,0.5631658536919568,"4,0",11,"3,2"
107,child,visitor,mobile,0.5631658536919568,"4,0",12,"3,2"
107,child,visitor,mobile,0.5631658536919568,"4,0",13,"3,2"
107,child,visitor,mobile,0.5631658536919568,"4,0",14,"3,2"
107,child,visitor,mobile,0.5631658536919568,"4,0",15,"3,2"
107,child,visitor,mobile,0.5631658536919568,"4,0",16,"3,2"
107,child,visitor,mobile,0.5631658536919568,"4,0",17,"2,3"
107,child,visitor,mobile,0.5631658536919568,"4,0",18,"4,4"
107,child,visitor,mobile,0.5631658536919568,"4,0",19,"2,2"
107,child,visitor,mobile,0.5631658536919568,"4,0",20,"2,4"
107,child,visitor,mobile,0.5631658536919568,"4,0",21,"1,3"
107,child,visitor,mobile,0.5631658536919568,"4,0",22,"4,0"
107,child,visitor,mobile,0.5631658536919568,"4,0",23,"4,0"
108,adult,visitor,mobile,0.23073770055214435,"4,8",0,"4,8"
108,adult,visitor,mobile,0.23073770055214435,"4,8",1,"4,8"
108,adult,visitor,mobile,0.23073770055214435,"4,8",2,"4,8"
108,adult,visitor,mobile,0.23073770055214435,"4,8",3,"4,8"
108,adult,visitor,mobile,0.23073770055214435,"4,8",4,"4,8"
108,adult,visitor,mobile,0.23073770055214435,"4,8",5,"4,8"
108,adult,visitor,mobile,0.23073770055214435,"4,8",6,"4,8"
108,adult,visitor,mobile,0.23073770055214435,"4,8",7,"6,0"
108,adult,visitor,mobile,0.23073770055214435,"4,8",8,"9,4"
108,adult,visitor,mobile,0.23073770055214435,"4,8",9,"7,2"
108,adult,visitor,mobile,0.23073770055214435,"4,8",10,"7,2"
108,adult,visitor,mobile,0.23073770055214435,"4,8",11,"7,2"
108,adult,visitor,mobile,0.23073770055214435,"4,8",12,"7,2"
108,adult,visitor,mobile,0.23073770055214435,"4,8",13,"7,2"
108,adult,visitor,mobile,0.23073770055214435,"4,8",14,"7,2"
108,adult,visitor,mobile,0.23073770055214435,"4,8",15,"7,2"
108,adult,visitor,mobile,0.23073770055214435,"4,8",16,"7,2"
108,adult,visitor,mobile,0.23073770055214435,"4,8",17,"5,2"
108,adult,visitor,mobile,0.23073770055214435,"4,8",18,"7,0"
108,adult,visitor,mobile,0.23073770055214435,"4,8",19,"5,1"
108,adult,visitor,mobile,0.23073770055214435,"4,8",20,"9,1"
108,adult,visitor,mobile,0.23073770055214435,"4,8",21,"8,4"
108,adult,visitor,mobile,0.23073770055214435,"4,8",22,"4,8"
108,adult,visitor,mobile,0.23073770055214435,"4,8",23,"4,8"
109,adult,student,mobile,0.29657377246189087,"2,9",0,"2,9"
109,adult,student,mobile,0.29657377246189087,"2,9",1,"2,9"
109,adult,student,mobile,0.29657377246189087,"2,9",2,"2,9"
109,adult,student,mobile,0.29657377246189087,"2,9",3,"2,9"
109,adult,student,mobile,0.29657377246189087,"2,9",4,"2,9"
109,adult,student,mobile,0.29657377246189087,"2,9",5,"2,9"
109,adult,student,mobile,0.29657377246189087,"2,9",6,"2,9"
109,adult,student,mobile,0.29657377246189087,"2,9",7,"12,6"
109,adult,student,mobile,0.29657377246189087,"2,9",8,"10,4"
109,adult,student,mobile,0.29657377246189087,"2,9",9,"12,5"
109,adult,student,mobile,0.29657377246189087,"2,9",10,"12,5"
109,adult,student,mobile,0.29657377246189087,"2,9",11,"12,5"
109,adult,student,mobile,0.29657377246189087,"2,9",12,"12,5"
109,adult,student,mobile,0.29657377246189087,"2,9",13,"12,5"
109,adult,student,mobile,0.29657377246189087,"2,9",14,"12,5"
109,adult,student,mobile,0.29657377246189087,"2,9",15,"12,5"
109,adult,student,mobile,0.29657377246189087,"2,9",16,"12,5"
109,adult,student,mobile,0.29657377246189087,"2,9",17,"11,3"
109,adult,student,mobile,0.29657377246189087,"2,9",18,"10,6"
109,adult,student,mobile,0.29657377246189087,"2,9",19,"13,3"
109,adult,student,mobile,0.29657377246189087,"2,9",20,"13,5"
109,adult,student,mobile,0.29657377246189087,"2,9",21,"12,6"
109,adult,student,mobile,0.29657377246189087,"2,9",22,"2,9"
109,adult,student,mobile,0.29657377246189087,"2,9",23,"2,9"
110,adult,resident,mobile,0.27279255604127917,"7,4",0,"7,4"
110,adult,resident,mobile,0.27279255604127917,"7,4",1,"7,4"
110,adult,resident,mobile,0.27279255604127917,"7,4",2,"7,4"
110,adult,resident,mobile,0.27279255604127917,"7,4",3,"7,4"
110,adult,resident,mobile,0.27279255604127917,"7,4",4,"7,4"
110,adult,resident,mobile,0.27279255604127917,"7,4",5,"7,4"
110,adult,resident,mobile,0.27279255604127917,"7,4",6,"7,4"
110,adult,resident,mobile,0.27279255604127917,"7,4",7,"2,6"
110,adult,resident,mobile,0.27279255604127917,"7,4",8,"3,8"
110,adult,resident,mobile,0.27279255604127917,"7,4",9,"2,6"
110,adult,resident,mobile,0.27279255604127917,"7,4",10,"2,6"
110,adult,resident,mobile,0.27279255604127917,"7,4",11,"2,6"
110,adult,resident,mobile,0.27279255604127917,"7,4",12,"2,6"
110,adult,resident,mobile,0.27279255604127917,"7,4",13,"2,6"
110,adult,resident,mobile,0.27279255604127917,"7,4",14,"2,6"
110,adult,resident,mobile,0.27279255604127917,"7,4",15,"2,6"
110,adult,resident,mobile,0.27279255604127917,"7,4",16,"2,6"
110,adult,resident,mobile,0.27279255604127917,"7,4",17,"2,5"
110,adult,resident,mobile,0.27279255604127917,"7,4",18,"1,4"
110,adult,resident,mobile,0.27279255604127917,"7,4",19,"4,8"
110,adult,resident,mobile,0.27279255604127917,"7,4",20,"0,7"
110,adult,resident,mobile,0.27279255604127917,"7,4",21,"2,7"
110,adult,resident,mobile,0.27279255604127917,"7,4",22,"7,4"
110,adult,resident,mobile,0.27279255604127917,"7,4",23,"7,4"
111,child,student,mobile,0.5291861555650081,"13,5",0,"13,5"
111,child,student,mobile,0.5291861555650081,"13,5",1,"13,5"
111,child,student,mobile,0.5291861555650081,"13,5",2,"13,5"
111,child,student,mobile,0.5291861555650081,"13,5",3,"13,5"
111,child,student,mobile,0.5291861555650081,"13,5",4,"13,5"
111,child,student,mobile,0.5291861555650081,"13,5",5,"13,5"
111,child,student,mobile,0.5291861555650081,"13,5",6,"13,5"
111,child,student,mobile,0.5291861555650081,"13,5",7,"17,4"
111,child,student,mobile,0.5291861555650081,"13,5",8,"13,6"
111,child,student,mobile,0.5291861555650081,"13,5",9,"15,6"
111,child,student,mobile,0.5291861555650081,"13,5",10,"15,6"
111,child,student,mobile,0.5291861555650081,"13,5",11,"15,6"
111,child,student,mobile,0.5291861555650081,"13,5",12,"15,6"
111,child,student,mobile,0.5291861555650081,"13,5",13,"15,6"
111,child,student,mobile,0.5291861555650081,"13,5",14,"15,6"
111,child,student,mobile,0.5291861555650081,"13,5",15,"15,6"
111,child,student,mobile,0.5291861555650081,"13,5",16,"15,6"
111,child,student,mobile,0.5291861555650081,"13,5",17,"17,5"
111,child,student,mobile,0.5291861555650081,"13,5",18,"16,7"
111,child,student,mobile,0.5291861555650081,"13,5",19,"16,6"
111,child,student,mobile,0.5291861555650081,"13,5",20,"17,7"
111,child,student,mobile,0.5291861555650081,"13,5",21,"15,7"
111,child,student,mobile,0.5291861555650081,"13,5",22,"13,5"
111,child,student,mobile,0.5291861555650081,"13,5",23,"13,5"
112,elderly,resident,assisted,0.8908951292054481,"16,1",0,"16,1"
112,elderly,resident,assisted,0.8908951292054481,"16,1",1,"16,1"
112,elderly,resident,assisted,0.8908951292054481,"16,1",2,"16,1"
112,elderly,resident,assisted,0.8908951292054481,"16,1",3,"16,1"
112,elderly,resident,assisted,0.8908951292054481,"16,1",4,"16,1"
112,elderly,resident,assisted,0.8908951292054481,"16,1",5,"16,1"
112,elderly,resident,assisted,0.8908951292054481,"16,1",6,"16,1"
112,elderly,resident,assisted,0.8908951292054481,"16,1",7,"5,6"
112,elderly,resident,assisted,0.8908951292054481,"16,1",8,"5,5"
112,elderly,resident,assisted,0.8908951292054481,"16,1",9,"7,4"
112,elderly,resident,assisted,0.8908951292054481,"16,1",10,"7,4"
112,elderly,resident,assisted,0.8908951292054481,"16,1",11,"7,4"
112,elderly,resident,assisted,0.8908951292054481,"16,1",12,"7,4"
112,elderly,resident,assisted,0.8908951292054481,"16,1",13,"7,4"
112,elderly,resident,assisted,0.8908951292054481,"16,1",14,"7,4"
112,elderly,resident,assisted,0.8908951292054481,"16,1",15,"7,4"
112,elderly,resident,assisted,0.8908951292054481,"16,1",16,"7,4"
112,elderly,resident,assisted,0.8908951292054481,"16,1",17,"9,2"
112,elderly,resident,assisted,0.8908951292054481,"16,1",18,"7,3"
112,elderly,resident,assisted,0.8908951292054481,"16,1",19,"9,5"
112,elderly,resident,assisted,0.8908951292054481,"16,1",20,"6,6"
112,elderly,resident,assisted,0.8908951292054481,"16,1",21,"5,2"
112,elderly,resident,assisted,0.8908951292054481,"16,1",22,"16,1"
112,elderly,resident,assisted,0.8908951292054481,"16,1",23,"16,1"
113,child,student,mobile,0.5158957569432061,"12,4",0,"12,4"
113,child,student,mobile,0.5158957569432061,"12,4",1,"12,4"
113,child,student,mobile,0.5158957569432061,"12,4",2,"12,4"
113,child,student,mobile,0.5158957569432061,"12,4",3,"12,4"
113,child,student,mobile,0.5158957569432061,"12,4",4,"12,4"
113,child,student,mobile,0.5158957569432061,"12,4",5,"12,4"
113,child,student,mobile,0.5158957569432061,"12,4",6,"12,4"
113,child,student,mobile,0.5158957569432061,"12,4",7,"8,7"
113,child,student,mobile,0.5158957569432061,"12,4",8,"9,7"
113,child,student,mobile,0.5158957569432061,"12,4",9,"7,8"
113,child,student,mobile,0.5158957569432061,"12,4",10,"7,8"
113,child,student,mobile,0.5158957569432061,"12,4",11,"7,8"
113,child,student,mobile,0.5158957569432061,"12,4",12,"7,8"
113,child,student,mobile,0.5158957569432061,"12,4",13,"7,8"
113,child,student,mobile,0.5158957569432061,"12,4",14,"7,8"
113,child,student,mobile,0.5158957569432061,"12,4",15,"7,8"
113,child,student,mobile,0.5158957569432061,"12,4",16,"7,8"
113,child,student,mobile,0.5158957569432061,"12,4",17,"9,6"
113,child,student,mobile,0.5158957569432061,"12,4",18,"7,9"
113,child,student,mobile,0.5158957569432061,"12,4",19,"7,8"
113,child,student,mobile,0.5158957569432061,"12,4",20,"7,7"
113,child,student,mobile,0.5158957569432061,"12,4",21,"9,9"
113,child,student,mobile,0.5158957569432061,"12,4",22,"12,4"
113,child,student,mobile,0.5158957569432061,"12,4",23,"12,4"
114,elderly,resident,assisted,0.8593264155201461,"14,8",0,"14,8"
114,elderly,resident,assisted,0.8593264155201461,"14,8",1,"14,8"
114,elderly,resident,assisted,0.8593264155201461,"14,8",2,"14,8"
114,elderly,resident,assisted,0.8593264155201461,"14,8",3,"14,8"
114,elderly,resident,assisted,0.8593264155201461,"14,8",4,"14,8"
114,elderly,resident,assisted,0.8593264155201461,"14,8",5,"14,8"
114,elderly,resident,assisted,0.8593264155201461,"14,8",6,"14,8"
114,elderly,resident,assisted,0.8593264155201461,"14,8",7,"17,8"
114,elderly,resident,assisted,0.8593264155201461,"14,8",8,"13,9"
114,elderly,resident,assisted,0.8593264155201461,"14,8",9,"15,7"
114,elderly,resident,assisted,0.8593264155201461,"14,8",10,"15,7"
114,elderly,resident,assisted,0.8593264155201461,"14,8",11,"15,7"
114,elderly,resident,assisted,0.8593264155201461,"14,8",12,"15,7"
114,elderly,resident,assisted,0.8593264155201461,"14,8",13,"15,7"
114,elderly,resident,assisted,0.8593264155201461,"14,8",14,"15,7"
114,elderly,resident,assisted,0.8593264155201461,"14,8",15,"15,7"
114,elderly,resident,assisted,0.8593264155201461,"14,8",16,"15,7"
114,elderly,resident,assisted,0.8593264155201461,"14,8",17,"17,7"
114,elderly,resident,assisted,0.8593264155201461,"14,8",18,"14,7"
114,elderly,resident,assisted,0.8593264155201461,"14,8",19,"17,5"
114,elderly,resident,assisted,0.8593264155201461,"14,8",20,"14,8"
114,elderly,resident,assisted,0.8593264155201461,"14,8",21,"16,6"
114,elderly,resident,assisted,0.8593264155201461,"14,8",22,"14,8"
114,elderly,resident,assisted,0.8593264155201461,"14,8",23,"14,8"
115,adult,worker,mobile,0.32052011433136096,"18,6",0,"18,6"
115,adult,worker,mobile,0.32052011433136096,"18,6",1,"18,6"
115,adult,worker,mobile,0.32052011433136096,"18,6",2,"18,6"
115,adult,worker,mobile,0.32052011433136096,"18,6",3,"18,6"
115,adult,worker,mobile,0.32052011433136096,"18,6",4,"18,6"
115,adult,worker,mobile,0.32052011433136096,"18,6",5,"18,6"
115,adult,worker,mobile,0.32052011433136096,"18,6",6,"18,6"
115,adult,worker,mobile,0.32052011433136096,"18,6",7,"13,4"
115,adult,worker,mobile,0.32052011433136096,"18,6",8,"13,6"
115,adult,worker,mobile,0.32052011433136096,"18,6",9,"13,5"
115,adult,worker,mobile,0.32052011433136096,"18,6",10,"13,5"
115,adult,worker,mobile,0.32052011433136096,"18,6",11,"13,5"
115,adult,worker,mobile,0.32052011433136096,"18,6",12,"13,5"
115,adult,worker,mobile,0.32052011433136096,"18,6",13,"13,5"
115,adult,worker,mobile,0.32052011433136096,"18,6",14,"13,5"
115,adult,worker,mobile,0.32052011433136096,"18,6",15,"13,5"
115,adult,worker,mobile,0.32052011433136096,"18,6",16,"13,5"
115,adult,worker,mobile,0.32052011433136096,"18,6",17,"12,6"
115,adult,worker,mobile,0.32052011433136096,"18,6",18,"14,5"
115,adult,worker,mobile,0.32052011433136096,"18,6",19,"14,4"
115,adult,worker,mobile,0.32052011433136096,"18,6",20,"12,3"
115,adult,worker,mobile,0.32052011433136096,"18,6",21,"14,5"
115,adult,worker,mobile,0.32052011433136096,"18,6",22,"18,6"
115,adult,worker,mobile,0.32052011433136096,"18,6",23,"18,6"
116,child,student,mobile,0.5844185905950111,"19,1",0,"19,1"
116,child,student,mobile,0.5844185905950111,"19,1",1,"19,1"
116,child,student,mobile,0.5844185905950111,"19,1",2,"19,1"
116,child,student,mobile,0.5844185905950111,"19,1",3,"19,1"
116,child,student,mobile,0.5844185905950111,"19,1",4,"19,1"
116,child,student,mobile,0.5844185905950111,"19,1",5,"19,1"
116,child,student,mobile,0.5844185905950111,"19,1",6,"19,1"
116,child,student,mobile,0.5844185905950111,"19,1",7,"5,9"
116,child,student,mobile,0.5844185905950111,"19,1",8,"1,9"
116,child,student,mobile,0.5844185905950111,"19,1",9,"3,8"
116,child,student,mobile,0.5844185905950111,"19,1",10,"3,8"
116,child,student,mobile,0.5844185905950111,"19,1",11,"3,8"
116,child,student,mobile,0.5844185905950111,"19,1",12,"3,8"
116,child,student,mobile,0.5844185905950111,"19,1",13,"3,8"
116,child,student,mobile,0.5844185905950111,"19,1",14,"3,8"
116,child,student,mobile,0.5844185905950111,"19,1",15,"3,8"
116,child,student,mobile,0.5844185905950111,"19,1",16,"3,8"
116,child,student,mobile,0.5844185905950111,"19,1",17,"4,8"
116,child,student,mobile,0.5844185905950111,"19,1",18,"5,9"
116,child,student,mobile,0.5844185905950111,"19,1",19,"5,7"
116,child,student,mobile,0.5844185905950111,"19,1",20,"4,8"
116,child,student,mobile,0.5844185905950111,"19,1",21,"3,6"
116,child,student,mobile,0.5844185905950111,"19,1",22,"19,1"
116,child,student,mobile,0.5844185905950111,"19,1",23,"19,1"
117,adult,student,mobile,0.24225311600942953,"12,5",0,"12,5"
117,adult,student,mobile,0.24225311600942953,"12,5",1,"12,5"
117,adult,student,mobile,0.24225311600942953,"12,5",2,"12,5"
117,adult,student,mobile,0.24225311600942953,"12,5",3,"12,5"
117,adult,student,mobile,0.24225311600942953,"12,5",4,"12,5"
117,adult,student,mobile,0.24225311600942953,"12,5",5,"12,5"
117,adult,student,mobile,0.24225311600942953,"12,5",6,"12,5"
117,adult,student,mobile,0.24225311600942953,"12,5",7,"12,7"
117,adult,student,mobile,0.24225311600942953,"12,5",8,"8,6"
117,adult,student,mobile,0.24225311600942953,"12,5",9,"10,6"
117,adult,student,mobile,0.24225311600942953,"12,5",10,"10,6"
117,adult,student,mobile,0.24225311600942953,"12,5",11,"10,6"
117,adult,student,mobile,0.24225311600942953,"12,5",12,"10,6"
117,adult,student,mobile,0.24225311600942953,"12,5",13,"10,6"
117,adult,student,mobile,0.24225311600942953,"12,5",14,"10,6"
117,adult,student,mobile,0.24225311600942953,"12,5",15,"10,6"
117,adult,student,mobile,0.24225311600942953,"12,5",16,"10,6"
117,adult,student,mobile,0.24225311600942953,"12,5",17,"10,6"
117,adult,student,mobile,0.24225311600942953,"12,5",18,"11,4"
117,adult,student,mobile,0.24225311600942953,"12,5",19,"12,6"
117,adult,student,mobile,0.24225311600942953,"12,5",20,"10,7"
117,adult,student,mobile,0.24225311600942953,"12,5",21,"10,5"
117,adult,student,mobile,0.24225311600942953,"12,5",22,"12,5"
117,adult,student,mobile,0.24225311600942953,"12,5",23,"12,5"
118,adult,resident,mobile,0.2089072670144541,"10,8",0,"10,8"
118,adult,resident,mobile,0.2089072670144541,"10,8",1,"10,8"
118,adult,resident,mobile,0.2089072670144541,"10,8",2,"10,8"
118,adult,resident,mobile,0.2089072670144541,"10,8",3,"10,8"
118,adult,resident,mobile,0.2089072670144541,"10,8",4,"10,8"
118,adult,resident,mobile,0.2089072670144541,"10,8",5,"10,8"
118,adult,resident,mobile,0.2089072670144541,"10,8",6,"10,8"
118,adult,resident,mobile,0.2089072670144541,"10,8",7,"13,0"
118,adult,resident,mobile,0.2089072670144541,"10,8",8,"13,3"
118,adult,resident,mobile,0.2089072670144541,"10,8",9,"12,1"
118,adult,resident,mobile,0.2089072670144541,"10,8",10,"12,1"
118,adult,resident,mobile,0.2089072670144541,"10,8",11,"12,1"
118,adult,resident,mobile,0.2089072670144541,"10,8",12,"12,1"
118,adult,resident,mobile,0.2089072670144541,"10,8",13,"12,1"
118,adult,resident,mobile,0.2089072670144541,"10,8",14,"12,1"
118,adult,resident,mobile,0.2089072670144541,"10,8",15,"12,1"
118,adult,resident,mobile,0.2089072670144541,"10,8",16,"12,1"
118,adult,resident,mobile,0.2089072670144541,"10,8",17,"12,1"
118,adult,resident,mobile,0.2089072670144541,"10,8",18,"14,3"
118,adult,resident,mobile,0.2089072670144541,"10,8",19,"13,2"
118,adult,resident,mobile,0.2089072670144541,"10,8",20,"12,0"
118,adult,resident,mobile,0.2089072670144541,"10,8",21,"12,0"
118,adult,resident,mobile,0.2089072670144541,"10,8",22,"10,8"
118,adult,resident,mobile,0.2089072670144541,"10,8",23,"10,8"
119,elderly,resident,restricted,0.9022295288833049,"14,9",0,"14,9"
119,elderly,resident,restricted,0.9022295288833049,"14,9",1,"14,9"
119,elderly,resident,restricted,0.9022295288833049,"14,9",2,"14,9"
119,elderly,resident,restricted,0.9022295288833049,"14,9",3,"14,9"
119,elderly,resident,restricted,0.9022295288833049,"14,9",4,"14,9"
119,elderly,resident,restricted,0.9022295288833049,"14,9",5,"14,9"
119,elderly,resident,restricted,0.9022295288833049,"14,9",6,"14,9"
119,elderly,resident,restricted,0.9022295288833049,"14,9",7,"5,7"
119,elderly,resident,restricted,0.9022295288833049,"14,9",8,"6,4"
119,elderly,resident,restricted,0.9022295288833049,"14,9",9,"5,6"
119,elderly,resident,restricted,0.9022295288833049,"14,9",10,"5,6"
119,elderly,resident,restricted,0.9022295288833049,"14,9",11,"5,6"
119,elderly,resident,restricted,0.9022295288833049,"14,9",12,"5,6"
119,elderly,resident,restricted,0.9022295288833049,"14,9",13,"5,6"
119,elderly,resident,restricted,0.9022295288833049,"14,9",14,"5,6"
119,elderly,resident,restricted,0.9022295288833049,"14,9",15,"5,6"
119,elderly,resident,restricted,0.9022295288833049,"14,9",16,"5,6"
119,elderly,resident,restricted,0.9022295288833049,"14,9",17,"7,7"
119,elderly,resident,restricted,0.9022295288833049,"14,9",18,"4,8"
119,elderly,resident,restricted,0.9022295288833049,"14,9",19,"6,5"
119,elderly,resident,restricted,0.9022295288833049,"14,9",20,"7,4"
119,elderly,resident,restricted,0.9022295288833049,"14,9",21,"5,4"
119,elderly,resident,restricted,0.9022295288833049,"14,9",22,"14,9"
119,elderly,resident,restricted,0.9022295288833049,"14,9",23,"14,9"
120,child,visitor,mobile,0.5289935218684951,"14,4",0,"14,4"
120,child,visitor,mobile,0.5289935218684951,"14,4",1,"14,4"
120,child,visitor,mobile,0.5289935218684951,"14,4",2,"14,4"
120,child,visitor,mobile,0.5289935218684951,"14,4",3,"14,4"
120,child,visitor,mobile,0.5289935218684951,"14,4",4,"14,4"
120,child,visitor,mobile,0.5289935218684951,"14,4",5,"14,4"
120,child,visitor,mobile,0.5289935218684951,"14,4",6,"14,4"
120,child,visitor,mobile,0.5289935218684951,"14,4",7,"16,3"
120,child,visitor,mobile,0.5289935218684951,"14,4",8,"15,3"
120,child,visitor,mobile,0.5289935218684951,"14,4",9,"17,3"
120,child,visitor,mobile,0.5289935218684951,"14,4",10,"17,3"
120,child,visitor,mobile,0.5289935218684951,"14,4",11,"17,3"
120,child,visitor,mobile,0.5289935218684951,"14,4",12,"17,3"
120,child,visitor,mobile,0.5289935218684951,"14,4",13,"17,3"
120,child,visitor,mobile,0.5289935218684951,"14,4",14,"17,3"
120,child,visitor,mobile,0.5289935218684951,"14,4",15,"17,3"
120,child,visitor,mobile,0.5289935218684951,"14,4",16,"17,3"
120,child,visitor,mobile,0.5289935218684951,"14,4",17,"17,2"
120,child,visitor,mobile,0.5289935218684951,"14,4",18,"15,4"
120,child,visitor,mobile,0.5289935218684951,"14,4",19,"19,3"
120,child,visitor,mobile,0.5289935218684951,"14,4",20,"15,2"
120,child,visitor,mobile,0.5289935218684951,"14,4",21,"19,5"
120,child,visitor,mobile,0.5289935218684951,"14,4",22,"14,4"
120,child,visitor,mobile,0.5289935218684951,"14,4",23,"14,4"
121,adult,worker,assisted,0.42582414868915897,"5,3",0,"5,3"
121,adult,worker,assisted,0.42582414868915897,"5,3",1,"5,3"
121,adult,worker,assisted,0.42582414868915897,"5,3",2,"5,3"
121,adult,worker,assisted,0.42582414868915897,"5,3",3,"5,3"
121,adult,worker,assisted,0.42582414868915897,"5,3",4,"5,3"
121,adult,worker,assisted,0.42582414868915897,"5,3",5,"5,3"
121,adult,worker,assisted,0.42582414868915897,"5,3",6,"5,3"
121,adult,worker,assisted,0.42582414868915897,"5,3",7,"4,0"
121,adult,worker,assisted,0.42582414868915897,"5,3",8,"6,1"
121,adult,worker,assisted,0.42582414868915897,"5,3",9,"6,2"
121,adult,worker,assisted,0.42582414868915897,"5,3",10,"6,2"
121,adult,worker,assisted,0.42582414868915897,"5,3",11,"6,2"
121,adult,worker,assisted,0.42582414868915897,"5,3",12,"6,2"
121,adult,worker,assisted,0.42582414868915897,"5,3",13,"6,2"
121,adult,worker,assisted,0.42582414868915897,"5,3",14,"6,2"
121,adult,worker,assisted,0.42582414868915897,"5,3",15,"6,2"
121,adult,worker,assisted,0.42582414868915897,"5,3",16,"6,2"
121,adult,worker,assisted,0.42582414868915897,"5,3",17,"7,1"
121,adult,worker,assisted,0.42582414868915897,"5,3",18,"6,1"
121,adult,worker,assisted,0.42582414868915897,"5,3",19,"4,4"
121,adult,worker,assisted,0.42582414868915897,"5,3",20,"7,2"
121,adult,worker,assisted,0.42582414868915897,"5,3",21,"5,0"
121,adult,worker,assisted,0.42582414868915897,"5,3",22,"5,3"
121,adult,worker,assisted,0.42582414868915897,"5,3",23,"5,3"
122,adult,commuter,mobile,0.321155028793213,"6,5",0,"6,5"
122,adult,commuter,mobile,0.321155028793213,"6,5",1,"6,5"
122,adult,commuter,mobile,0.321155028793213,"6,5",2,"6,5"
122,adult,commuter,mobile,0.321155028793213,"6,5",3,"6,5"
122,adult,commuter,mobile,0.321155028793213,"6,5",4,"6,5"
122,adult,commuter,mobile,0.321155028793213,"6,5",5,"6,5"
122,adult,commuter,mobile,0.321155028793213,"6,5",6,"6,5"
122,adult,commuter,mobile,0.321155028793213,"6,5",7,"0,9"
122,adult,commuter,mobile,0.321155028793213,"6,5",8,"0,9"
122,adult,commuter,mobile,0.321155028793213,"6,5",9,"0,9"
122,adult,commuter,mobile,0.321155028793213,"6,5",10,"0,9"
122,adult,commuter,mobile,0.321155028793213,"6,5",11,"0,9"
122,adult,commuter,mobile,0.321155028793213,"6,5",12,"0,9"
122,adult,commuter,mobile,0.321155028793213,"6,5",13,"0,9"
122,adult,commuter,mobile,0.321155028793213,"6,5",14,"0,9"
122,adult,commuter,mobile,0.321155028793213,"6,5",15,"0,9"
122,adult,commuter,mobile,0.321155028793213,"6,5",16,"0,9"
122,adult,commuter,mobile,0.321155028793213,"6,5",17,"1,9"
122,adult,commuter,mobile,0.321155028793213,"6,5",18,"0,7"
122,adult,commuter,mobile,0.321155028793213,"6,5",19,"1,9"
122,adult,commuter,mobile,0.321155028793213,"6,5",20,"0,9"
122,adult,commuter,mobile,0.321155028793213,"6,5",21,"2,7"
122,adult,commuter,mobile,0.321155028793213,"6,5",22,"6,5"
122,adult,commuter,mobile,0.321155028793213,"6,5",23,"6,5"
123,child,student,assisted,0.6995000220419753,"14,0",0,"14,0"
123,child,student,assisted,0.6995000220419753,"14,0",1,"14,0"
123,child,student,assisted,0.6995000220419753,"14,0",2,"14,0"
123,child,student,assisted,0.6995000220419753,"14,0",3,"14,0"
123,child,student,assisted,0.6995000220419753,"14,0",4,"14,0"
123,child,student,assisted,0.6995000220419753,"14,0",5,"14,0"
123,child,student,assisted,0.6995000220419753,"14,0",6,"14,0"
123,child,student,assisted,0.6995000220419753,"14,0",7,"17,9"
123,child,student,assisted,0.6995000220419753,"14,0",8,"19,9"
123,child,student,assisted,0.6995000220419753,"14,0",9,"19,9"
123,child,student,assisted,0.6995000220419753,"14,0",10,"19,9"
123,child,student,assisted,0.6995000220419753,"14,0",11,"19,9"
123,child,student,assisted,0.6995000220419753,"14,0",12,"19,9"
123,child,student,assisted,0.6995000220419753,"14,0",13,"19,9"
123,child,student,assisted,0.6995000220419753,"14,0",14,"19,9"
123,child,student,assisted,0.6995000220419753,"14,0",15,"19,9"
123,child,student,assisted,0.6995000220419753,"14,0",16,"19,9"
123,child,student,assisted,0.6995000220419753,"14,0",17,"19,9"
123,child,student,assisted,0.6995000220419753,"14,0",18,"19,9"
123,child,student,assisted,0.6995000220419753,"14,0",19,"17,9"
123,child,student,assisted,0.6995000220419753,"14,0",20,"19,9"
123,child,student,assisted,0.6995000220419753,"14,0",21,"18,9"
123,child,student,assisted,0.6995000220419753,"14,0",22,"14,0"
123,child,student,assisted,0.6995000220419753,"14,0",23,"14,0"
124,child,visitor,mobile,0.562529225395729,"5,9",0,"5,9"
124,child,visitor,mobile,0.562529225395729,"5,9",1,"5,9"
124,child,visitor,mobile,0.562529225395729,"5,9",2,"5,9"
124,child,visitor,mobile,0.562529225395729,"5,9",3,"5,9"
124,child,visitor,mobile,0.562529225395729,"5,9",4,"5,9"
124,child,visitor,mobile,0.562529225395729,"5,9",5,"5,9"
124,child,visitor,mobile,0.562529225395729,"5,9",6,"5,9"
124,child,visitor,mobile,0.562529225395729,"5,9",7,"17,7"
124,child,visitor,mobile,0.562529225395729,"5,9",8,"18,7"
124,child,visitor,mobile,0.562529225395729,"5,9",9,"17,7"
124,child,visitor,mobile,0.562529225395729,"5,9",10,"17,7"
124,child,visitor,mobile,0.562529225395729,"5,9",11,"17,7"
124,child,visitor,mobile,0.562529225395729,"5,9",12,"17,7"
124,child,visitor,mobile,0.562529225395729,"5,9",13,"17,7"
124,child,visitor,mobile,0.562529225395729,"5,9",14,"17,7"
124,child,visitor,mobile,0.562529225395729,"5,9",15,"17,7"
124,child,visitor,mobile,0.562529225395729,"5,9",16,"17,7"
124,child,visitor,mobile,0.562529225395729,"5,9",17,"17,8"
124,child,visitor,mobile,0.562529225395729,"5,9",18,"17,8"
124,child,visitor,mobile,0.562529225395729,"5,9",19,"15,5"
124,child,visitor,mobile,0.562529225395729,"5,9",20,"16,5"
124,child,visitor,mobile,0.562529225395729,"5,9",21,"16,6"
124,child,visitor,mobile,0.562529225395729,"5,9",22,"5,9"
124,child,visitor,mobile,0.562529225395729,"5,9",23,"5,9"
125,elderly,resident,assisted,0.8475195178808403,"17,2",0,"17,2"
125,elderly,resident,assisted,0.8475195178808403,"17,2",1,"17,2"
125,elderly,resident,assisted,0.8475195178808403,"17,2",2,"17,2"
125,elderly,resident,assisted,0.8475195178808403,"17,2",3,"17,2"
125,elderly,resident,assisted,0.8475195178808403,"17,2",4,"17,2"
125,elderly,resident,assisted,0.8475195178808403,"17,2",5,"17,2"
125,elderly,resident,assisted,0.8475195178808403,"17,2",6,"17,2"
125,elderly,resident,assisted,0.8475195178808403,"17,2",7,"2,0"
125,elderly,resident,assisted,0.8475195178808403,"17,2",8,"3,3"
125,elderly,resident,assisted,0.8475195178808403,"17,2",9,"4,2"
125,elderly,resident,assisted,0.8475195178808403,"17,2",10,"4,2"
125,elderly,resident,assisted,0.8475195178808403,"17,2",11,"4,2"
125,elderly,resident,assisted,0.8475195178808403,"17,2",12,"4,2"
125,elderly,resident,assisted,0.8475195178808403,"17,2",13,"4,2"
125,elderly,resident,assisted,0.8475195178808403,"17,2",14,"4,2"
125,elderly,resident,assisted,0.8475195178808403,"17,2",15,"4,2"
125,elderly,resident,assisted,0.8475195178808403,"17,2",16,"4,2"
125,elderly,resident,assisted,0.8475195178808403,"17,2",17,"6,1"
125,elderly,resident,assisted,0.8475195178808403,"17,2",18,"2,2"
125,elderly,resident,assisted,0.8475195178808403,"17,2",19,"3,1"
125,elderly,resident,assisted,0.8475195178808403,"17,2",20,"2,0"
125,elderly,resident,assisted,0.8475195178808403,"17,2",21,"3,4"
125,elderly,resident,assisted,0.8475195178808403,"17,2",22,"17,2"
125,elderly,resident,assisted,0.8475195178808403,"17,2",23,"17,2"
126,child,visitor,mobile,0.5540215869676903,"15,3",0,"15,3"
126,child,visitor,mobile,0.5540215869676903,"15,3",1,"15,3"
126,child,visitor,mobile,0.5540215869676903,"15,3",2,"15,3"
126,child,visitor,mobile,0.5540215869676903,"15,3",3,"15,3"
126,child,visitor,mobile,0.5540215869676903,"15,3",4,"15,3"
126,child,visitor,mobile,0.5540215869676903,"15,3",5,"15,3"
126,child,visitor,mobile,0.5540215869676903,"15,3",6,"15,3"
126,child,visitor,mobile,0.5540215869676903,"15,3",7,"13,4"
126,child,visitor,mobile,0.5540215869676903,"15,3",8,"15,5"
126,child,visitor,mobile,0.5540215869676903,"15,3",9,"14,5"
126,child,visitor,mobile,0.5540215869676903,"15,3",10,"14,5"
126,child,visitor,mobile,0.5540215869676903,"15,3",11,"14,5"
126,child,visitor,mobile,0.5540215869676903,"15,3",12,"14,5"
126,child,visitor,mobile,0.5540215869676903,"15,3",13,"14,5"
126,child,visitor,mobile,0.5540215869676903,"15,3",14,"14,5"
126,child,visitor,mobile,0.5540215869676903,"15,3",15,"14,5"
126,child,visitor,mobile,0.5540215869676903,"15,3",16,"14,5"
126,child,visitor,mobile,0.5540215869676903,"15,3",17,"15,3"
126,child,visitor,mobile,0.5540215869676903,"15,3",18,"13,3"
126,child,visitor,mobile,0.5540215869676903,"15,3",19,"13,5"
126,child,visitor,mobile,0.5540215869676903,"15,3",20,"15,7"
126,child,visitor,mobile,0.5540215869676903,"15,3",21,"13,7"
126,child,visitor,mobile,0.5540215869676903,"15,3",22,"15,3"
126,child,visitor,mobile,0.5540215869676903,"15,3",23,"15,3"
127,elderly,visitor,assisted,0.766520446349269,"10,9",0,"10,9"
127,elderly,visitor,assisted,0.766520446349269,"10,9",1,"10,9"
127,elderly,visitor,assisted,0.766520446349269,"10,9",2,"10,9"
127,elderly,visitor,assisted,0.766520446349269,"10,9",3,"10,9"
127,elderly,visitor,assisted,0.766520446349269,"10,9",4,"10,9"
127,elderly,visitor,assisted,0.766520446349269,"10,9",5,"10,9"
127,elderly,visitor,assisted,0.766520446349269,"10,9",6,"10,9"
127,elderly,visitor,assisted,0.766520446349269,"10,9",7,"18,3"
127,elderly,visitor,assisted,0.766520446349269,"10,9",8,"16,4"
127,elderly,visitor,assisted,0.766520446349269,"10,9",9,"18,3"
127,elderly,visitor,assisted,0.766520446349269,"10,9",10,"18,3"
127,elderly,visitor,assisted,0.766520446349269,"10,9",11,"18,3"
127,elderly,visitor,assisted,0.766520446349269,"10,9",12,"18,3"
127,elderly,visitor,assisted,0.766520446349269,"10,9",13,"18,3"
127,elderly,visitor,assisted,0.766520446349269,"10,9",14,"18,3"
127,elderly,visitor,assisted,0.766520446349269,"10,9",15,"18,3"
127,elderly,visitor,assisted,0.766520446349269,"10,9",16,"18,3"
127,elderly,visitor,assisted,0.766520446349269,"10,9",17,"16,2"
127,elderly,visitor,assisted,0.766520446349269,"10,9",18,"19,1"
127,elderly,visitor,assisted,0.766520446349269,"10,9",19,"19,5"
127,elderly,visitor,assisted,0.766520446349269,"10,9",20,"19,1"
127,elderly,visitor,assisted,0.766520446349269,"10,9",21,"19,5"
127,elderly,visitor,assisted,0.766520446349269,"10,9",22,"10,9"
127,elderly,visitor,assisted,0.766520446349269,"10,9",23,"10,9"
128,elderly,visitor,mobile,0.7416409671545062,"16,9",0,"16,9"
128,elderly,visitor,mobile,0.7416409671545062,"16,9",1,"16,9"
128,elderly,visitor,mobile,0.7416409671545062,"16,9",2,"16,9"
128,elderly,visitor,mobile,0.7416409671545062,"16,9",3,"16,9"
128,elderly,visitor,mobile,0.7416409671545062,"16,9",4,"16,9"
128,elderly,visitor,mobile,0.7416409671545062,"16,9",5,"16,9"
128,elderly,visitor,mobile,0.7416409671545062,"16,9",6,"16,9"
128,elderly,visitor,mobile,0.7416409671545062,"16,9",7,"16,9"
128,elderly,visitor,mobile,0.7416409671545062,"16,9",8,"18,8"
128,elderly,visitor,mobile,0.7416409671545062,"16,9",9,"16,8"
128,elderly,visitor,mobile,0.7416409671545062,"16,9",10,"16,8"
128,elderly,visitor,mobile,0.7416409671545062,"16,9",11,"16,8"
128,elderly,visitor,mobile,0.7416409671545062,"16,9",12,"16,8"
128,elderly,visitor,mobile,0.7416409671545062,"16,9",13,"16,8"
128,elderly,visitor,mobile,0.7416409671545062,"16,9",14,"16,8"
128,elderly,visitor,mobile,0.7416409671545062,"16,9",15,"16,8"
128,elderly,visitor,mobile,0.7416409671545062,"16,9",16,"16,8"
128,elderly,visitor,mobile,0.7416409671545062,"16,9",17,"17,9"
128,elderly,visitor,mobile,0.7416409671545062,"16,9",18,"14,8"
128,elderly,visitor,mobile,0.7416409671545062,"16,9",19,"14,9"
128,elderly,visitor,mobile,0.7416409671545062,"16,9",20,"16,9"
128,elderly,visitor,mobile,0.7416409671545062,"16,9",21,"18,6"
128,elderly,visitor,mobile,0.7416409671545062,"16,9",22,"16,9"
128,elderly,visitor,mobile,0.7416409671545062,"16,9",23,"16,9"
129,adult,resident,mobile,0.1865474786824886,"4,0",0,"4,0"
129,adult,resident,mobile,0.1865474786824886,"4,0",1,"4,0"
129,adult,resident,mobile,0.1865474786824886,"4,0",2,"4,0"
129,adult,resident,mobile,0.1865474786824886,"4,0",3,"4,0"
129,adult,resident,mobile,0.1865474786824886,"4,0",4,"4,0"
129,adult,resident,mobile,0.1865474786824886,"4,0",5,"4,0"
129,adult,resident,mobile,0.1865474786824886,"4,0",6,"4,0"
129,adult,resident,mobile,0.1865474786824886,"4,0",7,"3,8"
129,adult,resident,mobile,0.1865474786824886,"4,0",8,"0,6"
129,adult,resident,mobile,0.1865474786824886,"4,0",9,"1,8"
129,adult,resident,mobile,0.1865474786824886,"4,0",10,"1,8"
129,adult,resident,mobile,0.1865474786824886,"4,0",11,"1,8"
129,adult,resident,mobile,0.1865474786824886,"4,0",12,"1,8"
129,adult,resident,mobile,0.1865474786824886,"4,0",13,"1,8"
129,adult,resident,mobile,0.1865474786824886,"4,0",14,"1,8"
129,adult,resident,mobile,0.1865474786824886,"4,0",15,"1,8"
129,adult,resident,mobile,0.1865474786824886,"4,0",16,"1,8"
129,adult,resident,mobile,0.1865474786824886,"4,0",17,"3,7"
129,adult,resident,mobile,0.1865474786824886,"4,0",18,"0,7"
129,adult,resident,mobile,0.1865474786824886,"4,0",19,"2,9"
129,adult,resident,mobile,0.1865474786824886,"4,0",20,"3,6"
129,adult,resident,mobile,0.1865474786824886,"4,0",21,"3,9"
129,adult,resident,mobile,0.1865474786824886,"4,0",22,"4,0"
129,adult,resident,mobile,0.1865474786824886,"4,0",23,"4,0"
130,child,student,mobile,0.5991072876975088,"4,8",0,"4,8"
130,child,student,mobile,0.5991072876975088,"4,8",1,"4,8"
130,child,student,mobile,0.5991072876975088,"4,8",2,"4,8"
130,child,student,mobile,0.5991072876975088,"4,8",3,"4,8"
130,child,student,mobile,0.5991072876975088,"4,8",4,"4,8"
130,child,student,mobile,0.5991072876975088,"4,8",5,"4,8"
130,child,student,mobile,0.5991072876975088,"4,8",6,"4,8"
130,child,student,mobile,0.5991072876975088,"4,8",7,"19,1"
130,child,student,mobile,0.5991072876975088,"4,8",8,"16,2"
130,child,student,mobile,0.5991072876975088,"4,8",9,"18,1"
130,child,student,mobile,0.5991072876975088,"4,8",10,"18,1"
130,child,student,mobile,0.5991072876975088,"4,8",11,"18,1"
130,child,student,mobile,0.5991072876975088,"4,8",12,"18,1"
130,child,student,mobile,0.5991072876975088,"4,8",13,"18,1"
130,child,student,mobile,0.5991072876975088,"4,8",14,"18,1"
130,child,student,mobile,0.5991072876975088,"4,8",15,"18,1"
130,child,student,mobile,0.5991072876975088,"4,8",16,"18,1"
130,child,student,mobile,0.5991072876975088,"4,8",17,"16,1"
130,child,student,mobile,0.5991072876975088,"4,8",18,"17,0"
130,child,student,mobile,0.5991072876975088,"4,8",19,"17,0"
130,child,student,mobile,0.5991072876975088,"4,8",20,"16,3"
130,child,student,mobile,0.5991072876975088,"4,8",21,"19,0"
130,child,student,mobile,0.5991072876975088,"4,8",22,"4,8"
130,child,student,mobile,0.5991072876975088,"4,8",23,"4,8"
131,child,visitor,mobile,0.6713434192845964,"1,9",0,"1,9"
131,child,visitor,mobile,0.6713434192845964,"1,9",1,"1,9"
131,child,visitor,mobile,0.6713434192845964,"1,9",2,"1,9"
131,child,visitor,mobile,0.6713434192845964,"1,9",3,"1,9"
131,child,visitor,mobile,0.6713434192845964,"1,9",4,"1,9"
131,child,visitor,mobile,0.6713434192845964,"1,9",5,"1,9"
131,child,visitor,mobile,0.6713434192845964,"1,9",6,"1,9"
131,child,visitor,mobile,0.6713434192845964,"1,9",7,"15,2"
131,child,visitor,mobile,0.6713434192845964,"1,9",8,"14,4"
131,child,visitor,mobile,0.6713434192845964,"1,9",9,"16,4"
131,child,visitor,mobile,0.6713434192845964,"1,9",10,"16,4"
131,child,visitor,mobile,0.6713434192845964,"1,9",11,"16,4"
131,child,visitor,mobile,0.6713434192845964,"1,9",12,"16,4"
131,child,visitor,mobile,0.6713434192845964,"1,9",13,"16,4"
131,child,visitor,mobile,0.6713434192845964,"1,9",14,"16,4"
131,child,visitor,mobile,0.6713434192845964,"1,9",15,"16,4"
131,child,visitor,mobile,0.6713434192845964,"1,9",16,"16,4"
131,child,visitor,mobile,0.6713434192845964,"1,9",17,"18,4"
131,child,visitor,mobile,0.6713434192845964,"1,9",18,"18,4"
131,child,visitor,mobile,0.6713434192845964,"1,9",19,"15,6"
131,child,visitor,mobile,0.6713434192845964,"1,9",20,"15,2"
131,child,visitor,mobile,0.6713434192845964,"1,9",21,"17,6"
131,child,visitor,mobile,0.6713434192845964,"1,9",22,"1,9"
131,child,visitor,mobile,0.6713434192845964,"1,9",23,"1,9"
132,adult,visitor,mobile,0.26809246029419453,"14,3",0,"14,3"
132,adult,visitor,mobile,0.26809246029419453,"14,3",1,"14,3"
132,adult,visitor,mobile,0.26809246029419453,"14,3",2,"14,3"
132,adult,visitor,mobile,0.26809246029419453,"14,3",3,"14,3"
132,adult,visitor,mobile,0.26809246029419453,"14,3",4,"14,3"
132,adult,visitor,mobile,0.26809246029419453,"14,3",5,"14,3"
132,adult,visitor,mobile,0.26809246029419453,"14,3",6,"14,3"
132,adult,visitor,mobile,0.26809246029419453,"14,3",7,"6,2"
132,adult,visitor,mobile,0.26809246029419453,"14,3",8,"6,2"
132,adult,visitor,mobile,0.26809246029419453,"14,3",9,"5,2"
132,adult,visitor,mobile,0.26809246029419453,"14,3",10,"5,2"
132,adult,visitor,mobile,0.26809246029419453,"14,3",11,"5,2"
132,adult,visitor,mobile,0.26809246029419453,"14,3",12,"5,2"
132,adult,visitor,mobile,0.26809246029419453,"14,3",13,"5,2"
132,adult,visitor,mobile,0.26809246029419453,"14,3",14,"5,2"
132,adult,visitor,mobile,0.26809246029419453,"14,3",15,"5,2"
132,adult,visitor,mobile,0.26809246029419453,"14,3",16,"5,2"
132,adult,visitor,mobile,0.26809246029419453,"14,3",17,"3,4"
132,adult,visitor,mobile,0.26809246029419453,"14,3",18,"7,0"
132,adult,visitor,mobile,0.26809246029419453,"14,3",19,"4,2"
132,adult,visitor,mobile,0.26809246029419453,"14,3",20,"3,2"
132,adult,visitor,mobile,0.26809246029419453,"14,3",21,"6,4"
132,adult,visitor,mobile,0.26809246029419453,"14,3",22,"14,3"
132,adult,visitor,mobile,0.26809246029419453,"14,3",23,"14,3"
133,adult,commuter,mobile,0.22890676933880374,"3,8",0,"3,8"
133,adult,commuter,mobile,0.22890676933880374,"3,8",1,"3,8"
133,adult,commuter,mobile,0.22890676933880374,"3,8",2,"3,8"
133,adult,commuter,mobile,0.22890676933880374,"3,8",3,"3,8"
133,adult,commuter,mobile,0.22890676933880374,"3,8",4,"3,8"
133,adult,commuter,mobile,0.22890676933880374,"3,8",5,"3,8"
133,adult,commuter,mobile,0.22890676933880374,"3,8",6,"3,8"
133,adult,commuter,mobile,0.22890676933880374,"3,8",7,"14,8"
133,adult,commuter,mobile,0.22890676933880374,"3,8",8,"14,6"
133,adult,commuter,mobile,0.22890676933880374,"3,8",9,"13,8"
133,adult,commuter,mobile,0.22890676933880374,"3,8",10,"13,8"
133,adult,commuter,mobile,0.22890676933880374,"3,8",11,"13,8"
133,adult,commuter,mobile,0.22890676933880374,"3,8",12,"13,8"
133,adult,commuter,mobile,0.22890676933880374,"3,8",13,"13,8"
133,adult,commuter,mobile,0.22890676933880374,"3,8",14,"13,8"
133,adult,commuter,mobile,0.22890676933880374,"3,8",15,"13,8"
133,adult,commuter,mobile,0.22890676933880374,"3,8",16,"13,8"
133,adult,commuter,mobile,0.22890676933880374,"3,8",17,"15,8"
133,adult,commuter,mobile,0.22890676933880374,"3,8",18,"11,7"
133,adult,commuter,mobile,0.22890676933880374,"3,8",19,"14,6"
133,adult,commuter,mobile,0.22890676933880374,"3,8",20,"13,7"
133,adult,commuter,mobile,0.22890676933880374,"3,8",21,"13,9"
133,adult,commuter,mobile,0.22890676933880374,"3,8",22,"3,8"
133,adult,commuter,mobile,0.22890676933880374,"3,8",23,"3,8"
134,adult,commuter,mobile,0.21223556584054845,"10,5",0,"10,5"
134,adult,commuter,mobile,0.21223556584054845,"10,5",1,"10,5"
134,adult,commuter,mobile,0.21223556584054845,"10,5",2,"10,5"
134,adult,commuter,mobile,0.21223556584054845,"10,5",3,"10,5"
134,adult,commuter,mobile,0.21223556584054845,"10,5",4,"10,5"
134,adult,commuter,mobile,0.21223556584054845,"10,5",5,"10,5"
134,adult,commuter,mobile,0.21223556584054845,"10,5",6,"10,5"
134,adult,commuter,mobile,0.21223556584054845,"10,5",7,"2,6"
134,adult,commuter,mobile,0.21223556584054845,"10,5",8,"2,5"
134,adult,commuter,mobile,0.21223556584054845,"10,5",9,"0,4"
134,adult,commuter,mobile,0.21223556584054845,"10,5",10,"0,4"
134,adult,commuter,mobile,0.21223556584054845,"10,5",11,"0,4"
134,adult,commuter,mobile,0.21223556584054845,"10,5",12,"0,4"
134,adult,commuter,mobile,0.21223556584054845,"10,5",13,"0,4"
134,adult,commuter,mobile,0.21223556584054845,"10,5",14,"0,4"
134,adult,commuter,mobile,0.21223556584054845,"10,5",15,"0,4"
134,adult,commuter,mobile,0.21223556584054845,"10,5",16,"0,4"
134,adult,commuter,mobile,0.21223556584054845,"10,5",17,"0,6"
134,adult,commuter,mobile,0.21223556584054845,"10,5",18,"0,6"
134,adult,commuter,mobile,0.21223556584054845,"10,5",19,"0,4"
134,adult,commuter,mobile,0.21223556584054845,"10,5",20,"2,2"
134,adult,commuter,mobile,0.21223556584054845,"10,5",21,"1,3"
134,adult,commuter,mobile,0.21223556584054845,"10,5",22,"10,5"
134,adult,commuter,mobile,0.21223556584054845,"10,5",23,"10,5"
135,child,student,mobile,0.4871906993496808,"10,4",0,"10,4"
135,child,student,mobile,0.4871906993496808,"10,4",1,"10,4"
135,child,student,mobile,0.4871906993496808,"10,4",2,"10,4"
135,child,student,mobile,0.4871906993496808,"10,4",3,"10,4"
135,child,student,mobile,0.4871906993496808,"10,4",4,"10,4"
135,child,student,mobile,0.4871906993496808,"10,4",5,"10,4"
135,child,student,mobile,0.4871906993496808,"10,4",6,"10,4"
135,child,student,mobile,0.4871906993496808,"10,4",7,"8,6"
135,child,student,mobile,0.4871906993496808,"10,4",8,"8,5"
135,child,student,mobile,0.4871906993496808,"10,4",9,"10,7"
135,child,student,mobile,0.4871906993496808,"10,4",10,"10,7"
135,child,student,mobile,0.4871906993496808,"10,4",11,"10,7"
135,child,student,mobile,0.4871906993496808,"10,4",12,"10,7"
135,child,student,mobile,0.4871906993496808,"10,4",13,"10,7"
135,child,student,mobile,0.4871906993496808,"10,4",14,"10,7"
135,child,student,mobile,0.4871906993496808,"10,4",15,"10,7"
135,child,student,mobile,0.4871906993496808,"10,4",16,"10,7"
135,child,student,mobile,0.4871906993496808,"10,4",17,"11,6"
135,child,student,mobile,0.4871906993496808,"10,4",18,"8,9"
135,child,student,mobile,0.4871906993496808,"10,4",19,"10,7"
135,child,student,mobile,0.4871906993496808,"10,4",20,"10,6"
135,child,student,mobile,0.4871906993496808,"10,4",21,"8,5"
135,child,student,mobile,0.4871906993496808,"10,4",22,"10,4"
135,child,student,mobile,0.4871906993496808,"10,4",23,"10,4"
136,child,student,mobile,0.5813838397364346,"19,9",0,"19,9"
136,child,student,mobile,0.5813838397364346,"19,9",1,"19,9"
136,child,student,mobile,0.5813838397364346,"19,9",2,"19,9"
136,child,student,mobile,0.5813838397364346,"19,9",3,"19,9"
136,child,student,mobile,0.5813838397364346,"19,9",4,"19,9"
136,child,student,mobile,0.5813838397364346,"19,9",5,"19,9"
136,child,student,mobile,0.5813838397364346,"19,9",6,"19,9"
136,child,student,mobile,0.5813838397364346,"19,9",7,"3,4"
136,child,student,mobile,0.5813838397364346,"19,9",8,"1,6"
136,child,student,mobile,0.5813838397364346,"19,9",9,"3,5"
136,child,student,mobile,0.5813838397364346,"19,9",10,"3,5"
136,child,student,mobile,0.5813838397364346,"19,9",11,"3,5"
136,child,student,mobile,0.5813838397364346,"19,9",12,"3,5"
136,child,student,mobile,0.5813838397364346,"19,9",13,"3,5"
136,child,student,mobile,0.5813838397364346,"19,9",14,"3,5"
136,child,student,mobile,0.5813838397364346,"19,9",15,"3,5"
136,child,student,mobile,0.5813838397364346,"19,9",16,"3,5"
136,child,student,mobile,0.5813838397364346,"19,9",17,"4,3"
136,child,student,mobile,0.5813838397364346,"19,9",18,"4,6"
136,child,student,mobile,0.5813838397364346,"19,9",19,"4,7"
136,child,student,mobile,0.5813838397364346,"19,9",20,"3,6"
136,child,student,mobile,0.5813838397364346,"19,9",21,"3,3"
136,child,student,mobile,0.5813838397364346,"19,9",22,"19,9"
136,child,student,mobile,0.5813838397364346,"19,9",23,"19,9"
137,adult,resident,mobile,0.1834367475007917,"17,1",0,"17,1"
137,adult,resident,mobile,0.1834367475007917,"17,1",1,"17,1"
137,adult,resident,mobile,0.1834367475007917,"17,1",2,"17,1"
137,adult,resident,mobile,0.1834367475007917,"17,1",3,"17,1"
137,adult,resident,mobile,0.1834367475007917,"17,1",4,"17,1"
137,adult,resident,mobile,0.1834367475007917,"17,1",5,"17,1"
137,adult,resident,mobile,0.1834367475007917,"17,1",6,"17,1"
137,adult,resident,mobile,0.1834367475007917,"17,1",7,"8,5"
137,adult,resident,mobile,0.1834367475007917,"17,1",8,"5,6"
137,adult,resident,mobile,0.1834367475007917,"17,1",9,"7,5"
137,adult,resident,mobile,0.1834367475007917,"17,1",10,"7,5"
137,adult,resident,mobile,0.1834367475007917,"17,1",11,"7,5"
137,adult,resident,mobile,0.1834367475007917,"17,1",12,"7,5"
137,adult,resident,mobile,0.1834367475007917,"17,1",13,"7,5"
137,adult,resident,mobile,0.1834367475007917,"17,1",14,"7,5"
137,adult,resident,mobile,0.1834367475007917,"17,1",15,"7,5"
137,adult,resident,mobile,0.1834367475007917,"17,1",16,"7,5"
137,adult,resident,mobile,0.1834367475007917,"17,1",17,"5,5"
137,adult,resident,mobile,0.1834367475007917,"17,1",18,"7,4"
137,adult,resident,mobile,0.1834367475007917,"17,1",19,"8,6"
137,adult,resident,mobile,0.1834367475007917,"17,1",20,"5,3"
137,adult,resident,mobile,0.1834367475007917,"17,1",21,"8,4"
137,adult,resident,mobile,0.1834367475007917,"17,1",22,"17,1"
137,adult,resident,mobile,0.1834367475007917,"17,1",23,"17,1"
138,adult,visitor,mobile,0.30240291417804127,"13,6",0,"13,6"
138,adult,visitor,mobile,0.30240291417804127,"13,6",1,"13,6"
138,adult,visitor,mobile,0.30240291417804127,"13,6",2,"13,6"
138,adult,visitor,mobile,0.30240291417804127,"13,6",3,"13,6"
138,adult,visitor,mobile,0.30240291417804127,"13,6",4,"13,6"
138,adult,visitor,mobile,0.30240291417804127,"13,6",5,"13,6"
138,adult,visitor,mobile,0.30240291417804127,"13,6",6,"13,6"
138,adult,visitor,mobile,0.30240291417804127,"13,6",7,"16,8"
138,adult,visitor,mobile,0.30240291417804127,"13,6",8,"17,6"
138,adult,visitor,mobile,0.30240291417804127,"13,6",9,"15,6"
138,adult,visitor,mobile,0.30240291417804127,"13,6",10,"15,6"
138,adult,visitor,mobile,0.30240291417804127,"13,6",11,"15,6"
138,adult,visitor,mobile,0.30240291417804127,"13,6",12,"15,6"
138,adult,visitor,mobile,0.30240291417804127,"13,6",13,"15,6"
138,adult,visitor,mobile,0.30240291417804127,"13,6",14,"15,6"
138,adult,visitor,mobile,0.30240291417804127,"13,6",15,"15,6"
138,adult,visitor,mobile,0.30240291417804127,"13,6",16,"15,6"
138,adult,visitor,mobile,0.30240291417804127,"13,6",17,"14,6"
138,adult,visitor,mobile,0.30240291417804127,"13,6",18,"16,4"
138,adult,visitor,mobile,0.30240291417804127,"13,6",19,"16,4"
138,adult,visitor,mobile,0.30240291417804127,"13,6",20,"15,5"
138,adult,visitor,mobile,0.30240291417804127,"13,6",21,"16,5"
138,adult,visitor,mobile,0.30240291417804127,"13,6",22,"13,6"
138,adult,visitor,mobile,0.30240291417804127,"13,6",23,"13,6"
139,adult,worker,mobile,0.28188702499195395,"11,0",0,"11,0"
139,adult,worker,mobile,0.28188702499195395,"11,0",1,"11,0"
139,adult,worker,mobile,0.28188702499195395,"11,0",2,"11,0"
139,adult,worker,mobile,0.28188702499195395,"11,0",3,"11,0"
139,adult,worker,mobile,0.28188702499195395,"11,0",4,"11,0"
139,adult,worker,mobile,0.28188702499195395,"11,0",5,"11,0"
139,adult,worker,mobile,0.28188702499195395,"11,0",6,"11,0"
139,adult,worker,mobile,0.28188702499195395,"11,0",7,"18,2"
139,adult,worker,mobile,0.28188702499195395,"11,0",8,"17,0"
139,adult,worker,mobile,0.28188702499195395,"11,0",9,"18,2"
139,adult,worker,mobile,0.28188702499195395,"11,0",10,"18,2"
139,adult,worker,mobile,0.28188702499195395,"11,0",11,"18,2"
139,adult,worker,mobile,0.28188702499195395,"11,0",12,"18,2"
139,adult,worker,mobile,0.28188702499195395,"11,0",13,"18,2"
139,adult,worker,mobile,0.28188702499195395,"11,0",14,"18,2"
139,adult,worker,mobile,0.28188702499195395,"11,0",15,"18,2"
139,adult,worker,mobile,0.28188702499195395,"11,0",16,"18,2"
139,adult,worker,mobile,0.28188702499195395,"11,0",17,"18,0"
139,adult,worker,mobile,0.28188702499195395,"11,0",18,"17,2"
139,adult,worker,mobile,0.28188702499195395,"11,0",19,"19,1"
139,adult,worker,mobile,0.28188702499195395,"11,0",20,"18,4"
139,adult,worker,mobile,0.28188702499195395,"11,0",21,"19,2"
139,adult,worker,mobile,0.28188702499195395,"11,0",22,"11,0"
139,adult,worker,mobile,0.28188702499195395,"11,0",23,"11,0"
140,adult,worker,mobile,0.3042444979413341,"13,6",0,"13,6"
140,adult,worker,mobile,0.3042444979413341,"13,6",1,"13,6"
140,adult,worker,mobile,0.3042444979413341,"13,6",2,"13,6"
140,adult,worker,mobile,0.3042444979413341,"13,6",3,"13,6"
140,adult,worker,mobile,0.3042444979413341,"13,6",4,"13,6"
140,adult,worker,mobile,0.3042444979413341,"13,6",5,"13,6"
140,adult,worker,mobile,0.3042444979413341,"13,6",6,"13,6"
140,adult,worker,mobile,0.3042444979413341,"13,6",7,"8,8"
140,adult,worker,mobile,0.3042444979413341,"13,6",8,"8,7"
140,adult,worker,mobile,0.3042444979413341,"13,6",9,"6,9"
140,adult,worker,mobile,0.3042444979413341,"13,6",10,"6,9"
140,adult,worker,mobile,0.3042444979413341,"13,6",11,"6,9"
140,adult,worker,mobile,0.3042444979413341,"13,6",12,"6,9"
140,adult,worker,mobile,0.3042444979413341,"13,6",13,"6,9"
140,adult,worker,mobile,0.3042444979413341,"13,6",14,"6,9"
140,adult,worker,mobile,0.3042444979413341,"13,6",15,"6,9"
140,adult,worker,mobile,0.3042444979413341,"13,6",16,"6,9"
140,adult,worker,mobile,0.3042444979413341,"13,6",17,"7,9"
140,adult,worker,mobile,0.3042444979413341,"13,6",18,"8,7"
140,adult,worker,mobile,0.3042444979413341,"13,6",19,"5,7"
140,adult,worker,mobile,0.3042444979413341,"13,6",20,"4,8"
140,adult,worker,mobile,0.3042444979413341,"13,6",21,"8,9"
140,adult,worker,mobile,0.3042444979413341,"13,6",22,"13,6"
140,adult,worker,mobile,0.3042444979413341,"13,6",23,"13,6"
141,adult,visitor,mobile,0.2410183959966361,"10,5",0,"10,5"
141,adult,visitor,mobile,0.2410183959966361,"10,5",1,"10,5"
141,adult,visitor,mobile,0.2410183959966361,"10,5",2,"10,5"
141,adult,visitor,mobile,0.2410183959966361,"10,5",3,"10,5"
141,adult,visitor,mobile,0.2410183959966361,"10,5",4,"10,5"
141,adult,visitor,mobile,0.2410183959966361,"10,5",5,"10,5"
141,adult,visitor,mobile,0.2410183959966361,"10,5",6,"10,5"
141,adult,visitor,mobile,0.2410183959966361,"10,5",7,"19,4"
141,adult,visitor,mobile,0.2410183959966361,"10,5",8,"17,6"
141,adult,visitor,mobile,0.2410183959966361,"10,5",9,"19,6"
141,adult,visitor,mobile,0.2410183959966361,"10,5",10,"19,6"
141,adult,visitor,mobile,0.2410183959966361,"10,5",11,"19,6"
141,adult,visitor,mobile,0.2410183959966361,"10,5",12,"19,6"
141,adult,visitor,mobile,0.2410183959966361,"10,5",13,"19,6"
141,adult,visitor,mobile,0.2410183959966361,"10,5",14,"19,6"
141,adult,visitor,mobile,0.2410183959966361,"10,5",15,"19,6"
141,adult,visitor,mobile,0.2410183959966361,"10,5",16,"19,6"
141,adult,visitor,mobile,0.2410183959966361,"10,5",17,"19,4"
141,adult,visitor,mobile,0.2410183959966361,"10,5",18,"19,8"
141,adult,visitor,mobile,0.2410183959966361,"10,5",19,"19,6"
141,adult,visitor,mobile,0.2410183959966361,"10,5",20,"19,5"
141,adult,visitor,mobile,0.2410183959966361,"10,5",21,"18,4"
141,adult,visitor,mobile,0.2410183959966361,"10,5",22,"10,5"
141,adult,visitor,mobile,0.2410183959966361,"10,5",23,"10,5"
142,adult,worker,mobile,0.25779477773074466,"18,7",0,"18,7"
142,adult,worker,mobile,0.25779477773074466,"18,7",1,"18,7"
142,adult,worker,mobile,0.25779477773074466,"18,7",2,"18,7"
142,adult,worker,mobile,0.25779477773074466,"18,7",3,"18,7"
142,adult,worker,mobile,0.25779477773074466,"18,7",4,"18,7"
142,adult,worker,mobile,0.25779477773074466,"18,7",5,"18,7"
142,adult,worker,mobile,0.25779477773074466,"18,7",6,"18,7"
142,adult,worker,mobile,0.25779477773074466,"18,7",7,"15,5"
142,adult,worker,mobile,0.25779477773074466,"18,7",8,"18,4"
142,adult,worker,mobile,0.25779477773074466,"18,7",9,"16,4"
142,adult,worker,mobile,0.25779477773074466,"18,7",10,"16,4"
142,adult,worker,mobile,0.25779477773074466,"18,7",11,"16,4"
142,adult,worker,mobile,0.25779477773074466,"18,7",12,"16,4"
142,adult,worker,mobile,0.25779477773074466,"18,7",13,"16,4"
142,adult,worker,mobile,0.25779477773074466,"18,7",14,"16,4"
142,adult,worker,mobile,0.25779477773074466,"18,7",15,"16,4"
142,adult,worker,mobile,0.25779477773074466,"18,7",16,"16,4"
142,adult,worker,mobile,0.25779477773074466,"18,7",17,"16,3"
142,adult,worker,mobile,0.25779477773074466,"18,7",18,"15,3"
142,adult,worker,mobile,0.25779477773074466,"18,7",19,"18,3"
142,adult,worker,mobile,0.25779477773074466,"18,7",20,"18,5"
142,adult,worker,mobile,0.25779477773074466,"18,7",21,"18,2"
142,adult,worker,mobile,0.25779477773074466,"18,7",22,"18,7"
142,adult,worker,mobile,0.25779477773074466,"18,7",23,"18,7"
143,adult,worker,mobile,0.2024052019176551,"7,8",0,"7,8"
143,adult,worker,mobile,0.2024052019176551,"7,8",1,"7,8"
143,adult,worker,mobile,0.2024052019176551,"7,8",2,"7,8"
143,adult,worker,mobile,0.2024052019176551,"7,8",3,"7,8"
143,adult,worker,mobile,0.2024052019176551,"7,8",4,"7,8"
143,adult,worker,mobile,0.2024052019176551,"7,8",5,"7,8"
143,adult,worker,mobile,0.2024052019176551,"7,8",6,"7,8"
143,adult,worker,mobile,0.2024052019176551,"7,8",7,"13,8"
143,adult,worker,mobile,0.2024052019176551,"7,8",8,"14,6"
143,adult,worker,mobile,0.2024052019176551,"7,8",9,"13,7"
143,adult,worker,mobile,0.2024052019176551,"7,8",10,"13,7"
143,adult,worker,mobile,0.2024052019176551,"7,8",11,"13,7"
143,adult,worker,mobile,0.2024052019176551,"7,8",12,"13,7"
143,adult,worker,mobile,0.2024052019176551,"7,8",13,"13,7"
143,adult,worker,mobile,0.2024052019176551,"7,8",14,"13,7"
143,adult,worker,mobile,0.2024052019176551,"7,8",15,"13,7"
143,adult,worker,mobile,0.2024052019176551,"7,8",16,"13,7"
143,adult,worker,mobile,0.2024052019176551,"7,8",17,"12,9"
143,adult,worker,mobile,0.2024052019176551,"7,8",18,"12,8"
143,adult,worker,mobile,0.2024052019176551,"7,8",19,"11,9"
143,adult,worker,mobile,0.2024052019176551,"7,8",20,"11,9"
143,adult,worker,mobile,0.2024052019176551,"7,8",21,"15,6"
143,adult,worker,mobile,0.2024052019176551,"7,8",22,"7,8"
143,adult,worker,mobile,0.2024052019176551,"7,8",23,"7,8"
144,elderly,visitor,mobile,0.8349906142726966,"2,5",0,"2,5"
144,elderly,visitor,mobile,0.8349906142726966,"2,5",1,"2,5"
144,elderly,visitor,mobile,0.8349906142726966,"2,5",2,"2,5"
144,elderly,visitor,mobile,0.8349906142726966,"2,5",3,"2,5"
144,elderly,visitor,mobile,0.8349906142726966,"2,5",4,"2,5"
144,elderly,visitor,mobile,0.8349906142726966,"2,5",5,"2,5"
144,elderly,visitor,mobile,0.8349906142726966,"2,5",6,"2,5"
144,elderly,visitor,mobile,0.8349906142726966,"2,5",7,"17,3"
144,elderly,visitor,mobile,0.8349906142726966,"2,5",8,"17,2"
144,elderly,visitor,mobile,0.8349906142726966,"2,5",9,"19,2"
144,elderly,visitor,mobile,0.8349906142726966,"2,5",10,"19,2"
144,elderly,visitor,mobile,0.8349906142726966,"2,5",11,"19,2"
144,elderly,visitor,mobile,0.8349906142726966,"2,5",12,"19,2"
144,elderly,visitor,mobile,0.8349906142726966,"2,5",13,"19,2"
144,elderly,visitor,mobile,0.8349906142726966,"2,5",14,"19,2"
144,elderly,visitor,mobile,0.8349906142726966,"2,5",15,"19,2"
144,elderly,visitor,mobile,0.8349906142726966,"2,5",16,"19,2"
144,elderly,visitor,mobile,0.8349906142726966,"2,5",17,"19,1"
144,elderly,visitor,mobile,0.8349906142726966,"2,5",18,"18,0"
144,elderly,visitor,mobile,0.8349906142726966,"2,5",19,"18,3"
144,elderly,visitor,mobile,0.8349906142726966,"2,5",20,"19,3"
144,elderly,visitor,mobile,0.8349906142726966,"2,5",21,"19,4"
144,elderly,visitor,mobile,0.8349906142726966,"2,5",22,"2,5"
144,elderly,visitor,mobile,0.8349906142726966,"2,5",23,"2,5"
145,adult,resident,mobile,0.23016660216907392,"9,7",0,"9,7"
145,adult,resident,mobile,0.23016660216907392,"9,7",1,"9,7"
145,adult,resident,mobile,0.23016660216907392,"9,7",2,"9,7"
145,adult,resident,mobile,0.23016660216907392,"9,7",3,"9,7"
145,adult,resident,mobile,0.23016660216907392,"9,7",4,"9,7"
145,adult,resident,mobile,0.23016660216907392,"9,7",5,"9,7"
145,adult,resident,mobile,0.23016660216907392,"9,7",6,"9,7"
145,adult,resident,mobile,0.23016660216907392,"9,7",7,"12,3"
145,adult,resident,mobile,0.23016660216907392,"9,7",8,"15,0"
145,adult,resident,mobile,0.23016660216907392,"9,7",9,"14,1"
145,adult,resident,mobile,0.23016660216907392,"9,7",10,"14,1"
145,adult,resident,mobile,0.23016660216907392,"9,7",11,"14,1"
145,adult,resident,mobile,0.23016660216907392,"9,7",12,"14,1"
145,adult,resident,mobile,0.23016660216907392,"9,7",13,"14,1"
145,adult,resident,mobile,0.23016660216907392,"9,7",14,"14,1"
145,adult,resident,mobile,0.23016660216907392,"9,7",15,"14,1"
145,adult,resident,mobile,0.23016660216907392,"9,7",16,"14,1"
145,adult,resident,mobile,0.23016660216907392,"9,7",17,"12,2"
145,adult,resident,mobile,0.23016660216907392,"9,7",18,"15,0"
145,adult,resident,mobile,0.23016660216907392,"9,7",19,"16,2"
145,adult,resident,mobile,0.23016660216907392,"9,7",20,"16,3"
145,adult,resident,mobile,0.23016660216907392,"9,7",21,"13,0"
145,adult,resident,mobile,0.23016660216907392,"9,7",22,"9,7"
145,adult,resident,mobile,0.23016660216907392,"9,7",23,"9,7"
146,adult,resident,mobile,0.22633729077264053,"12,0",0,"12,0"
146,adult,resident,mobile,0.22633729077264053,"12,0",1,"12,0"
146,adult,resident,mobile,0.22633729077264053,"12,0",2,"12,0"
146,adult,resident,mobile,0.22633729077264053,"12,0",3,"12,0"
146,adult,resident,mobile,0.22633729077264053,"12,0",4,"12,0"
146,adult,resident,mobile,0.22633729077264053,"12,0",5,"12,0"
146,adult,resident,mobile,0.22633729077264053,"12,0",6,"12,0"
146,adult,resident,mobile,0.22633729077264053,"12,0",7,"3,0"
146,adult,resident,mobile,0.22633729077264053,"12,0",8,"0,0"
146,adult,resident,mobile,0.22633729077264053,"12,0",9,"1,1"
146,adult,resident,mobile,0.22633729077264053,"12,0",10,"1,1"
146,adult,resident,mobile,0.22633729077264053,"12,0",11,"1,1"
146,adult,resident,mobile,0.22633729077264053,"12,0",12,"1,1"
146,adult,resident,mobile,0.22633729077264053,"12,0",13,"1,1"
146,adult,resident,mobile,0.22633729077264053,"12,0",14,"1,1"
146,adult,resident,mobile,0.22633729077264053,"12,0",15,"1,1"
146,adult,resident,mobile,0.22633729077264053,"12,0",16,"1,1"
146,adult,resident,mobile,0.22633729077264053,"12,0",17,"0,2"
146,adult,resident,mobile,0.22633729077264053,"12,0",18,"2,1"
146,adult,resident,mobile,0.22633729077264053,"12,0",19,"0,0"
146,adult,resident,mobile,0.22633729077264053,"12,0",20,"0,0"
146,adult,resident,mobile,0.22633729077264053,"12,0",21,"2,1"
146,adult,resident,mobile,0.22633729077264053,"12,0",22,"12,0"
146,adult,resident,mobile,0.22633729077264053,"12,0",23,"12,0"
147,adult,commuter,mobile,0.18671782350320223,"15,5",0,"15,5"
147,adult,commuter,mobile,0.18671782350320223,"15,5",1,"15,5"
147,adult,commuter,mobile,0.18671782350320223,"15,5",2,"15,5"
147,adult,commuter,mobile,0.18671782350320223,"15,5",3,"15,5"
147,adult,commuter,mobile,0.18671782350320223,"15,5",4,"15,5"
147,adult,commuter,mobile,0.18671782350320223,"15,5",5,"15,5"
147,adult,commuter,mobile,0.18671782350320223,"15,5",6,"15,5"
147,adult,commuter,mobile,0.18671782350320223,"15,5",7,"14,1"
147,adult,commuter,mobile,0.18671782350320223,"15,5",8,"17,1"
147,adult,commuter,mobile,0.18671782350320223,"15,5",9,"15,0"
147,adult,commuter,mobile,0.18671782350320223,"15,5",10,"15,0"
147,adult,commuter,mobile,0.18671782350320223,"15,5",11,"15,0"
147,adult,commuter,mobile,0.18671782350320223,"15,5",12,"15,0"
147,adult,commuter,mobile,0.18671782350320223,"15,5",13,"15,0"
147,adult,commuter,mobile,0.18671782350320223,"15,5",14,"15,0"
147,adult,commuter,mobile,0.18671782350320223,"15,5",15,"15,0"
147,adult,commuter,mobile,0.18671782350320223,"15,5",16,"15,0"
147,adult,commuter,mobile,0.18671782350320223,"15,5",17,"17,1"
147,adult,commuter,mobile,0.18671782350320223,"15,5",18,"15,0"
147,adult,commuter,mobile,0.18671782350320223,"15,5",19,"14,2"
147,adult,commuter,mobile,0.18671782350320223,"15,5",20,"16,0"
147,adult,commuter,mobile,0.18671782350320223,"15,5",21,"17,1"
147,adult,commuter,mobile,0.18671782350320223,"15,5",22,"15,5"
147,adult,commuter,mobile,0.18671782350320223,"15,5",23,"15,5"
148,adult,visitor,mobile,0.3265717377596302,"9,0",0,"9,0"
148,adult,visitor,mobile,0.3265717377596302,"9,0",1,"9,0"
148,adult,visitor,mobile,0.3265717377596302,"9,0",2,"9,0"
148,adult,visitor,mobile,0.3265717377596302,"9,0",3,"9,0"
148,adult,visitor,mobile,0.3265717377596302,"9,0",4,"9,0"
148,adult,visitor,mobile,0.3265717377596302,"9,0",5,"9,0"
148,adult,visitor,mobile,0.3265717377596302,"9,0",6,"9,0"
148,adult,visitor,mobile,0.3265717377596302,"9,0",7,"14,1"
148,adult,visitor,mobile,0.3265717377596302,"9,0",8,"17,1"
148,adult,visitor,mobile,0.3265717377596302,"9,0",9,"16,1"
148,adult,visitor,mobile,0.3265717377596302,"9,0",10,"16,1"
148,adult,visitor,mobile,0.3265717377596302,"9,0",11,"16,1"
148,adult,visitor,mobile,0.3265717377596302,"9,0",12,"16,1"
148,adult,visitor,mobile,0.3265717377596302,"9,0",13,"16,1"
148,adult,visitor,mobile,0.3265717377596302,"9,0",14,"16,1"
148,adult,visitor,mobile,0.3265717377596302,"9,0",15,"16,1"
148,adult,visitor,mobile,0.3265717377596302,"9,0",16,"16,1"
148,adult,visitor,mobile,0.3265717377596302,"9,0",17,"15,0"
148,adult,visitor,mobile,0.3265717377596302,"9,0",18,"16,0"
148,adult,visitor,mobile,0.3265717377596302,"9,0",19,"15,3"
148,adult,visitor,mobile,0.3265717377596302,"9,0",20,"16,0"
148,adult,visitor,mobile,0.3265717377596302,"9,0",21,"14,1"
148,adult,visitor,mobile,0.3265717377596302,"9,0",22,"9,0"
148,adult,visitor,mobile,0.3265717377596302,"9,0",23,"9,0"
149,child,visitor,mobile,0.5931363866533521,"7,3",0,"7,3"
149,child,visitor,mobile,0.5931363866533521,"7,3",1,"7,3"
149,child,visitor,mobile,0.5931363866533521,"7,3",2,"7,3"
149,child,visitor,mobile,0.5931363866533521,"7,3",3,"7,3"
149,child,visitor,mobile,0.5931363866533521,"7,3",4,"7,3"
149,child,visitor,mobile,0.5931363866533521,"7,3",5,"7,3"
149,child,visitor,mobile,0.5931363866533521,"7,3",6,"7,3"
149,child,visitor,mobile,0.5931363866533521,"7,3",7,"10,8"
149,child,visitor,mobile,0.5931363866533521,"7,3",8,"11,7"
149,child,visitor,mobile,0.5931363866533521,"7,3",9,"12,6"
149,child,visitor,mobile,0.5931363866533521,"7,3",10,"12,6"
149,child,visitor,mobile,0.5931363866533521,"7,3",11,"12,6"
149,child,visitor,mobile,0.5931363866533521,"7,3",12,"12,6"
149,child,visitor,mobile,0.5931363866533521,"7,3",13,"12,6"
149,child,visitor,mobile,0.5931363866533521,"7,3",14,"12,6"
149,child,visitor,mobile,0.5931363866533521,"7,3",15,"12,6"
149,child,visitor,mobile,0.5931363866533521,"7,3",16,"12,6"
149,child,visitor,mobile,0.5931363866533521,"7,3",17,"10,5"
149,child,visitor,mobile,0.5931363866533521,"7,3",18,"14,4"
149,child,visitor,mobile,0.5931363866533521,"7,3",19,"11,5"
149,child,visitor,mobile,0.5931363866533521,"7,3",20,"13,6"
149,child,visitor,mobile,0.5931363866533521,"7,3",21,"11,5"
149,child,visitor,mobile,0.5931363866533521,"7,3",22,"7,3"
149,child,visitor,mobile,0.5931363866533521,"7,3",23,"7,3"
150,adult,worker,mobile,0.33786967348278196,"10,7",0,"10,7"
150,adult,worker,mobile,0.33786967348278196,"10,7",1,"10,7"
150,adult,worker,mobile,0.33786967348278196,"10,7",2,"10,7"
150,adult,worker,mobile,0.33786967348278196,"10,7",3,"10,7"
150,adult,worker,mobile,0.33786967348278196,"10,7",4,"10,7"
150,adult,worker,mobile,0.33786967348278196,"10,7",5,"10,7"
150,adult,worker,mobile,0.33786967348278196,"10,7",6,"10,7"
150,adult,worker,mobile,0.33786967348278196,"10,7",7,"8,1"
150,adult,worker,mobile,0.33786967348278196,"10,7",8,"10,1"
150,adult,worker,mobile,0.33786967348278196,"10,7",9,"10,2"
150,adult,worker,mobile,0.33786967348278196,"10,7",10,"10,2"
150,adult,worker,mobile,0.33786967348278196,"10,7",11,"10,2"
150,adult,worker,mobile,0.33786967348278196,"10,7",12,"10,2"
150,adult,worker,mobile,0.33786967348278196,"10,7",13,"10,2"
150,adult,worker,mobile,0.33786967348278196,"10,7",14,"10,2"
150,adult,worker,mobile,0.33786967348278196,"10,7",15,"10,2"
150,adult,worker,mobile,0.33786967348278196,"10,7",16,"10,2"
150,adult,worker,mobile,0.33786967348278196,"10,7",17,"11,0"
150,adult,worker,mobile,0.33786967348278196,"10,7",18,"11,3"
150,adult,worker,mobile,0.33786967348278196,"10,7",19,"11,0"
150,adult,worker,mobile,0.33786967348278196,"10,7",20,"9,3"
150,adult,worker,mobile,0.33786967348278196,"10,7",21,"11,3"
150,adult,worker,mobile,0.33786967348278196,"10,7",22,"10,7"
150,adult,worker,mobile,0.33786967348278196,"10,7",23,"10,7"
151,adult,worker,mobile,0.24434311120662164,"10,4",0,"10,4"
151,adult,worker,mobile,0.24434311120662164,"10,4",1,"10,4"
151,adult,worker,mobile,0.24434311120662164,"10,4",2,"10,4"
151,adult,worker,mobile,0.24434311120662164,"10,4",3,"10,4"
151,adult,worker,mobile,0.24434311120662164,"10,4",4,"10,4"
151,adult,worker,mobile,0.24434311120662164,"10,4",5,"10,4"
151,adult,worker,mobile,0.24434311120662164,"10,4",6,"10,4"
151,adult,worker,mobile,0.24434311120662164,"10,4",7,"15,0"
151,adult,worker,mobile,0.24434311120662164,"10,4",8,"18,1"
151,adult,worker,mobile,0.24434311120662164,"10,4",9,"17,0"
151,adult,worker,mobile,0.24434311120662164,"10,4",10,"17,0"
151,adult,worker,mobile,0.24434311120662164,"10,4",11,"17,0"
151,adult,worker,mobile,0.24434311120662164,"10,4",12,"17,0"
151,adult,worker,mobile,0.24434311120662164,"10,4",13,"17,0"
151,adult,worker,mobile,0.24434311120662164,"10,4",14,"17,0"
151,adult,worker,mobile,0.24434311120662164,"10,4",15,"17,0"
151,adult,worker,mobile,0.24434311120662164,"10,4",16,"17,0"
151,adult,worker,mobile,0.24434311120662164,"10,4",17,"18,0"
151,adult,worker,mobile,0.24434311120662164,"10,4",18,"18,1"
151,adult,worker,mobile,0.24434311120662164,"10,4",19,"18,0"
151,adult,worker,mobile,0.24434311120662164,"10,4",20,"15,0"
151,adult,worker,mobile,0.24434311120662164,"10,4",21,"18,2"
151,adult,worker,mobile,0.24434311120662164,"10,4",22,"10,4"
151,adult,worker,mobile,0.24434311120662164,"10,4",23,"10,4"
152,adult,commuter,mobile,0.3131721899623074,"3,3",0,"3,3"
152,adult,commuter,mobile,0.3131721899623074,"3,3",1,"3,3"
152,adult,commuter,mobile,0.3131721899623074,"3,3",2,"3,3"
152,adult,commuter,mobile,0.3131721899623074,"3,3",3,"3,3"
152,adult,commuter,mobile,0.3131721899623074,"3,3",4,"3,3"
152,adult,commuter,mobile,0.3131721899623074,"3,3",5,"3,3"
152,adult,commuter,mobile,0.3131721899623074,"3,3",6,"3,3"
152,adult,commuter,mobile,0.3131721899623074,"3,3",7,"11,5"
152,adult,commuter,mobile,0.3131721899623074,"3,3",8,"14,7"
152,adult,commuter,mobile,0.3131721899623074,"3,3",9,"13,6"
152,adult,commuter,mobile,0.3131721899623074,"3,3",10,"13,6"
152,adult,commuter,mobile,0.3131721899623074,"3,3",11,"13,6"
152,adult,commuter,mobile,0.3131721899623074,"3,3",12,"13,6"
152,adult,commuter,mobile,0.3131721899623074,"3,3",13,"13,6"
152,adult,commuter,mobile,0.3131721899623074,"3,3",14,"13,6"
152,adult,commuter,mobile,0.3131721899623074,"3,3",15,"13,6"
152,adult,commuter,mobile,0.3131721899623074,"3,3",16,"13,6"
152,adult,commuter,mobile,0.3131721899623074,"3,3",17,"12,4"
152,adult,commuter,mobile,0.3131721899623074,"3,3",18,"11,4"
152,adult,commuter,mobile,0.3131721899623074,"3,3",19,"13,4"
152,adult,commuter,mobile,0.3131721899623074,"3,3",20,"15,4"
152,adult,commuter,mobile,0.3131721899623074,"3,3",21,"14,7"
152,adult,commuter,mobile,0.3131721899623074,"3,3",22,"3,3"
152,adult,commuter,mobile,0.3131721899623074,"3,3",23,"3,3"
153,adult,visitor,assisted,0.30482733918353766,"12,7",0,"12,7"
153,adult,visitor,assisted,0.30482733918353766,"12,7",1,"12,7"
153,adult,visitor,assisted,0.30482733918353766,"12,7",2,"12,7"
153,adult,visitor,assisted,0.30482733918353766,"12,7",3,"12,7"
153,adult,visitor,assisted,0.30482733918353766,"12,7",4,"12,7"
153,adult,visitor,assisted,0.30482733918353766,"12,7",5,"12,7"
153,adult,visitor,assisted,0.30482733918353766,"12,7",6,"12,7"
153,adult,visitor,assisted,0.30482733918353766,"12,7",7,"13,8"
153,adult,visitor,assisted,0.30482733918353766,"12,7",8,"16,7"
153,adult,visitor,assisted,0.30482733918353766,"12,7",9,"15,9"
153,adult,visitor,assisted,0.30482733918353766,"12,7",10,"15,9"
153,adult,visitor,assisted,0.30482733918353766,"12,7",11,"15,9"
153,adult,visitor,assisted,0.30482733918353766,"12,7",12,"15,9"
153,adult,visitor,assisted,0.30482733918353766,"12,7",13,"15,9"
153,adult,visitor,assisted,0.30482733918353766,"12,7",14,"15,9"
153,adult,visitor,assisted,0.30482733918353766,"12,7",15,"15,9"
153,adult,visitor,assisted,0.30482733918353766,"12,7",16,"15,9"
153,adult,visitor,assisted,0.30482733918353766,"12,7",17,"17,9"
153,adult,visitor,assisted,0.30482733918353766,"12,7",18,"16,9"
153,adult,visitor,assisted,0.30482733918353766,"12,7",19,"16,9"
153,adult,visitor,assisted,0.30482733918353766,"12,7",20,"17,9"
153,adult,visitor,assisted,0.30482733918353766,"12,7",21,"17,8"
153,adult,visitor,assisted,0.30482733918353766,"12,7",22,"12,7"
153,adult,visitor,assisted,0.30482733918353766,"12,7",23,"12,7"
154,child,student,mobile,0.5207407229993698,"8,8",0,"8,8"
154,child,student,mobile,0.5207407229993698,"8,8",1,"8,8"
154,child,student,mobile,0.5207407229993698,"8,8",2,"8,8"
154,child,student,mobile,0.5207407229993698,"8,8",3,"8,8"
154,child,student,mobile,0.5207407229993698,"8,8",4,"8,8"
154,child,student,mobile,0.5207407229993698,"8,8",5,"8,8"
154,child,student,mobile,0.5207407229993698,"8,8",6,"8,8"
154,child,student,mobile,0.5207407229993698,"8,8",7,"18,2"
154,child,student,mobile,0.5207407229993698,"8,8",8,"19,5"
154,child,student,mobile,0.5207407229993698,"8,8",9,"19,4"
154,child,student,mobile,0.5207407229993698,"8,8",10,"19,4"
154,child,student,mobile,0.5207407229993698,"8,8",11,"19,4"
154,child,student,mobile,0.5207407229993698,"8,8",12,"19,4"
154,child,student,mobile,0.5207407229993698,"8,8",13,"19,4"
154,child,student,mobile,0.5207407229993698,"8,8",14,"19,4"
154,child,student,mobile,0.5207407229993698,"8,8",15,"19,4"
154,child,student,mobile,0.5207407229993698,"8,8",16,"19,4"
154,child,student,mobile,0.5207407229993698,"8,8",17,"19,3"
154,child,student,mobile,0.5207407229993698,"8,8",18,"18,4"
154,child,student,mobile,0.5207407229993698,"8,8",19,"18,3"
154,child,student,mobile,0.5207407229993698,"8,8",20,"19,2"
154,child,student,mobile,0.5207407229993698,"8,8",21,"19,5"
154,child,student,mobile,0.5207407229993698,"8,8",22,"8,8"
154,child,student,mobile,0.5207407229993698,"8,8",23,"8,8"
155,adult,student,mobile,0.2698840835350667,"10,4",0,"10,4"
155,adult,student,mobile,0.2698840835350667,"10,4",1,"10,4"
155,adult,student,mobile,0.2698840835350667,"10,4",2,"10,4"
155,adult,student,mobile,0.2698840835350667,"10,4",3,"10,4"
155,adult,student,mobile,0.2698840835350667,"10,4",4,"10,4"
155,adult,student,mobile,0.2698840835350667,"10,4",5,"10,4"
155,adult,student,mobile,0.2698840835350667,"10,4",6,"10,4"
155,adult,student,mobile,0.2698840835350667,"10,4",7,"9,5"
155,adult,student,mobile,0.2698840835350667,"10,4",8,"6,3"
155,adult,student,mobile,0.2698840835350667,"10,4",9,"7,4"
155,adult,student,mobile,0.2698840835350667,"10,4",10,"7,4"
155,adult,student,mobile,0.2698840835350667,"10,4",11,"7,4"
155,adult,student,mobile,0.2698840835350667,"10,4",12,"7,4"
155,adult,student,mobile,0.2698840835350667,"10,4",13,"7,4"
155,adult,student,mobile,0.2698840835350667,"10,4",14,"7,4"
155,adult,student,mobile,0.2698840835350667,"10,4",15,"7,4"
155,adult,student,mobile,0.2698840835350667,"10,4",16,"7,4"
155,adult,student,mobile,0.2698840835350667,"10,4",17,"5,3"
155,adult,student,mobile,0.2698840835350667,"10,4",18,"7,2"
155,adult,student,mobile,0.2698840835350667,"10,4",19,"9,4"
155,adult,student,mobile,0.2698840835350667,"10,4",20,"8,4"
155,adult,student,mobile,0.2698840835350667,"10,4",21,"5,2"
155,adult,student,mobile,0.2698840835350667,"10,4",22,"10,4"
155,adult,student,mobile,0.2698840835350667,"10,4",23,"10,4"
156,adult,worker,mobile,0.21854549526592404,"14,6",0,"14,6"
156,adult,worker,mobile,0.21854549526592404,"14,6",1,"14,6"
156,adult,worker,mobile,0.21854549526592404,"14,6",2,"14,6"
156,adult,worker,mobile,0.21854549526592404,"14,6",3,"14,6"
156,adult,worker,mobile,0.21854549526592404,"14,6",4,"14,6"
156,adult,worker,mobile,0.21854549526592404,"14,6",5,"14,6"
156,adult,worker,mobile,0.21854549526592404,"14,6",6,"14,6"
156,adult,worker,mobile,0.21854549526592404,"14,6",7,"12,7"
156,adult,worker,mobile,0.21854549526592404,"14,6",8,"8,6"
156,adult,worker,mobile,0.21854549526592404,"14,6",9,"10,8"
156,adult,worker,mobile,0.21854549526592404,"14,6",10,"10,8"
156,adult,worker,mobile,0.21854549526592404,"14,6",11,"10,8"
156,adult,worker,mobile,0.21854549526592404,"14,6",12,"10,8"
156,adult,worker,mobile,0.21854549526592404,"14,6",13,"10,8"
156,adult,worker,mobile,0.21854549526592404,"14,6",14,"10,8"
156,adult,worker,mobile,0.21854549526592404,"14,6",15,"10,8"
156,adult,worker,mobile,0.21854549526592404,"14,6",16,"10,8"
156,adult,worker,mobile,0.21854549526592404,"14,6",17,"11,6"
156,adult,worker,mobile,0.21854549526592404,"14,6",18,"8,9"
156,adult,worker,mobile,0.21854549526592404,"14,6",19,"10,8"
156,adult,worker,mobile,0.21854549526592404,"14,6",20,"10,6"
156,adult,worker,mobile,0.21854549526592404,"14,6",21,"11,6"
156,adult,worker,mobile,0.21854549526592404,"14,6",22,"14,6"
156,adult,worker,mobile,0.21854549526592404,"14,6",23,"14,6"
157,elderly,visitor,mobile,0.7800885741958227,"2,2",0,"2,2"
157,elderly,visitor,mobile,0.7800885741958227,"2,2",1,"2,2"
157,elderly,visitor,mobile,0.7800885741958227,"2,2",2,"2,2"
157,elderly,visitor,mobile,0.7800885741958227,"2,2",3,"2,2"
157,elderly,visitor,mobile,0.7800885741958227,"2,2",4,"2,2"
157,elderly,visitor,mobile,0.7800885741958227,"2,2",5,"2,2"
157,elderly,visitor,mobile,0.7800885741958227,"2,2",6,"2,2"
157,elderly,visitor,mobile,0.7800885741958227,"2,2",7,"4,2"
157,elderly,visitor,mobile,0.7800885741958227,"2,2",8,"4,5"
157,elderly,visitor,mobile,0.7800885741958227,"2,2",9,"3,3"
157,elderly,visitor,mobile,0.7800885741958227,"2,2",10,"3,3"
157,elderly,visitor,mobile,0.7800885741958227,"2,2",11,"3,3"
157,elderly,visitor,mobile,0.7800885741958227,"2,2",12,"3,3"
157,elderly,visitor,mobile,0.7800885741958227,"2,2",13,"3,3"
157,elderly,visitor,mobile,0.7800885741958227,"2,2",14,"3,3"
157,elderly,visitor,mobile,0.7800885741958227,"2,2",15,"3,3"
157,elderly,visitor,mobile,0.7800885741958227,"2,2",16,"3,3"
157,elderly,visitor,mobile,0.7800885741958227,"2,2",17,"3,4"
157,elderly,visitor,mobile,0.7800885741958227,"2,2",18,"3,3"
157,elderly,visitor,mobile,0.7800885741958227,"2,2",19,"3,3"
157,elderly,visitor,mobile,0.7800885741958227,"2,2",20,"1,4"
157,elderly,visitor,mobile,0.7800885741958227,"2,2",21,"1,3"
157,elderly,visitor,mobile,0.7800885741958227,"2,2",22,"2,2"
157,elderly,visitor,mobile,0.7800885741958227,"2,2",23,"2,2"
158,adult,worker,mobile,0.22376698635368497,"19,9",0,"19,9"
158,adult,worker,mobile,0.22376698635368497,"19,9",1,"19,9"
158,adult,worker,mobile,0.22376698635368497,"19,9",2,"19,9"
158,adult,worker,mobile,0.22376698635368497,"19,9",3,"19,9"
158,adult,worker,mobile,0.22376698635368497,"19,9",4,"19,9"
158,adult,worker,mobile,0.22376698635368497,"19,9",5,"19,9"
158,adult,worker,mobile,0.22376698635368497,"19,9",6,"19,9"
158,adult,worker,mobile,0.22376698635368497,"19,9",7,"10,9"
158,adult,worker,mobile,0.22376698635368497,"19,9",8,"10,7"
158,adult,worker,mobile,0.22376698635368497,"19,9",9,"8,9"
158,adult,worker,mobile,0.22376698635368497,"19,9",10,"8,9"
158,adult,worker,mobile,0.22376698635368497,"19,9",11,"8,9"
158,adult,worker,mobile,0.22376698635368497,"19,9",12,"8,9"
158,adult,worker,mobile,0.22376698635368497,"19,9",13,"8,9"
158,adult,worker,mobile,0.22376698635368497,"19,9",14,"8,9"
158,adult,worker,mobile,0.22376698635368497,"19,9",15,"8,9"
158,adult,worker,mobile,0.22376698635368497,"19,9",16,"8,9"
158,adult,worker,mobile,0.22376698635368497,"19,9",17,"6,8"
158,adult,worker,mobile,0.22376698635368497,"19,9",18,"9,7"
158,adult,worker,mobile,0.22376698635368497,"19,9",19,"8,9"
158,adult,worker,mobile,0.22376698635368497,"19,9",20,"7,8"
158,adult,worker,mobile,0.22376698635368497,"19,9",21,"6,9"
158,adult,worker,mobile,0.22376698635368497,"19,9",22,"19,9"
158,adult,worker,mobile,0.22376698635368497,"19,9",23,"19,9"
159,adult,worker,mobile,0.2490942753506871,"14,5",0,"14,5"
159,adult,worker,mobile,0.2490942753506871,"14,5",1,"14,5"
159,adult,worker,mobile,0.2490942753506871,"14,5",2,"14,5"
159,adult,worker,mobile,0.2490942753506871,"14,5",3,"14,5"
159,adult,worker,mobile,0.2490942753506871,"14,5",4,"14,5"
159,adult,worker,mobile,0.2490942753506871,"14,5",5,"14,5"
159,adult,worker,mobile,0.2490942753506871,"14,5",6,"14,5"
159,adult,worker,mobile,0.2490942753506871,"14,5",7,"11,0"
159,adult,worker,mobile,0.2490942753506871,"14,5",8,"13,2"
159,adult,worker,mobile,0.2490942753506871,"14,5",9,"12,1"
159,adult,worker,mobile,0.2490942753506871,"14,5",10,"12,1"
159,adult,worker,mobile,0.2490942753506871,"14,5",11,"12,1"
159,adult,worker,mobile,0.2490942753506871,"14,5",12,"12,1"
159,adult,worker,mobile,0.2490942753506871,"14,5",13,"12,1"
159,adult,worker,mobile,0.2490942753506871,"14,5",14,"12,1"
159,adult,worker,mobile,0.2490942753506871,"14,5",15,"12,1"
159,adult,worker,mobile,0.2490942753506871,"14,5",16,"12,1"
159,adult,worker,mobile,0.2490942753506871,"14,5",17,"13,2"
159,adult,worker,mobile,0.2490942753506871,"14,5",18,"11,3"
159,adult,worker,mobile,0.2490942753506871,"14,5",19,"10,1"
159,adult,worker,mobile,0.2490942753506871,"14,5",20,"13,2"
159,adult,worker,mobile,0.2490942753506871,"14,5",21,"10,2"
159,adult,worker,mobile,0.2490942753506871,"14,5",22,"14,5"
159,adult,worker,mobile,0.2490942753506871,"14,5",23,"14,5"
160,adult,resident,mobile,0.23909707064169694,"8,3",0,"8,3"
160,adult,resident,mobile,0.23909707064169694,"8,3",1,"8,3"
160,adult,resident,mobile,0.23909707064169694,"8,3",2,"8,3"
160,adult,resident,mobile,0.23909707064169694,"8,3",3,"8,3"
160,adult,resident,mobile,0.23909707064169694,"8,3",4,"8,3"
160,adult,resident,mobile,0.23909707064169694,"8,3",5,"8,3"
160,adult,resident,mobile,0.23909707064169694,"8,3",6,"8,3"
160,adult,resident,mobile,0.23909707064169694,"8,3",7,"16,5"
160,adult,resident,mobile,0.23909707064169694,"8,3",8,"16,5"
160,adult,resident,mobile,0.23909707064169694,"8,3",9,"16,3"
160,adult,resident,mobile,0.23909707064169694,"8,3",10,"16,3"
160,adult,resident,mobile,0.23909707064169694,"8,3",11,"16,3"
160,adult,resident,mobile,0.23909707064169694,"8,3",12,"16,3"
160,adult,resident,mobile,0.23909707064169694,"8,3",13,"16,3"
160,adult,resident,mobile,0.23909707064169694,"8,3",14,"16,3"
160,adult,resident,mobile,0.23909707064169694,"8,3",15,"16,3"
160,adult,resident,mobile,0.23909707064169694,"8,3",16,"16,3"
160,adult,resident,mobile,0.23909707064169694,"8,3",17,"16,4"
160,adult,resident,mobile,0.23909707064169694,"8,3",18,"16,5"
160,adult,resident,mobile,0.23909707064169694,"8,3",19,"17,2"
160,adult,resident,mobile,0.23909707064169694,"8,3",20,"18,5"
160,adult,resident,mobile,0.23909707064169694,"8,3",21,"16,5"
160,adult,resident,mobile,0.23909707064169694,"8,3",22,"8,3"
160,adult,resident,mobile,0.23909707064169694,"8,3",23,"8,3"
161,adult,worker,mobile,0.26816184340335836,"10,9",0,"10,9"
161,adult,worker,mobile,0.26816184340335836,"10,9",1,"10,9"
161,adult,worker,mobile,0.26816184340335836,"10,9",2,"10,9"
161,adult,worker,mobile,0.26816184340335836,"10,9",3,"10,9"
161,adult,worker,mobile,0.26816184340335836,"10,9",4,"10,9"
161,adult,worker,mobile,0.26816184340335836,"10,9",5,"10,9"
161,adult,worker,mobile,0.26816184340335836,"10,9",6,"10,9"
161,adult,worker,mobile,0.26816184340335836,"10,9",7,"10,5"
161,adult,worker,mobile,0.26816184340335836,"10,9",8,"13,3"
161,adult,worker,mobile,0.26816184340335836,"10,9",9,"12,3"
161,adult,worker,mobile,0.26816184340335836,"10,9",10,"12,3"
161,adult,worker,mobile,0.26816184340335836,"10,9",11,"12,3"
161,adult,worker,mobile,0.26816184340335836,"10,9",12,"12,3"
161,adult,worker,mobile,0.26816184340335836,"10,9",13,"12,3"
161,adult,worker,mobile,0.26816184340335836,"10,9",14,"12,3"
161,adult,worker,mobile,0.26816184340335836,"10,9",15,"12,3"
161,adult,worker,mobile,0.26816184340335836,"10,9",16,"12,3"
161,adult,worker,mobile,0.26816184340335836,"10,9",17,"10,1"
161,adult,worker,mobile,0.26816184340335836,"10,9",18,"14,3"
161,adult,worker,mobile,0.26816184340335836,"10,9",19,"14,4"
161,adult,worker,mobile,0.26816184340335836,"10,9",20,"11,2"
161,adult,worker,mobile,0.26816184340335836,"10,9",21,"13,2"
161,adult,worker,mobile,0.26816184340335836,"10,9",22,"10,9"
161,adult,worker,mobile,0.26816184340335836,"10,9",23,"10,9"
162,child,visitor,mobile,0.5590101392326462,"12,5",0,"12,5"
162,child,visitor,mobile,0.5590101392326462,"12,5",1,"12,5"
162,child,visitor,mobile,0.5590101392326462,"12,5",2,"12,5"
162,child,visitor,mobile,0.5590101392326462,"12,5",3,"12,5"
162,child,visitor,mobile,0.5590101392326462,"12,5",4,"12,5"
162,child,visitor,mobile,0.5590101392326462,"12,5",5,"12,5"
162,child,visitor,mobile,0.5590101392326462,"12,5",6,"12,5"
162,child,visitor,mobile,0.5590101392326462,"12,5",7,"8,4"
162,child,visitor,mobile,0.5590101392326462,"12,5",8,"8,4"
162,child,visitor,mobile,0.5590101392326462,"12,5",9,"10,2"
162,child,visitor,mobile,0.5590101392326462,"12,5",10,"10,2"
162,child,visitor,mobile,0.5590101392326462,"12,5",11,"10,2"
162,child,visitor,mobile,0.5590101392326462,"12,5",12,"10,2"
162,child,visitor,mobile,0.5590101392326462,"12,5",13,"10,2"
162,child,visitor,mobile,0.5590101392326462,"12,5",14,"10,2"
162,child,visitor,mobile,0.5590101392326462,"12,5",15,"10,2"
162,child,visitor,mobile,0.5590101392326462,"12,5",16,"10,2"
162,child,visitor,mobile,0.5590101392326462,"12,5",17,"12,4"
162,child,visitor,mobile,0.5590101392326462,"12,5",18,"12,2"
162,child,visitor,mobile,0.5590101392326462,"12,5",19,"10,2"
162,child,visitor,mobile,0.5590101392326462,"12,5",20,"8,3"
162,child,visitor,mobile,0.5590101392326462,"12,5",21,"8,4"
162,child,visitor,mobile,0.5590101392326462,"12,5",22,"12,5"
162,child,visitor,mobile,0.5590101392326462,"12,5",23,"12,5"
163,adult,worker,mobile,0.2586620552478868,"12,8",0,"12,8"
163,adult,worker,mobile,0.2586620552478868,"12,8",1,"12,8"
163,adult,worker,mobile,0.2586620552478868,"12,8",2,"12,8"
163,adult,worker,mobile,0.2586620552478868,"12,8",3,"12,8"
163,adult,worker,mobile,0.2586620552478868,"12,8",4,"12,8"
163,adult,worker,mobile,0.2586620552478868,"12,8",5,"12,8"
163,adult,worker,mobile,0.2586620552478868,"12,8",6,"12,8"
163,adult,worker,mobile,0.2586620552478868,"12,8",7,"15,4"
163,adult,worker,mobile,0.2586620552478868,"12,8",8,"16,5"
163,adult,worker,mobile,0.2586620552478868,"12,8",9,"15,4"
163,adult,worker,mobile,0.2586620552478868,"12,8",10,"15,4"
163,adult,worker,mobile,0.2586620552478868,"12,8",11,"15,4"
163,adult,worker,mobile,0.2586620552478868,"12,8",12,"15,4"
163,adult,worker,mobile,0.2586620552478868,"12,8",13,"15,4"
163,adult,worker,mobile,0.2586620552478868,"12,8",14,"15,4"
163,adult,worker,mobile,0.2586620552478868,"12,8",15,"15,4"
163,adult,worker,mobile,0.2586620552478868,"12,8",16,"15,4"
163,adult,worker,mobile,0.2586620552478868,"12,8",17,"17,6"
163,adult,worker,mobile,0.2586620552478868,"12,8",18,"13,5"
163,adult,worker,mobile,0.2586620552478868,"12,8",19,"13,3"
163,adult,worker,mobile,0.2586620552478868,"12,8",20,"14,3"
163,adult,worker,mobile,0.2586620552478868,"12,8",21,"16,3"
163,adult,worker,mobile,0.2586620552478868,"12,8",22,"12,8"
163,adult,worker,mobile,0.2586620552478868,"12,8",23,"12,8"
164,adult,resident,mobile,0.21874748549033007,"0,8",0,"0,8"
164,adult,resident,mobile,0.21874748549033007,"0,8",1,"0,8"
164,adult,resident,mobile,0.21874748549033007,"0,8",2,"0,8"
164,adult,resident,mobile,0.21874748549033007,"0,8",3,"0,8"
164,adult,resident,mobile,0.21874748549033007,"0,8",4,"0,8"
164,adult,resident,mobile,0.21874748549033007,"0,8",5,"0,8"
164,adult,resident,mobile,0.21874748549033007,"0,8",6,"0,8"
164,adult,resident,mobile,0.21874748549033007,"0,8",7,"12,4"
164,adult,resident,mobile,0.21874748549033007,"0,8",8,"13,5"
164,adult,resident,mobile,0.21874748549033007,"0,8",9,"14,5"
164,adult,resident,mobile,0.21874748549033007,"0,8",10,"14,5"
164,adult,resident,mobile,0.21874748549033007,"0,8",11,"14,5"
164,adult,resident,mobile,0.21874748549033007,"0,8",12,"14,5"
164,adult,resident,mobile,0.21874748549033007,"0,8",13,"14,5"
164,adult,resident,mobile,0.21874748549033007,"0,8",14,"14,5"
164,adult,resident,mobile,0.21874748549033007,"0,8",15,"14,5"
164,adult,resident,mobile,0.21874748549033007,"0,8",16,"14,5"
164,adult,resident,mobile,0.21874748549033007,"0,8",17,"12,5"
164,adult,resident,mobile,0.21874748549033007,"0,8",18,"16,6"
164,adult,resident,mobile,0.21874748549033007,"0,8",19,"13,3"
164,adult,resident,mobile,0.21874748549033007,"0,8",20,"15,6"
164,adult,resident,mobile,0.21874748549033007,"0,8",21,"15,5"
164,adult,resident,mobile,0.21874748549033007,"0,8",22,"0,8"
164,adult,resident,mobile,0.21874748549033007,"0,8",23,"0,8"
165,adult,resident,mobile,0.26806801780654776,"4,2",0,"4,2"
165,adult,resident,mobile,0.26806801780654776,"4,2",1,"4,2"
165,adult,resident,mobile,0.26806801780654776,"4,2",2,"4,2"
165,adult,resident,mobile,0.26806801780654776,"4,2",3,"4,2"
165,adult,resident,mobile,0.26806801780654776,"4,2",4,"4,2"
165,adult,resident,mobile,0.26806801780654776,"4,2",5,"4,2"
165,adult,resident,mobile,0.26806801780654776,"4,2",6,"4,2"
165,adult,resident,mobile,0.26806801780654776,"4,2",7,"3,3"
165,adult,resident,mobile,0.26806801780654776,"4,2",8,"0,4"
165,adult,resident,mobile,0.26806801780654776,"4,2",9,"1,5"
165,adult,resident,mobile,0.26806801780654776,"4,2",10,"1,5"
165,adult,resident,mobile,0.26806801780654776,"4,2",11,"1,5"
165,adult,resident,mobile,0.26806801780654776,"4,2",12,"1,5"
165,adult,resident,mobile,0.26806801780654776,"4,2",13,"1,5"
165,adult,resident,mobile,0.26806801780654776,"4,2",14,"1,5"
165,adult,resident,mobile,0.26806801780654776,"4,2",15,"1,5"
165,adult,resident,mobile,0.26806801780654776,"4,2",16,"1,5"
165,adult,resident,mobile,0.26806801780654776,"4,2",17,"0,4"
165,adult,resident,mobile,0.26806801780654776,"4,2",18,"3,3"
165,adult,resident,mobile,0.26806801780654776,"4,2",19,"2,6"
165,adult,resident,mobile,0.26806801780654776,"4,2",20,"3,5"
165,adult,resident,mobile,0.26806801780654776,"4,2",21,"0,4"
165,adult,resident,mobile,0.26806801780654776,"4,2",22,"4,2"
165,adult,resident,mobile,0.26806801780654776,"4,2",23,"4,2"
166,adult,worker,mobile,0.31453748099041595,"18,6",0,"18,6"
166,adult,worker,mobile,0.31453748099041595,"18,6",1,"18,6"
166,adult,worker,mobile,0.31453748099041595,"18,6",2,"18,6"
166,adult,worker,mobile,0.31453748099041595,"18,6",3,"18,6"
166,adult,worker,mobile,0.31453748099041595,"18,6",4,"18,6"
166,adult,worker,mobile,0.31453748099041595,"18,6",5,"18,6"
166,adult,worker,mobile,0.31453748099041595,"18,6",6,"18,6"
166,adult,worker,mobile,0.31453748099041595,"18,6",7,"7,5"
166,adult,worker,mobile,0.31453748099041595,"18,6",8,"9,6"
166,adult,worker,mobile,0.31453748099041595,"18,6",9,"9,4"
166,adult,worker,mobile,0.31453748099041595,"18,6",10,"9,4"
166,adult,worker,mobile,0.31453748099041595,"18,6",11,"9,4"
166,adult,worker,mobile,0.31453748099041595,"18,6",12,"9,4"
166,adult,worker,mobile,0.31453748099041595,"18,6",13,"9,4"
166,adult,worker,mobile,0.31453748099041595,"18,6",14,"9,4"
166,adult,worker,mobile,0.31453748099041595,"18,6",15,"9,4"
166,adult,worker,mobile,0.31453748099041595,"18,6",16,"9,4"
166,adult,worker,mobile,0.31453748099041595,"18,6",17,"10,6"
166,adult,worker,mobile,0.31453748099041595,"18,6",18,"8,4"
166,adult,worker,mobile,0.31453748099041595,"18,6",19,"7,6"
166,adult,worker,mobile,0.31453748099041595,"18,6",20,"11,6"
166,adult,worker,mobile,0.31453748099041595,"18,6",21,"9,5"
166,adult,worker,mobile,0.31453748099041595,"18,6",22,"18,6"
166,adult,worker,mobile,0.31453748099041595,"18,6",23,"18,6"
167,child,student,mobile,0.5571003562232809,"8,9",0,"8,9"
167,child,student,mobile,0.5571003562232809,"8,9",1,"8,9"
167,child,student,mobile,0.5571003562232809,"8,9",2,"8,9"
167,child,student,mobile,0.5571003562232809,"8,9",3,"8,9"
167,child,student,mobile,0.5571003562232809,"8,9",4,"8,9"
167,child,student,mobile,0.5571003562232809,"8,9",5,"8,9"
167,child,student,mobile,0.5571003562232809,"8,9",6,"8,9"
167,child,student,mobile,0.5571003562232809,"8,9",7,"18,5"
167,child,student,mobile,0.5571003562232809,"8,9",8,"17,2"
167,child,student,mobile,0.5571003562232809,"8,9",9,"18,3"
167,child,student,mobile,0.5571003562232809,"8,9",10,"18,3"
167,child,student,mobile,0.5571003562232809,"8,9",11,"18,3"
167,child,student,mobile,0.5571003562232809,"8,9",12,"18,3"
167,child,student,mobile,0.5571003562232809,"8,9",13,"18,3"
167,child,student,mobile,0.5571003562232809,"8,9",14,"18,3"
167,child,student,mobile,0.5571003562232809,"8,9",15,"18,3"
167,child,student,mobile,0.5571003562232809,"8,9",16,"18,3"
167,child,student,mobile,0.5571003562232809,"8,9",17,"18,3"
167,child,student,mobile,0.5571003562232809,"8,9",18,"19,4"
167,child,student,mobile,0.5571003562232809,"8,9",19,"18,2"
167,child,student,mobile,0.5571003562232809,"8,9",20,"19,3"
167,child,student,mobile,0.5571003562232809,"8,9",21,"16,4"
167,child,student,mobile,0.5571003562232809,"8,9",22,"8,9"
167,child,student,mobile,0.5571003562232809,"8,9",23,"8,9"
168,adult,resident,mobile,0.28556981755657285,"18,2",0,"18,2"
168,adult,resident,mobile,0.28556981755657285,"18,2",1,"18,2"
168,adult,resident,mobile,0.28556981755657285,"18,2",2,"18,2"
168,adult,resident,mobile,0.28556981755657285,"18,2",3,"18,2"
168,adult,resident,mobile,0.28556981755657285,"18,2",4,"18,2"
168,adult,resident,mobile,0.28556981755657285,"18,2",5,"18,2"
168,adult,resident,mobile,0.28556981755657285,"18,2",6,"18,2"
168,adult,resident,mobile,0.28556981755657285,"18,2",7,"9,7"
168,adult,resident,mobile,0.28556981755657285,"18,2",8,"7,4"
168,adult,resident,mobile,0.28556981755657285,"18,2",9,"9,6"
168,adult,resident,mobile,0.28556981755657285,"18,2",10,"9,6"
168,adult,resident,mobile,0.28556981755657285,"18,2",11,"9,6"
168,adult,resident,mobile,0.28556981755657285,"18,2",12,"9,6"
168,adult,resident,mobile,0.28556981755657285,"18,2",13,"9,6"
168,adult,resident,mobile,0.28556981755657285,"18,2",14,"9,6"
168,adult,resident,mobile,0.28556981755657285,"18,2",15,"9,6"
168,adult,resident,mobile,0.28556981755657285,"18,2",16,"9,6"
168,adult,resident,mobile,0.28556981755657285,"18,2",17,"7,7"
168,adult,resident,mobile,0.28556981755657285,"18,2",18,"9,8"
168,adult,resident,mobile,0.28556981755657285,"18,2",19,"9,6"
168,adult,resident,mobile,0.28556981755657285,"18,2",20,"9,8"
168,adult,resident,mobile,0.28556981755657285,"18,2",21,"8,7"
168,adult,resident,mobile,0.28556981755657285,"18,2",22,"18,2"
168,adult,resident,mobile,0.28556981755657285,"18,2",23,"18,2"
169,adult,resident,mobile,0.20289864310003097,"9,9",0,"9,9"
169,adult,resident,mobile,0.20289864310003097,"9,9",1,"9,9"
169,adult,resident,mobile,0.20289864310003097,"9,9",2,"9,9"
169,adult,resident,mobile,0.20289864310003097,"9,9",3,"9,9"
169,adult,resident,mobile,0.20289864310003097,"9,9",4,"9,9"
169,adult,resident,mobile,0.20289864310003097,"9,9",5,"9,9"
169,adult,resident,mobile,0.20289864310003097,"9,9",6,"9,9"
169,adult,resident,mobile,0.20289864310003097,"9,9",7,"11,7"
169,adult,resident,mobile,0.20289864310003097,"9,9",8,"9,8"
169,adult,resident,mobile,0.20289864310003097,"9,9",9,"11,6"
169,adult,resident,mobile,0.20289864310003097,"9,9",10,"11,6"
169,adult,resident,mobile,0.20289864310003097,"9,9",11,"11,6"
169,adult,resident,mobile,0.20289864310003097,"9,9",12,"11,6"
169,adult,resident,mobile,0.20289864310003097,"9,9",13,"11,6"
169,adult,resident,mobile,0.20289864310003097,"9,9",14,"11,6"
169,adult,resident,mobile,0.20289864310003097,"9,9",15,"11,6"
169,adult,resident,mobile,0.20289864310003097,"9,9",16,"11,6"
169,adult,resident,mobile,0.20289864310003097,"9,9",17,"10,5"
169,adult,resident,mobile,0.20289864310003097,"9,9",18,"10,4"
169,adult,resident,mobile,0.20289864310003097,"9,9",19,"10,4"
169,adult,resident,mobile,0.20289864310003097,"9,9",20,"11,6"
169,adult,resident,mobile,0.20289864310003097,"9,9",21,"9,8"
169,adult,resident,mobile,0.20289864310003097,"9,9",22,"9,9"
169,adult,resident,mobile,0.20289864310003097,"9,9",23,"9,9"
170,adult,student,mobile,0.2591235835153987,"14,4",0,"14,4"
170,adult,student,mobile,0.2591235835153987,"14,4",1,"14,4"
170,adult,student,mobile,0.2591235835153987,"14,4",2,"14,4"
170,adult,student,mobile,0.2591235835153987,"14,4",3,"14,4"
170,adult,student,mobile,0.2591235835153987,"14,4",4,"14,4"
170,adult,student,mobile,0.2591235835153987,"14,4",5,"14,4"
170,adult,student,mobile,0.2591235835153987,"14,4",6,"14,4"
170,adult,student,mobile,0.2591235835153987,"14,4",7,"11,9"
170,adult,student,mobile,0.2591235835153987,"14,4",8,"11,8"
170,adult,student,mobile,0.2591235835153987,"14,4",9,"9,8"
170,adult,student,mobile,0.2591235835153987,"14,4",10,"9,8"
170,adult,student,mobile,0.2591235835153987,"14,4",11,"9,8"
170,adult,student,mobile,0.2591235835153987,"14,4",12,"9,8"
170,adult,student,mobile,0.2591235835153987,"14,4",13,"9,8"
170,adult,student,mobile,0.2591235835153987,"14,4",14,"9,8"
170,adult,student,mobile,0.2591235835153987,"14,4",15,"9,8"
170,adult,student,mobile,0.2591235835153987,"14,4",16,"9,8"
170,adult,student,mobile,0.2591235835153987,"14,4",17,"11,7"
170,adult,student,mobile,0.2591235835153987,"14,4",18,"11,9"
170,adult,student,mobile,0.2591235835153987,"14,4",19,"9,8"
170,adult,student,mobile,0.2591235835153987,"14,4",20,"7,7"
170,adult,student,mobile,0.2591235835153987,"14,4",21,"11,9"
170,adult,student,mobile,0.2591235835153987,"14,4",22,"14,4"
170,adult,student,mobile,0.2591235835153987,"14,4",23,"14,4"
171,child,visitor,mobile,0.5403518780488572,"11,0",0,"11,0"
171,child,visitor,mobile,0.5403518780488572,"11,0",1,"11,0"
171,child,visitor,mobile,0.5403518780488572,"11,0",2,"11,0"
171,child,visitor,mobile,0.5403518780488572,"11,0",3,"11,0"
171,child,visitor,mobile,0.5403518780488572,"11,0",4,"11,0"
171,child,visitor,mobile,0.5403518780488572,"11,0",5,"11,0"
171,child,visitor,mobile,0.5403518780488572,"11,0",6,"11,0"
171,child,visitor,mobile,0.5403518780488572,"11,0",7,"0,0"
171,child,visitor,mobile,0.5403518780488572,"11,0",8,"0,3"
171,child,visitor,mobile,0.5403518780488572,"11,0",9,"0,1"
171,child,visitor,mobile,0.5403518780488572,"11,0",10,"0,1"
171,child,visitor,mobile,0.5403518780488572,"11,0",11,"0,1"
171,child,visitor,mobile,0.5403518780488572,"11,0",12,"0,1"
171,child,visitor,mobile,0.5403518780488572,"11,0",13,"0,1"
171,child,visitor,mobile,0.5403518780488572,"11,0",14,"0,1"
171,child,visitor,mobile,0.5403518780488572,"11,0",15,"0,1"
171,child,visitor,mobile,0.5403518780488572,"11,0",16,"0,1"
171,child,visitor,mobile,0.5403518780488572,"11,0",17,"0,0"
171,child,visitor,mobile,0.5403518780488572,"11,0",18,"1,1"
171,child,visitor,mobile,0.5403518780488572,"11,0",19,"0,1"
171,child,visitor,mobile,0.5403518780488572,"11,0",20,"1,0"
171,child,visitor,mobile,0.5403518780488572,"11,0",21,"0,3"
171,child,visitor,mobile,0.5403518780488572,"11,0",22,"11,0"
171,child,visitor,mobile,0.5403518780488572,"11,0",23,"11,0"
172,adult,resident,mobile,0.19710832762003697,"5,7",0,"5,7"
172,adult,resident,mobile,0.19710832762003697,"5,7",1,"5,7"
172,adult,resident,mobile,0.19710832762003697,"5,7",2,"5,7"
172,adult,resident,mobile,0.19710832762003697,"5,7",3,"5,7"
172,adult,resident,mobile,0.19710832762003697,"5,7",4,"5,7"
172,adult,resident,mobile,0.19710832762003697,"5,7",5,"5,7"
172,adult,resident,mobile,0.19710832762003697,"5,7",6,"5,7"
172,adult,resident,mobile,0.19710832762003697,"5,7",7,"17,8"
172,adult,resident,mobile,0.19710832762003697,"5,7",8,"16,8"
172,adult,resident,mobile,0.19710832762003697,"5,7",9,"18,6"
172,adult,resident,mobile,0.19710832762003697,"5,7",10,"18,6"
172,adult,resident,mobile,0.19710832762003697,"5,7",11,"18,6"
172,adult,resident,mobile,0.19710832762003697,"5,7",12,"18,6"
172,adult,resident,mobile,0.19710832762003697,"5,7",13,"18,6"
172,adult,resident,mobile,0.19710832762003697,"5,7",14,"18,6"
172,adult,resident,mobile,0.19710832762003697,"5,7",15,"18,6"
172,adult,resident,mobile,0.19710832762003697,"5,7",16,"18,6"
172,adult,resident,mobile,0.19710832762003697,"5,7",17,"19,4"
172,adult,resident,mobile,0.19710832762003697,"5,7",18,"18,4"
172,adult,resident,mobile,0.19710832762003697,"5,7",19,"16,6"
172,adult,resident,mobile,0.19710832762003697,"5,7",20,"18,4"
172,adult,resident,mobile,0.19710832762003697,"5,7",21,"19,6"
172,adult,resident,mobile,0.19710832762003697,"5,7",22,"5,7"
172,adult,resident,mobile,0.19710832762003697,"5,7",23,"5,7"
173,elderly,resident,mobile,0.7370654202189683,"17,7",0,"17,7"
173,elderly,resident,mobile,0.7370654202189683,"17,7",1,"17,7"
173,elderly,resident,mobile,0.7370654202189683,"17,7",2,"17,7"
173,elderly,resident,mobile,0.7370654202189683,"17,7",3,"17,7"
173,elderly,resident,mobile,0.7370654202189683,"17,7",4,"17,7"
173,elderly,resident,mobile,0.7370654202189683,"17,7",5,"17,7"
173,elderly,resident,mobile,0.7370654202189683,"17,7",6,"17,7"
173,elderly,resident,mobile,0.7370654202189683,"17,7",7,"6,9"
173,elderly,resident,mobile,0.7370654202189683,"17,7",8,"5,8"
173,elderly,resident,mobile,0.7370654202189683,"17,7",9,"5,8"
173,elderly,resident,mobile,0.7370654202189683,"17,7",10,"5,8"
173,elderly,resident,mobile,0.7370654202189683,"17,7",11,"5,8"
173,elderly,resident,mobile,0.7370654202189683,"17,7",12,"5,8"
173,elderly,resident,mobile,0.7370654202189683,"17,7",13,"5,8"
173,elderly,resident,mobile,0.7370654202189683,"17,7",14,"5,8"
173,elderly,resident,mobile,0.7370654202189683,"17,7",15,"5,8"
173,elderly,resident,mobile,0.7370654202189683,"17,7",16,"5,8"
173,elderly,resident,mobile,0.7370654202189683,"17,7",17,"5,9"
173,elderly,resident,mobile,0.7370654202189683,"17,7",18,"7,8"
173,elderly,resident,mobile,0.7370654202189683,"17,7",19,"3,9"
173,elderly,resident,mobile,0.7370654202189683,"17,7",20,"4,6"
173,elderly,resident,mobile,0.7370654202189683,"17,7",21,"6,8"
173,elderly,resident,mobile,0.7370654202189683,"17,7",22,"17,7"
173,elderly,resident,mobile,0.7370654202189683,"17,7",23,"17,7"
174,child,student,mobile,0.5944522686442528,"14,7",0,"14,7"
174,child,student,mobile,0.5944522686442528,"14,7",1,"14,7"
174,child,student,mobile,0.5944522686442528,"14,7",2,"14,7"
174,child,student,mobile,0.5944522686442528,"14,7",3,"14,7"
174,child,student,mobile,0.5944522686442528,"14,7",4,"14,7"
174,child,student,mobile,0.5944522686442528,"14,7",5,"14,7"
174,child,student,mobile,0.5944522686442528,"14,7",6,"14,7"
174,child,student,mobile,0.5944522686442528,"14,7",7,"19,2"
174,child,student,mobile,0.5944522686442528,"14,7",8,"19,5"
174,child,student,mobile,0.5944522686442528,"14,7",9,"19,3"
174,child,student,mobile,0.5944522686442528,"14,7",10,"19,3"
174,child,student,mobile,0.5944522686442528,"14,7",11,"19,3"
174,child,student,mobile,0.5944522686442528,"14,7",12,"19,3"
174,child,student,mobile,0.5944522686442528,"14,7",13,"19,3"
174,child,student,mobile,0.5944522686442528,"14,7",14,"19,3"
174,child,student,mobile,0.5944522686442528,"14,7",15,"19,3"
174,child,student,mobile,0.5944522686442528,"14,7",16,"19,3"
174,child,student,mobile,0.5944522686442528,"14,7",17,"19,4"
174,child,student,mobile,0.5944522686442528,"14,7",18,"18,2"
174,child,student,mobile,0.5944522686442528,"14,7",19,"19,1"
174,child,student,mobile,0.5944522686442528,"14,7",20,"18,3"
174,child,student,mobile,0.5944522686442528,"14,7",21,"19,4"
174,child,student,mobile,0.5944522686442528,"14,7",22,"14,7"
174,child,student,mobile,0.5944522686442528,"14,7",23,"14,7"
175,adult,worker,mobile,0.27508362578769247,"12,7",0,"12,7"
175,adult,worker,mobile,0.27508362578769247,"12,7",1,"12,7"
175,adult,worker,mobile,0.27508362578769247,"12,7",2,"12,7"
175,adult,worker,mobile,0.27508362578769247,"12,7",3,"12,7"
175,adult,worker,mobile,0.27508362578769247,"12,7",4,"12,7"
175,adult,worker,mobile,0.27508362578769247,"12,7",5,"12,7"
175,adult,worker,mobile,0.27508362578769247,"12,7",6,"12,7"
175,adult,worker,mobile,0.27508362578769247,"12,7",7,"1,3"
175,adult,worker,mobile,0.27508362578769247,"12,7",8,"0,2"
175,adult,worker,mobile,0.27508362578769247,"12,7",9,"0,1"
175,adult,worker,mobile,0.27508362578769247,"12,7",10,"0,1"
175,adult,worker,mobile,0.27508362578769247,"12,7",11,"0,1"
175,adult,worker,mobile,0.27508362578769247,"12,7",12,"0,1"
175,adult,worker,mobile,0.27508362578769247,"12,7",13,"0,1"
175,adult,worker,mobile,0.27508362578769247,"12,7",14,"0,1"
175,adult,worker,mobile,0.27508362578769247,"12,7",15,"0,1"
175,adult,worker,mobile,0.27508362578769247,"12,7",16,"0,1"
175,adult,worker,mobile,0.27508362578769247,"12,7",17,"0,1"
175,adult,worker,mobile,0.27508362578769247,"12,7",18,"2,0"
175,adult,worker,mobile,0.27508362578769247,"12,7",19,"1,1"
175,adult,worker,mobile,0.27508362578769247,"12,7",20,"2,3"
175,adult,worker,mobile,0.27508362578769247,"12,7",21,"0,0"
175,adult,worker,mobile,0.27508362578769247,"12,7",22,"12,7"
175,adult,worker,mobile,0.27508362578769247,"12,7",23,"12,7"
176,adult,worker,mobile,0.19711151507617047,"5,5",0,"5,5"
176,adult,worker,mobile,0.19711151507617047,"5,5",1,"5,5"
176,adult,worker,mobile,0.19711151507617047,"5,5",2,"5,5"
176,adult,worker,mobile,0.19711151507617047,"5,5",3,"5,5"
176,adult,worker,mobile,0.19711151507617047,"5,5",4,"5,5"
176,adult,worker,mobile,0.19711151507617047,"5,5",5,"5,5"
176,adult,worker,mobile,0.19711151507617047,"5,5",6,"5,5"
176,adult,worker,mobile,0.19711151507617047,"5,5",7,"8,4"
176,adult,worker,mobile,0.19711151507617047,"5,5",8,"10,2"
176,adult,worker,mobile,0.19711151507617047,"5,5",9,"10,2"
176,adult,worker,mobile,0.19711151507617047,"5,5",10,"10,2"
176,adult,worker,mobile,0.19711151507617047,"5,5",11,"10,2"
176,adult,worker,mobile,0.19711151507617047,"5,5",12,"10,2"
176,adult,worker,mobile,0.19711151507617047,"5,5",13,"10,2"
176,adult,worker,mobile,0.19711151507617047,"5,5",14,"10,2"
176,adult,worker,mobile,0.19711151507617047,"5,5",15,"10,2"
176,adult,worker,mobile,0.19711151507617047,"5,5",16,"10,2"
176,adult,worker,mobile,0.19711151507617047,"5,5",17,"8,4"
176,adult,worker,mobile,0.19711151507617047,"5,5",18,"11,1"
176,adult,worker,mobile,0.19711151507617047,"5,5",19,"10,0"
176,adult,worker,mobile,0.19711151507617047,"5,5",20,"12,0"
176,adult,worker,mobile,0.19711151507617047,"5,5",21,"11,1"
176,adult,worker,mobile,0.19711151507617047,"5,5",22,"5,5"
176,adult,worker,mobile,0.19711151507617047,"5,5",23,"5,5"
177,adult,visitor,mobile,0.2626617426734974,"8,9",0,"8,9"
177,adult,visitor,mobile,0.2626617426734974,"8,9",1,"8,9"
177,adult,visitor,mobile,0.2626617426734974,"8,9",2,"8,9"
177,adult,visitor,mobile,0.2626617426734974,"8,9",3,"8,9"
177,adult,visitor,mobile,0.2626617426734974,"8,9",4,"8,9"
177,adult,visitor,mobile,0.2626617426734974,"8,9",5,"8,9"
177,adult,visitor,mobile,0.2626617426734974,"8,9",6,"8,9"
177,adult,visitor,mobile,0.2626617426734974,"8,9",7,"6,6"
177,adult,visitor,mobile,0.2626617426734974,"8,9",8,"4,7"
177,adult,visitor,mobile,0.2626617426734974,"8,9",9,"5,5"
177,adult,visitor,mobile,0.2626617426734974,"8,9",10,"5,5"
177,adult,visitor,mobile,0.2626617426734974,"8,9",11,"5,5"
177,adult,visitor,mobile,0.2626617426734974,"8,9",12,"5,5"
177,adult,visitor,mobile,0.2626617426734974,"8,9",13,"5,5"
177,adult,visitor,mobile,0.2626617426734974,"8,9",14,"5,5"
177,adult,visitor,mobile,0.2626617426734974,"8,9",15,"5,5"
177,adult,visitor,mobile,0.2626617426734974,"8,9",16,"5,5"
177,adult,visitor,mobile,0.2626617426734974,"8,9",17,"3,6"
177,adult,visitor,mobile,0.2626617426734974,"8,9",18,"6,4"
177,adult,visitor,mobile,0.2626617426734974,"8,9",19,"4,7"
177,adult,visitor,mobile,0.2626617426734974,"8,9",20,"4,3"
177,adult,visitor,mobile,0.2626617426734974,"8,9",21,"6,3"
177,adult,visitor,mobile,0.2626617426734974,"8,9",22,"8,9"
177,adult,visitor,mobile,0.2626617426734974,"8,9",23,"8,9"
178,adult,commuter,mobile,0.2950995521960962,"0,0",0,"0,0"
178,adult,commuter,mobile,0.2950995521960962,"0,0",1,"0,0"
178,adult,commuter,mobile,0.2950995521960962,"0,0",2,"0,0"
178,adult,commuter,mobile,0.2950995521960962,"0,0",3,"0,0"
178,adult,commuter,mobile,0.2950995521960962,"0,0",4,"0,0"
178,adult,commuter,mobile,0.2950995521960962,"0,0",5,"0,0"
178,adult,commuter,mobile,0.2950995521960962,"0,0",6,"0,0"
178,adult,commuter,mobile,0.2950995521960962,"0,0",7,"2,6"
178,adult,commuter,mobile,0.2950995521960962,"0,0",8,"2,6"
178,adult,commuter,mobile,0.2950995521960962,"0,0",9,"3,4"
178,adult,commuter,mobile,0.2950995521960962,"0,0",10,"3,4"
178,adult,commuter,mobile,0.2950995521960962,"0,0",11,"3,4"
178,adult,commuter,mobile,0.2950995521960962,"0,0",12,"3,4"
178,adult,commuter,mobile,0.2950995521960962,"0,0",13,"3,4"
178,adult,commuter,mobile,0.2950995521960962,"0,0",14,"3,4"
178,adult,commuter,mobile,0.2950995521960962,"0,0",15,"3,4"
178,adult,commuter,mobile,0.2950995521960962,"0,0",16,"3,4"
178,adult,commuter,mobile,0.2950995521960962,"0,0",17,"1,5"
178,adult,commuter,mobile,0.2950995521960962,"0,0",18,"1,5"
178,adult,commuter,mobile,0.2950995521960962,"0,0",19,"4,5"
178,adult,commuter,mobile,0.2950995521960962,"0,0",20,"3,3"
178,adult,commuter,mobile,0.2950995521960962,"0,0",21,"5,6"
178,adult,commuter,mobile,0.2950995521960962,"0,0",22,"0,0"
178,adult,commuter,mobile,0.2950995521960962,"0,0",23,"0,0"
179,adult,commuter,assisted,0.3774069229558558,"15,3",0,"15,3"
179,adult,commuter,assisted,0.3774069229558558,"15,3",1,"15,3"
179,adult,commuter,assisted,0.3774069229558558,"15,3",2,"15,3"
179,adult,commuter,assisted,0.3774069229558558,"15,3",3,"15,3"
179,adult,commuter,assisted,0.3774069229558558,"15,3",4,"15,3"
179,adult,commuter,assisted,0.3774069229558558,"15,3",5,"15,3"
179,adult,commuter,assisted,0.3774069229558558,"15,3",6,"15,3"
179,adult,commuter,assisted,0.3774069229558558,"15,3",7,"16,4"
179,adult,commuter,assisted,0.3774069229558558,"15,3",8,"15,6"
179,adult,commuter,assisted,0.3774069229558558,"15,3",9,"17,4"
179,adult,commuter,assisted,0.3774069229558558,"15,3",10,"17,4"
179,adult,commuter,assisted,0.3774069229558558,"15,3",11,"17,4"
179,adult,commuter,assisted,0.3774069229558558,"15,3",12,"17,4"
179,adult,commuter,assisted,0.3774069229558558,"15,3",13,"17,4"
179,adult,commuter,assisted,0.3774069229558558,"15,3",14,"17,4"
179,adult,commuter,assisted,0.3774069229558558,"15,3",15,"17,4"
179,adult,commuter,assisted,0.3774069229558558,"15,3",16,"17,4"
179,adult,commuter,assisted,0.3774069229558558,"15,3",17,"19,6"
179,adult,commuter,assisted,0.3774069229558558,"15,3",18,"16,3"
179,adult,commuter,assisted,0.3774069229558558,"15,3",19,"16,4"
179,adult,commuter,assisted,0.3774069229558558,"15,3",20,"18,2"
179,adult,commuter,assisted,0.3774069229558558,"15,3",21,"19,5"
179,adult,commuter,assisted,0.3774069229558558,"15,3",22,"15,3"
179,adult,commuter,assisted,0.3774069229558558,"15,3",23,"15,3"
180,elderly,visitor,mobile,0.7054964868146433,"14,7",0,"14,7"
180,elderly,visitor,mobile,0.7054964868146433,"14,7",1,"14,7"
180,elderly,visitor,mobile,0.7054964868146433,"14,7",2,"14,7"
180,elderly,visitor,mobile,0.7054964868146433,"14,7",3,"14,7"
180,elderly,visitor,mobile,0.7054964868146433,"14,7",4,"14,7"
180,elderly,visitor,mobile,0.7054964868146433,"14,7",5,"14,7"
180,elderly,visitor,mobile,0.7054964868146433,"14,7",6,"14,7"
180,elderly,visitor,mobile,0.7054964868146433,"14,7",7,"17,8"
180,elderly,visitor,mobile,0.7054964868146433,"14,7",8,"16,7"
180,elderly,visitor,mobile,0.7054964868146433,"14,7",9,"16,9"
180,elderly,visitor,mobile,0.7054964868146433,"14,7",10,"16,9"
180,elderly,visitor,mobile,0.7054964868146433,"14,7",11,"16,9"
180,elderly,visitor,mobile,0.7054964868146433,"14,7",12,"16,9"
180,elderly,visitor,mobile,0.7054964868146433,"14,7",13,"16,9"
180,elderly,visitor,mobile,0.7054964868146433,"14,7",14,"16,9"
180,elderly,visitor,mobile,0.7054964868146433,"14,7",15,"16,9"
180,elderly,visitor,mobile,0.7054964868146433,"14,7",16,"16,9"
180,elderly,visitor,mobile,0.7054964868146433,"14,7",17,"18,9"
180,elderly,visitor,mobile,0.7054964868146433,"14,7",18,"18,7"
180,elderly,visitor,mobile,0.7054964868146433,"14,7",19,"16,9"
180,elderly,visitor,mobile,0.7054964868146433,"14,7",20,"18,8"
180,elderly,visitor,mobile,0.7054964868146433,"14,7",21,"18,7"
180,elderly,visitor,mobile,0.7054964868146433,"14,7",22,"14,7"
180,elderly,visitor,mobile,0.7054964868146433,"14,7",23,"14,7"
181,child,student,mobile,0.5168708354178837,"9,7",0,"9,7"
181,child,student,mobile,0.5168708354178837,"9,7",1,"9,7"
181,child,student,mobile,0.5168708354178837,"9,7",2,"9,7"
181,child,student,mobile,0.5168708354178837,"9,7",3,"9,7"
181,child,student,mobile,0.5168708354178837,"9,7",4,"9,7"
181,child,student,mobile,0.5168708354178837,"9,7",5,"9,7"
181,child,student,mobile,0.5168708354178837,"9,7",6,"9,7"
181,child,student,mobile,0.5168708354178837,"9,7",7,"14,0"
181,child,student,mobile,0.5168708354178837,"9,7",8,"14,1"
181,child,student,mobile,0.5168708354178837,"9,7",9,"16,0"
181,child,student,mobile,0.5168708354178837,"9,7",10,"16,0"
181,child,student,mobile,0.5168708354178837,"9,7",11,"16,0"
181,child,student,mobile,0.5168708354178837,"9,7",12,"16,0"
181,child,student,mobile,0.5168708354178837,"9,7",13,"16,0"
181,child,student,mobile,0.5168708354178837,"9,7",14,"16,0"
181,child,student,mobile,0.5168708354178837,"9,7",15,"16,0"
181,child,student,mobile,0.5168708354178837,"9,7",16,"16,0"
181,child,student,mobile,0.5168708354178837,"9,7",17,"15,0"
181,child,student,mobile,0.5168708354178837,"9,7",18,"17,0"
181,child,student,mobile,0.5168708354178837,"9,7",19,"17,2"
181,child,student,mobile,0.5168708354178837,"9,7",20,"16,0"
181,child,student,mobile,0.5168708354178837,"9,7",21,"14,0"
181,child,student,mobile,0.5168708354178837,"9,7",22,"9,7"
181,child,student,mobile,0.5168708354178837,"9,7",23,"9,7"
182,adult,commuter,mobile,0.22452710037794926,"6,2",0,"6,2"
182,adult,commuter,mobile,0.22452710037794926,"6,2",1,"6,2"
182,adult,commuter,mobile,0.22452710037794926,"6,2",2,"6,2"
182,adult,commuter,mobile,0.22452710037794926,"6,2",3,"6,2"
182,adult,commuter,mobile,0.22452710037794926,"6,2",4,"6,2"
182,adult,commuter,mobile,0.22452710037794926,"6,2",5,"6,2"
182,adult,commuter,mobile,0.22452710037794926,"6,2",6,"6,2"
182,adult,commuter,mobile,0.22452710037794926,"6,2",7,"14,7"
182,adult,commuter,mobile,0.22452710037794926,"6,2",8,"12,4"
182,adult,commuter,mobile,0.22452710037794926,"6,2",9,"13,5"
182,adult,commuter,mobile,0.22452710037794926,"6,2",10,"13,5"
182,adult,commuter,mobile,0.22452710037794926,"6,2",11,"13,5"
182,adult,commuter,mobile,0.22452710037794926,"6,2",12,"13,5"
182,adult,commuter,mobile,0.22452710037794926,"6,2",13,"13,5"
182,adult,commuter,mobile,0.22452710037794926,"6,2",14,"13,5"
182,adult,commuter,mobile,0.22452710037794926,"6,2",15,"13,5"
182,adult,commuter,mobile,0.22452710037794926,"6,2",16,"13,5"
182,adult,commuter,mobile,0.22452710037794926,"6,2",17,"14,6"
182,adult,commuter,mobile,0.22452710037794926,"6,2",18,"14,5"
182,adult,commuter,mobile,0.22452710037794926,"6,2",19,"13,6"
182,adult,commuter,mobile,0.22452710037794926,"6,2",20,"11,4"
182,adult,commuter,mobile,0.22452710037794926,"6,2",21,"13,4"
182,adult,commuter,mobile,0.22452710037794926,"6,2",22,"6,2"
182,adult,commuter,mobile,0.22452710037794926,"6,2",23,"6,2"
183,adult,resident,mobile,0.24281444929542967,"18,8",0,"18,8"
183,adult,resident,mobile,0.24281444929542967,"18,8",1,"18,8"
183,adult,resident,mobile,0.24281444929542967,"18,8",2,"18,8"
183,adult,resident,mobile,0.24281444929542967,"18,8",3,"18,8"
183,adult,resident,mobile,0.24281444929542967,"18,8",4,"18,8"
183,adult,resident,mobile,0.24281444929542967,"18,8",5,"18,8"
183,adult,resident,mobile,0.24281444929542967,"18,8",6,"18,8"
183,adult,resident,mobile,0.24281444929542967,"18,8",7,"18,6"
183,adult,resident,mobile,0.24281444929542967,"18,8",8,"18,3"
183,adult,resident,mobile,0.24281444929542967,"18,8",9,"18,5"
183,adult,resident,mobile,0.24281444929542967,"18,8",10,"18,5"
183,adult,resident,mobile,0.24281444929542967,"18,8",11,"18,5"
183,adult,resident,mobile,0.24281444929542967,"18,8",12,"18,5"
183,adult,resident,mobile,0.24281444929542967,"18,8",13,"18,5"
183,adult,resident,mobile,0.24281444929542967,"18,8",14,"18,5"
183,adult,resident,mobile,0.24281444929542967,"18,8",15,"18,5"
183,adult,resident,mobile,0.24281444929542967,"18,8",16,"18,5"
183,adult,resident,mobile,0.24281444929542967,"18,8",17,"18,6"
183,adult,resident,mobile,0.24281444929542967,"18,8",18,"19,4"
183,adult,resident,mobile,0.24281444929542967,"18,8",19,"18,7"
183,adult,resident,mobile,0.24281444929542967,"18,8",20,"16,4"
183,adult,resident,mobile,0.24281444929542967,"18,8",21,"16,3"
183,adult,resident,mobile,0.24281444929542967,"18,8",22,"18,8"
183,adult,resident,mobile,0.24281444929542967,"18,8",23,"18,8"
184,adult,visitor,mobile,0.20656651882118987,"17,2",0,"17,2"
184,adult,visitor,mobile,0.20656651882118987,"17,2",1,"17,2"
184,adult,visitor,mobile,0.20656651882118987,"17,2",2,"17,2"
184,adult,visitor,mobile,0.20656651882118987,"17,2",3,"17,2"
184,adult,visitor,mobile,0.20656651882118987,"17,2",4,"17,2"
184,adult,visitor,mobile,0.20656651882118987,"17,2",5,"17,2"
184,adult,visitor,mobile,0.20656651882118987,"17,2",6,"17,2"
184,adult,visitor,mobile,0.20656651882118987,"17,2",7,"19,3"
184,adult,visitor,mobile,0.20656651882118987,"17,2",8,"19,4"
184,adult,visitor,mobile,0.20656651882118987,"17,2",9,"19,5"
184,adult,visitor,mobile,0.20656651882118987,"17,2",10,"19,5"
184,adult,visitor,mobile,0.20656651882118987,"17,2",11,"19,5"
184,adult,visitor,mobile,0.20656651882118987,"17,2",12,"19,5"
184,adult,visitor,mobile,0.20656651882118987,"17,2",13,"19,5"
184,adult,visitor,mobile,0.20656651882118987,"17,2",14,"19,5"
184,adult,visitor,mobile,0.20656651882118987,"17,2",15,"19,5"
184,adult,visitor,mobile,0.20656651882118987,"17,2",16,"19,5"
184,adult,visitor,mobile,0.20656651882118987,"17,2",17,"19,3"
184,adult,visitor,mobile,0.20656651882118987,"17,2",18,"17,6"
184,adult,visitor,mobile,0.20656651882118987,"17,2",19,"19,7"
184,adult,visitor,mobile,0.20656651882118987,"17,2",20,"17,6"
184,adult,visitor,mobile,0.20656651882118987,"17,2",21,"17,6"
184,adult,visitor,mobile,0.20656651882118987,"17,2",22,"17,2"
184,adult,visitor,mobile,0.20656651882118987,"17,2",23,"17,2"
185,elderly,resident,assisted,0.895735664587469,"6,7",0,"6,7"
185,elderly,resident,assisted,0.895735664587469,"6,7",1,"6,7"
185,elderly,resident,assisted,0.895735664587469,"6,7",2,"6,7"
185,elderly,resident,assisted,0.895735664587469,"6,7",3,"6,7"
185,elderly,resident,assisted,0.895735664587469,"6,7",4,"6,7"
185,elderly,resident,assisted,0.895735664587469,"6,7",5,"6,7"
185,elderly,resident,assisted,0.895735664587469,"6,7",6,"6,7"
185,elderly,resident,assisted,0.895735664587469,"6,7",7,"12,0"
185,elderly,resident,assisted,0.895735664587469,"6,7",8,"12,0"
185,elderly,resident,assisted,0.895735664587469,"6,7",9,"12,0"
185,elderly,resident,assisted,0.895735664587469,"6,7",10,"12,0"
185,elderly,resident,assisted,0.895735664587469,"6,7",11,"12,0"
185,elderly,resident,assisted,0.895735664587469,"6,7",12,"12,0"
185,elderly,resident,assisted,0.895735664587469,"6,7",13,"12,0"
185,elderly,resident,assisted,0.895735664587469,"6,7",14,"12,0"
185,elderly,resident,assisted,0.895735664587469,"6,7",15,"12,0"
185,elderly,resident,assisted,0.895735664587469,"6,7",16,"12,0"
185,elderly,resident,assisted,0.895735664587469,"6,7",17,"12,0"
185,elderly,resident,assisted,0.895735664587469,"6,7",18,"11,0"
185,elderly,resident,assisted,0.895735664587469,"6,7",19,"11,0"
185,elderly,resident,assisted,0.895735664587469,"6,7",20,"12,0"
185,elderly,resident,assisted,0.895735664587469,"6,7",21,"10,0"
185,elderly,resident,assisted,0.895735664587469,"6,7",22,"6,7"
185,elderly,resident,assisted,0.895735664587469,"6,7",23,"6,7"
186,adult,worker,mobile,0.26608149821206883,"18,4",0,"18,4"
186,adult,worker,mobile,0.26608149821206883,"18,4",1,"18,4"
186,adult,worker,mobile,0.26608149821206883,"18,4",2,"18,4"
186,adult,worker,mobile,0.26608149821206883,"18,4",3,"18,4"
186,adult,worker,mobile,0.26608149821206883,"18,4",4,"18,4"
186,adult,worker,mobile,0.26608149821206883,"18,4",5,"18,4"
186,adult,worker,mobile,0.26608149821206883,"18,4",6,"18,4"
186,adult,worker,mobile,0.26608149821206883,"18,4",7,"12,2"
186,adult,worker,mobile,0.26608149821206883,"18,4",8,"10,0"
186,adult,worker,mobile,0.26608149821206883,"18,4",9,"12,0"
186,adult,worker,mobile,0.26608149821206883,"18,4",10,"12,0"
186,adult,worker,mobile,0.26608149821206883,"18,4",11,"12,0"
186,adult,worker,mobile,0.26608149821206883,"18,4",12,"12,0"
186,adult,worker,mobile,0.26608149821206883,"18,4",13,"12,0"
186,adult,worker,mobile,0.26608149821206883,"18,4",14,"12,0"
186,adult,worker,mobile,0.26608149821206883,"18,4",15,"12,0"
186,adult,worker,mobile,0.26608149821206883,"18,4",16,"12,0"
186,adult,worker,mobile,0.26608149821206883,"18,4",17,"13,0"
186,adult,worker,mobile,0.26608149821206883,"18,4",18,"12,0"
186,adult,worker,mobile,0.26608149821206883,"18,4",19,"12,1"
186,adult,worker,mobile,0.26608149821206883,"18,4",20,"10,0"
186,adult,worker,mobile,0.26608149821206883,"18,4",21,"13,0"
186,adult,worker,mobile,0.26608149821206883,"18,4",22,"18,4"
186,adult,worker,mobile,0.26608149821206883,"18,4",23,"18,4"
187,adult,visitor,mobile,0.22885027121419005,"5,9",0,"5,9"
187,adult,visitor,mobile,0.22885027121419005,"5,9",1,"5,9"
187,adult,visitor,mobile,0.22885027121419005,"5,9",2,"5,9"
187,adult,visitor,mobile,0.22885027121419005,"5,9",3,"5,9"
187,adult,visitor,mobile,0.22885027121419005,"5,9",4,"5,9"
187,adult,visitor,mobile,0.22885027121419005,"5,9",5,"5,9"
187,adult,visitor,mobile,0.22885027121419005,"5,9",6,"5,9"
187,adult,visitor,mobile,0.22885027121419005,"5,9",7,"4,0"
187,adult,visitor,mobile,0.22885027121419005,"5,9",8,"0,3"
187,adult,visitor,mobile,0.22885027121419005,"5,9",9,"2,2"
187,adult,visitor,mobile,0.22885027121419005,"5,9",10,"2,2"
187,adult,visitor,mobile,0.22885027121419005,"5,9",11,"2,2"
187,adult,visitor,mobile,0.22885027121419005,"5,9",12,"2,2"
187,adult,visitor,mobile,0.22885027121419005,"5,9",13,"2,2"
187,adult,visitor,mobile,0.22885027121419005,"5,9",14,"2,2"
187,adult,visitor,mobile,0.22885027121419005,"5,9",15,"2,2"
187,adult,visitor,mobile,0.22885027121419005,"5,9",16,"2,2"
187,adult,visitor,mobile,0.22885027121419005,"5,9",17,"2,4"
187,adult,visitor,mobile,0.22885027121419005,"5,9",18,"2,0"
187,adult,visitor,mobile,0.22885027121419005,"5,9",19,"3,0"
187,adult,visitor,mobile,0.22885027121419005,"5,9",20,"0,3"
187,adult,visitor,mobile,0.22885027121419005,"5,9",21,"2,2"
187,adult,visitor,mobile,0.22885027121419005,"5,9",22,"5,9"
187,adult,visitor,mobile,0.22885027121419005,"5,9",23,"5,9"
188,adult,worker,mobile,0.25818280463696514,"13,2",0,"13,2"
188,adult,worker,mobile,0.25818280463696514,"13,2",1,"13,2"
188,adult,worker,mobile,0.25818280463696514,"13,2",2,"13,2"
188,adult,worker,mobile,0.25818280463696514,"13,2",3,"13,2"
188,adult,worker,mobile,0.25818280463696514,"13,2",4,"13,2"
188,adult,worker,mobile,0.25818280463696514,"13,2",5,"13,2"
188,adult,worker,mobile,0.25818280463696514,"13,2",6,"13,2"
188,adult,worker,mobile,0.25818280463696514,"13,2",7,"11,4"
188,adult,worker,mobile,0.25818280463696514,"13,2",8,"11,2"
188,adult,worker,mobile,0.25818280463696514,"13,2",9,"9,3"
188,adult,worker,mobile,0.25818280463696514,"13,2",10,"9,3"
188,adult,worker,mobile,0.25818280463696514,"13,2",11,"9,3"
188,adult,worker,mobile,0.25818280463696514,"13,2",12,"9,3"
188,adult,worker,mobile,0.25818280463696514,"13,2",13,"9,3"
188,adult,worker,mobile,0.25818280463696514,"13,2",14,"9,3"
188,adult,worker,mobile,0.25818280463696514,"13,2",15,"9,3"
188,adult,worker,mobile,0.25818280463696514,"13,2",16,"9,3"
188,adult,worker,mobile,0.25818280463696514,"13,2",17,"7,1"
188,adult,worker,mobile,0.25818280463696514,"13,2",18,"11,4"
188,adult,worker,mobile,0.25818280463696514,"13,2",19,"11,4"
188,adult,worker,mobile,0.25818280463696514,"13,2",20,"8,1"
188,adult,worker,mobile,0.25818280463696514,"13,2",21,"8,4"
188,adult,worker,mobile,0.25818280463696514,"13,2",22,"13,2"
188,adult,worker,mobile,0.25818280463696514,"13,2",23,"13,2"
189,adult,worker,mobile,0.25124888164635667,"12,7",0,"12,7"
189,adult,worker,mobile,0.25124888164635667,"12,7",1,"12,7"
189,adult,worker,mobile,0.25124888164635667,"12,7",2,"12,7"
189,adult,worker,mobile,0.25124888164635667,"12,7",3,"12,7"
189,adult,worker,mobile,0.25124888164635667,"12,7",4,"12,7"
189,adult,worker,mobile,0.25124888164635667,"12,7",5,"12,7"
189,adult,worker,mobile,0.25124888164635667,"12,7",6,"12,7"
189,adult,worker,mobile,0.25124888164635667,"12,7",7,"2,8"
189,adult,worker,mobile,0.25124888164635667,"12,7",8,"3,7"
189,adult,worker,mobile,0.25124888164635667,"12,7",9,"3,9"
189,adult,worker,mobile,0.25124888164635667,"12,7",10,"3,9"
189,adult,worker,mobile,0.25124888164635667,"12,7",11,"3,9"
189,adult,worker,mobile,0.25124888164635667,"12,7",12,"3,9"
189,adult,worker,mobile,0.25124888164635667,"12,7",13,"3,9"
189,adult,worker,mobile,0.25124888164635667,"12,7",14,"3,9"
189,adult,worker,mobile,0.25124888164635667,"12,7",15,"3,9"
189,adult,worker,mobile,0.25124888164635667,"12,7",16,"3,9"
189,adult,worker,mobile,0.25124888164635667,"12,7",17,"1,8"
189,adult,worker,mobile,0.25124888164635667,"12,7",18,"2,9"
189,adult,worker,mobile,0.25124888164635667,"12,7",19,"4,8"
189,adult,worker,mobile,0.25124888164635667,"12,7",20,"5,7"
189,adult,worker,mobile,0.25124888164635667,"12,7",21,"2,8"
189,adult,worker,mobile,0.25124888164635667,"12,7",22,"12,7"
189,adult,worker,mobile,0.25124888164635667,"12,7",23,"12,7"
190,elderly,resident,mobile,0.7388637748744878,"15,1",0,"15,1"
190,elderly,resident,mobile,0.7388637748744878,"15,1",1,"15,1"
190,elderly,resident,mobile,0.7388637748744878,"15,1",2,"15,1"
190,elderly,resident,mobile,0.7388637748744878,"15,1",3,"15,1"
190,elderly,resident,mobile,0.7388637748744878,"15,1",4,"15,1"
190,elderly,resident,mobile,0.7388637748744878,"15,1",5,"15,1"
190,elderly,resident,mobile,0.7388637748744878,"15,1",6,"15,1"
190,elderly,resident,mobile,0.7388637748744878,"15,1",7,"5,7"
190,elderly,resident,mobile,0.7388637748744878,"15,1",8,"4,8"
190,elderly,resident,mobile,0.7388637748744878,"15,1",9,"4,8"
190,elderly,resident,mobile,0.7388637748744878,"15,1",10,"4,8"
190,elderly,resident,mobile,0.7388637748744878,"15,1",11,"4,8"
190,elderly,resident,mobile,0.7388637748744878,"15,1",12,"4,8"
190,elderly,resident,mobile,0.7388637748744878,"15,1",13,"4,8"
190,elderly,resident,mobile,0.7388637748744878,"15,1",14,"4,8"
190,elderly,resident,mobile,0.7388637748744878,"15,1",15,"4,8"
190,elderly,resident,mobile,0.7388637748744878,"15,1",16,"4,8"
190,elderly,resident,mobile,0.7388637748744878,"15,1",17,"6,7"
190,elderly,resident,mobile,0.7388637748744878,"15,1",18,"4,6"
190,elderly,resident,mobile,0.7388637748744878,"15,1",19,"2,6"
190,elderly,resident,mobile,0.7388637748744878,"15,1",20,"4,9"
190,elderly,resident,mobile,0.7388637748744878,"15,1",21,"4,9"
190,elderly,resident,mobile,0.7388637748744878,"15,1",22,"15,1"
190,elderly,resident,mobile,0.7388637748744878,"15,1",23,"15,1"
191,adult,worker,mobile,0.24355609940976028,"19,2",0,"19,2"
191,adult,worker,mobile,0.24355609940976028,"19,2",1,"19,2"
191,adult,worker,mobile,0.24355609940976028,"19,2",2,"19,2"
191,adult,worker,mobile,0.24355609940976028,"19,2",3,"19,2"
191,adult,worker,mobile,0.24355609940976028,"19,2",4,"19,2"
191,adult,worker,mobile,0.24355609940976028,"19,2",5,"19,2"
191,adult,worker,mobile,0.24355609940976028,"19,2",6,"19,2"
191,adult,worker,mobile,0.24355609940976028,"19,2",7,"3,7"
191,adult,worker,mobile,0.24355609940976028,"19,2",8,"7,3"
191,adult,worker,mobile,0.24355609940976028,"19,2",9,"5,5"
191,adult,worker,mobile,0.24355609940976028,"19,2",10,"5,5"
191,adult,worker,mobile,0.24355609940976028,"19,2",11,"5,5"
191,adult,worker,mobile,0.24355609940976028,"19,2",12,"5,5"
191,adult,worker,mobile,0.24355609940976028,"19,2",13,"5,5"
191,adult,worker,mobile,0.24355609940976028,"19,2",14,"5,5"
191,adult,worker,mobile,0.24355609940976028,"19,2",15,"5,5"
191,adult,worker,mobile,0.24355609940976028,"19,2",16,"5,5"
191,adult,worker,mobile,0.24355609940976028,"19,2",17,"6,7"
191,adult,worker,mobile,0.24355609940976028,"19,2",18,"4,5"
191,adult,worker,mobile,0.24355609940976028,"19,2",19,"6,7"
191,adult,worker,mobile,0.24355609940976028,"19,2",20,"3,7"
191,adult,worker,mobile,0.24355609940976028,"19,2",21,"7,3"
191,adult,worker,mobile,0.24355609940976028,"19,2",22,"19,2"
191,adult,worker,mobile,0.24355609940976028,"19,2",23,"19,2"
192,adult,worker,mobile,0.2622858672661557,"12,4",0,"12,4"
192,adult,worker,mobile,0.2622858672661557,"12,4",1,"12,4"
192,adult,worker,mobile,0.2622858672661557,"12,4",2,"12,4"
192,adult,worker,mobile,0.2622858672661557,"12,4",3,"12,4"
192,adult,worker,mobile,0.2622858672661557,"12,4",4,"12,4"
192,adult,worker,mobile,0.2622858672661557,"12,4",5,"12,4"
192,adult,worker,mobile,0.2622858672661557,"12,4",6,"12,4"
192,adult,worker,mobile,0.2622858672661557,"12,4",7,"1,7"
192,adult,worker,mobile,0.2622858672661557,"12,4",8,"2,4"
192,adult,worker,mobile,0.2622858672661557,"12,4",9,"1,6"
192,adult,worker,mobile,0.2622858672661557,"12,4",10,"1,6"
192,adult,worker,mobile,0.2622858672661557,"12,4",11,"1,6"
192,adult,worker,mobile,0.2622858672661557,"12,4",12,"1,6"
192,adult,worker,mobile,0.2622858672661557,"12,4",13,"1,6"
192,adult,worker,mobile,0.2622858672661557,"12,4",14,"1,6"
192,adult,worker,mobile,0.2622858672661557,"12,4",15,"1,6"
192,adult,worker,mobile,0.2622858672661557,"12,4",16,"1,6"
192,adult,worker,mobile,0.2622858672661557,"12,4",17,"1,6"
192,adult,worker,mobile,0.2622858672661557,"12,4",18,"3,5"
192,adult,worker,mobile,0.2622858672661557,"12,4",19,"0,6"
192,adult,worker,mobile,0.2622858672661557,"12,4",20,"0,7"
192,adult,worker,mobile,0.2622858672661557,"12,4",21,"3,4"
192,adult,worker,mobile,0.2622858672661557,"12,4",22,"12,4"
192,adult,worker,mobile,0.2622858672661557,"12,4",23,"12,4"
193,adult,commuter,mobile,0.3114225338599181,"16,3",0,"16,3"
193,adult,commuter,mobile,0.3114225338599181,"16,3",1,"16,3"
193,adult,commuter,mobile,0.3114225338599181,"16,3",2,"16,3"
193,adult,commuter,mobile,0.3114225338599181,"16,3",3,"16,3"
193,adult,commuter,mobile,0.3114225338599181,"16,3",4,"16,3"
193,adult,commuter,mobile,0.3114225338599181,"16,3",5,"16,3"
193,adult,commuter,mobile,0.3114225338599181,"16,3",6,"16,3"
193,adult,commuter,mobile,0.3114225338599181,"16,3",7,"0,5"
193,adult,commuter,mobile,0.3114225338599181,"16,3",8,"0,7"
193,adult,commuter,mobile,0.3114225338599181,"16,3",9,"1,7"
193,adult,commuter,mobile,0.3114225338599181,"16,3",10,"1,7"
193,adult,commuter,mobile,0.3114225338599181,"16,3",11,"1,7"
193,adult,commuter,mobile,0.3114225338599181,"16,3",12,"1,7"
193,adult,commuter,mobile,0.3114225338599181,"16,3",13,"1,7"
193,adult,commuter,mobile,0.3114225338599181,"16,3",14,"1,7"
193,adult,commuter,mobile,0.3114225338599181,"16,3",15,"1,7"
193,adult,commuter,mobile,0.3114225338599181,"16,3",16,"1,7"
193,adult,commuter,mobile,0.3114225338599181,"16,3",17,"2,5"
193,adult,commuter,mobile,0.3114225338599181,"16,3",18,"1,9"
193,adult,commuter,mobile,0.3114225338599181,"16,3",19,"2,8"
193,adult,commuter,mobile,0.3114225338599181,"16,3",20,"0,6"
193,adult,commuter,mobile,0.3114225338599181,"16,3",21,"0,6"
193,adult,commuter,mobile,0.3114225338599181,"16,3",22,"16,3"
193,adult,commuter,mobile,0.3114225338599181,"16,3",23,"16,3"
194,child,visitor,assisted,0.7432938913438611,"19,2",0,"19,2"
194,child,visitor,assisted,0.7432938913438611,"19,2",1,"19,2"
194,child,visitor,assisted,0.7432938913438611,"19,2",2,"19,2"
194,child,visitor,assisted,0.7432938913438611,"19,2",3,"19,2"
194,child,visitor,assisted,0.7432938913438611,"19,2",4,"19,2"
194,child,visitor,assisted,0.7432938913438611,"19,2",5,"19,2"
194,child,visitor,assisted,0.7432938913438611,"19,2",6,"19,2"
194,child,visitor,assisted,0.7432938913438611,"19,2",7,"7,5"
194,child,visitor,assisted,0.7432938913438611,"19,2",8,"8,4"
194,child,visitor,assisted,0.7432938913438611,"19,2",9,"7,4"
194,child,visitor,assisted,0.7432938913438611,"19,2",10,"7,4"
194,child,visitor,assisted,0.7432938913438611,"19,2",11,"7,4"
194,child,visitor,assisted,0.7432938913438611,"19,2",12,"7,4"
194,child,visitor,assisted,0.7432938913438611,"19,2",13,"7,4"
194,child,visitor,assisted,0.7432938913438611,"19,2",14,"7,4"
194,child,visitor,assisted,0.7432938913438611,"19,2",15,"7,4"
194,child,visitor,assisted,0.7432938913438611,"19,2",16,"7,4"
194,child,visitor,assisted,0.7432938913438611,"19,2",17,"9,2"
194,child,visitor,assisted,0.7432938913438611,"19,2",18,"6,4"
194,child,visitor,assisted,0.7432938913438611,"19,2",19,"9,2"
194,child,visitor,assisted,0.7432938913438611,"19,2",20,"7,3"
194,child,visitor,assisted,0.7432938913438611,"19,2",21,"9,6"
194,child,visitor,assisted,0.7432938913438611,"19,2",22,"19,2"
194,child,visitor,assisted,0.7432938913438611,"19,2",23,"19,2"
195,adult,visitor,mobile,0.26317722516719005,"19,2",0,"19,2"
195,adult,visitor,mobile,0.26317722516719005,"19,2",1,"19,2"
195,adult,visitor,mobile,0.26317722516719005,"19,2",2,"19,2"
195,adult,visitor,mobile,0.26317722516719005,"19,2",3,"19,2"
195,adult,visitor,mobile,0.26317722516719005,"19,2",4,"19,2"
195,adult,visitor,mobile,0.26317722516719005,"19,2",5,"19,2"
195,adult,visitor,mobile,0.26317722516719005,"19,2",6,"19,2"
195,adult,visitor,mobile,0.26317722516719005,"19,2",7,"7,5"
195,adult,visitor,mobile,0.26317722516719005,"19,2",8,"8,5"
195,adult,visitor,mobile,0.26317722516719005,"19,2",9,"7,7"
195,adult,visitor,mobile,0.26317722516719005,"19,2",10,"7,7"
195,adult,visitor,mobile,0.26317722516719005,"19,2",11,"7,7"
195,adult,visitor,mobile,0.26317722516719005,"19,2",12,"7,7"
195,adult,visitor,mobile,0.26317722516719005,"19,2",13,"7,7"
195,adult,visitor,mobile,0.26317722516719005,"19,2",14,"7,7"
195,adult,visitor,mobile,0.26317722516719005,"19,2",15,"7,7"
195,adult,visitor,mobile,0.26317722516719005,"19,2",16,"7,7"
195,adult,visitor,mobile,0.26317722516719005,"19,2",17,"5,6"
195,adult,visitor,mobile,0.26317722516719005,"19,2",18,"9,5"
195,adult,visitor,mobile,0.26317722516719005,"19,2",19,"9,8"
195,adult,visitor,mobile,0.26317722516719005,"19,2",20,"8,6"
195,adult,visitor,mobile,0.26317722516719005,"19,2",21,"5,5"
195,adult,visitor,mobile,0.26317722516719005,"19,2",22,"19,2"
195,adult,visitor,mobile,0.26317722516719005,"19,2",23,"19,2"
196,adult,student,mobile,0.2246770526955429,"1,6",0,"1,6"
196,adult,student,mobile,0.2246770526955429,"1,6",1,"1,6"
196,adult,student,mobile,0.2246770526955429,"1,6",2,"1,6"
196,adult,student,mobile,0.2246770526955429,"1,6",3,"1,6"
196,adult,student,mobile,0.2246770526955429,"1,6",4,"1,6"
196,adult,student,mobile,0.2246770526955429,"1,6",5,"1,6"
196,adult,student,mobile,0.2246770526955429,"1,6",6,"1,6"
196,adult,student,mobile,0.2246770526955429,"1,6",7,"9,8"
196,adult,student,mobile,0.2246770526955429,"1,6",8,"10,5"
196,adult,student,mobile,0.2246770526955429,"1,6",9,"10,7"
196,adult,student,mobile,0.2246770526955429,"1,6",10,"10,7"
196,adult,student,mobile,0.2246770526955429,"1,6",11,"10,7"
196,adult,student,mobile,0.2246770526955429,"1,6",12,"10,7"
196,adult,student,mobile,0.2246770526955429,"1,6",13,"10,7"
196,adult,student,mobile,0.2246770526955429,"1,6",14,"10,7"
196,adult,student,mobile,0.2246770526955429,"1,6",15,"10,7"
196,adult,student,mobile,0.2246770526955429,"1,6",16,"10,7"
196,adult,student,mobile,0.2246770526955429,"1,6",17,"8,6"
196,adult,student,mobile,0.2246770526955429,"1,6",18,"9,8"
196,adult,student,mobile,0.2246770526955429,"1,6",19,"12,6"
196,adult,student,mobile,0.2246770526955429,"1,6",20,"11,9"
196,adult,student,mobile,0.2246770526955429,"1,6",21,"9,5"
196,adult,student,mobile,0.2246770526955429,"1,6",22,"1,6"
196,adult,student,mobile,0.2246770526955429,"1,6",23,"1,6"
197,child,student,mobile,0.5584044178321356,"5,8",0,"5,8"
197,child,student,mobile,0.5584044178321356,"5,8",1,"5,8"
197,child,student,mobile,0.5584044178321356,"5,8",2,"5,8"
197,child,student,mobile,0.5584044178321356,"5,8",3,"5,8"
197,child,student,mobile,0.5584044178321356,"5,8",4,"5,8"
197,child,student,mobile,0.5584044178321356,"5,8",5,"5,8"
197,child,student,mobile,0.5584044178321356,"5,8",6,"5,8"
197,child,student,mobile,0.5584044178321356,"5,8",7,"9,7"
197,child,student,mobile,0.5584044178321356,"5,8",8,"9,9"
197,child,student,mobile,0.5584044178321356,"5,8",9,"10,9"
197,child,student,mobile,0.5584044178321356,"5,8",10,"10,9"
197,child,student,mobile,0.5584044178321356,"5,8",11,"10,9"
197,child,student,mobile,0.5584044178321356,"5,8",12,"10,9"
197,child,student,mobile,0.5584044178321356,"5,8",13,"10,9"
197,child,student,mobile,0.5584044178321356,"5,8",14,"10,9"
197,child,student,mobile,0.5584044178321356,"5,8",15,"10,9"
197,child,student,mobile,0.5584044178321356,"5,8",16,"10,9"
197,child,student,mobile,0.5584044178321356,"5,8",17,"11,9"
197,child,student,mobile,0.5584044178321356,"5,8",18,"9,7"
197,child,student,mobile,0.5584044178321356,"5,8",19,"9,9"
197,child,student,mobile,0.5584044178321356,"5,8",20,"10,7"
197,child,student,mobile,0.5584044178321356,"5,8",21,"11,8"
197,child,student,mobile,0.5584044178321356,"5,8",22,"5,8"
197,child,student,mobile,0.5584044178321356,"5,8",23,"5,8"
198,adult,worker,mobile,0.2514953170246483,"6,5",0,"6,5"
198,adult,worker,mobile,0.2514953170246483,"6,5",1,"6,5"
198,adult,worker,mobile,0.2514953170246483,"6,5",2,"6,5"
198,adult,worker,mobile,0.2514953170246483,"6,5",3,"6,5"
198,adult,worker,mobile,0.2514953170246483,"6,5",4,"6,5"
198,adult,worker,mobile,0.2514953170246483,"6,5",5,"6,5"
198,adult,worker,mobile,0.2514953170246483,"6,5",6,"6,5"
198,adult,worker,mobile,0.2514953170246483,"6,5",7,"8,4"
198,adult,worker,mobile,0.2514953170246483,"6,5",8,"10,6"
198,adult,worker,mobile,0.2514953170246483,"6,5",9,"9,4"
198,adult,worker,mobile,0.2514953170246483,"6,5",10,"9,4"
198,adult,worker,mobile,0.2514953170246483,"6,5",11,"9,4"
198,adult,worker,mobile,0.2514953170246483,"6,5",12,"9,4"
198,adult,worker,mobile,0.2514953170246483,"6,5",13,"9,4"
198,adult,worker,mobile,0.2514953170246483,"6,5",14,"9,4"
198,adult,worker,mobile,0.2514953170246483,"6,5",15,"9,4"
198,adult,worker,mobile,0.2514953170246483,"6,5",16,"9,4"
198,adult,worker,mobile,0.2514953170246483,"6,5",17,"8,6"
198,adult,worker,mobile,0.2514953170246483,"6,5",18,"9,2"
198,adult,worker,mobile,0.2514953170246483,"6,5",19,"7,5"
198,adult,worker,mobile,0.2514953170246483,"6,5",20,"11,5"
198,adult,worker,mobile,0.2514953170246483,"6,5",21,"7,6"
198,adult,worker,mobile,0.2514953170246483,"6,5",22,"6,5"
198,adult,worker,mobile,0.2514953170246483,"6,5",23,"6,5"
199,adult,student,mobile,0.2899733601941726,"2,5",0,"2,5"
199,adult,student,mobile,0.2899733601941726,"2,5",1,"2,5"
199,adult,student,mobile,0.2899733601941726,"2,5",2,"2,5"
199,adult,student,mobile,0.2899733601941726,"2,5",3,"2,5"
199,adult,student,mobile,0.2899733601941726,"2,5",4,"2,5"
199,adult,student,mobile,0.2899733601941726,"2,5",5,"2,5"
199,adult,student,mobile,0.2899733601941726,"2,5",6,"2,5"
199,adult,student,mobile,0.2899733601941726,"2,5",7,"14,5"
199,adult,student,mobile,0.2899733601941726,"2,5",8,"14,4"
199,adult,student,mobile,0.2899733601941726,"2,5",9,"16,4"
199,adult,student,mobile,0.2899733601941726,"2,5",10,"16,4"
199,adult,student,mobile,0.2899733601941726,"2,5",11,"16,4"
199,adult,student,mobile,0.2899733601941726,"2,5",12,"16,4"
199,adult,student,mobile,0.2899733601941726,"2,5",13,"16,4"
199,adult,student,mobile,0.2899733601941726,"2,5",14,"16,4"
199,adult,student,mobile,0.2899733601941726,"2,5",15,"16,4"
199,adult,student,mobile,0.2899733601941726,"2,5",16,"16,4"
199,adult,student,mobile,0.2899733601941726,"2,5",17,"17,6"
199,adult,student,mobile,0.2899733601941726,"2,5",18,"14,4"
199,adult,student,mobile,0.2899733601941726,"2,5",19,"16,2"
199,adult,student,mobile,0.2899733601941726,"2,5",20,"18,2"
199,adult,student,mobile,0.2899733601941726,"2,5",21,"14,4"
199,adult,student,mobile,0.2899733601941726,"2,5",22,"2,5"
199,adult,student,mobile,0.2899733601941726,"2,5",23,"2,5"
200,adult,resident,mobile,0.25622285847923476,"12,3",0,"12,3"
200,adult,resident,mobile,0.25622285847923476,"12,3",1,"12,3"
200,adult,resident,mobile,0.25622285847923476,"12,3",2,"12,3"
200,adult,resident,mobile,0.25622285847923476,"12,3",3,"12,3"
200,adult,resident,mobile,0.25622285847923476,"12,3",4,"12,3"
200,adult,resident,mobile,0.25622285847923476,"12,3",5,"12,3"
200,adult,resident,mobile,0.25622285847923476,"12,3",6,"12,3"
200,adult,resident,mobile,0.25622285847923476,"12,3",7,"10,6"
200,adult,resident,mobile,0.25622285847923476,"12,3",8,"8,6"
200,adult,resident,mobile,0.25622285847923476,"12,3",9,"8,5"
200,adult,resident,mobile,0.25622285847923476,"12,3",10,"8,5"
200,adult,resident,mobile,0.25622285847923476,"12,3",11,"8,5"
200,adult,resident,mobile,0.25622285847923476,"12,3",12,"8,5"
200,adult,resident,mobile,0.25622285847923476,"12,3",13,"8,5"
200,adult,resident,mobile,0.25622285847923476,"12,3",14,"8,5"
200,adult,resident,mobile,0.25622285847923476,"12,3",15,"8,5"
200,adult,resident,mobile,0.25622285847923476,"12,3",16,"8,5"
200,adult,resident,mobile,0.25622285847923476,"12,3",17,"8,6"
200,adult,resident,mobile,0.25622285847923476,"12,3",18,"8,4"
200,adult,resident,mobile,0.25622285847923476,"12,3",19,"6,5"
200,adult,resident,mobile,0.25622285847923476,"12,3",20,"10,4"
200,adult,resident,mobile,0.25622285847923476,"12,3",21,"9,3"
200,adult,resident,mobile,0.25622285847923476,"12,3",22,"12,3"
200,adult,resident,mobile,0.25622285847923476,"12,3",23,"12,3"
201,adult,visitor,assisted,0.4521031631709903,"10,2",0,"10,2"
201,adult,visitor,assisted,0.4521031631709903,"10,2",1,"10,2"
201,adult,visitor,assisted,0.4521031631709903,"10,2",2,"10,2"
201,adult,visitor,assisted,0.4521031631709903,"10,2",3,"10,2"
201,adult,visitor,assisted,0.4521031631709903,"10,2",4,"10,2"
201,adult,visitor,assisted,0.4521031631709903,"10,2",5,"10,2"
201,adult,visitor,assisted,0.4521031631709903,"10,2",6,"10,2"
201,adult,visitor,assisted,0.4521031631709903,"10,2",7,"17,0"
201,adult,visitor,assisted,0.4521031631709903,"10,2",8,"18,0"
201,adult,visitor,assisted,0.4521031631709903,"10,2",9,"17,0"
201,adult,visitor,assisted,0.4521031631709903,"10,2",10,"17,0"
201,adult,visitor,assisted,0.4521031631709903,"10,2",11,"17,0"
201,adult,visitor,assisted,0.4521031631709903,"10,2",12,"17,0"
201,adult,visitor,assisted,0.4521031631709903,"10,2",13,"17,0"
201,adult,visitor,assisted,0.4521031631709903,"10,2",14,"17,0"
201,adult,visitor,assisted,0.4521031631709903,"10,2",15,"17,0"
201,adult,visitor,assisted,0.4521031631709903,"10,2",16,"17,0"
201,adult,visitor,assisted,0.4521031631709903,"10,2",17,"18,0"
201,adult,visitor,assisted,0.4521031631709903,"10,2",18,"16,0"
201,adult,visitor,assisted,0.4521031631709903,"10,2",19,"19,0"
201,adult,visitor,assisted,0.4521031631709903,"10,2",20,"19,0"
201,adult,visitor,assisted,0.4521031631709903,"10,2",21,"17,0"
201,adult,visitor,assisted,0.4521031631709903,"10,2",22,"10,2"
201,adult,visitor,assisted,0.4521031631709903,"10,2",23,"10,2"
202,adult,worker,mobile,0.1634121024151908,"17,7",0,"17,7"
202,adult,worker,mobile,0.1634121024151908,"17,7",1,"17,7"
202,adult,worker,mobile,0.1634121024151908,"17,7",2,"17,7"
202,adult,worker,mobile,0.1634121024151908,"17,7",3,"17,7"
202,adult,worker,mobile,0.1634121024151908,"17,7",4,"17,7"
202,adult,worker,mobile,0.1634121024151908,"17,7",5,"17,7"
202,adult,worker,mobile,0.1634121024151908,"17,7",6,"17,7"
202,adult,worker,mobile,0.1634121024151908,"17,7",7,"19,7"
202,adult,worker,mobile,0.1634121024151908,"17,7",8,"17,5"
202,adult,worker,mobile,0.1634121024151908,"17,7",9,"19,7"
202,adult,worker,mobile,0.1634121024151908,"17,7",10,"19,7"
202,adult,worker,mobile,0.1634121024151908,"17,7",11,"19,7"
202,adult,worker,mobile,0.1634121024151908,"17,7",12,"19,7"
202,adult,worker,mobile,0.1634121024151908,"17,7",13,"19,7"
202,adult,worker,mobile,0.1634121024151908,"17,7",14,"19,7"
202,adult,worker,mobile,0.1634121024151908,"17,7",15,"19,7"
202,adult,worker,mobile,0.1634121024151908,"17,7",16,"19,7"
202,adult,worker,mobile,0.1634121024151908,"17,7",17,"19,9"
202,adult,worker,mobile,0.1634121024151908,"17,7",18,"19,9"
202,adult,worker,mobile,0.1634121024151908,"17,7",19,"19,6"
202,adult,worker,mobile,0.1634121024151908,"17,7",20,"17,5"
202,adult,worker,mobile,0.1634121024151908,"17,7",21,"17,7"
202,adult,worker,mobile,0.1634121024151908,"17,7",22,"17,7"
202,adult,worker,mobile,0.1634121024151908,"17,7",23,"17,7"
203,child,student,mobile,0.5626995559129596,"3,3",0,"3,3"
203,child,student,mobile,0.5626995559129596,"3,3",1,"3,3"
203,child,student,mobile,0.5626995559129596,"3,3",2,"3,3"
203,child,student,mobile,0.5626995559129596,"3,3",3,"3,3"
203,child,student,mobile,0.5626995559129596,"3,3",4,"3,3"
203,child,student,mobile,0.5626995559129596,"3,3",5,"3,3"
203,child,student,mobile,0.5626995559129596,"3,3",6,"3,3"
203,child,student,mobile,0.5626995559129596,"3,3",7,"14,1"
203,child,student,mobile,0.5626995559129596,"3,3",8,"15,3"
203,child,student,mobile,0.5626995559129596,"3,3",9,"14,1"
203,child,student,mobile,0.5626995559129596,"3,3",10,"14,1"
203,child,student,mobile,0.5626995559129596,"3,3",11,"14,1"
203,child,student,mobile,0.5626995559129596,"3,3",12,"14,1"
203,child,student,mobile,0.5626995559129596,"3,3",13,"14,1"
203,child,student,mobile,0.5626995559129596,"3,3",14,"14,1"
203,child,student,mobile,0.5626995559129596,"3,3",15,"14,1"
203,child,student,mobile,0.5626995559129596,"3,3",16,"14,1"
203,child,student,mobile,0.5626995559129596,"3,3",17,"15,0"
203,child,student,mobile,0.5626995559129596,"3,3",18,"14,1"
203,child,student,mobile,0.5626995559129596,"3,3",19,"13,0"
203,child,student,mobile,0.5626995559129596,"3,3",20,"15,2"
203,child,student,mobile,0.5626995559129596,"3,3",21,"14,0"
203,child,student,mobile,0.5626995559129596,"3,3",22,"3,3"
203,child,student,mobile,0.5626995559129596,"3,3",23,"3,3"
204,adult,student,mobile,0.327120941806494,"2,6",0,"2,6"
204,adult,student,mobile,0.327120941806494,"2,6",1,"2,6"
204,adult,student,mobile,0.327120941806494,"2,6",2,"2,6"
204,adult,student,mobile,0.327120941806494,"2,6",3,"2,6"
204,adult,student,mobile,0.327120941806494,"2,6",4,"2,6"
204,adult,student,mobile,0.327120941806494,"2,6",5,"2,6"
204,adult,student,mobile,0.327120941806494,"2,6",6,"2,6"
204,adult,student,mobile,0.327120941806494,"2,6",7,"15,7"
204,adult,student,mobile,0.327120941806494,"2,6",8,"17,9"
204,adult,student,mobile,0.327120941806494,"2,6",9,"15,9"
204,adult,student,mobile,0.327120941806494,"2,6",10,"15,9"
204,adult,student,mobile,0.327120941806494,"2,6",11,"15,9"
204,adult,student,mobile,0.327120941806494,"2,6",12,"15,9"
204,adult,student,mobile,0.327120941806494,"2,6",13,"15,9"
204,adult,student,mobile,0.327120941806494,"2,6",14,"15,9"
204,adult,student,mobile,0.327120941806494,"2,6",15,"15,9"
204,adult,student,mobile,0.327120941806494,"2,6",16,"15,9"
204,adult,student,mobile,0.327120941806494,"2,6",17,"17,9"
204,adult,student,mobile,0.327120941806494,"2,6",18,"14,7"
204,adult,student,mobile,0.327120941806494,"2,6",19,"13,9"
204,adult,student,mobile,0.327120941806494,"2,6",20,"15,9"
204,adult,student,mobile,0.327120941806494,"2,6",21,"14,9"
204,adult,student,mobile,0.327120941806494,"2,6",22,"2,6"
204,adult,student,mobile,0.327120941806494,"2,6",23,"2,6"
205,elderly,visitor,mobile,0.7857123878054436,"5,5",0,"5,5"
205,elderly,visitor,mobile,0.7857123878054436,"5,5",1,"5,5"
205,elderly,visitor,mobile,0.7857123878054436,"5,5",2,"5,5"
205,elderly,visitor,mobile,0.7857123878054436,"5,5",3,"5,5"
205,elderly,visitor,mobile,0.7857123878054436,"5,5",4,"5,5"
205,elderly,visitor,mobile,0.7857123878054436,"5,5",5,"5,5"
205,elderly,visitor,mobile,0.7857123878054436,"5,5",6,"5,5"
205,elderly,visitor,mobile,0.7857123878054436,"5,5",7,"4,6"
205,elderly,visitor,mobile,0.7857123878054436,"5,5",8,"5,7"
205,elderly,visitor,mobile,0.7857123878054436,"5,5",9,"4,7"
205,elderly,visitor,mobile,0.7857123878054436,"5,5",10,"4,7"
205,elderly,visitor,mobile,0.7857123878054436,"5,5",11,"4,7"
205,elderly,visitor,mobile,0.7857123878054436,"5,5",12,"4,7"
205,elderly,visitor,mobile,0.7857123878054436,"5,5",13,"4,7"
205,elderly,visitor,mobile,0.7857123878054436,"5,5",14,"4,7"
205,elderly,visitor,mobile,0.7857123878054436,"5,5",15,"4,7"
205,elderly,visitor,mobile,0.7857123878054436,"5,5",16,"4,7"
205,elderly,visitor,mobile,0.7857123878054436,"5,5",17,"2,7"
205,elderly,visitor,mobile,0.7857123878054436,"5,5",18,"4,7"
205,elderly,visitor,mobile,0.7857123878054436,"5,5",19,"5,9"
205,elderly,visitor,mobile,0.7857123878054436,"5,5",20,"2,7"
205,elderly,visitor,mobile,0.7857123878054436,"5,5",21,"6,9"
205,elderly,visitor,mobile,0.7857123878054436,"5,5",22,"5,5"
205,elderly,visitor,mobile,0.7857123878054436,"5,5",23,"5,5"
206,child,student,mobile,0.5939394270629585,"12,1",0,"12,1"
206,child,student,mobile,0.5939394270629585,"12,1",1,"12,1"
206,child,student,mobile,0.5939394270629585,"12,1",2,"12,1"
206,child,student,mobile,0.5939394270629585,"12,1",3,"12,1"
206,child,student,mobile,0.5939394270629585,"12,1",4,"12,1"
206,child,student,mobile,0.5939394270629585,"12,1",5,"12,1"
206,child,student,mobile,0.5939394270629585,"12,1",6,"12,1"
206,child,student,mobile,0.5939394270629585,"12,1",7,"4,8"
206,child,student,mobile,0.5939394270629585,"12,1",8,"2,8"
206,child,student,mobile,0.5939394270629585,"12,1",9,"4,6"
206,child,student,mobile,0.5939394270629585,"12,1",10,"4,6"
206,child,student,mobile,0.5939394270629585,"12,1",11,"4,6"
206,child,student,mobile,0.5939394270629585,"12,1",12,"4,6"
206,child,student,mobile,0.5939394270629585,"12,1",13,"4,6"
206,child,student,mobile,0.5939394270629585,"12,1",14,"4,6"
206,child,student,mobile,0.5939394270629585,"12,1",15,"4,6"
206,child,student,mobile,0.5939394270629585,"12,1",16,"4,6"
206,child,student,mobile,0.5939394270629585,"12,1",17,"3,4"
206,child,student,mobile,0.5939394270629585,"12,1",18,"4,5"
206,child,student,mobile,0.5939394270629585,"12,1",19,"2,6"
206,child,student,mobile,0.5939394270629585,"12,1",20,"2,4"
206,child,student,mobile,0.5939394270629585,"12,1",21,"3,7"
206,child,student,mobile,0.5939394270629585,"12,1",22,"12,1"
206,child,student,mobile,0.5939394270629585,"12,1",23,"12,1"
207,adult,commuter,mobile,0.28709923820747085,"18,8",0,"18,8"
207,adult,commuter,mobile,0.28709923820747085,"18,8",1,"18,8"
207,adult,commuter,mobile,0.28709923820747085,"18,8",2,"18,8"
207,adult,commuter,mobile,0.28709923820747085,"18,8",3,"18,8"
207,adult,commuter,mobile,0.28709923820747085,"18,8",4,"18,8"
207,adult,commuter,mobile,0.28709923820747085,"18,8",5,"18,8"
207,adult,commuter,mobile,0.28709923820747085,"18,8",6,"18,8"
207,adult,commuter,mobile,0.28709923820747085,"18,8",7,"11,4"
207,adult,commuter,mobile,0.28709923820747085,"18,8",8,"11,7"
207,adult,commuter,mobile,0.28709923820747085,"18,8",9,"13,5"
207,adult,commuter,mobile,0.28709923820747085,"18,8",10,"13,5"
207,adult,commuter,mobile,0.28709923820747085,"18,8",11,"13,5"
207,adult,commuter,mobile,0.28709923820747085,"18,8",12,"13,5"
207,adult,commuter,mobile,0.28709923820747085,"18,8",13,"13,5"
207,adult,commuter,mobile,0.28709923820747085,"18,8",14,"13,5"
207,adult,commuter,mobile,0.28709923820747085,"18,8",15,"13,5"
207,adult,commuter,mobile,0.28709923820747085,"18,8",16,"13,5"
207,adult,commuter,mobile,0.28709923820747085,"18,8",17,"11,3"
207,adult,commuter,mobile,0.28709923820747085,"18,8",18,"12,4"
207,adult,commuter,mobile,0.28709923820747085,"18,8",19,"12,3"
207,adult,commuter,mobile,0.28709923820747085,"18,8",20,"12,6"
207,adult,commuter,mobile,0.28709923820747085,"18,8",21,"13,7"
207,adult,commuter,mobile,0.28709923820747085,"18,8",22,"18,8"
207,adult,commuter,mobile,0.28709923820747085,"18,8",23,"18,8"
208,adult,resident,assisted,0.39542716557746904,"9,9",0,"9,9"
208,adult,resident,assisted,0.39542716557746904,"9,9",1,"9,9"
208,adult,resident,assisted,0.39542716557746904,"9,9",2,"9,9"
208,adult,resident,assisted,0.39542716557746904,"9,9",3,"9,9"
208,adult,resident,assisted,0.39542716557746904,"9,9",4,"9,9"
208,adult,resident,assisted,0.39542716557746904,"9,9",5,"9,9"
208,adult,resident,assisted,0.39542716557746904,"9,9",6,"9,9"
208,adult,resident,assisted,0.39542716557746904,"9,9",7,"18,4"
208,adult,resident,assisted,0.39542716557746904,"9,9",8,"19,3"
208,adult,resident,assisted,0.39542716557746904,"9,9",9,"19,3"
208,adult,resident,assisted,0.39542716557746904,"9,9",10,"19,3"
208,adult,resident,assisted,0.39542716557746904,"9,9",11,"19,3"
208,adult,resident,assisted,0.39542716557746904,"9,9",12,"19,3"
208,adult,resident,assisted,0.39542716557746904,"9,9",13,"19,3"
208,adult,resident,assisted,0.39542716557746904,"9,9",14,"19,3"
208,adult,resident,assisted,0.39542716557746904,"9,9",15,"19,3"
208,adult,resident,assisted,0.39542716557746904,"9,9",16,"19,3"
208,adult,resident,assisted,0.39542716557746904,"9,9",17,"17,2"
208,adult,resident,assisted,0.39542716557746904,"9,9",18,"18,4"
208,adult,resident,assisted,0.39542716557746904,"9,9",19,"19,1"
208,adult,resident,assisted,0.39542716557746904,"9,9",20,"19,3"
208,adult,resident,assisted,0.39542716557746904,"9,9",21,"19,3"
208,adult,resident,assisted,0.39542716557746904,"9,9",22,"9,9"
208,adult,resident,assisted,0.39542716557746904,"9,9",23,"9,9"
209,adult,visitor,mobile,0.27359697560694635,"10,8",0,"10,8"
209,adult,visitor,mobile,0.27359697560694635,"10,8",1,"10,8"
209,adult,visitor,mobile,0.27359697560694635,"10,8",2,"10,8"
209,adult,visitor,mobile,0.27359697560694635,"10,8",3,"10,8"
209,adult,visitor,mobile,0.27359697560694635,"10,8",4,"10,8"
209,adult,visitor,mobile,0.27359697560694635,"10,8",5,"10,8"
209,adult,visitor,mobile,0.27359697560694635,"10,8",6,"10,8"
209,adult,visitor,mobile,0.27359697560694635,"10,8",7,"0,1"
209,adult,visitor,mobile,0.27359697560694635,"10,8",8,"0,4"
209,adult,visitor,mobile,0.27359697560694635,"10,8",9,"1,3"
209,adult,visitor,mobile,0.27359697560694635,"10,8",10,"1,3"
209,adult,visitor,mobile,0.27359697560694635,"10,8",11,"1,3"
209,adult,visitor,mobile,0.27359697560694635,"10,8",12,"1,3"
209,adult,visitor,mobile,0.27359697560694635,"10,8",13,"1,3"
209,adult,visitor,mobile,0.27359697560694635,"10,8",14,"1,3"
209,adult,visitor,mobile,0.27359697560694635,"10,8",15,"1,3"
209,adult,visitor,mobile,0.27359697560694635,"10,8",16,"1,3"
209,adult,visitor,mobile,0.27359697560694635,"10,8",17,"1,1"
209,adult,visitor,mobile,0.27359697560694635,"10,8",18,"0,5"
209,adult,visitor,mobile,0.27359697560694635,"10,8",19,"2,3"
209,adult,visitor,mobile,0.27359697560694635,"10,8",20,"1,2"
209,adult,visitor,mobile,0.27359697560694635,"10,8",21,"0,1"
209,adult,visitor,mobile,0.27359697560694635,"10,8",22,"10,8"
209,adult,visitor,mobile,0.27359697560694635,"10,8",23,"10,8"
210,elderly,resident,assisted,0.9020130166851742,"7,6",0,"7,6"
210,elderly,resident,assisted,0.9020130166851742,"7,6",1,"7,6"
210,elderly,resident,assisted,0.9020130166851742,"7,6",2,"7,6"
210,elderly,resident,assisted,0.9020130166851742,"7,6",3,"7,6"
210,elderly,resident,assisted,0.9020130166851742,"7,6",4,"7,6"
210,elderly,resident,assisted,0.9020130166851742,"7,6",5,"7,6"
210,elderly,resident,assisted,0.9020130166851742,"7,6",6,"7,6"
210,elderly,resident,assisted,0.9020130166851742,"7,6",7,"2,6"
210,elderly,resident,assisted,0.9020130166851742,"7,6",8,"2,3"
210,elderly,resident,assisted,0.9020130166851742,"7,6",9,"0,5"
210,elderly,resident,assisted,0.9020130166851742,"7,6",10,"0,5"
210,elderly,resident,assisted,0.9020130166851742,"7,6",11,"0,5"
210,elderly,resident,assisted,0.9020130166851742,"7,6",12,"0,5"
210,elderly,resident,assisted,0.9020130166851742,"7,6",13,"0,5"
210,elderly,resident,assisted,0.9020130166851742,"7,6",14,"0,5"
210,elderly,resident,assisted,0.9020130166851742,"7,6",15,"0,5"
210,elderly,resident,assisted,0.9020130166851742,"7,6",16,"0,5"
210,elderly,resident,assisted,0.9020130166851742,"7,6",17,"1,6"
210,elderly,resident,assisted,0.9020130166851742,"7,6",18,"0,6"
210,elderly,resident,assisted,0.9020130166851742,"7,6",19,"2,7"
210,elderly,resident,assisted,0.9020130166851742,"7,6",20,"2,5"
210,elderly,resident,assisted,0.9020130166851742,"7,6",21,"0,4"
210,elderly,resident,assisted,0.9020130166851742,"7,6",22,"7,6"
210,elderly,resident,assisted,0.9020130166851742,"7,6",23,"7,6"
211,adult,visitor,mobile,0.2713101047676122,"13,6",0,"13,6"
211,adult,visitor,mobile,0.2713101047676122,"13,6",1,"13,6"
211,adult,visitor,mobile,0.2713101047676122,"13,6",2,"13,6"
211,adult,visitor,mobile,0.2713101047676122,"13,6",3,"13,6"
211,adult,visitor,mobile,0.2713101047676122,"13,6",4,"13,6"
211,adult,visitor,mobile,0.2713101047676122,"13,6",5,"13,6"
211,adult,visitor,mobile,0.2713101047676122,"13,6",6,"13,6"
211,adult,visitor,mobile,0.2713101047676122,"13,6",7,"8,6"
211,adult,visitor,mobile,0.2713101047676122,"13,6",8,"6,7"
211,adult,visitor,mobile,0.2713101047676122,"13,6",9,"7,6"
211,adult,visitor,mobile,0.2713101047676122,"13,6",10,"7,6"
211,adult,visitor,mobile,0.2713101047676122,"13,6",11,"7,6"
211,adult,visitor,mobile,0.2713101047676122,"13,6",12,"7,6"
211,adult,visitor,mobile,0.2713101047676122,"13,6",13,"7,6"
211,adult,visitor,mobile,0.2713101047676122,"13,6",14,"7,6"
211,adult,visitor,mobile,0.2713101047676122,"13,6",15,"7,6"
211,adult,visitor,mobile,0.2713101047676122,"13,6",16,"7,6"
211,adult,visitor,mobile,0.2713101047676122,"13,6",17,"8,5"
211,adult,visitor,mobile,0.2713101047676122,"13,6",18,"8,5"
211,adult,visitor,mobile,0.2713101047676122,"13,6",19,"9,5"
211,adult,visitor,mobile,0.2713101047676122,"13,6",20,"8,7"
211,adult,visitor,mobile,0.2713101047676122,"13,6",21,"5,8"
211,adult,visitor,mobile,0.2713101047676122,"13,6",22,"13,6"
211,adult,visitor,mobile,0.2713101047676122,"13,6",23,"13,6"
212,adult,visitor,mobile,0.24736743242291168,"1,0",0,"1,0"
212,adult,visitor,mobile,0.24736743242291168,"1,0",1,"1,0"
212,adult,visitor,mobile,0.24736743242291168,"1,0",2,"1,0"
212,adult,visitor,mobile,0.24736743242291168,"1,0",3,"1,0"
212,adult,visitor,mobile,0.24736743242291168,"1,0",4,"1,0"
212,adult,visitor,mobile,0.24736743242291168,"1,0",5,"1,0"
212,adult,visitor,mobile,0.24736743242291168,"1,0",6,"1,0"
212,adult,visitor,mobile,0.24736743242291168,"1,0",7,"9,8"
212,adult,visitor,mobile,0.24736743242291168,"1,0",8,"7,8"
212,adult,visitor,mobile,0.24736743242291168,"1,0",9,"8,6"
212,adult,visitor,mobile,0.24736743242291168,"1,0",10,"8,6"
212,adult,visitor,mobile,0.24736743242291168,"1,0",11,"8,6"
212,adult,visitor,mobile,0.24736743242291168,"1,0",12,"8,6"
212,adult,visitor,mobile,0.24736743242291168,"1,0",13,"8,6"
212,adult,visitor,mobile,0.24736743242291168,"1,0",14,"8,6"
212,adult,visitor,mobile,0.24736743242291168,"1,0",15,"8,6"
212,adult,visitor,mobile,0.24736743242291168,"1,0",16,"8,6"
212,adult,visitor,mobile,0.24736743242291168,"1,0",17,"8,6"
212,adult,visitor,mobile,0.24736743242291168,"1,0",18,"9,6"
212,adult,visitor,mobile,0.24736743242291168,"1,0",19,"10,8"
212,adult,visitor,mobile,0.24736743242291168,"1,0",20,"10,8"
212,adult,visitor,mobile,0.24736743242291168,"1,0",21,"10,5"
212,adult,visitor,mobile,0.24736743242291168,"1,0",22,"1,0"
212,adult,visitor,mobile,0.24736743242291168,"1,0",23,"1,0"
213,elderly,resident,mobile,0.6794396779816514,"0,0",0,"0,0"
213,elderly,resident,mobile,0.6794396779816514,"0,0",1,"0,0"
213,elderly,resident,mobile,0.6794396779816514,"0,0",2,"0,0"
213,elderly,resident,mobile,0.6794396779816514,"0,0",3,"0,0"
213,elderly,resident,mobile,0.6794396779816514,"0,0",4,"0,0"
213,elderly,resident,mobile,0.6794396779816514,"0,0",5,"0,0"
213,elderly,resident,mobile,0.6794396779816514,"0,0",6,"0,0"
213,elderly,resident,mobile,0.6794396779816514,"0,0",7,"18,1"
213,elderly,resident,mobile,0.6794396779816514,"0,0",8,"17,4"
213,elderly,resident,mobile,0.6794396779816514,"0,0",9,"16,2"
213,elderly,resident,mobile,0.6794396779816514,"0,0",10,"16,2"
213,elderly,resident,mobile,0.6794396779816514,"0,0",11,"16,2"
213,elderly,resident,mobile,0.6794396779816514,"0,0",12,"16,2"
213,elderly,resident,mobile,0.6794396779816514,"0,0",13,"16,2"
213,elderly,resident,mobile,0.6794396779816514,"0,0",14,"16,2"
213,elderly,resident,mobile,0.6794396779816514,"0,0",15,"16,2"
213,elderly,resident,mobile,0.6794396779816514,"0,0",16,"16,2"
213,elderly,resident,mobile,0.6794396779816514,"0,0",17,"15,4"
213,elderly,resident,mobile,0.6794396779816514,"0,0",18,"15,0"
213,elderly,resident,mobile,0.6794396779816514,"0,0",19,"17,0"
213,elderly,resident,mobile,0.6794396779816514,"0,0",20,"14,3"
213,elderly,resident,mobile,0.6794396779816514,"0,0",21,"15,3"
213,elderly,resident,mobile,0.6794396779816514,"0,0",22,"0,0"
213,elderly,resident,mobile,0.6794396779816514,"0,0",23,"0,0"
214,adult,commuter,mobile,0.30091251551864373,"15,7",0,"15,7"
214,adult,commuter,mobile,0.30091251551864373,"15,7",1,"15,7"
214,adult,commuter,mobile,0.30091251551864373,"15,7",2,"15,7"
214,adult,commuter,mobile,0.30091251551864373,"15,7",3,"15,7"
214,adult,commuter,mobile,0.30091251551864373,"15,7",4,"15,7"
214,adult,commuter,mobile,0.30091251551864373,"15,7",5,"15,7"
214,adult,commuter,mobile,0.30091251551864373,"15,7",6,"15,7"
214,adult,commuter,mobile,0.30091251551864373,"15,7",7,"1,0"
214,adult,commuter,mobile,0.30091251551864373,"15,7",8,"1,0"
214,adult,commuter,mobile,0.30091251551864373,"15,7",9,"0,0"
214,adult,commuter,mobile,0.30091251551864373,"15,7",10,"0,0"
214,adult,commuter,mobile,0.30091251551864373,"15,7",11,"0,0"
214,adult,commuter,mobile,0.30091251551864373,"15,7",12,"0,0"
214,adult,commuter,mobile,0.30091251551864373,"15,7",13,"0,0"
214,adult,commuter,mobile,0.30091251551864373,"15,7",14,"0,0"
214,adult,commuter,mobile,0.30091251551864373,"15,7",15,"0,0"
214,adult,commuter,mobile,0.30091251551864373,"15,7",16,"0,0"
214,adult,commuter,mobile,0.30091251551864373,"15,7",17,"2,0"
214,adult,commuter,mobile,0.30091251551864373,"15,7",18,"0,0"
214,adult,commuter,mobile,0.30091251551864373,"15,7",19,"0,2"
214,adult,commuter,mobile,0.30091251551864373,"15,7",20,"2,2"
214,adult,commuter,mobile,0.30091251551864373,"15,7",21,"1,2"
214,adult,commuter,mobile,0.30091251551864373,"15,7",22,"15,7"
214,adult,commuter,mobile,0.30091251551864373,"15,7",23,"15,7"
215,adult,worker,mobile,0.21670540748307351,"2,0",0,"2,0"
215,adult,worker,mobile,0.21670540748307351,"2,0",1,"2,0"
215,adult,worker,mobile,0.21670540748307351,"2,0",2,"2,0"
215,adult,worker,mobile,0.21670540748307351,"2,0",3,"2,0"
215,adult,worker,mobile,0.21670540748307351,"2,0",4,"2,0"
215,adult,worker,mobile,0.21670540748307351,"2,0",5,"2,0"
215,adult,worker,mobile,0.21670540748307351,"2,0",6,"2,0"
215,adult,worker,mobile,0.21670540748307351,"2,0",7,"19,0"
215,adult,worker,mobile,0.21670540748307351,"2,0",8,"16,0"
215,adult,worker,mobile,0.21670540748307351,"2,0",9,"17,0"
215,adult,worker,mobile,0.21670540748307351,"2,0",10,"17,0"
215,adult,worker,mobile,0.21670540748307351,"2,0",11,"17,0"
215,adult,worker,mobile,0.21670540748307351,"2,0",12,"17,0"
215,adult,worker,mobile,0.21670540748307351,"2,0",13,"17,0"
215,adult,worker,mobile,0.21670540748307351,"2,0",14,"17,0"
215,adult,worker,mobile,0.21670540748307351,"2,0",15,"17,0"
215,adult,worker,mobile,0.21670540748307351,"2,0",16,"17,0"
215,adult,worker,mobile,0.21670540748307351,"2,0",17,"18,1"
215,adult,worker,mobile,0.21670540748307351,"2,0",18,"17,0"
215,adult,worker,mobile,0.21670540748307351,"2,0",19,"19,1"
215,adult,worker,mobile,0.21670540748307351,"2,0",20,"19,2"
215,adult,worker,mobile,0.21670540748307351,"2,0",21,"16,0"
215,adult,worker,mobile,0.21670540748307351,"2,0",22,"2,0"
215,adult,worker,mobile,0.21670540748307351,"2,0",23,"2,0"
216,adult,student,mobile,0.3687606793764565,"14,5",0,"14,5"
216,adult,student,mobile,0.3687606793764565,"14,5",1,"14,5"
216,adult,student,mobile,0.3687606793764565,"14,5",2,"14,5"
216,adult,student,mobile,0.3687606793764565,"14,5",3,"14,5"
216,adult,student,mobile,0.3687606793764565,"14,5",4,"14,5"
216,adult,student,mobile,0.3687606793764565,"14,5",5,"14,5"
216,adult,student,mobile,0.3687606793764565,"14,5",6,"14,5"
216,adult,student,mobile,0.3687606793764565,"14,5",7,"3,6"
216,adult,student,mobile,0.3687606793764565,"14,5",8,"4,7"
216,adult,student,mobile,0.3687606793764565,"14,5",9,"3,5"
216,adult,student,mobile,0.3687606793764565,"14,5",10,"3,5"
216,adult,student,mobile,0.3687606793764565,"14,5",11,"3,5"
216,adult,student,mobile,0.3687606793764565,"14,5",12,"3,5"
216,adult,student,mobile,0.3687606793764565,"14,5",13,"3,5"
216,adult,student,mobile,0.3687606793764565,"14,5",14,"3,5"
216,adult,student,mobile,0.3687606793764565,"14,5",15,"3,5"
216,adult,student,mobile,0.3687606793764565,"14,5",16,"3,5"
216,adult,student,mobile,0.3687606793764565,"14,5",17,"5,6"
216,adult,student,mobile,0.3687606793764565,"14,5",18,"5,6"
216,adult,student,mobile,0.3687606793764565,"14,5",19,"1,5"
216,adult,student,mobile,0.3687606793764565,"14,5",20,"3,4"
216,adult,student,mobile,0.3687606793764565,"14,5",21,"1,6"
216,adult,student,mobile,0.3687606793764565,"14,5",22,"14,5"
216,adult,student,mobile,0.3687606793764565,"14,5",23,"14,5"
217,adult,worker,mobile,0.2538767051714499,"12,8",0,"12,8"
217,adult,worker,mobile,0.2538767051714499,"12,8",1,"12,8"
217,adult,worker,mobile,0.2538767051714499,"12,8",2,"12,8"
217,adult,worker,mobile,0.2538767051714499,"12,8",3,"12,8"
217,adult,worker,mobile,0.2538767051714499,"12,8",4,"12,8"
217,adult,worker,mobile,0.2538767051714499,"12,8",5,"12,8"
217,adult,worker,mobile,0.2538767051714499,"12,8",6,"12,8"
217,adult,worker,mobile,0.2538767051714499,"12,8",7,"1,4"
217,adult,worker,mobile,0.2538767051714499,"12,8",8,"4,3"
217,adult,worker,mobile,0.2538767051714499,"12,8",9,"3,3"
217,adult,worker,mobile,0.2538767051714499,"12,8",10,"3,3"
217,adult,worker,mobile,0.2538767051714499,"12,8",11,"3,3"
217,adult,worker,mobile,0.2538767051714499,"12,8",12,"3,3"
217,adult,worker,mobile,0.2538767051714499,"12,8",13,"3,3"
217,adult,worker,mobile,0.2538767051714499,"12,8",14,"3,3"
217,adult,worker,mobile,0.2538767051714499,"12,8",15,"3,3"
217,adult,worker,mobile,0.2538767051714499,"12,8",16,"3,3"
217,adult,worker,mobile,0.2538767051714499,"12,8",17,"2,3"
217,adult,worker,mobile,0.2538767051714499,"12,8",18,"2,5"
217,adult,worker,mobile,0.2538767051714499,"12,8",19,"5,4"
217,adult,worker,mobile,0.2538767051714499,"12,8",20,"1,1"
217,adult,worker,mobile,0.2538767051714499,"12,8",21,"1,5"
217,adult,worker,mobile,0.2538767051714499,"12,8",22,"12,8"
217,adult,worker,mobile,0.2538767051714499,"12,8",23,"12,8"
218,adult,student,mobile,0.2824197149857894,"8,6",0,"8,6"
218,adult,student,mobile,0.2824197149857894,"8,6",1,"8,6"
218,adult,student,mobile,0.2824197149857894,"8,6",2,"8,6"
218,adult,student,mobile,0.2824197149857894,"8,6",3,"8,6"
218,adult,student,mobile,0.2824197149857894,"8,6",4,"8,6"
218,adult,student,mobile,0.2824197149857894,"8,6",5,"8,6"
218,adult,student,mobile,0.2824197149857894,"8,6",6,"8,6"
218,adult,student,mobile,0.2824197149857894,"8,6",7,"2,6"
218,adult,student,mobile,0.2824197149857894,"8,6",8,"0,8"
218,adult,student,mobile,0.2824197149857894,"8,6",9,"0,6"
218,adult,student,mobile,0.2824197149857894,"8,6",10,"0,6"
218,adult,student,mobile,0.2824197149857894,"8,6",11,"0,6"
218,adult,student,mobile,0.2824197149857894,"8,6",12,"0,6"
218,adult,student,mobile,0.2824197149857894,"8,6",13,"0,6"
218,adult,student,mobile,0.2824197149857894,"8,6",14,"0,6"
218,adult,student,mobile,0.2824197149857894,"8,6",15,"0,6"
218,adult,student,mobile,0.2824197149857894,"8,6",16,"0,6"
218,adult,student,mobile,0.2824197149857894,"8,6",17,"1,8"
218,adult,student,mobile,0.2824197149857894,"8,6",18,"1,6"
218,adult,student,mobile,0.2824197149857894,"8,6",19,"0,5"
218,adult,student,mobile,0.2824197149857894,"8,6",20,"0,5"
218,adult,student,mobile,0.2824197149857894,"8,6",21,"1,6"
218,adult,student,mobile,0.2824197149857894,"8,6",22,"8,6"
218,adult,student,mobile,0.2824197149857894,"8,6",23,"8,6"
219,child,student,mobile,0.5636693672210529,"1,1",0,"1,1"
219,child,student,mobile,0.5636693672210529,"1,1",1,"1,1"
219,child,student,mobile,0.5636693672210529,"1,1",2,"1,1"
219,child,student,mobile,0.5636693672210529,"1,1",3,"1,1"
219,child,student,mobile,0.5636693672210529,"1,1",4,"1,1"
219,child,student,mobile,0.5636693672210529,"1,1",5,"1,1"
219,child,student,mobile,0.5636693672210529,"1,1",6,"1,1"
219,child,student,mobile,0.5636693672210529,"1,1",7,"6,1"
219,child,student,mobile,0.5636693672210529,"1,1",8,"6,4"
219,child,student,mobile,0.5636693672210529,"1,1",9,"7,3"
219,child,student,mobile,0.5636693672210529,"1,1",10,"7,3"
219,child,student,mobile,0.5636693672210529,"1,1",11,"7,3"
219,child,student,mobile,0.5636693672210529,"1,1",12,"7,3"
219,child,student,mobile,0.5636693672210529,"1,1",13,"7,3"
219,child,student,mobile,0.5636693672210529,"1,1",14,"7,3"
219,child,student,mobile,0.5636693672210529,"1,1",15,"7,3"
219,child,student,mobile,0.5636693672210529,"1,1",16,"7,3"
219,child,student,mobile,0.5636693672210529,"1,1",17,"9,2"
219,child,student,mobile,0.5636693672210529,"1,1",18,"9,2"
219,child,student,mobile,0.5636693672210529,"1,1",19,"5,1"
219,child,student,mobile,0.5636693672210529,"1,1",20,"7,4"
219,child,student,mobile,0.5636693672210529,"1,1",21,"7,5"
219,child,student,mobile,0.5636693672210529,"1,1",22,"1,1"
219,child,student,mobile,0.5636693672210529,"1,1",23,"1,1"
220,child,visitor,assisted,0.6948217456126036,"16,0",0,"16,0"
220,child,visitor,assisted,0.6948217456126036,"16,0",1,"16,0"
220,child,visitor,assisted,0.6948217456126036,"16,0",2,"16,0"
220,child,visitor,assisted,0.6948217456126036,"16,0",3,"16,0"
220,child,visitor,assisted,0.6948217456126036,"16,0",4,"16,0"
220,child,visitor,assisted,0.6948217456126036,"16,0",5,"16,0"
220,child,visitor,assisted,0.6948217456126036,"16,0",6,"16,0"
220,child,visitor,assisted,0.6948217456126036,"16,0",7,"10,8"
220,child,visitor,assisted,0.6948217456126036,"16,0",8,"13,6"
220,child,visitor,assisted,0.6948217456126036,"16,0",9,"11,7"
220,child,visitor,assisted,0.6948217456126036,"16,0",10,"11,7"
220,child,visitor,assisted,0.6948217456126036,"16,0",11,"11,7"
220,child,visitor,assisted,0.6948217456126036,"16,0",12,"11,7"
220,child,visitor,assisted,0.6948217456126036,"16,0",13,"11,7"
220,child,visitor,assisted,0.6948217456126036,"16,0",14,"11,7"
220,child,visitor,assisted,0.6948217456126036,"16,0",15,"11,7"
220,child,visitor,assisted,0.6948217456126036,"16,0",16,"11,7"
220,child,visitor,assisted,0.6948217456126036,"16,0",17,"13,9"
220,child,visitor,assisted,0.6948217456126036,"16,0",18,"13,8"
220,child,visitor,assisted,0.6948217456126036,"16,0",19,"9,7"
220,child,visitor,assisted,0.6948217456126036,"16,0",20,"12,7"
220,child,visitor,assisted,0.6948217456126036,"16,0",21,"11,5"
220,child,visitor,assisted,0.6948217456126036,"16,0",22,"16,0"
220,child,visitor,assisted,0.6948217456126036,"16,0",23,"16,0"
221,elderly,resident,assisted,0.8780226911713226,"2,3",0,"2,3"
221,elderly,resident,assisted,0.8780226911713226,"2,3",1,"2,3"
221,elderly,resident,assisted,0.8780226911713226,"2,3",2,"2,3"
221,elderly,resident,assisted,0.8780226911713226,"2,3",3,"2,3"
221,elderly,resident,assisted,0.8780226911713226,"2,3",4,"2,3"
221,elderly,resident,assisted,0.8780226911713226,"2,3",5,"2,3"
221,elderly,resident,assisted,0.8780226911713226,"2,3",6,"2,3"
221,elderly,resident,assisted,0.8780226911713226,"2,3",7,"13,3"
221,elderly,resident,assisted,0.8780226911713226,"2,3",8,"12,4"
221,elderly,resident,assisted,0.8780226911713226,"2,3",9,"13,5"
221,elderly,resident,assisted,0.8780226911713226,"2,3",10,"13,5"
221,elderly,resident,assisted,0.8780226911713226,"2,3",11,"13,5"
221,elderly,resident,assisted,0.8780226911713226,"2,3",12,"13,5"
221,elderly,resident,assisted,0.8780226911713226,"2,3",13,"13,5"
221,elderly,resident,assisted,0.8780226911713226,"2,3",14,"13,5"
221,elderly,resident,assisted,0.8780226911713226,"2,3",15,"13,5"
221,elderly,resident,assisted,0.8780226911713226,"2,3",16,"13,5"
221,elderly,resident,assisted,0.8780226911713226,"2,3",17,"11,4"
221,elderly,resident,assisted,0.8780226911713226,"2,3",18,"12,6"
221,elderly,resident,assisted,0.8780226911713226,"2,3",19,"14,5"
221,elderly,resident,assisted,0.8780226911713226,"2,3",20,"11,3"
221,elderly,resident,assisted,0.8780226911713226,"2,3",21,"12,4"
221,elderly,resident,assisted,0.8780226911713226,"2,3",22,"2,3"
221,elderly,resident,assisted,0.8780226911713226,"2,3",23,"2,3"
222,adult,worker,mobile,0.30180138271631185,"3,9",0,"3,9"
222,adult,worker,mobile,0.30180138271631185,"3,9",1,"3,9"
222,adult,worker,mobile,0.30180138271631185,"3,9",2,"3,9"
222,adult,worker,mobile,0.30180138271631185,"3,9",3,"3,9"
222,adult,worker,mobile,0.30180138271631185,"3,9",4,"3,9"
222,adult,worker,mobile,0.30180138271631185,"3,9",5,"3,9"
222,adult,worker,mobile,0.30180138271631185,"3,9",6,"3,9"
222,adult,worker,mobile,0.30180138271631185,"3,9",7,"3,9"
222,adult,worker,mobile,0.30180138271631185,"3,9",8,"6,9"
222,adult,worker,mobile,0.30180138271631185,"3,9",9,"5,9"
222,adult,worker,mobile,0.30180138271631185,"3,9",10,"5,9"
222,adult,worker,mobile,0.30180138271631185,"3,9",11,"5,9"
222,adult,worker,mobile,0.30180138271631185,"3,9",12,"5,9"
222,adult,worker,mobile,0.30180138271631185,"3,9",13,"5,9"
222,adult,worker,mobile,0.30180138271631185,"3,9",14,"5,9"
222,adult,worker,mobile,0.30180138271631185,"3,9",15,"5,9"
222,adult,worker,mobile,0.30180138271631185,"3,9",16,"5,9"
222,adult,worker,mobile,0.30180138271631185,"3,9",17,"5,9"
222,adult,worker,mobile,0.30180138271631185,"3,9",18,"3,9"
222,adult,worker,mobile,0.30180138271631185,"3,9",19,"6,7"
222,adult,worker,mobile,0.30180138271631185,"3,9",20,"3,7"
222,adult,worker,mobile,0.30180138271631185,"3,9",21,"5,9"
222,adult,worker,mobile,0.30180138271631185,"3,9",22,"3,9"
222,adult,worker,mobile,0.30180138271631185,"3,9",23,"3,9"
223,adult,worker,mobile,0.19113770908623962,"5,8",0,"5,8"
223,adult,worker,mobile,0.19113770908623962,"5,8",1,"5,8"
223,adult,worker,mobile,0.19113770908623962,"5,8",2,"5,8"
223,adult,worker,mobile,0.19113770908623962,"5,8",3,"5,8"
223,adult,worker,mobile,0.19113770908623962,"5,8",4,"5,8"
223,adult,worker,mobile,0.19113770908623962,"5,8",5,"5,8"
223,adult,worker,mobile,0.19113770908623962,"5,8",6,"5,8"
223,adult,worker,mobile,0.19113770908623962,"5,8",7,"1,1"
223,adult,worker,mobile,0.19113770908623962,"5,8",8,"4,0"
223,adult,worker,mobile,0.19113770908623962,"5,8",9,"2,0"
223,adult,worker,mobile,0.19113770908623962,"5,8",10,"2,0"
223,adult,worker,mobile,0.19113770908623962,"5,8",11,"2,0"
223,adult,worker,mobile,0.19113770908623962,"5,8",12,"2,0"
223,adult,worker,mobile,0.19113770908623962,"5,8",13,"2,0"
223,adult,worker,mobile,0.19113770908623962,"5,8",14,"2,0"
223,adult,worker,mobile,0.19113770908623962,"5,8",15,"2,0"
223,adult,worker,mobile,0.19113770908623962,"5,8",16,"2,0"
223,adult,worker,mobile,0.19113770908623962,"5,8",17,"1,0"
223,adult,worker,mobile,0.19113770908623962,"5,8",18,"1,0"
223,adult,worker,mobile,0.19113770908623962,"5,8",19,"2,0"
223,adult,worker,mobile,0.19113770908623962,"5,8",20,"1,1"
223,adult,worker,mobile,0.19113770908623962,"5,8",21,"3,0"
223,adult,worker,mobile,0.19113770908623962,"5,8",22,"5,8"
223,adult,worker,mobile,0.19113770908623962,"5,8",23,"5,8"
224,adult,visitor,mobile,0.22956484340680797,"13,1",0,"13,1"
224,adult,visitor,mobile,0.22956484340680797,"13,1",1,"13,1"
224,adult,visitor,mobile,0.22956484340680797,"13,1",2,"13,1"
224,adult,visitor,mobile,0.22956484340680797,"13,1",3,"13,1"
224,adult,visitor,mobile,0.22956484340680797,"13,1",4,"13,1"
224,adult,visitor,mobile,0.22956484340680797,"13,1",5,"13,1"
224,adult,visitor,mobile,0.22956484340680797,"13,1",6,"13,1"
224,adult,visitor,mobile,0.22956484340680797,"13,1",7,"12,9"
224,adult,visitor,mobile,0.22956484340680797,"13,1",8,"16,6"
224,adult,visitor,mobile,0.22956484340680797,"13,1",9,"14,8"
224,adult,visitor,mobile,0.22956484340680797,"13,1",10,"14,8"
224,adult,visitor,mobile,0.22956484340680797,"13,1",11,"14,8"
224,adult,visitor,mobile,0.22956484340680797,"13,1",12,"14,8"
224,adult,visitor,mobile,0.22956484340680797,"13,1",13,"14,8"
224,adult,visitor,mobile,0.22956484340680797,"13,1",14,"14,8"
224,adult,visitor,mobile,0.22956484340680797,"13,1",15,"14,8"
224,adult,visitor,mobile,0.22956484340680797,"13,1",16,"14,8"
224,adult,visitor,mobile,0.22956484340680797,"13,1",17,"16,9"
224,adult,visitor,mobile,0.22956484340680797,"13,1",18,"16,9"
224,adult,visitor,mobile,0.22956484340680797,"13,1",19,"14,8"
224,adult,visitor,mobile,0.22956484340680797,"13,1",20,"14,7"
224,adult,visitor,mobile,0.22956484340680797,"13,1",21,"16,6"
224,adult,visitor,mobile,0.22956484340680797,"13,1",22,"13,1"
224,adult,visitor,mobile,0.22956484340680797,"13,1",23,"13,1"
225,adult,resident,mobile,0.2188924625952585,"1,6",0,"1,6"
225,adult,resident,mobile,0.2188924625952585,"1,6",1,"1,6"
225,adult,resident,mobile,0.2188924625952585,"1,6",2,"1,6"
225,adult,resident,mobile,0.2188924625952585,"1,6",3,"1,6"
225,adult,resident,mobile,0.2188924625952585,"1,6",4,"1,6"
225,adult,resident,mobile,0.2188924625952585,"1,6",5,"1,6"
225,adult,resident,mobile,0.2188924625952585,"1,6",6,"1,6"
225,adult,resident,mobile,0.2188924625952585,"1,6",7,"11,7"
225,adult,resident,mobile,0.2188924625952585,"1,6",8,"11,8"
225,adult,resident,mobile,0.2188924625952585,"1,6",9,"9,9"
225,adult,resident,mobile,0.2188924625952585,"1,6",10,"9,9"
225,adult,resident,mobile,0.2188924625952585,"1,6",11,"9,9"
225,adult,resident,mobile,0.2188924625952585,"1,6",12,"9,9"
225,adult,resident,mobile,0.2188924625952585,"1,6",13,"9,9"
225,adult,resident,mobile,0.2188924625952585,"1,6",14,"9,9"
225,adult,resident,mobile,0.2188924625952585,"1,6",15,"9,9"
225,adult,resident,mobile,0.2188924625952585,"1,6",16,"9,9"
225,adult,resident,mobile,0.2188924625952585,"1,6",17,"8,7"
225,adult,resident,mobile,0.2188924625952585,"1,6",18,"7,8"
225,adult,resident,mobile,0.2188924625952585,"1,6",19,"9,9"
225,adult,resident,mobile,0.2188924625952585,"1,6",20,"10,7"
225,adult,resident,mobile,0.2188924625952585,"1,6",21,"8,8"
225,adult,resident,mobile,0.2188924625952585,"1,6",22,"1,6"
225,adult,resident,mobile,0.2188924625952585,"1,6",23,"1,6"
226,elderly,visitor,mobile,0.688413136429157,"7,2",0,"7,2"
226,elderly,visitor,mobile,0.688413136429157,"7,2",1,"7,2"
226,elderly,visitor,mobile,0.688413136429157,"7,2",2,"7,2"
226,elderly,visitor,mobile,0.688413136429157,"7,2",3,"7,2"
226,elderly,visitor,mobile,0.688413136429157,"7,2",4,"7,2"
226,elderly,visitor,mobile,0.688413136429157,"7,2",5,"7,2"
226,elderly,visitor,mobile,0.688413136429157,"7,2",6,"7,2"
226,elderly,visitor,mobile,0.688413136429157,"7,2",7,"17,5"
226,elderly,visitor,mobile,0.688413136429157,"7,2",8,"18,2"
226,elderly,visitor,mobile,0.688413136429157,"7,2",9,"17,4"
226,elderly,visitor,mobile,0.688413136429157,"7,2",10,"17,4"
226,elderly,visitor,mobile,0.688413136429157,"7,2",11,"17,4"
226,elderly,visitor,mobile,0.688413136429157,"7,2",12,"17,4"
226,elderly,visitor,mobile,0.688413136429157,"7,2",13,"17,4"
226,elderly,visitor,mobile,0.688413136429157,"7,2",14,"17,4"
226,elderly,visitor,mobile,0.688413136429157,"7,2",15,"17,4"
226,elderly,visitor,mobile,0.688413136429157,"7,2",16,"17,4"
226,elderly,visitor,mobile,0.688413136429157,"7,2",17,"17,5"
226,elderly,visitor,mobile,0.688413136429157,"7,2",18,"16,3"
226,elderly,visitor,mobile,0.688413136429157,"7,2",19,"15,6"
226,elderly,visitor,mobile,0.688413136429157,"7,2",20,"19,4"
226,elderly,visitor,mobile,0.688413136429157,"7,2",21,"19,2"
226,elderly,visitor,mobile,0.688413136429157,"7,2",22,"7,2"
226,elderly,visitor,mobile,0.688413136429157,"7,2",23,"7,2"
227,elderly,visitor,mobile,0.7561906848382751,"8,2",0,"8,2"
227,elderly,visitor,mobile,0.7561906848382751,"8,2",1,"8,2"
227,elderly,visitor,mobile,0.7561906848382751,"8,2",2,"8,2"
227,elderly,visitor,mobile,0.7561906848382751,"8,2",3,"8,2"
227,elderly,visitor,mobile,0.7561906848382751,"8,2",4,"8,2"
227,elderly,visitor,mobile,0.7561906848382751,"8,2",5,"8,2"
227,elderly,visitor,mobile,0.7561906848382751,"8,2",6,"8,2"
227,elderly,visitor,mobile,0.7561906848382751,"8,2",7,"7,7"
227,elderly,visitor,mobile,0.7561906848382751,"8,2",8,"4,8"
227,elderly,visitor,mobile,0.7561906848382751,"8,2",9,"6,9"
227,elderly,visitor,mobile,0.7561906848382751,"8,2",10,"6,9"
227,elderly,visitor,mobile,0.7561906848382751,"8,2",11,"6,9"
227,elderly,visitor,mobile,0.7561906848382751,"8,2",12,"6,9"
227,elderly,visitor,mobile,0.7561906848382751,"8,2",13,"6,9"
227,elderly,visitor,mobile,0.7561906848382751,"8,2",14,"6,9"
227,elderly,visitor,mobile,0.7561906848382751,"8,2",15,"6,9"
227,elderly,visitor,mobile,0.7561906848382751,"8,2",16,"6,9"
227,elderly,visitor,mobile,0.7561906848382751,"8,2",17,"5,7"
227,elderly,visitor,mobile,0.7561906848382751,"8,2",18,"4,9"
227,elderly,visitor,mobile,0.7561906848382751,"8,2",19,"4,7"
227,elderly,visitor,mobile,0.7561906848382751,"8,2",20,"7,8"
227,elderly,visitor,mobile,0.7561906848382751,"8,2",21,"7,8"
227,elderly,visitor,mobile,0.7561906848382751,"8,2",22,"8,2"
227,elderly,visitor,mobile,0.7561906848382751,"8,2",23,"8,2"
228,child,visitor,mobile,0.566836488720734,"4,1",0,"4,1"
228,child,visitor,mobile,0.566836488720734,"4,1",1,"4,1"
228,child,visitor,mobile,0.566836488720734,"4,1",2,"4,1"
228,child,visitor,mobile,0.566836488720734,"4,1",3,"4,1"
228,child,visitor,mobile,0.566836488720734,"4,1",4,"4,1"
228,child,visitor,mobile,0.566836488720734,"4,1",5,"4,1"
228,child,visitor,mobile,0.566836488720734,"4,1",6,"4,1"
228,child,visitor,mobile,0.566836488720734,"4,1",7,"11,1"
228,child,visitor,mobile,0.566836488720734,"4,1",8,"12,2"
228,child,visitor,mobile,0.566836488720734,"4,1",9,"13,1"
228,child,visitor,mobile,0.566836488720734,"4,1",10,"13,1"
228,child,visitor,mobile,0.566836488720734,"4,1",11,"13,1"
228,child,visitor,mobile,0.566836488720734,"4,1",12,"13,1"
228,child,visitor,mobile,0.566836488720734,"4,1",13,"13,1"
228,child,visitor,mobile,0.566836488720734,"4,1",14,"13,1"
228,child,visitor,mobile,0.566836488720734,"4,1",15,"13,1"
228,child,visitor,mobile,0.566836488720734,"4,1",16,"13,1"
228,child,visitor,mobile,0.566836488720734,"4,1",17,"15,3"
228,child,visitor,mobile,0.566836488720734,"4,1",18,"11,0"
228,child,visitor,mobile,0.566836488720734,"4,1",19,"11,3"
228,child,visitor,mobile,0.566836488720734,"4,1",20,"12,2"
228,child,visitor,mobile,0.566836488720734,"4,1",21,"13,0"
228,child,visitor,mobile,0.566836488720734,"4,1",22,"4,1"
228,child,visitor,mobile,0.566836488720734,"4,1",23,"4,1"
229,child,visitor,mobile,0.5049212893202911,"9,6",0,"9,6"
229,child,visitor,mobile,0.5049212893202911,"9,6",1,"9,6"
229,child,visitor,mobile,0.5049212893202911,"9,6",2,"9,6"
229,child,visitor,mobile,0.5049212893202911,"9,6",3,"9,6"
229,child,visitor,mobile,0.5049212893202911,"9,6",4,"9,6"
229,child,visitor,mobile,0.5049212893202911,"9,6",5,"9,6"
229,child,visitor,mobile,0.5049212893202911,"9,6",6,"9,6"
229,child,visitor,mobile,0.5049212893202911,"9,6",7,"4,4"
229,child,visitor,mobile,0.5049212893202911,"9,6",8,"0,3"
229,child,visitor,mobile,0.5049212893202911,"9,6",9,"2,2"
229,child,visitor,mobile,0.5049212893202911,"9,6",10,"2,2"
229,child,visitor,mobile,0.5049212893202911,"9,6",11,"2,2"
229,child,visitor,mobile,0.5049212893202911,"9,6",12,"2,2"
229,child,visitor,mobile,0.5049212893202911,"9,6",13,"2,2"
229,child,visitor,mobile,0.5049212893202911,"9,6",14,"2,2"
229,child,visitor,mobile,0.5049212893202911,"9,6",15,"2,2"
229,child,visitor,mobile,0.5049212893202911,"9,6",16,"2,2"
229,child,visitor,mobile,0.5049212893202911,"9,6",17,"3,4"
229,child,visitor,mobile,0.5049212893202911,"9,6",18,"4,3"
229,child,visitor,mobile,0.5049212893202911,"9,6",19,"1,3"
229,child,visitor,mobile,0.5049212893202911,"9,6",20,"1,2"
229,child,visitor,mobile,0.5049212893202911,"9,6",21,"2,2"
229,child,visitor,mobile,0.5049212893202911,"9,6",22,"9,6"
229,child,visitor,mobile,0.5049212893202911,"9,6",23,"9,6"
230,adult,worker,mobile,0.2379441270070261,"14,3",0,"14,3"
230,adult,worker,mobile,0.2379441270070261,"14,3",1,"14,3"
230,adult,worker,mobile,0.2379441270070261,"14,3",2,"14,3"
230,adult,worker,mobile,0.2379441270070261,"14,3",3,"14,3"
230,adult,worker,mobile,0.2379441270070261,"14,3",4,"14,3"
230,adult,worker,mobile,0.2379441270070261,"14,3",5,"14,3"
230,adult,worker,mobile,0.2379441270070261,"14,3",6,"14,3"
230,adult,worker,mobile,0.2379441270070261,"14,3",7,"8,4"
230,adult,worker,mobile,0.2379441270070261,"14,3",8,"5,6"
230,adult,worker,mobile,0.2379441270070261,"14,3",9,"6,5"
230,adult,worker,mobile,0.2379441270070261,"14,3",10,"6,5"
230,adult,worker,mobile,0.2379441270070261,"14,3",11,"6,5"
230,adult,worker,mobile,0.2379441270070261,"14,3",12,"6,5"
230,adult,worker,mobile,0.2379441270070261,"14,3",13,"6,5"
230,adult,worker,mobile,0.2379441270070261,"14,3",14,"6,5"
230,adult,worker,mobile,0.2379441270070261,"14,3",15,"6,5"
230,adult,worker,mobile,0.2379441270070261,"14,3",16,"6,5"
230,adult,worker,mobile,0.2379441270070261,"14,3",17,"7,6"
230,adult,worker,mobile,0.2379441270070261,"14,3",18,"4,3"
230,adult,worker,mobile,0.2379441270070261,"14,3",19,"4,6"
230,adult,worker,mobile,0.2379441270070261,"14,3",20,"7,4"
230,adult,worker,mobile,0.2379441270070261,"14,3",21,"8,5"
230,adult,worker,mobile,0.2379441270070261,"14,3",22,"14,3"
230,adult,worker,mobile,0.2379441270070261,"14,3",23,"14,3"
231,adult,resident,mobile,0.21828841423349848,"15,9",0,"15,9"
231,adult,resident,mobile,0.21828841423349848,"15,9",1,"15,9"
231,adult,resident,mobile,0.21828841423349848,"15,9",2,"15,9"
231,adult,resident,mobile,0.21828841423349848,"15,9",3,"15,9"
231,adult,resident,mobile,0.21828841423349848,"15,9",4,"15,9"
231,adult,resident,mobile,0.21828841423349848,"15,9",5,"15,9"
231,adult,resident,mobile,0.21828841423349848,"15,9",6,"15,9"
231,adult,resident,mobile,0.21828841423349848,"15,9",7,"0,7"
231,adult,resident,mobile,0.21828841423349848,"15,9",8,"3,7"
231,adult,resident,mobile,0.21828841423349848,"15,9",9,"2,5"
231,adult,resident,mobile,0.21828841423349848,"15,9",10,"2,5"
231,adult,resident,mobile,0.21828841423349848,"15,9",11,"2,5"
231,adult,resident,mobile,0.21828841423349848,"15,9",12,"2,5"
231,adult,resident,mobile,0.21828841423349848,"15,9",13,"2,5"
231,adult,resident,mobile,0.21828841423349848,"15,9",14,"2,5"
231,adult,resident,mobile,0.21828841423349848,"15,9",15,"2,5"
231,adult,resident,mobile,0.21828841423349848,"15,9",16,"2,5"
231,adult,resident,mobile,0.21828841423349848,"15,9",17,"3,4"
231,adult,resident,mobile,0.21828841423349848,"15,9",18,"2,5"
231,adult,resident,mobile,0.21828841423349848,"15,9",19,"4,7"
231,adult,resident,mobile,0.21828841423349848,"15,9",20,"1,6"
231,adult,resident,mobile,0.21828841423349848,"15,9",21,"0,7"
231,adult,resident,mobile,0.21828841423349848,"15,9",22,"15,9"
231,adult,resident,mobile,0.21828841423349848,"15,9",23,"15,9"
232,adult,worker,mobile,0.1839452306394218,"8,5",0,"8,5"
232,adult,worker,mobile,0.1839452306394218,"8,5",1,"8,5"
232,adult,worker,mobile,0.1839452306394218,"8,5",2,"8,5"
232,adult,worker,mobile,0.1839452306394218,"8,5",3,"8,5"
232,adult,worker,mobile,0.1839452306394218,"8,5",4,"8,5"
232,adult,worker,mobile,0.1839452306394218,"8,5",5,"8,5"
232,adult,worker,mobile,0.1839452306394218,"8,5",6,"8,5"
232,adult,worker,mobile,0.1839452306394218,"8,5",7,"13,2"
232,adult,worker,mobile,0.1839452306394218,"8,5",8,"14,2"
232,adult,worker,mobile,0.1839452306394218,"8,5",9,"14,2"
232,adult,worker,mobile,0.1839452306394218,"8,5",10,"14,2"
232,adult,worker,mobile,0.1839452306394218,"8,5",11,"14,2"
232,adult,worker,mobile,0.1839452306394218,"8,5",12,"14,2"
232,adult,worker,mobile,0.1839452306394218,"8,5",13,"14,2"
232,adult,worker,mobile,0.1839452306394218,"8,5",14,"14,2"
232,adult,worker,mobile,0.1839452306394218,"8,5",15,"14,2"
232,adult,worker,mobile,0.1839452306394218,"8,5",16,"14,2"
232,adult,worker,mobile,0.1839452306394218,"8,5",17,"15,0"
232,adult,worker,mobile,0.1839452306394218,"8,5",18,"15,0"
232,adult,worker,mobile,0.1839452306394218,"8,5",19,"15,4"
232,adult,worker,mobile,0.1839452306394218,"8,5",20,"12,4"
232,adult,worker,mobile,0.1839452306394218,"8,5",21,"13,0"
232,adult,worker,mobile,0.1839452306394218,"8,5",22,"8,5"
232,adult,worker,mobile,0.1839452306394218,"8,5",23,"8,5"
233,adult,visitor,mobile,0.29492040259128455,"2,9",0,"2,9"
233,adult,visitor,mobile,0.29492040259128455,"2,9",1,"2,9"
233,adult,visitor,mobile,0.29492040259128455,"2,9",2,"2,9"
233,adult,visitor,mobile,0.29492040259128455,"2,9",3,"2,9"
233,adult,visitor,mobile,0.29492040259128455,"2,9",4,"2,9"
233,adult,visitor,mobile,0.29492040259128455,"2,9",5,"2,9"
233,adult,visitor,mobile,0.29492040259128455,"2,9",6,"2,9"
233,adult,visitor,mobile,0.29492040259128455,"2,9",7,"5,4"
233,adult,visitor,mobile,0.29492040259128455,"2,9",8,"6,2"
233,adult,visitor,mobile,0.29492040259128455,"2,9",9,"7,2"
233,adult,visitor,mobile,0.29492040259128455,"2,9",10,"7,2"
233,adult,visitor,mobile,0.29492040259128455,"2,9",11,"7,2"
233,adult,visitor,mobile,0.29492040259128455,"2,9",12,"7,2"
233,adult,visitor,mobile,0.29492040259128455,"2,9",13,"7,2"
233,adult,visitor,mobile,0.29492040259128455,"2,9",14,"7,2"
233,adult,visitor,mobile,0.29492040259128455,"2,9",15,"7,2"
233,adult,visitor,mobile,0.29492040259128455,"2,9",16,"7,2"
233,adult,visitor,mobile,0.29492040259128455,"2,9",17,"9,2"
233,adult,visitor,mobile,0.29492040259128455,"2,9",18,"7,2"
233,adult,visitor,mobile,0.29492040259128455,"2,9",19,"7,2"
233,adult,visitor,mobile,0.29492040259128455,"2,9",20,"8,1"
233,adult,visitor,mobile,0.29492040259128455,"2,9",21,"7,3"
233,adult,visitor,mobile,0.29492040259128455,"2,9",22,"2,9"
233,adult,visitor,mobile,0.29492040259128455,"2,9",23,"2,9"
234,adult,resident,mobile,0.29013491932937124,"5,8",0,"5,8"
234,adult,resident,mobile,0.29013491932937124,"5,8",1,"5,8"
234,adult,resident,mobile,0.29013491932937124,"5,8",2,"5,8"
234,adult,resident,mobile,0.29013491932937124,"5,8",3,"5,8"
234,adult,resident,mobile,0.29013491932937124,"5,8",4,"5,8"
234,adult,resident,mobile,0.29013491932937124,"5,8",5,"5,8"
234,adult,resident,mobile,0.29013491932937124,"5,8",6,"5,8"
234,adult,resident,mobile,0.29013491932937124,"5,8",7,"0,4"
234,adult,resident,mobile,0.29013491932937124,"5,8",8,"0,6"
234,adult,resident,mobile,0.29013491932937124,"5,8",9,"2,5"
234,adult,resident,mobile,0.29013491932937124,"5,8",10,"2,5"
234,adult,resident,mobile,0.29013491932937124,"5,8",11,"2,5"
234,adult,resident,mobile,0.29013491932937124,"5,8",12,"2,5"
234,adult,resident,mobile,0.29013491932937124,"5,8",13,"2,5"
234,adult,resident,mobile,0.29013491932937124,"5,8",14,"2,5"
234,adult,resident,mobile,0.29013491932937124,"5,8",15,"2,5"
234,adult,resident,mobile,0.29013491932937124,"5,8",16,"2,5"
234,adult,resident,mobile,0.29013491932937124,"5,8",17,"0,4"
234,adult,resident,mobile,0.29013491932937124,"5,8",18,"4,6"
234,adult,resident,mobile,0.29013491932937124,"5,8",19,"3,6"
234,adult,resident,mobile,0.29013491932937124,"5,8",20,"2,4"
234,adult,resident,mobile,0.29013491932937124,"5,8",21,"3,6"
234,adult,resident,mobile,0.29013491932937124,"5,8",22,"5,8"
234,adult,resident,mobile,0.29013491932937124,"5,8",23,"5,8"
235,adult,worker,assisted,0.34669130855252334,"13,3",0,"13,3"
235,adult,worker,assisted,0.34669130855252334,"13,3",1,"13,3"
235,adult,worker,assisted,0.34669130855252334,"13,3",2,"13,3"
235,adult,worker,assisted,0.34669130855252334,"13,3",3,"13,3"
235,adult,worker,assisted,0.34669130855252334,"13,3",4,"13,3"
235,adult,worker,assisted,0.34669130855252334,"13,3",5,"13,3"
235,adult,worker,assisted,0.34669130855252334,"13,3",6,"13,3"
235,adult,worker,assisted,0.34669130855252334,"13,3",7,"10,9"
235,adult,worker,assisted,0.34669130855252334,"13,3",8,"13,6"
235,adult,worker,assisted,0.34669130855252334,"13,3",9,"12,8"
235,adult,worker,assisted,0.34669130855252334,"13,3",10,"12,8"
235,adult,worker,assisted,0.34669130855252334,"13,3",11,"12,8"
235,adult,worker,assisted,0.34669130855252334,"13,3",12,"12,8"
235,adult,worker,assisted,0.34669130855252334,"13,3",13,"12,8"
235,adult,worker,assisted,0.34669130855252334,"13,3",14,"12,8"
235,adult,worker,assisted,0.34669130855252334,"13,3",15,"12,8"
235,adult,worker,assisted,0.34669130855252334,"13,3",16,"12,8"
235,adult,worker,assisted,0.34669130855252334,"13,3",17,"13,9"
235,adult,worker,assisted,0.34669130855252334,"13,3",18,"11,6"
235,adult,worker,assisted,0.34669130855252334,"13,3",19,"12,9"
235,adult,worker,assisted,0.34669130855252334,"13,3",20,"13,9"
235,adult,worker,assisted,0.34669130855252334,"13,3",21,"14,9"
235,adult,worker,assisted,0.34669130855252334,"13,3",22,"13,3"
235,adult,worker,assisted,0.34669130855252334,"13,3",23,"13,3"
236,adult,worker,mobile,0.28232450555661204,"11,7",0,"11,7"
236,adult,worker,mobile,0.28232450555661204,"11,7",1,"11,7"
236,adult,worker,mobile,0.28232450555661204,"11,7",2,"11,7"
236,adult,worker,mobile,0.28232450555661204,"11,7",3,"11,7"
236,adult,worker,mobile,0.28232450555661204,"11,7",4,"11,7"
236,adult,worker,mobile,0.28232450555661204,"11,7",5,"11,7"
236,adult,worker,mobile,0.28232450555661204,"11,7",6,"11,7"
236,adult,worker,mobile,0.28232450555661204,"11,7",7,"9,0"
236,adult,worker,mobile,0.28232450555661204,"11,7",8,"8,0"
236,adult,worker,mobile,0.28232450555661204,"11,7",9,"9,0"
236,adult,worker,mobile,0.28232450555661204,"11,7",10,"9,0"
236,adult,worker,mobile,0.28232450555661204,"11,7",11,"9,0"
236,adult,worker,mobile,0.28232450555661204,"11,7",12,"9,0"
236,adult,worker,mobile,0.28232450555661204,"11,7",13,"9,0"
236,adult,worker,mobile,0.28232450555661204,"11,7",14,"9,0"
236,adult,worker,mobile,0.28232450555661204,"11,7",15,"9,0"
236,adult,worker,mobile,0.28232450555661204,"11,7",16,"9,0"
236,adult,worker,mobile,0.28232450555661204,"11,7",17,"8,0"
236,adult,worker,mobile,0.28232450555661204,"11,7",18,"9,1"
236,adult,worker,mobile,0.28232450555661204,"11,7",19,"10,0"
236,adult,worker,mobile,0.28232450555661204,"11,7",20,"10,2"
236,adult,worker,mobile,0.28232450555661204,"11,7",21,"8,0"
236,adult,worker,mobile,0.28232450555661204,"11,7",22,"11,7"
236,adult,worker,mobile,0.28232450555661204,"11,7",23,"11,7"
237,child,student,mobile,0.5757509116895175,"6,4",0,"6,4"
237,child,student,mobile,0.5757509116895175,"6,4",1,"6,4"
237,child,student,mobile,0.5757509116895175,"6,4",2,"6,4"
237,child,student,mobile,0.5757509116895175,"6,4",3,"6,4"
237,child,student,mobile,0.5757509116895175,"6,4",4,"6,4"
237,child,student,mobile,0.5757509116895175,"6,4",5,"6,4"
237,child,student,mobile,0.5757509116895175,"6,4",6,"6,4"
237,child,student,mobile,0.5757509116895175,"6,4",7,"1,1"
237,child,student,mobile,0.5757509116895175,"6,4",8,"1,0"
237,child,student,mobile,0.5757509116895175,"6,4",9,"0,2"
237,child,student,mobile,0.5757509116895175,"6,4",10,"0,2"
237,child,student,mobile,0.5757509116895175,"6,4",11,"0,2"
237,child,student,mobile,0.5757509116895175,"6,4",12,"0,2"
237,child,student,mobile,0.5757509116895175,"6,4",13,"0,2"
237,child,student,mobile,0.5757509116895175,"6,4",14,"0,2"
237,child,student,mobile,0.5757509116895175,"6,4",15,"0,2"
237,child,student,mobile,0.5757509116895175,"6,4",16,"0,2"
237,child,student,mobile,0.5757509116895175,"6,4",17,"1,1"
237,child,student,mobile,0.5757509116895175,"6,4",18,"0,3"
237,child,student,mobile,0.5757509116895175,"6,4",19,"1,1"
237,child,student,mobile,0.5757509116895175,"6,4",20,"1,2"
237,child,student,mobile,0.5757509116895175,"6,4",21,"0,1"
237,child,student,mobile,0.5757509116895175,"6,4",22,"6,4"
237,child,student,mobile,0.5757509116895175,"6,4",23,"6,4"
238,child,student,mobile,0.5403723756597331,"8,4",0,"8,4"
238,child,student,mobile,0.5403723756597331,"8,4",1,"8,4"
238,child,student,mobile,0.5403723756597331,"8,4",2,"8,4"
238,child,student,mobile,0.5403723756597331,"8,4",3,"8,4"
238,child,student,mobile,0.5403723756597331,"8,4",4,"8,4"
238,child,student,mobile,0.5403723756597331,"8,4",5,"8,4"
238,child,student,mobile,0.5403723756597331,"8,4",6,"8,4"
238,child,student,mobile,0.5403723756597331,"8,4",7,"12,1"
238,child,student,mobile,0.5403723756597331,"8,4",8,"12,4"
238,child,student,mobile,0.5403723756597331,"8,4",9,"11,2"
238,child,student,mobile,0.5403723756597331,"8,4",10,"11,2"
238,child,student,mobile,0.5403723756597331,"8,4",11,"11,2"
238,child,student,mobile,0.5403723756597331,"8,4",12,"11,2"
238,child,student,mobile,0.5403723756597331,"8,4",13,"11,2"
238,child,student,mobile,0.5403723756597331,"8,4",14,"11,2"
238,child,student,mobile,0.5403723756597331,"8,4",15,"11,2"
238,child,student,mobile,0.5403723756597331,"8,4",16,"11,2"
238,child,student,mobile,0.5403723756597331,"8,4",17,"10,1"
238,child,student,mobile,0.5403723756597331,"8,4",18,"9,1"
238,child,student,mobile,0.5403723756597331,"8,4",19,"9,3"
238,child,student,mobile,0.5403723756597331,"8,4",20,"11,1"
238,child,student,mobile,0.5403723756597331,"8,4",21,"13,4"
238,child,student,mobile,0.5403723756597331,"8,4",22,"8,4"
238,child,student,mobile,0.5403723756597331,"8,4",23,"8,4"
239,child,student,mobile,0.5952182201485263,"7,3",0,"7,3"
239,child,student,mobile,0.5952182201485263,"7,3",1,"7,3"
239,child,student,mobile,0.5952182201485263,"7,3",2,"7,3"
239,child,student,mobile,0.5952182201485263,"7,3",3,"7,3"
239,child,student,mobile,0.5952182201485263,"7,3",4,"7,3"
239,child,student,mobile,0.5952182201485263,"7,3",5,"7,3"
239,child,student,mobile,0.5952182201485263,"7,3",6,"7,3"
239,child,student,mobile,0.5952182201485263,"7,3",7,"10,9"
239,child,student,mobile,0.5952182201485263,"7,3",8,"13,7"
239,child,student,mobile,0.5952182201485263,"7,3",9,"11,7"
239,child,student,mobile,0.5952182201485263,"7,3",10,"11,7"
239,child,student,mobile,0.5952182201485263,"7,3",11,"11,7"
239,child,student,mobile,0.5952182201485263,"7,3",12,"11,7"
239,child,student,mobile,0.5952182201485263,"7,3",13,"11,7"
239,child,student,mobile,0.5952182201485263,"7,3",14,"11,7"
239,child,student,mobile,0.5952182201485263,"7,3",15,"11,7"
239,child,student,mobile,0.5952182201485263,"7,3",16,"11,7"
239,child,student,mobile,0.5952182201485263,"7,3",17,"13,9"
239,child,student,mobile,0.5952182201485263,"7,3",18,"13,9"
239,child,student,mobile,0.5952182201485263,"7,3",19,"13,5"
239,child,student,mobile,0.5952182201485263,"7,3",20,"12,5"
239,child,student,mobile,0.5952182201485263,"7,3",21,"11,5"
239,child,student,mobile,0.5952182201485263,"7,3",22,"7,3"
239,child,student,mobile,0.5952182201485263,"7,3",23,"7,3"
