hour_of_year,day,hour_of_day,hour_label,energy_consumed_wh,energy_consumed_kwh,average_power_kw,active_vehicles,active_vehicle_records
0,1,0,year hour 0000,84257.97,84.25797,84.25797,627.0,56190.0
1,1,1,year hour 0001,67763.65,67.76365,67.76365,602.0,52182.0
2,1,2,year hour 0002,67864.3,67.8643,67.8643,601.0,52088.0
3,1,3,year hour 0003,67591.19,67.59119,67.59119,601.0,52786.0
4,1,4,year hour 0004,68144.07,68.14407000000001,68.14407000000001,601.0,52279.0
5,1,5,year hour 0005,68040.49,68.04049,68.04049,601.0,53095.0
6,1,6,year hour 0006,71032.18,71.03218,71.03218,607.0,53189.0
7,1,7,year hour 0007,68068.45,68.06845,68.06845,595.0,52165.0
8,1,8,year hour 0008,69069.68000000001,69.06968,69.06968,604.0,53833.0
9,1,9,year hour 0009,67953.64,67.95364,67.95364,604.0,52529.0
10,1,10,year hour 0010,67944.94,67.94494,67.94494,602.0,52535.0
11,1,11,year hour 0011,67802.9,67.8029,67.8029,588.0,52375.0
12,1,12,year hour 0012,81722.33,81.72233000000001,81.72233000000001,620.0,54880.0
13,1,13,year hour 0013,67952.15,67.95214999999999,67.95214999999999,600.0,52484.0
14,1,14,year hour 0014,67660.66,67.66066000000001,67.66066000000001,601.0,53191.0
15,1,15,year hour 0015,68569.25,68.56924999999998,68.56924999999998,595.0,52507.0
16,1,16,year hour 0016,69555.96,69.55596,69.55596,608.0,53372.0
17,1,17,year hour 0017,68005.42,68.00542,68.00542,598.0,52153.0
18,1,18,year hour 0018,70931.0,70.931,70.931,607.0,53552.0
19,1,19,year hour 0019,67678.63,67.67863,67.67863,599.0,52674.0
20,1,20,year hour 0020,68076.09,68.07609,68.07609,599.0,52651.0
21,1,21,year hour 0021,67722.46,67.72246000000001,67.72246000000001,602.0,53040.0
22,1,22,year hour 0022,67821.74,67.82174,67.82174,604.0,52967.0
23,1,23,year hour 0023,66036.23,66.03622999999999,66.03622999999999,582.0,51731.0
24,2,0,year hour 0024,84257.97,84.25797,84.25797,627.0,56190.0
25,2,1,year hour 0025,67763.65,67.76365,67.76365,602.0,52182.0
26,2,2,year hour 0026,67864.3,67.8643,67.8643,601.0,52088.0
27,2,3,year hour 0027,67591.19,67.59119,67.59119,601.0,52786.0
28,2,4,year hour 0028,68144.07,68.14407000000001,68.14407000000001,601.0,52279.0
29,2,5,year hour 0029,68040.49,68.04049,68.04049,601.0,53095.0
30,2,6,year hour 0030,71032.18,71.03218,71.03218,607.0,53189.0
31,2,7,year hour 0031,68068.45,68.06845,68.06845,595.0,52165.0
32,2,8,year hour 0032,69069.68000000001,69.06968,69.06968,604.0,53833.0
33,2,9,year hour 0033,67953.64,67.95364,67.95364,604.0,52529.0
34,2,10,year hour 0034,67944.94,67.94494,67.94494,602.0,52535.0
35,2,11,year hour 0035,67802.9,67.8029,67.8029,588.0,52375.0
36,2,12,year hour 0036,81722.33,81.72233000000001,81.72233000000001,620.0,54880.0
37,2,13,year hour 0037,67952.15,67.95214999999999,67.95214999999999,600.0,52484.0
38,2,14,year hour 0038,67660.66,67.66066000000001,67.66066000000001,601.0,53191.0
39,2,15,year hour 0039,68569.25,68.56924999999998,68.56924999999998,595.0,52507.0
40,2,16,year hour 0040,69555.96,69.55596,69.55596,608.0,53372.0
41,2,17,year hour 0041,68005.42,68.00542,68.00542,598.0,52153.0
42,2,18,year hour 0042,70931.0,70.931,70.931,607.0,53552.0
43,2,19,year hour 0043,67678.63,67.67863,67.67863,599.0,52674.0
44,2,20,year hour 0044,68076.09,68.07609,68.07609,599.0,52651.0
45,2,21,year hour 0045,67722.46,67.72246000000001,67.72246000000001,602.0,53040.0
46,2,22,year hour 0046,67821.74,67.82174,67.82174,604.0,52967.0
47,2,23,year hour 0047,66036.23,66.03622999999999,66.03622999999999,582.0,51731.0
48,3,0,year hour 0048,84257.97,84.25797,84.25797,627.0,56190.0
49,3,1,year hour 0049,67763.65,67.76365,67.76365,602.0,52182.0
50,3,2,year hour 0050,67864.3,67.8643,67.8643,601.0,52088.0
51,3,3,year hour 0051,67591.19,67.59119,67.59119,601.0,52786.0
52,3,4,year hour 0052,68144.07,68.14407000000001,68.14407000000001,601.0,52279.0
53,3,5,year hour 0053,68040.49,68.04049,68.04049,601.0,53095.0
54,3,6,year hour 0054,71032.18,71.03218,71.03218,607.0,53189.0
55,3,7,year hour 0055,68068.45,68.06845,68.06845,595.0,52165.0
56,3,8,year hour 0056,69069.68000000001,69.06968,69.06968,604.0,53833.0
57,3,9,year hour 0057,67953.64,67.95364,67.95364,604.0,52529.0
58,3,10,year hour 0058,67944.94,67.94494,67.94494,602.0,52535.0
59,3,11,year hour 0059,67802.9,67.8029,67.8029,588.0,52375.0
60,3,12,year hour 0060,81722.33,81.72233000000001,81.72233000000001,620.0,54880.0
61,3,13,year hour 0061,67952.15,67.95214999999999,67.95214999999999,600.0,52484.0
62,3,14,year hour 0062,67660.66,67.66066000000001,67.66066000000001,601.0,53191.0
63,3,15,year hour 0063,68569.25,68.56924999999998,68.56924999999998,595.0,52507.0
64,3,16,year hour 0064,69555.96,69.55596,69.55596,608.0,53372.0
65,3,17,year hour 0065,68005.42,68.00542,68.00542,598.0,52153.0
66,3,18,year hour 0066,70931.0,70.931,70.931,607.0,53552.0
67,3,19,year hour 0067,67678.63,67.67863,67.67863,599.0,52674.0
68,3,20,year hour 0068,68076.09,68.07609,68.07609,599.0,52651.0
69,3,21,year hour 0069,67722.46,67.72246000000001,67.72246000000001,602.0,53040.0
70,3,22,year hour 0070,67821.74,67.82174,67.82174,604.0,52967.0
71,3,23,year hour 0071,66036.23,66.03622999999999,66.03622999999999,582.0,51731.0
72,4,0,year hour 0072,84257.97,84.25797,84.25797,627.0,56190.0
73,4,1,year hour 0073,67763.65,67.76365,67.76365,602.0,52182.0
74,4,2,year hour 0074,67864.3,67.8643,67.8643,601.0,52088.0
75,4,3,year hour 0075,67591.19,67.59119,67.59119,601.0,52786.0
76,4,4,year hour 0076,68144.07,68.14407000000001,68.14407000000001,601.0,52279.0
77,4,5,year hour 0077,68040.49,68.04049,68.04049,601.0,53095.0
78,4,6,year hour 0078,71032.18,71.03218,71.03218,607.0,53189.0
79,4,7,year hour 0079,68068.45,68.06845,68.06845,595.0,52165.0
80,4,8,year hour 0080,69069.68000000001,69.06968,69.06968,604.0,53833.0
81,4,9,year hour 0081,67953.64,67.95364,67.95364,604.0,52529.0
82,4,10,year hour 0082,67944.94,67.94494,67.94494,602.0,52535.0
83,4,11,year hour 0083,67802.9,67.8029,67.8029,588.0,52375.0
84,4,12,year hour 0084,81722.33,81.72233000000001,81.72233000000001,620.0,54880.0
85,4,13,year hour 0085,67952.15,67.95214999999999,67.95214999999999,600.0,52484.0
86,4,14,year hour 0086,67660.66,67.66066000000001,67.66066000000001,601.0,53191.0
87,4,15,year hour 0087,68569.25,68.56924999999998,68.56924999999998,595.0,52507.0
88,4,16,year hour 0088,69555.96,69.55596,69.55596,608.0,53372.0
89,4,17,year hour 0089,68005.42,68.00542,68.00542,598.0,52153.0
90,4,18,year hour 0090,70931.0,70.931,70.931,607.0,53552.0
91,4,19,year hour 0091,67678.63,67.67863,67.67863,599.0,52674.0
92,4,20,year hour 0092,68076.09,68.07609,68.07609,599.0,52651.0
93,4,21,year hour 0093,67722.46,67.72246000000001,67.72246000000001,602.0,53040.0
94,4,22,year hour 0094,67821.74,67.82174,67.82174,604.0,52967.0
95,4,23,year hour 0095,66036.23,66.03622999999999,66.03622999999999,582.0,51731.0
96,5,0,year hour 0096,84257.97,84.25797,84.25797,627.0,56190.0
97,5,1,year hour 0097,67763.65,67.76365,67.76365,602.0,52182.0
98,5,2,year hour 0098,67864.3,67.8643,67.8643,601.0,52088.0
99,5,3,year hour 0099,67591.19,67.59119,67.59119,601.0,52786.0
100,5,4,year hour 0100,68144.07,68.14407000000001,68.14407000000001,601.0,52279.0
101,5,5,year hour 0101,68040.49,68.04049,68.04049,601.0,53095.0
102,5,6,year hour 0102,71032.18,71.03218,71.03218,607.0,53189.0
103,5,7,year hour 0103,68068.45,68.06845,68.06845,595.0,52165.0
104,5,8,year hour 0104,69069.68000000001,69.06968,69.06968,604.0,53833.0
105,5,9,year hour 0105,67953.64,67.95364,67.95364,604.0,52529.0
106,5,10,year hour 0106,67944.94,67.94494,67.94494,602.0,52535.0
107,5,11,year hour 0107,67802.9,67.8029,67.8029,588.0,52375.0
108,5,12,year hour 0108,81722.33,81.72233000000001,81.72233000000001,620.0,54880.0
109,5,13,year hour 0109,67952.15,67.95214999999999,67.95214999999999,600.0,52484.0
110,5,14,year hour 0110,67660.66,67.66066000000001,67.66066000000001,601.0,53191.0
111,5,15,year hour 0111,68569.25,68.56924999999998,68.56924999999998,595.0,52507.0
112,5,16,year hour 0112,69555.96,69.55596,69.55596,608.0,53372.0
113,5,17,year hour 0113,68005.42,68.00542,68.00542,598.0,52153.0
114,5,18,year hour 0114,70931.0,70.931,70.931,607.0,53552.0
115,5,19,year hour 0115,67678.63,67.67863,67.67863,599.0,52674.0
116,5,20,year hour 0116,68076.09,68.07609,68.07609,599.0,52651.0
117,5,21,year hour 0117,67722.46,67.72246000000001,67.72246000000001,602.0,53040.0
118,5,22,year hour 0118,67821.74,67.82174,67.82174,604.0,52967.0
119,5,23,year hour 0119,66036.23,66.03622999999999,66.03622999999999,582.0,51731.0
120,6,0,year hour 0120,84257.97,84.25797,84.25797,627.0,56190.0
121,6,1,year hour 0121,67763.65,67.76365,67.76365,602.0,52182.0
122,6,2,year hour 0122,67864.3,67.8643,67.8643,601.0,52088.0
123,6,3,year hour 0123,67591.19,67.59119,67.59119,601.0,52786.0
124,6,4,year hour 0124,68144.07,68.14407000000001,68.14407000000001,601.0,52279.0
125,6,5,year hour 0125,68040.49,68.04049,68.04049,601.0,53095.0
126,6,6,year hour 0126,71032.18,71.03218,71.03218,607.0,53189.0
127,6,7,year hour 0127,68068.45,68.06845,68.06845,595.0,52165.0
128,6,8,year hour 0128,69069.68000000001,69.06968,69.06968,604.0,53833.0
129,6,9,year hour 0129,67953.64,67.95364,67.95364,604.0,52529.0
130,6,10,year hour 0130,67944.94,67.94494,67.94494,602.0,52535.0
131,6,11,year hour 0131,67802.9,67.8029,67.8029,588.0,52375.0
132,6,12,year hour 0132,81722.33,81.72233000000001,81.72233000000001,620.0,54880.0
133,6,13,year hour 0133,67952.15,67.95214999999999,67.95214999999999,600.0,52484.0
134,6,14,year hour 0134,67660.66,67.66066000000001,67.66066000000001,601.0,53191.0
135,6,15,year hour 0135,68569.25,68.56924999999998,68.56924999999998,595.0,52507.0
136,6,16,year hour 0136,69555.96,69.55596,69.55596,608.0,53372.0
137,6,17,year hour 0137,68005.42,68.00542,68.00542,598.0,52153.0
138,6,18,year hour 0138,70931.0,70.931,70.931,607.0,53552.0
139,6,19,year hour 0139,67678.63,67.67863,67.67863,599.0,52674.0
140,6,20,year hour 0140,68076.09,68.07609,68.07609,599.0,52651.0
141,6,21,year hour 0141,67722.46,67.72246000000001,67.72246000000001,602.0,53040.0
142,6,22,year hour 0142,67821.74,67.82174,67.82174,604.0,52967.0
143,6,23,year hour 0143,66036.23,66.03622999999999,66.03622999999999,582.0,51731.0
144,7,0,year hour 0144,84257.97,84.25797,84.25797,627.0,56190.0
145,7,1,year hour 0145,67763.65,67.76365,67.76365,602.0,52182.0
146,7,2,year hour 0146,67864.3,67.8643,67.8643,601.0,52088.0
147,7,3,year hour 0147,67591.19,67.59119,67.59119,601.0,52786.0
148,7,4,year hour 0148,68144.07,68.14407000000001,68.14407000000001,601.0,52279.0
149,7,5,year hour 0149,68040.49,68.04049,68.04049,601.0,53095.0
150,7,6,year hour 0150,71032.18,71.03218,71.03218,607.0,53189.0
151,7,7,year hour 0151,68068.45,68.06845,68.06845,595.0,52165.0
152,7,8,year hour 0152,69069.68000000001,69.06968,69.06968,604.0,53833.0
153,7,9,year hour 0153,67953.64,67.95364,67.95364,604.0,52529.0
154,7,10,year hour 0154,67944.94,67.94494,67.94494,602.0,52535.0
155,7,11,year hour 0155,67802.9,67.8029,67.8029,588.0,52375.0
156,7,12,year hour 0156,81722.33,81.72233000000001,81.72233000000001,620.0,54880.0
157,7,13,year hour 0157,67952.15,67.95214999999999,67.95214999999999,600.0,52484.0
158,7,14,year hour 0158,67660.66,67.66066000000001,67.66066000000001,601.0,53191.0
159,7,15,year hour 0159,68569.25,68.56924999999998,68.56924999999998,595.0,52507.0
160,7,16,year hour 0160,69555.96,69.55596,69.55596,608.0,53372.0
161,7,17,year hour 0161,68005.42,68.00542,68.00542,598.0,52153.0
162,7,18,year hour 0162,70931.0,70.931,70.931,607.0,53552.0
163,7,19,year hour 0163,67678.63,67.67863,67.67863,599.0,52674.0
164,7,20,year hour 0164,68076.09,68.07609,68.07609,599.0,52651.0
165,7,21,year hour 0165,67722.46,67.72246000000001,67.72246000000001,602.0,53040.0
166,7,22,year hour 0166,67821.74,67.82174,67.82174,604.0,52967.0
167,7,23,year hour 0167,66036.23,66.03622999999999,66.03622999999999,582.0,51731.0
168,8,0,year hour 0168,84257.97,84.25797,84.25797,627.0,56190.0
169,8,1,year hour 0169,67763.65,67.76365,67.76365,602.0,52182.0
170,8,2,year hour 0170,67864.3,67.8643,67.8643,601.0,52088.0
171,8,3,year hour 0171,67591.19,67.59119,67.59119,601.0,52786.0
172,8,4,year hour 0172,68144.07,68.14407000000001,68.14407000000001,601.0,52279.0
173,8,5,year hour 0173,68040.49,68.04049,68.04049,601.0,53095.0
174,8,6,year hour 0174,71032.18,71.03218,71.03218,607.0,53189.0
175,8,7,year hour 0175,68068.45,68.06845,68.06845,595.0,52165.0
176,8,8,year hour 0176,69069.68000000001,69.06968,69.06968,604.0,53833.0
177,8,9,year hour 0177,67953.64,67.95364,67.95364,604.0,52529.0
178,8,10,year hour 0178,67944.94,67.94494,67.94494,602.0,52535.0
179,8,11,year hour 0179,67802.9,67.8029,67.8029,588.0,52375.0
180,8,12,year hour 0180,81722.33,81.72233000000001,81.72233000000001,620.0,54880.0
181,8,13,year hour 0181,67952.15,67.95214999999999,67.95214999999999,600.0,52484.0
182,8,14,year hour 0182,67660.66,67.66066000000001,67.66066000000001,601.0,53191.0
183,8,15,year hour 0183,68569.25,68.56924999999998,68.56924999999998,595.0,52507.0
184,8,16,year hour 0184,69555.96,69.55596,69.55596,608.0,53372.0
185,8,17,year hour 0185,68005.42,68.00542,68.00542,598.0,52153.0
186,8,18,year hour 0186,70931.0,70.931,70.931,607.0,53552.0
187,8,19,year hour 0187,67678.63,67.67863,67.67863,599.0,52674.0
188,8,20,year hour 0188,68076.09,68.07609,68.07609,599.0,52651.0
189,8,21,year hour 0189,67722.46,67.72246000000001,67.72246000000001,602.0,53040.0
190,8,22,year hour 0190,67821.74,67.82174,67.82174,604.0,52967.0
191,8,23,year hour 0191,66036.23,66.03622999999999,66.03622999999999,582.0,51731.0
192,9,0,year hour 0192,84257.97,84.25797,84.25797,627.0,56190.0
193,9,1,year hour 0193,67763.65,67.76365,67.76365,602.0,52182.0
194,9,2,year hour 0194,67864.3,67.8643,67.8643,601.0,52088.0
195,9,3,year hour 0195,67591.19,67.59119,67.59119,601.0,52786.0
196,9,4,year hour 0196,68144.07,68.14407000000001,68.14407000000001,601.0,52279.0
197,9,5,year hour 0197,68040.49,68.04049,68.04049,601.0,53095.0
198,9,6,year hour 0198,71032.18,71.03218,71.03218,607.0,53189.0
199,9,7,year hour 0199,68068.45,68.06845,68.06845,595.0,52165.0
200,9,8,year hour 0200,69069.68000000001,69.06968,69.06968,604.0,53833.0
201,9,9,year hour 0201,67953.64,67.95364,67.95364,604.0,52529.0
202,9,10,year hour 0202,67944.94,67.94494,67.94494,602.0,52535.0
203,9,11,year hour 0203,67802.9,67.8029,67.8029,588.0,52375.0
204,9,12,year hour 0204,81722.33,81.72233000000001,81.72233000000001,620.0,54880.0
205,9,13,year hour 0205,67952.15,67.95214999999999,67.95214999999999,600.0,52484.0
206,9,14,year hour 0206,67660.66,67.66066000000001,67.66066000000001,601.0,53191.0
207,9,15,year hour 0207,68569.25,68.56924999999998,68.56924999999998,595.0,52507.0
208,9,16,year hour 0208,69555.96,69.55596,69.55596,608.0,53372.0
209,9,17,year hour 0209,68005.42,68.00542,68.00542,598.0,52153.0
210,9,18,year hour 0210,70931.0,70.931,70.931,607.0,53552.0
211,9,19,year hour 0211,67678.63,67.67863,67.67863,599.0,52674.0
212,9,20,year hour 0212,68076.09,68.07609,68.07609,599.0,52651.0
213,9,21,year hour 0213,67722.46,67.72246000000001,67.72246000000001,602.0,53040.0
214,9,22,year hour 0214,67821.74,67.82174,67.82174,604.0,52967.0
215,9,23,year hour 0215,66036.23,66.03622999999999,66.03622999999999,582.0,51731.0
216,10,0,year hour 0216,84257.97,84.25797,84.25797,627.0,56190.0
217,10,1,year hour 0217,67763.65,67.76365,67.76365,602.0,52182.0
218,10,2,year hour 0218,67864.3,67.8643,67.8643,601.0,52088.0
219,10,3,year hour 0219,67591.19,67.59119,67.59119,601.0,52786.0
220,10,4,year hour 0220,68144.07,68.14407000000001,68.14407000000001,601.0,52279.0
221,10,5,year hour 0221,68040.49,68.04049,68.04049,601.0,53095.0
222,10,6,year hour 0222,71032.18,71.03218,71.03218,607.0,53189.0
223,10,7,year hour 0223,68068.45,68.06845,68.06845,595.0,52165.0
224,10,8,year hour 0224,69069.68000000001,69.06968,69.06968,604.0,53833.0
225,10,9,year hour 0225,67953.64,67.95364,67.95364,604.0,52529.0
226,10,10,year hour 0226,67944.94,67.94494,67.94494,602.0,52535.0
227,10,11,year hour 0227,67802.9,67.8029,67.8029,588.0,52375.0
228,10,12,year hour 0228,81722.33,81.72233000000001,81.72233000000001,620.0,54880.0
229,10,13,year hour 0229,67952.15,67.95214999999999,67.95214999999999,600.0,52484.0
230,10,14,year hour 0230,67660.66,67.66066000000001,67.66066000000001,601.0,53191.0
231,10,15,year hour 0231,68569.25,68.56924999999998,68.56924999999998,595.0,52507.0
232,10,16,year hour 0232,69555.96,69.55596,69.55596,608.0,53372.0
233,10,17,year hour 0233,68005.42,68.00542,68.00542,598.0,52153.0
234,10,18,year hour 0234,70931.0,70.931,70.931,607.0,53552.0
235,10,19,year hour 0235,67678.63,67.67863,67.67863,599.0,52674.0
236,10,20,year hour 0236,68076.09,68.07609,68.07609,599.0,52651.0
237,10,21,year hour 0237,67722.46,67.72246000000001,67.72246000000001,602.0,53040.0
238,10,22,year hour 0238,67821.74,67.82174,67.82174,604.0,52967.0
239,10,23,year hour 0239,66036.23,66.03622999999999,66.03622999999999,582.0,51731.0
240,11,0,year hour 0240,84257.97,84.25797,84.25797,627.0,56190.0
241,11,1,year hour 0241,67763.65,67.76365,67.76365,602.0,52182.0
242,11,2,year hour 0242,67864.3,67.8643,67.8643,601.0,52088.0
243,11,3,year hour 0243,67591.19,67.59119,67.59119,601.0,52786.0
244,11,4,year hour 0244,68144.07,68.14407000000001,68.14407000000001,601.0,52279.0
245,11,5,year hour 0245,68040.49,68.04049,68.04049,601.0,53095.0
246,11,6,year hour 0246,71032.18,71.03218,71.03218,607.0,53189.0
247,11,7,year hour 0247,68068.45,68.06845,68.06845,595.0,52165.0
248,11,8,year hour 0248,69069.68000000001,69.06968,69.06968,604.0,53833.0
249,11,9,year hour 0249,67953.64,67.95364,67.95364,604.0,52529.0
250,11,10,year hour 0250,67944.94,67.94494,67.94494,602.0,52535.0
251,11,11,year hour 0251,67802.9,67.8029,67.8029,588.0,52375.0
252,11,12,year hour 0252,81722.33,81.72233000000001,81.72233000000001,620.0,54880.0
253,11,13,year hour 0253,67952.15,67.95214999999999,67.95214999999999,600.0,52484.0
254,11,14,year hour 0254,67660.66,67.66066000000001,67.66066000000001,601.0,53191.0
255,11,15,year hour 0255,68569.25,68.56924999999998,68.56924999999998,595.0,52507.0
256,11,16,year hour 0256,69555.96,69.55596,69.55596,608.0,53372.0
257,11,17,year hour 0257,68005.42,68.00542,68.00542,598.0,52153.0
258,11,18,year hour 0258,70931.0,70.931,70.931,607.0,53552.0
259,11,19,year hour 0259,67678.63,67.67863,67.67863,599.0,52674.0
260,11,20,year hour 0260,68076.09,68.07609,68.07609,599.0,52651.0
261,11,21,year hour 0261,67722.46,67.72246000000001,67.72246000000001,602.0,53040.0
262,11,22,year hour 0262,67821.74,67.82174,67.82174,604.0,52967.0
263,11,23,year hour 0263,66036.23,66.03622999999999,66.03622999999999,582.0,51731.0
264,12,0,year hour 0264,84257.97,84.25797,84.25797,627.0,56190.0
265,12,1,year hour 0265,67763.65,67.76365,67.76365,602.0,52182.0
266,12,2,year hour 0266,67864.3,67.8643,67.8643,601.0,52088.0
267,12,3,year hour 0267,67591.19,67.59119,67.59119,601.0,52786.0
268,12,4,year hour 0268,68144.07,68.14407000000001,68.14407000000001,601.0,52279.0
269,12,5,year hour 0269,68040.49,68.04049,68.04049,601.0,53095.0
270,12,6,year hour 0270,71032.18,71.03218,71.03218,607.0,53189.0
271,12,7,year hour 0271,68068.45,68.06845,68.06845,595.0,52165.0
272,12,8,year hour 0272,69069.68000000001,69.06968,69.06968,604.0,53833.0
273,12,9,year hour 0273,67953.64,67.95364,67.95364,604.0,52529.0
274,12,10,year hour 0274,67944.94,67.94494,67.94494,602.0,52535.0
275,12,11,year hour 0275,67802.9,67.8029,67.8029,588.0,52375.0
276,12,12,year hour 0276,81722.33,81.72233000000001,81.72233000000001,620.0,54880.0
277,12,13,year hour 0277,67952.15,67.95214999999999,67.95214999999999,600.0,52484.0
278,12,14,year hour 0278,67660.66,67.66066000000001,67.66066000000001,601.0,53191.0
279,12,15,year hour 0279,68569.25,68.56924999999998,68.56924999999998,595.0,52507.0
280,12,16,year hour 0280,69555.96,69.55596,69.55596,608.0,53372.0
281,12,17,year hour 0281,68005.42,68.00542,68.00542,598.0,52153.0
282,12,18,year hour 0282,70931.0,70.931,70.931,607.0,53552.0
283,12,19,year hour 0283,67678.63,67.67863,67.67863,599.0,52674.0
284,12,20,year hour 0284,68076.09,68.07609,68.07609,599.0,52651.0
285,12,21,year hour 0285,67722.46,67.72246000000001,67.72246000000001,602.0,53040.0
286,12,22,year hour 0286,67821.74,67.82174,67.82174,604.0,52967.0
287,12,23,year hour 0287,66036.23,66.03622999999999,66.03622999999999,582.0,51731.0
288,13,0,year hour 0288,84257.97,84.25797,84.25797,627.0,56190.0
289,13,1,year hour 0289,67763.65,67.76365,67.76365,602.0,52182.0
290,13,2,year hour 0290,67864.3,67.8643,67.8643,601.0,52088.0
291,13,3,year hour 0291,67591.19,67.59119,67.59119,601.0,52786.0
292,13,4,year hour 0292,68144.07,68.14407000000001,68.14407000000001,601.0,52279.0
293,13,5,year hour 0293,68040.49,68.04049,68.04049,601.0,53095.0
294,13,6,year hour 0294,71032.18,71.03218,71.03218,607.0,53189.0
295,13,7,year hour 0295,68068.45,68.06845,68.06845,595.0,52165.0
296,13,8,year hour 0296,69069.68000000001,69.06968,69.06968,604.0,53833.0
297,13,9,year hour 0297,67953.64,67.95364,67.95364,604.0,52529.0
298,13,10,year hour 0298,67944.94,67.94494,67.94494,602.0,52535.0
299,13,11,year hour 0299,67802.9,67.8029,67.8029,588.0,52375.0
300,13,12,year hour 0300,81722.33,81.72233000000001,81.72233000000001,620.0,54880.0
301,13,13,year hour 0301,67952.15,67.95214999999999,67.95214999999999,600.0,52484.0
302,13,14,year hour 0302,67660.66,67.66066000000001,67.66066000000001,601.0,53191.0
303,13,15,year hour 0303,68569.25,68.56924999999998,68.56924999999998,595.0,52507.0
304,13,16,year hour 0304,69555.96,69.55596,69.55596,608.0,53372.0
305,13,17,year hour 0305,68005.42,68.00542,68.00542,598.0,52153.0
306,13,18,year hour 0306,70931.0,70.931,70.931,607.0,53552.0
307,13,19,year hour 0307,67678.63,67.67863,67.67863,599.0,52674.0
308,13,20,year hour 0308,68076.09,68.07609,68.07609,599.0,52651.0
309,13,21,year hour 0309,67722.46,67.72246000000001,67.72246000000001,602.0,53040.0
310,13,22,year hour 0310,67821.74,67.82174,67.82174,604.0,52967.0
311,13,23,year hour 0311,66036.23,66.03622999999999,66.03622999999999,582.0,51731.0
312,14,0,year hour 0312,84257.97,84.25797,84.25797,627.0,56190.0
313,14,1,year hour 0313,67763.65,67.76365,67.76365,602.0,52182.0
314,14,2,year hour 0314,67864.3,67.8643,67.8643,601.0,52088.0
315,14,3,year hour 0315,67591.19,67.59119,67.59119,601.0,52786.0
316,14,4,year hour 0316,68144.07,68.14407000000001,68.14407000000001,601.0,52279.0
317,14,5,year hour 0317,68040.49,68.04049,68.04049,601.0,53095.0
318,14,6,year hour 0318,71032.18,71.03218,71.03218,607.0,53189.0
319,14,7,year hour 0319,68068.45,68.06845,68.06845,595.0,52165.0
320,14,8,year hour 0320,69069.68000000001,69.06968,69.06968,604.0,53833.0
321,14,9,year hour 0321,67953.64,67.95364,67.95364,604.0,52529.0
322,14,10,year hour 0322,67944.94,67.94494,67.94494,602.0,52535.0
323,14,11,year hour 0323,67802.9,67.8029,67.8029,588.0,52375.0
324,14,12,year hour 0324,81722.33,81.72233000000001,81.72233000000001,620.0,54880.0
325,14,13,year hour 0325,67952.15,67.95214999999999,67.95214999999999,600.0,52484.0
326,14,14,year hour 0326,67660.66,67.66066000000001,67.66066000000001,601.0,53191.0
327,14,15,year hour 0327,68569.25,68.56924999999998,68.56924999999998,595.0,52507.0
328,14,16,year hour 0328,69555.96,69.55596,69.55596,608.0,53372.0
329,14,17,year hour 0329,68005.42,68.00542,68.00542,598.0,52153.0
330,14,18,year hour 0330,70931.0,70.931,70.931,607.0,53552.0
331,14,19,year hour 0331,67678.63,67.67863,67.67863,599.0,52674.0
332,14,20,year hour 0332,68076.09,68.07609,68.07609,599.0,52651.0
333,14,21,year hour 0333,67722.46,67.72246000000001,67.72246000000001,602.0,53040.0
334,14,22,year hour 0334,67821.74,67.82174,67.82174,604.0,52967.0
335,14,23,year hour 0335,66036.23,66.03622999999999,66.03622999999999,582.0,51731.0
336,15,0,year hour 0336,84257.97,84.25797,84.25797,627.0,56190.0
337,15,1,year hour 0337,67763.65,67.76365,67.76365,602.0,52182.0
338,15,2,year hour 0338,67864.3,67.8643,67.8643,601.0,52088.0
339,15,3,year hour 0339,67591.19,67.59119,67.59119,601.0,52786.0
340,15,4,year hour 0340,68144.07,68.14407000000001,68.14407000000001,601.0,52279.0
341,15,5,year hour 0341,68040.49,68.04049,68.04049,601.0,53095.0
342,15,6,year hour 0342,71032.18,71.03218,71.03218,607.0,53189.0
343,15,7,year hour 0343,68068.45,68.06845,68.06845,595.0,52165.0
344,15,8,year hour 0344,69069.68000000001,69.06968,69.06968,604.0,53833.0
345,15,9,year hour 0345,67953.64,67.95364,67.95364,604.0,52529.0
346,15,10,year hour 0346,67944.94,67.94494,67.94494,602.0,52535.0
347,15,11,year hour 0347,67802.9,67.8029,67.8029,588.0,52375.0
348,15,12,year hour 0348,81722.33,81.72233000000001,81.72233000000001,620.0,54880.0
349,15,13,year hour 0349,67952.15,67.95214999999999,67.95214999999999,600.0,52484.0
350,15,14,year hour 0350,67660.66,67.66066000000001,67.66066000000001,601.0,53191.0
351,15,15,year hour 0351,68569.25,68.56924999999998,68.56924999999998,595.0,52507.0
352,15,16,year hour 0352,69555.96,69.55596,69.55596,608.0,53372.0
353,15,17,year hour 0353,68005.42,68.00542,68.00542,598.0,52153.0
354,15,18,year hour 0354,70931.0,70.931,70.931,607.0,53552.0
355,15,19,year hour 0355,67678.63,67.67863,67.67863,599.0,52674.0
356,15,20,year hour 0356,68076.09,68.07609,68.07609,599.0,52651.0
357,15,21,year hour 0357,67722.46,67.72246000000001,67.72246000000001,602.0,53040.0
358,15,22,year hour 0358,67821.74,67.82174,67.82174,604.0,52967.0
359,15,23,year hour 0359,66036.23,66.03622999999999,66.03622999999999,582.0,51731.0
360,16,0,year hour 0360,84257.97,84.25797,84.25797,627.0,56190.0
361,16,1,year hour 0361,67763.65,67.76365,67.76365,602.0,52182.0
362,16,2,year hour 0362,67864.3,67.8643,67.8643,601.0,52088.0
363,16,3,year hour 0363,67591.19,67.59119,67.59119,601.0,52786.0
364,16,4,year hour 0364,68144.07,68.14407000000001,68.14407000000001,601.0,52279.0
365,16,5,year hour 0365,68040.49,68.04049,68.04049,601.0,53095.0
366,16,6,year hour 0366,71032.18,71.03218,71.03218,607.0,53189.0
367,16,7,year hour 0367,68068.45,68.06845,68.06845,595.0,52165.0
368,16,8,year hour 0368,69069.68000000001,69.06968,69.06968,604.0,53833.0
369,16,9,year hour 0369,67953.64,67.95364,67.95364,604.0,52529.0
370,16,10,year hour 0370,67944.94,67.94494,67.94494,602.0,52535.0
371,16,11,year hour 0371,67802.9,67.8029,67.8029,588.0,52375.0
372,16,12,year hour 0372,81722.33,81.72233000000001,81.72233000000001,620.0,54880.0
373,16,13,year hour 0373,67952.15,67.95214999999999,67.95214999999999,600.0,52484.0
374,16,14,year hour 0374,67660.66,67.66066000000001,67.66066000000001,601.0,53191.0
375,16,15,year hour 0375,68569.25,68.56924999999998,68.56924999999998,595.0,52507.0
376,16,16,year hour 0376,69555.96,69.55596,69.55596,608.0,53372.0
377,16,17,year hour 0377,68005.42,68.00542,68.00542,598.0,52153.0
378,16,18,year hour 0378,70931.0,70.931,70.931,607.0,53552.0
379,16,19,year hour 0379,67678.63,67.67863,67.67863,599.0,52674.0
380,16,20,year hour 0380,68076.09,68.07609,68.07609,599.0,52651.0
381,16,21,year hour 0381,67722.46,67.72246000000001,67.72246000000001,602.0,53040.0
382,16,22,year hour 0382,67821.74,67.82174,67.82174,604.0,52967.0
383,16,23,year hour 0383,66036.23,66.03622999999999,66.03622999999999,582.0,51731.0
384,17,0,year hour 0384,84257.97,84.25797,84.25797,627.0,56190.0
385,17,1,year hour 0385,67763.65,67.76365,67.76365,602.0,52182.0
386,17,2,year hour 0386,67864.3,67.8643,67.8643,601.0,52088.0
387,17,3,year hour 0387,67591.19,67.59119,67.59119,601.0,52786.0
388,17,4,year hour 0388,68144.07,68.14407000000001,68.14407000000001,601.0,52279.0
389,17,5,year hour 0389,68040.49,68.04049,68.04049,601.0,53095.0
390,17,6,year hour 0390,71032.18,71.03218,71.03218,607.0,53189.0
391,17,7,year hour 0391,68068.45,68.06845,68.06845,595.0,52165.0
392,17,8,year hour 0392,69069.68000000001,69.06968,69.06968,604.0,53833.0
393,17,9,year hour 0393,67953.64,67.95364,67.95364,604.0,52529.0
394,17,10,year hour 0394,67944.94,67.94494,67.94494,602.0,52535.0
395,17,11,year hour 0395,67802.9,67.8029,67.8029,588.0,52375.0
396,17,12,year hour 0396,81722.33,81.72233000000001,81.72233000000001,620.0,54880.0
397,17,13,year hour 0397,67952.15,67.95214999999999,67.95214999999999,600.0,52484.0
398,17,14,year hour 0398,67660.66,67.66066000000001,67.66066000000001,601.0,53191.0
399,17,15,year hour 0399,68569.25,68.56924999999998,68.56924999999998,595.0,52507.0
400,17,16,year hour 0400,69555.96,69.55596,69.55596,608.0,53372.0
401,17,17,year hour 0401,68005.42,68.00542,68.00542,598.0,52153.0
402,17,18,year hour 0402,70931.0,70.931,70.931,607.0,53552.0
403,17,19,year hour 0403,67678.63,67.67863,67.67863,599.0,52674.0
404,17,20,year hour 0404,68076.09,68.07609,68.07609,599.0,52651.0
405,17,21,year hour 0405,67722.46,67.72246000000001,67.72246000000001,602.0,53040.0
406,17,22,year hour 0406,67821.74,67.82174,67.82174,604.0,52967.0
407,17,23,year hour 0407,66036.23,66.03622999999999,66.03622999999999,582.0,51731.0
408,18,0,year hour 0408,84257.97,84.25797,84.25797,627.0,56190.0
409,18,1,year hour 0409,67763.65,67.76365,67.76365,602.0,52182.0
410,18,2,year hour 0410,67864.3,67.8643,67.8643,601.0,52088.0
411,18,3,year hour 0411,67591.19,67.59119,67.59119,601.0,52786.0
412,18,4,year hour 0412,68144.07,68.14407000000001,68.14407000000001,601.0,52279.0
413,18,5,year hour 0413,68040.49,68.04049,68.04049,601.0,53095.0
414,18,6,year hour 0414,71032.18,71.03218,71.03218,607.0,53189.0
415,18,7,year hour 0415,68068.45,68.06845,68.06845,595.0,52165.0
416,18,8,year hour 0416,69069.68000000001,69.06968,69.06968,604.0,53833.0
417,18,9,year hour 0417,67953.64,67.95364,67.95364,604.0,52529.0
418,18,10,year hour 0418,67944.94,67.94494,67.94494,602.0,52535.0
419,18,11,year hour 0419,67802.9,67.8029,67.8029,588.0,52375.0
420,18,12,year hour 0420,81722.33,81.72233000000001,81.72233000000001,620.0,54880.0
421,18,13,year hour 0421,67952.15,67.95214999999999,67.95214999999999,600.0,52484.0
422,18,14,year hour 0422,67660.66,67.66066000000001,67.66066000000001,601.0,53191.0
423,18,15,year hour 0423,68569.25,68.56924999999998,68.56924999999998,595.0,52507.0
424,18,16,year hour 0424,69555.96,69.55596,69.55596,608.0,53372.0
425,18,17,year hour 0425,68005.42,68.00542,68.00542,598.0,52153.0
426,18,18,year hour 0426,70931.0,70.931,70.931,607.0,53552.0
427,18,19,year hour 0427,67678.63,67.67863,67.67863,599.0,52674.0
428,18,20,year hour 0428,68076.09,68.07609,68.07609,599.0,52651.0
429,18,21,year hour 0429,67722.46,67.72246000000001,67.72246000000001,602.0,53040.0
430,18,22,year hour 0430,67821.74,67.82174,67.82174,604.0,52967.0
431,18,23,year hour 0431,66036.23,66.03622999999999,66.03622999999999,582.0,51731.0
432,19,0,year hour 0432,84257.97,84.25797,84.25797,627.0,56190.0
433,19,1,year hour 0433,67763.65,67.76365,67.76365,602.0,52182.0
434,19,2,year hour 0434,67864.3,67.8643,67.8643,601.0,52088.0
435,19,3,year hour 0435,67591.19,67.59119,67.59119,601.0,52786.0
436,19,4,year hour 0436,68144.07,68.14407000000001,68.14407000000001,601.0,52279.0
437,19,5,year hour 0437,68040.49,68.04049,68.04049,601.0,53095.0
438,19,6,year hour 0438,71032.18,71.03218,71.03218,607.0,53189.0
439,19,7,year hour 0439,68068.45,68.06845,68.06845,595.0,52165.0
440,19,8,year hour 0440,69069.68000000001,69.06968,69.06968,604.0,53833.0
441,19,9,year hour 0441,67953.64,67.95364,67.95364,604.0,52529.0
442,19,10,year hour 0442,67944.94,67.94494,67.94494,602.0,52535.0
443,19,11,year hour 0443,67802.9,67.8029,67.8029,588.0,52375.0
444,19,12,year hour 0444,81722.33,81.72233000000001,81.72233000000001,620.0,54880.0
445,19,13,year hour 0445,67952.15,67.95214999999999,67.95214999999999,600.0,52484.0
446,19,14,year hour 0446,67660.66,67.66066000000001,67.66066000000001,601.0,53191.0
447,19,15,year hour 0447,68569.25,68.56924999999998,68.56924999999998,595.0,52507.0
448,19,16,year hour 0448,69555.96,69.55596,69.55596,608.0,53372.0
449,19,17,year hour 0449,68005.42,68.00542,68.00542,598.0,52153.0
450,19,18,year hour 0450,70931.0,70.931,70.931,607.0,53552.0
451,19,19,year hour 0451,67678.63,67.67863,67.67863,599.0,52674.0
452,19,20,year hour 0452,68076.09,68.07609,68.07609,599.0,52651.0
453,19,21,year hour 0453,67722.46,67.72246000000001,67.72246000000001,602.0,53040.0
454,19,22,year hour 0454,67821.74,67.82174,67.82174,604.0,52967.0
455,19,23,year hour 0455,66036.23,66.03622999999999,66.03622999999999,582.0,51731.0
456,20,0,year hour 0456,84257.97,84.25797,84.25797,627.0,56190.0
457,20,1,year hour 0457,67763.65,67.76365,67.76365,602.0,52182.0
458,20,2,year hour 0458,67864.3,67.8643,67.8643,601.0,52088.0
459,20,3,year hour 0459,67591.19,67.59119,67.59119,601.0,52786.0
460,20,4,year hour 0460,68144.07,68.14407000000001,68.14407000000001,601.0,52279.0
461,20,5,year hour 0461,68040.49,68.04049,68.04049,601.0,53095.0
462,20,6,year hour 0462,71032.18,71.03218,71.03218,607.0,53189.0
463,20,7,year hour 0463,68068.45,68.06845,68.06845,595.0,52165.0
464,20,8,year hour 0464,69069.68000000001,69.06968,69.06968,604.0,53833.0
465,20,9,year hour 0465,67953.64,67.95364,67.95364,604.0,52529.0
466,20,10,year hour 0466,67944.94,67.94494,67.94494,602.0,52535.0
467,20,11,year hour 0467,67802.9,67.8029,67.8029,588.0,52375.0
468,20,12,year hour 0468,81722.33,81.72233000000001,81.72233000000001,620.0,54880.0
469,20,13,year hour 0469,67952.15,67.95214999999999,67.95214999999999,600.0,52484.0
470,20,14,year hour 0470,67660.66,67.66066000000001,67.66066000000001,601.0,53191.0
471,20,15,year hour 0471,68569.25,68.56924999999998,68.56924999999998,595.0,52507.0
472,20,16,year hour 0472,69555.96,69.55596,69.55596,608.0,53372.0
473,20,17,year hour 0473,68005.42,68.00542,68.00542,598.0,52153.0
474,20,18,year hour 0474,70931.0,70.931,70.931,607.0,53552.0
475,20,19,year hour 0475,67678.63,67.67863,67.67863,599.0,52674.0
476,20,20,year hour 0476,68076.09,68.07609,68.07609,599.0,52651.0
477,20,21,year hour 0477,67722.46,67.72246000000001,67.72246000000001,602.0,53040.0
478,20,22,year hour 0478,67821.74,67.82174,67.82174,604.0,52967.0
479,20,23,year hour 0479,66036.23,66.03622999999999,66.03622999999999,582.0,51731.0
480,21,0,year hour 0480,84257.97,84.25797,84.25797,627.0,56190.0
481,21,1,year hour 0481,67763.65,67.76365,67.76365,602.0,52182.0
482,21,2,year hour 0482,67864.3,67.8643,67.8643,601.0,52088.0
483,21,3,year hour 0483,67591.19,67.59119,67.59119,601.0,52786.0
484,21,4,year hour 0484,68144.07,68.14407000000001,68.14407000000001,601.0,52279.0
485,21,5,year hour 0485,68040.49,68.04049,68.04049,601.0,53095.0
486,21,6,year hour 0486,71032.18,71.03218,71.03218,607.0,53189.0
487,21,7,year hour 0487,68068.45,68.06845,68.06845,595.0,52165.0
488,21,8,year hour 0488,69069.68000000001,69.06968,69.06968,604.0,53833.0
489,21,9,year hour 0489,67953.64,67.95364,67.95364,604.0,52529.0
490,21,10,year hour 0490,67944.94,67.94494,67.94494,602.0,52535.0
491,21,11,year hour 0491,67802.9,67.8029,67.8029,588.0,52375.0
492,21,12,year hour 0492,81722.33,81.72233000000001,81.72233000000001,620.0,54880.0
493,21,13,year hour 0493,67952.15,67.95214999999999,67.95214999999999,600.0,52484.0
494,21,14,year hour 0494,67660.66,67.66066000000001,67.66066000000001,601.0,53191.0
495,21,15,year hour 0495,68569.25,68.56924999999998,68.56924999999998,595.0,52507.0
496,21,16,year hour 0496,69555.96,69.55596,69.55596,608.0,53372.0
497,21,17,year hour 0497,68005.42,68.00542,68.00542,598.0,52153.0
498,21,18,year hour 0498,70931.0,70.931,70.931,607.0,53552.0
499,21,19,year hour 0499,67678.63,67.67863,67.67863,599.0,52674.0
500,21,20,year hour 0500,68076.09,68.07609,68.07609,599.0,52651.0
501,21,21,year hour 0501,67722.46,67.72246000000001,67.72246000000001,602.0,53040.0
502,21,22,year hour 0502,67821.74,67.82174,67.82174,604.0,52967.0
503,21,23,year hour 0503,66036.23,66.03622999999999,66.03622999999999,582.0,51731.0
504,22,0,year hour 0504,84257.97,84.25797,84.25797,627.0,56190.0
505,22,1,year hour 0505,67763.65,67.76365,67.76365,602.0,52182.0
506,22,2,year hour 0506,67864.3,67.8643,67.8643,601.0,52088.0
507,22,3,year hour 0507,67591.19,67.59119,67.59119,601.0,52786.0
508,22,4,year hour 0508,68144.07,68.14407000000001,68.14407000000001,601.0,52279.0
509,22,5,year hour 0509,68040.49,68.04049,68.04049,601.0,53095.0
510,22,6,year hour 0510,71032.18,71.03218,71.03218,607.0,53189.0
511,22,7,year hour 0511,68068.45,68.06845,68.06845,595.0,52165.0
512,22,8,year hour 0512,69069.68000000001,69.06968,69.06968,604.0,53833.0
513,22,9,year hour 0513,67953.64,67.95364,67.95364,604.0,52529.0
514,22,10,year hour 0514,67944.94,67.94494,67.94494,602.0,52535.0
515,22,11,year hour 0515,67802.9,67.8029,67.8029,588.0,52375.0
516,22,12,year hour 0516,81722.33,81.72233000000001,81.72233000000001,620.0,54880.0
517,22,13,year hour 0517,67952.15,67.95214999999999,67.95214999999999,600.0,52484.0
518,22,14,year hour 0518,67660.66,67.66066000000001,67.66066000000001,601.0,53191.0
519,22,15,year hour 0519,68569.25,68.56924999999998,68.56924999999998,595.0,52507.0
520,22,16,year hour 0520,69555.96,69.55596,69.55596,608.0,53372.0
521,22,17,year hour 0521,68005.42,68.00542,68.00542,598.0,52153.0
522,22,18,year hour 0522,70931.0,70.931,70.931,607.0,53552.0
523,22,19,year hour 0523,67678.63,67.67863,67.67863,599.0,52674.0
524,22,20,year hour 0524,68076.09,68.07609,68.07609,599.0,52651.0
525,22,21,year hour 0525,67722.46,67.72246000000001,67.72246000000001,602.0,53040.0
526,22,22,year hour 0526,67821.74,67.82174,67.82174,604.0,52967.0
527,22,23,year hour 0527,66036.23,66.03622999999999,66.03622999999999,582.0,51731.0
528,23,0,year hour 0528,84257.97,84.25797,84.25797,627.0,56190.0
529,23,1,year hour 0529,67763.65,67.76365,67.76365,602.0,52182.0
530,23,2,year hour 0530,67864.3,67.8643,67.8643,601.0,52088.0
531,23,3,year hour 0531,67591.19,67.59119,67.59119,601.0,52786.0
532,23,4,year hour 0532,68144.07,68.14407000000001,68.14407000000001,601.0,52279.0
533,23,5,year hour 0533,68040.49,68.04049,68.04049,601.0,53095.0
534,23,6,year hour 0534,71032.18,71.03218,71.03218,607.0,53189.0
535,23,7,year hour 0535,68068.45,68.06845,68.06845,595.0,52165.0
536,23,8,year hour 0536,69069.68000000001,69.06968,69.06968,604.0,53833.0
537,23,9,year hour 0537,67953.64,67.95364,67.95364,604.0,52529.0
538,23,10,year hour 0538,67944.94,67.94494,67.94494,602.0,52535.0
539,23,11,year hour 0539,67802.9,67.8029,67.8029,588.0,52375.0
540,23,12,year hour 0540,81722.33,81.72233000000001,81.72233000000001,620.0,54880.0
541,23,13,year hour 0541,67952.15,67.95214999999999,67.95214999999999,600.0,52484.0
542,23,14,year hour 0542,67660.66,67.66066000000001,67.66066000000001,601.0,53191.0
543,23,15,year hour 0543,68569.25,68.56924999999998,68.56924999999998,595.0,52507.0
544,23,16,year hour 0544,69555.96,69.55596,69.55596,608.0,53372.0
545,23,17,year hour 0545,68005.42,68.00542,68.00542,598.0,52153.0
546,23,18,year hour 0546,70931.0,70.931,70.931,607.0,53552.0
547,23,19,year hour 0547,67678.63,67.67863,67.67863,599.0,52674.0
548,23,20,year hour 0548,68076.09,68.07609,68.07609,599.0,52651.0
549,23,21,year hour 0549,67722.46,67.72246000000001,67.72246000000001,602.0,53040.0
550,23,22,year hour 0550,67821.74,67.82174,67.82174,604.0,52967.0
551,23,23,year hour 0551,66036.23,66.03622999999999,66.03622999999999,582.0,51731.0
552,24,0,year hour 0552,84257.97,84.25797,84.25797,627.0,56190.0
553,24,1,year hour 0553,67763.65,67.76365,67.76365,602.0,52182.0
554,24,2,year hour 0554,67864.3,67.8643,67.8643,601.0,52088.0
555,24,3,year hour 0555,67591.19,67.59119,67.59119,601.0,52786.0
556,24,4,year hour 0556,68144.07,68.14407000000001,68.14407000000001,601.0,52279.0
557,24,5,year hour 0557,68040.49,68.04049,68.04049,601.0,53095.0
558,24,6,year hour 0558,71032.18,71.03218,71.03218,607.0,53189.0
559,24,7,year hour 0559,68068.45,68.06845,68.06845,595.0,52165.0
560,24,8,year hour 0560,69069.68000000001,69.06968,69.06968,604.0,53833.0
561,24,9,year hour 0561,67953.64,67.95364,67.95364,604.0,52529.0
562,24,10,year hour 0562,67944.94,67.94494,67.94494,602.0,52535.0
563,24,11,year hour 0563,67802.9,67.8029,67.8029,588.0,52375.0
564,24,12,year hour 0564,81722.33,81.72233000000001,81.72233000000001,620.0,54880.0
565,24,13,year hour 0565,67952.15,67.95214999999999,67.95214999999999,600.0,52484.0
566,24,14,year hour 0566,67660.66,67.66066000000001,67.66066000000001,601.0,53191.0
567,24,15,year hour 0567,68569.25,68.56924999999998,68.56924999999998,595.0,52507.0
568,24,16,year hour 0568,69555.96,69.55596,69.55596,608.0,53372.0
569,24,17,year hour 0569,68005.42,68.00542,68.00542,598.0,52153.0
570,24,18,year hour 0570,70931.0,70.931,70.931,607.0,53552.0
571,24,19,year hour 0571,67678.63,67.67863,67.67863,599.0,52674.0
572,24,20,year hour 0572,68076.09,68.07609,68.07609,599.0,52651.0
573,24,21,year hour 0573,67722.46,67.72246000000001,67.72246000000001,602.0,53040.0
574,24,22,year hour 0574,67821.74,67.82174,67.82174,604.0,52967.0
575,24,23,year hour 0575,66036.23,66.03622999999999,66.03622999999999,582.0,51731.0
576,25,0,year hour 0576,84257.97,84.25797,84.25797,627.0,56190.0
577,25,1,year hour 0577,67763.65,67.76365,67.76365,602.0,52182.0
578,25,2,year hour 0578,67864.3,67.8643,67.8643,601.0,52088.0
579,25,3,year hour 0579,67591.19,67.59119,67.59119,601.0,52786.0
580,25,4,year hour 0580,68144.07,68.14407000000001,68.14407000000001,601.0,52279.0
581,25,5,year hour 0581,68040.49,68.04049,68.04049,601.0,53095.0
582,25,6,year hour 0582,71032.18,71.03218,71.03218,607.0,53189.0
583,25,7,year hour 0583,68068.45,68.06845,68.06845,595.0,52165.0
584,25,8,year hour 0584,69069.68000000001,69.06968,69.06968,604.0,53833.0
585,25,9,year hour 0585,67953.64,67.95364,67.95364,604.0,52529.0
586,25,10,year hour 0586,67944.94,67.94494,67.94494,602.0,52535.0
587,25,11,year hour 0587,67802.9,67.8029,67.8029,588.0,52375.0
588,25,12,year hour 0588,81722.33,81.72233000000001,81.72233000000001,620.0,54880.0
589,25,13,year hour 0589,67952.15,67.95214999999999,67.95214999999999,600.0,52484.0
590,25,14,year hour 0590,67660.66,67.66066000000001,67.66066000000001,601.0,53191.0
591,25,15,year hour 0591,68569.25,68.56924999999998,68.56924999999998,595.0,52507.0
592,25,16,year hour 0592,69555.96,69.55596,69.55596,608.0,53372.0
593,25,17,year hour 0593,68005.42,68.00542,68.00542,598.0,52153.0
594,25,18,year hour 0594,70931.0,70.931,70.931,607.0,53552.0
595,25,19,year hour 0595,67678.63,67.67863,67.67863,599.0,52674.0
596,25,20,year hour 0596,68076.09,68.07609,68.07609,599.0,52651.0
597,25,21,year hour 0597,67722.46,67.72246000000001,67.72246000000001,602.0,53040.0
598,25,22,year hour 0598,67821.74,67.82174,67.82174,604.0,52967.0
599,25,23,year hour 0599,66036.23,66.03622999999999,66.03622999999999,582.0,51731.0
600,26,0,year hour 0600,84257.97,84.25797,84.25797,627.0,56190.0
601,26,1,year hour 0601,67763.65,67.76365,67.76365,602.0,52182.0
602,26,2,year hour 0602,67864.3,67.8643,67.8643,601.0,52088.0
603,26,3,year hour 0603,67591.19,67.59119,67.59119,601.0,52786.0
604,26,4,year hour 0604,68144.07,68.14407000000001,68.14407000000001,601.0,52279.0
605,26,5,year hour 0605,68040.49,68.04049,68.04049,601.0,53095.0
606,26,6,year hour 0606,71032.18,71.03218,71.03218,607.0,53189.0
607,26,7,year hour 0607,68068.45,68.06845,68.06845,595.0,52165.0
608,26,8,year hour 0608,69069.68000000001,69.06968,69.06968,604.0,53833.0
609,26,9,year hour 0609,67953.64,67.95364,67.95364,604.0,52529.0
610,26,10,year hour 0610,67944.94,67.94494,67.94494,602.0,52535.0
611,26,11,year hour 0611,67802.9,67.8029,67.8029,588.0,52375.0
612,26,12,year hour 0612,81722.33,81.72233000000001,81.72233000000001,620.0,54880.0
613,26,13,year hour 0613,67952.15,67.95214999999999,67.95214999999999,600.0,52484.0
614,26,14,year hour 0614,67660.66,67.66066000000001,67.66066000000001,601.0,53191.0
615,26,15,year hour 0615,68569.25,68.56924999999998,68.56924999999998,595.0,52507.0
616,26,16,year hour 0616,69555.96,69.55596,69.55596,608.0,53372.0
617,26,17,year hour 0617,68005.42,68.00542,68.00542,598.0,52153.0
618,26,18,year hour 0618,70931.0,70.931,70.931,607.0,53552.0
619,26,19,year hour 0619,67678.63,67.67863,67.67863,599.0,52674.0
620,26,20,year hour 0620,68076.09,68.07609,68.07609,599.0,52651.0
621,26,21,year hour 0621,67722.46,67.72246000000001,67.72246000000001,602.0,53040.0
622,26,22,year hour 0622,67821.74,67.82174,67.82174,604.0,52967.0
623,26,23,year hour 0623,66036.23,66.03622999999999,66.03622999999999,582.0,51731.0
624,27,0,year hour 0624,84257.97,84.25797,84.25797,627.0,56190.0
625,27,1,year hour 0625,67763.65,67.76365,67.76365,602.0,52182.0
626,27,2,year hour 0626,67864.3,67.8643,67.8643,601.0,52088.0
627,27,3,year hour 0627,67591.19,67.59119,67.59119,601.0,52786.0
628,27,4,year hour 0628,68144.07,68.14407000000001,68.14407000000001,601.0,52279.0
629,27,5,year hour 0629,68040.49,68.04049,68.04049,601.0,53095.0
630,27,6,year hour 0630,71032.18,71.03218,71.03218,607.0,53189.0
631,27,7,year hour 0631,68068.45,68.06845,68.06845,595.0,52165.0
632,27,8,year hour 0632,69069.68000000001,69.06968,69.06968,604.0,53833.0
633,27,9,year hour 0633,67953.64,67.95364,67.95364,604.0,52529.0
634,27,10,year hour 0634,67944.94,67.94494,67.94494,602.0,52535.0
635,27,11,year hour 0635,67802.9,67.8029,67.8029,588.0,52375.0
636,27,12,year hour 0636,81722.33,81.72233000000001,81.72233000000001,620.0,54880.0
637,27,13,year hour 0637,67952.15,67.95214999999999,67.95214999999999,600.0,52484.0
638,27,14,year hour 0638,67660.66,67.66066000000001,67.66066000000001,601.0,53191.0
639,27,15,year hour 0639,68569.25,68.56924999999998,68.56924999999998,595.0,52507.0
640,27,16,year hour 0640,69555.96,69.55596,69.55596,608.0,53372.0
641,27,17,year hour 0641,68005.42,68.00542,68.00542,598.0,52153.0
642,27,18,year hour 0642,70931.0,70.931,70.931,607.0,53552.0
643,27,19,year hour 0643,67678.63,67.67863,67.67863,599.0,52674.0
644,27,20,year hour 0644,68076.09,68.07609,68.07609,599.0,52651.0
645,27,21,year hour 0645,67722.46,67.72246000000001,67.72246000000001,602.0,53040.0
646,27,22,year hour 0646,67821.74,67.82174,67.82174,604.0,52967.0
647,27,23,year hour 0647,66036.23,66.03622999999999,66.03622999999999,582.0,51731.0
648,28,0,year hour 0648,84257.97,84.25797,84.25797,627.0,56190.0
649,28,1,year hour 0649,67763.65,67.76365,67.76365,602.0,52182.0
650,28,2,year hour 0650,67864.3,67.8643,67.8643,601.0,52088.0
651,28,3,year hour 0651,67591.19,67.59119,67.59119,601.0,52786.0
652,28,4,year hour 0652,68144.07,68.14407000000001,68.14407000000001,601.0,52279.0
653,28,5,year hour 0653,68040.49,68.04049,68.04049,601.0,53095.0
654,28,6,year hour 0654,71032.18,71.03218,71.03218,607.0,53189.0
655,28,7,year hour 0655,68068.45,68.06845,68.06845,595.0,52165.0
656,28,8,year hour 0656,69069.68000000001,69.06968,69.06968,604.0,53833.0
657,28,9,year hour 0657,67953.64,67.95364,67.95364,604.0,52529.0
658,28,10,year hour 0658,67944.94,67.94494,67.94494,602.0,52535.0
659,28,11,year hour 0659,67802.9,67.8029,67.8029,588.0,52375.0
660,28,12,year hour 0660,81722.33,81.72233000000001,81.72233000000001,620.0,54880.0
661,28,13,year hour 0661,67952.15,67.95214999999999,67.95214999999999,600.0,52484.0
662,28,14,year hour 0662,67660.66,67.66066000000001,67.66066000000001,601.0,53191.0
663,28,15,year hour 0663,68569.25,68.56924999999998,68.56924999999998,595.0,52507.0
664,28,16,year hour 0664,69555.96,69.55596,69.55596,608.0,53372.0
665,28,17,year hour 0665,68005.42,68.00542,68.00542,598.0,52153.0
666,28,18,year hour 0666,70931.0,70.931,70.931,607.0,53552.0
667,28,19,year hour 0667,67678.63,67.67863,67.67863,599.0,52674.0
668,28,20,year hour 0668,68076.09,68.07609,68.07609,599.0,52651.0
669,28,21,year hour 0669,67722.46,67.72246000000001,67.72246000000001,602.0,53040.0
670,28,22,year hour 0670,67821.74,67.82174,67.82174,604.0,52967.0
671,28,23,year hour 0671,66036.23,66.03622999999999,66.03622999999999,582.0,51731.0
672,29,0,year hour 0672,84257.97,84.25797,84.25797,627.0,56190.0
673,29,1,year hour 0673,67763.65,67.76365,67.76365,602.0,52182.0
674,29,2,year hour 0674,67864.3,67.8643,67.8643,601.0,52088.0
675,29,3,year hour 0675,67591.19,67.59119,67.59119,601.0,52786.0
676,29,4,year hour 0676,68144.07,68.14407000000001,68.14407000000001,601.0,52279.0
677,29,5,year hour 0677,68040.49,68.04049,68.04049,601.0,53095.0
678,29,6,year hour 0678,71032.18,71.03218,71.03218,607.0,53189.0
679,29,7,year hour 0679,68068.45,68.06845,68.06845,595.0,52165.0
680,29,8,year hour 0680,69069.68000000001,69.06968,69.06968,604.0,53833.0
681,29,9,year hour 0681,67953.64,67.95364,67.95364,604.0,52529.0
682,29,10,year hour 0682,67944.94,67.94494,67.94494,602.0,52535.0
683,29,11,year hour 0683,67802.9,67.8029,67.8029,588.0,52375.0
684,29,12,year hour 0684,81722.33,81.72233000000001,81.72233000000001,620.0,54880.0
685,29,13,year hour 0685,67952.15,67.95214999999999,67.95214999999999,600.0,52484.0
686,29,14,year hour 0686,67660.66,67.66066000000001,67.66066000000001,601.0,53191.0
687,29,15,year hour 0687,68569.25,68.56924999999998,68.56924999999998,595.0,52507.0
688,29,16,year hour 0688,69555.96,69.55596,69.55596,608.0,53372.0
689,29,17,year hour 0689,68005.42,68.00542,68.00542,598.0,52153.0
690,29,18,year hour 0690,70931.0,70.931,70.931,607.0,53552.0
691,29,19,year hour 0691,67678.63,67.67863,67.67863,599.0,52674.0
692,29,20,year hour 0692,68076.09,68.07609,68.07609,599.0,52651.0
693,29,21,year hour 0693,67722.46,67.72246000000001,67.72246000000001,602.0,53040.0
694,29,22,year hour 0694,67821.74,67.82174,67.82174,604.0,52967.0
695,29,23,year hour 0695,66036.23,66.03622999999999,66.03622999999999,582.0,51731.0
696,30,0,year hour 0696,84257.97,84.25797,84.25797,627.0,56190.0
697,30,1,year hour 0697,67763.65,67.76365,67.76365,602.0,52182.0
698,30,2,year hour 0698,67864.3,67.8643,67.8643,601.0,52088.0
699,30,3,year hour 0699,67591.19,67.59119,67.59119,601.0,52786.0
700,30,4,year hour 0700,68144.07,68.14407000000001,68.14407000000001,601.0,52279.0
701,30,5,year hour 0701,68040.49,68.04049,68.04049,601.0,53095.0
702,30,6,year hour 0702,71032.18,71.03218,71.03218,607.0,53189.0
703,30,7,year hour 0703,68068.45,68.06845,68.06845,595.0,52165.0
704,30,8,year hour 0704,69069.68000000001,69.06968,69.06968,604.0,53833.0
705,30,9,year hour 0705,67953.64,67.95364,67.95364,604.0,52529.0
706,30,10,year hour 0706,67944.94,67.94494,67.94494,602.0,52535.0
707,30,11,year hour 0707,67802.9,67.8029,67.8029,588.0,52375.0
708,30,12,year hour 0708,81722.33,81.72233000000001,81.72233000000001,620.0,54880.0
709,30,13,year hour 0709,67952.15,67.95214999999999,67.95214999999999,600.0,52484.0
710,30,14,year hour 0710,67660.66,67.66066000000001,67.66066000000001,601.0,53191.0
711,30,15,year hour 0711,68569.25,68.56924999999998,68.56924999999998,595.0,52507.0
712,30,16,year hour 0712,69555.96,69.55596,69.55596,608.0,53372.0
713,30,17,year hour 0713,68005.42,68.00542,68.00542,598.0,52153.0
714,30,18,year hour 0714,70931.0,70.931,70.931,607.0,53552.0
715,30,19,year hour 0715,67678.63,67.67863,67.67863,599.0,52674.0
716,30,20,year hour 0716,68076.09,68.07609,68.07609,599.0,52651.0
717,30,21,year hour 0717,67722.46,67.72246000000001,67.72246000000001,602.0,53040.0
718,30,22,year hour 0718,67821.74,67.82174,67.82174,604.0,52967.0
719,30,23,year hour 0719,66036.23,66.03622999999999,66.03622999999999,582.0,51731.0
720,31,0,year hour 0720,84257.97,84.25797,84.25797,627.0,56190.0
721,31,1,year hour 0721,67763.65,67.76365,67.76365,602.0,52182.0
722,31,2,year hour 0722,67864.3,67.8643,67.8643,601.0,52088.0
723,31,3,year hour 0723,67591.19,67.59119,67.59119,601.0,52786.0
724,31,4,year hour 0724,68144.07,68.14407000000001,68.14407000000001,601.0,52279.0
725,31,5,year hour 0725,68040.49,68.04049,68.04049,601.0,53095.0
726,31,6,year hour 0726,71032.18,71.03218,71.03218,607.0,53189.0
727,31,7,year hour 0727,68068.45,68.06845,68.06845,595.0,52165.0
728,31,8,year hour 0728,69069.68000000001,69.06968,69.06968,604.0,53833.0
729,31,9,year hour 0729,67953.64,67.95364,67.95364,604.0,52529.0
730,31,10,year hour 0730,67944.94,67.94494,67.94494,602.0,52535.0
731,31,11,year hour 0731,67802.9,67.8029,67.8029,588.0,52375.0
732,31,12,year hour 0732,81722.33,81.72233000000001,81.72233000000001,620.0,54880.0
733,31,13,year hour 0733,67952.15,67.95214999999999,67.95214999999999,600.0,52484.0
734,31,14,year hour 0734,67660.66,67.66066000000001,67.66066000000001,601.0,53191.0
735,31,15,year hour 0735,68569.25,68.56924999999998,68.56924999999998,595.0,52507.0
736,31,16,year hour 0736,69555.96,69.55596,69.55596,608.0,53372.0
737,31,17,year hour 0737,68005.42,68.00542,68.00542,598.0,52153.0
738,31,18,year hour 0738,70931.0,70.931,70.931,607.0,53552.0
739,31,19,year hour 0739,67678.63,67.67863,67.67863,599.0,52674.0
740,31,20,year hour 0740,68076.09,68.07609,68.07609,599.0,52651.0
741,31,21,year hour 0741,67722.46,67.72246000000001,67.72246000000001,602.0,53040.0
742,31,22,year hour 0742,67821.74,67.82174,67.82174,604.0,52967.0
743,31,23,year hour 0743,66036.23,66.03622999999999,66.03622999999999,582.0,51731.0
744,32,0,year hour 0744,84257.97,84.25797,84.25797,627.0,56190.0
745,32,1,year hour 0745,67763.65,67.76365,67.76365,602.0,52182.0
746,32,2,year hour 0746,67864.3,67.8643,67.8643,601.0,52088.0
747,32,3,year hour 0747,67591.19,67.59119,67.59119,601.0,52786.0
748,32,4,year hour 0748,68144.07,68.14407000000001,68.14407000000001,601.0,52279.0
749,32,5,year hour 0749,68040.49,68.04049,68.04049,601.0,53095.0
750,32,6,year hour 0750,71032.18,71.03218,71.03218,607.0,53189.0
751,32,7,year hour 0751,68068.45,68.06845,68.06845,595.0,52165.0
752,32,8,year hour 0752,69069.68000000001,69.06968,69.06968,604.0,53833.0
753,32,9,year hour 0753,67953.64,67.95364,67.95364,604.0,52529.0
754,32,10,year hour 0754,67944.94,67.94494,67.94494,602.0,52535.0
755,32,11,year hour 0755,67802.9,67.8029,67.8029,588.0,52375.0
756,32,12,year hour 0756,81722.33,81.72233000000001,81.72233000000001,620.0,54880.0
757,32,13,year hour 0757,67952.15,67.95214999999999,67.95214999999999,600.0,52484.0
758,32,14,year hour 0758,67660.66,67.66066000000001,67.66066000000001,601.0,53191.0
759,32,15,year hour 0759,68569.25,68.56924999999998,68.56924999999998,595.0,52507.0
760,32,16,year hour 0760,69555.96,69.55596,69.55596,608.0,53372.0
761,32,17,year hour 0761,68005.42,68.00542,68.00542,598.0,52153.0
762,32,18,year hour 0762,70931.0,70.931,70.931,607.0,53552.0
763,32,19,year hour 0763,67678.63,67.67863,67.67863,599.0,52674.0
764,32,20,year hour 0764,68076.09,68.07609,68.07609,599.0,52651.0
765,32,21,year hour 0765,67722.46,67.72246000000001,67.72246000000001,602.0,53040.0
766,32,22,year hour 0766,67821.74,67.82174,67.82174,604.0,52967.0
767,32,23,year hour 0767,66036.23,66.03622999999999,66.03622999999999,582.0,51731.0
768,33,0,year hour 0768,84257.97,84.25797,84.25797,627.0,56190.0
769,33,1,year hour 0769,67763.65,67.76365,67.76365,602.0,52182.0
770,33,2,year hour 0770,67864.3,67.8643,67.8643,601.0,52088.0
771,33,3,year hour 0771,67591.19,67.59119,67.59119,601.0,52786.0
772,33,4,year hour 0772,68144.07,68.14407000000001,68.14407000000001,601.0,52279.0
773,33,5,year hour 0773,68040.49,68.04049,68.04049,601.0,53095.0
774,33,6,year hour 0774,71032.18,71.03218,71.03218,607.0,53189.0
775,33,7,year hour 0775,68068.45,68.06845,68.06845,595.0,52165.0
776,33,8,year hour 0776,69069.68000000001,69.06968,69.06968,604.0,53833.0
777,33,9,year hour 0777,67953.64,67.95364,67.95364,604.0,52529.0
778,33,10,year hour 0778,67944.94,67.94494,67.94494,602.0,52535.0
779,33,11,year hour 0779,67802.9,67.8029,67.8029,588.0,52375.0
780,33,12,year hour 0780,81722.33,81.72233000000001,81.72233000000001,620.0,54880.0
781,33,13,year hour 0781,67952.15,67.95214999999999,67.95214999999999,600.0,52484.0
782,33,14,year hour 0782,67660.66,67.66066000000001,67.66066000000001,601.0,53191.0
783,33,15,year hour 0783,68569.25,68.56924999999998,68.56924999999998,595.0,52507.0
784,33,16,year hour 0784,69555.96,69.55596,69.55596,608.0,53372.0
785,33,17,year hour 0785,68005.42,68.00542,68.00542,598.0,52153.0
786,33,18,year hour 0786,70931.0,70.931,70.931,607.0,53552.0
787,33,19,year hour 0787,67678.63,67.67863,67.67863,599.0,52674.0
788,33,20,year hour 0788,68076.09,68.07609,68.07609,599.0,52651.0
789,33,21,year hour 0789,67722.46,67.72246000000001,67.72246000000001,602.0,53040.0
790,33,22,year hour 0790,67821.74,67.82174,67.82174,604.0,52967.0
791,33,23,year hour 0791,66036.23,66.03622999999999,66.03622999999999,582.0,51731.0
792,34,0,year hour 0792,84257.97,84.25797,84.25797,627.0,56190.0
793,34,1,year hour 0793,67763.65,67.76365,67.76365,602.0,52182.0
794,34,2,year hour 0794,67864.3,67.8643,67.8643,601.0,52088.0
795,34,3,year hour 0795,67591.19,67.59119,67.59119,601.0,52786.0
796,34,4,year hour 0796,68144.07,68.14407000000001,68.14407000000001,601.0,52279.0
797,34,5,year hour 0797,68040.49,68.04049,68.04049,601.0,53095.0
798,34,6,year hour 0798,71032.18,71.03218,71.03218,607.0,53189.0
799,34,7,year hour 0799,68068.45,68.06845,68.06845,595.0,52165.0
800,34,8,year hour 0800,69069.68000000001,69.06968,69.06968,604.0,53833.0
801,34,9,year hour 0801,67953.64,67.95364,67.95364,604.0,52529.0
802,34,10,year hour 0802,67944.94,67.94494,67.94494,602.0,52535.0
803,34,11,year hour 0803,67802.9,67.8029,67.8029,588.0,52375.0
804,34,12,year hour 0804,81722.33,81.72233000000001,81.72233000000001,620.0,54880.0
805,34,13,year hour 0805,67952.15,67.95214999999999,67.95214999999999,600.0,52484.0
806,34,14,year hour 0806,67660.66,67.66066000000001,67.66066000000001,601.0,53191.0
807,34,15,year hour 0807,68569.25,68.56924999999998,68.56924999999998,595.0,52507.0
808,34,16,year hour 0808,69555.96,69.55596,69.55596,608.0,53372.0
809,34,17,year hour 0809,68005.42,68.00542,68.00542,598.0,52153.0
810,34,18,year hour 0810,70931.0,70.931,70.931,607.0,53552.0
811,34,19,year hour 0811,67678.63,67.67863,67.67863,599.0,52674.0
812,34,20,year hour 0812,68076.09,68.07609,68.07609,599.0,52651.0
813,34,21,year hour 0813,67722.46,67.72246000000001,67.72246000000001,602.0,53040.0
814,34,22,year hour 0814,67821.74,67.82174,67.82174,604.0,52967.0
815,34,23,year hour 0815,66036.23,66.03622999999999,66.03622999999999,582.0,51731.0
816,35,0,year hour 0816,84257.97,84.25797,84.25797,627.0,56190.0
817,35,1,year hour 0817,67763.65,67.76365,67.76365,602.0,52182.0
818,35,2,year hour 0818,67864.3,67.8643,67.8643,601.0,52088.0
819,35,3,year hour 0819,67591.19,67.59119,67.59119,601.0,52786.0
820,35,4,year hour 0820,68144.07,68.14407000000001,68.14407000000001,601.0,52279.0
821,35,5,year hour 0821,68040.49,68.04049,68.04049,601.0,53095.0
822,35,6,year hour 0822,71032.18,71.03218,71.03218,607.0,53189.0
823,35,7,year hour 0823,68068.45,68.06845,68.06845,595.0,52165.0
824,35,8,year hour 0824,69069.68000000001,69.06968,69.06968,604.0,53833.0
825,35,9,year hour 0825,67953.64,67.95364,67.95364,604.0,52529.0
826,35,10,year hour 0826,67944.94,67.94494,67.94494,602.0,52535.0
827,35,11,year hour 0827,67802.9,67.8029,67.8029,588.0,52375.0
828,35,12,year hour 0828,81722.33,81.72233000000001,81.72233000000001,620.0,54880.0
829,35,13,year hour 0829,67952.15,67.95214999999999,67.95214999999999,600.0,52484.0
830,35,14,year hour 0830,67660.66,67.66066000000001,67.66066000000001,601.0,53191.0
831,35,15,year hour 0831,68569.25,68.56924999999998,68.56924999999998,595.0,52507.0
832,35,16,year hour 0832,69555.96,69.55596,69.55596,608.0,53372.0
833,35,17,year hour 0833,68005.42,68.00542,68.00542,598.0,52153.0
834,35,18,year hour 0834,70931.0,70.931,70.931,607.0,53552.0
835,35,19,year hour 0835,67678.63,67.67863,67.67863,599.0,52674.0
836,35,20,year hour 0836,68076.09,68.07609,68.07609,599.0,52651.0
837,35,21,year hour 0837,67722.46,67.72246000000001,67.72246000000001,602.0,53040.0
838,35,22,year hour 0838,67821.74,67.82174,67.82174,604.0,52967.0
839,35,23,year hour 0839,66036.23,66.03622999999999,66.03622999999999,582.0,51731.0
840,36,0,year hour 0840,84257.97,84.25797,84.25797,627.0,56190.0
841,36,1,year hour 0841,67763.65,67.76365,67.76365,602.0,52182.0
842,36,2,year hour 0842,67864.3,67.8643,67.8643,601.0,52088.0
843,36,3,year hour 0843,67591.19,67.59119,67.59119,601.0,52786.0
844,36,4,year hour 0844,68144.07,68.14407000000001,68.14407000000001,601.0,52279.0
845,36,5,year hour 0845,68040.49,68.04049,68.04049,601.0,53095.0
846,36,6,year hour 0846,71032.18,71.03218,71.03218,607.0,53189.0
847,36,7,year hour 0847,68068.45,68.06845,68.06845,595.0,52165.0
848,36,8,year hour 0848,69069.68000000001,69.06968,69.06968,604.0,53833.0
849,36,9,year hour 0849,67953.64,67.95364,67.95364,604.0,52529.0
850,36,10,year hour 0850,67944.94,67.94494,67.94494,602.0,52535.0
851,36,11,year hour 0851,67802.9,67.8029,67.8029,588.0,52375.0
852,36,12,year hour 0852,81722.33,81.72233000000001,81.72233000000001,620.0,54880.0
853,36,13,year hour 0853,67952.15,67.95214999999999,67.95214999999999,600.0,52484.0
854,36,14,year hour 0854,67660.66,67.66066000000001,67.66066000000001,601.0,53191.0
855,36,15,year hour 0855,68569.25,68.56924999999998,68.56924999999998,595.0,52507.0
856,36,16,year hour 0856,69555.96,69.55596,69.55596,608.0,53372.0
857,36,17,year hour 0857,68005.42,68.00542,68.00542,598.0,52153.0
858,36,18,year hour 0858,70931.0,70.931,70.931,607.0,53552.0
859,36,19,year hour 0859,67678.63,67.67863,67.67863,599.0,52674.0
860,36,20,year hour 0860,68076.09,68.07609,68.07609,599.0,52651.0
861,36,21,year hour 0861,67722.46,67.72246000000001,67.72246000000001,602.0,53040.0
862,36,22,year hour 0862,67821.74,67.82174,67.82174,604.0,52967.0
863,36,23,year hour 0863,66036.23,66.03622999999999,66.03622999999999,582.0,51731.0
864,37,0,year hour 0864,84257.97,84.25797,84.25797,627.0,56190.0
865,37,1,year hour 0865,67763.65,67.76365,67.76365,602.0,52182.0
866,37,2,year hour 0866,67864.3,67.8643,67.8643,601.0,52088.0
867,37,3,year hour 0867,67591.19,67.59119,67.59119,601.0,52786.0
868,37,4,year hour 0868,68144.07,68.14407000000001,68.14407000000001,601.0,52279.0
869,37,5,year hour 0869,68040.49,68.04049,68.04049,601.0,53095.0
870,37,6,year hour 0870,71032.18,71.03218,71.03218,607.0,53189.0
871,37,7,year hour 0871,68068.45,68.06845,68.06845,595.0,52165.0
872,37,8,year hour 0872,69069.68000000001,69.06968,69.06968,604.0,53833.0
873,37,9,year hour 0873,67953.64,67.95364,67.95364,604.0,52529.0
874,37,10,year hour 0874,67944.94,67.94494,67.94494,602.0,52535.0
875,37,11,year hour 0875,67802.9,67.8029,67.8029,588.0,52375.0
876,37,12,year hour 0876,81722.33,81.72233000000001,81.72233000000001,620.0,54880.0
877,37,13,year hour 0877,67952.15,67.95214999999999,67.95214999999999,600.0,52484.0
878,37,14,year hour 0878,67660.66,67.66066000000001,67.66066000000001,601.0,53191.0
879,37,15,year hour 0879,68569.25,68.56924999999998,68.56924999999998,595.0,52507.0
880,37,16,year hour 0880,69555.96,69.55596,69.55596,608.0,53372.0
881,37,17,year hour 0881,68005.42,68.00542,68.00542,598.0,52153.0
882,37,18,year hour 0882,70931.0,70.931,70.931,607.0,53552.0
883,37,19,year hour 0883,67678.63,67.67863,67.67863,599.0,52674.0
884,37,20,year hour 0884,68076.09,68.07609,68.07609,599.0,52651.0
885,37,21,year hour 0885,67722.46,67.72246000000001,67.72246000000001,602.0,53040.0
886,37,22,year hour 0886,67821.74,67.82174,67.82174,604.0,52967.0
887,37,23,year hour 0887,66036.23,66.03622999999999,66.03622999999999,582.0,51731.0
888,38,0,year hour 0888,84257.97,84.25797,84.25797,627.0,56190.0
889,38,1,year hour 0889,67763.65,67.76365,67.76365,602.0,52182.0
890,38,2,year hour 0890,67864.3,67.8643,67.8643,601.0,52088.0
891,38,3,year hour 0891,67591.19,67.59119,67.59119,601.0,52786.0
892,38,4,year hour 0892,68144.07,68.14407000000001,68.14407000000001,601.0,52279.0
893,38,5,year hour 0893,68040.49,68.04049,68.04049,601.0,53095.0
894,38,6,year hour 0894,71032.18,71.03218,71.03218,607.0,53189.0
895,38,7,year hour 0895,68068.45,68.06845,68.06845,595.0,52165.0
896,38,8,year hour 0896,69069.68000000001,69.06968,69.06968,604.0,53833.0
897,38,9,year hour 0897,67953.64,67.95364,67.95364,604.0,52529.0
898,38,10,year hour 0898,67944.94,67.94494,67.94494,602.0,52535.0
899,38,11,year hour 0899,67802.9,67.8029,67.8029,588.0,52375.0
900,38,12,year hour 0900,81722.33,81.72233000000001,81.72233000000001,620.0,54880.0
901,38,13,year hour 0901,67952.15,67.95214999999999,67.95214999999999,600.0,52484.0
902,38,14,year hour 0902,67660.66,67.66066000000001,67.66066000000001,601.0,53191.0
903,38,15,year hour 0903,68569.25,68.56924999999998,68.56924999999998,595.0,52507.0
904,38,16,year hour 0904,69555.96,69.55596,69.55596,608.0,53372.0
905,38,17,year hour 0905,68005.42,68.00542,68.00542,598.0,52153.0
906,38,18,year hour 0906,70931.0,70.931,70.931,607.0,53552.0
907,38,19,year hour 0907,67678.63,67.67863,67.67863,599.0,52674.0
908,38,20,year hour 0908,68076.09,68.07609,68.07609,599.0,52651.0
909,38,21,year hour 0909,67722.46,67.72246000000001,67.72246000000001,602.0,53040.0
910,38,22,year hour 0910,67821.74,67.82174,67.82174,604.0,52967.0
911,38,23,year hour 0911,66036.23,66.03622999999999,66.03622999999999,582.0,51731.0
912,39,0,year hour 0912,84257.97,84.25797,84.25797,627.0,56190.0
913,39,1,year hour 0913,67763.65,67.76365,67.76365,602.0,52182.0
914,39,2,year hour 0914,67864.3,67.8643,67.8643,601.0,52088.0
915,39,3,year hour 0915,67591.19,67.59119,67.59119,601.0,52786.0
916,39,4,year hour 0916,68144.07,68.14407000000001,68.14407000000001,601.0,52279.0
917,39,5,year hour 0917,68040.49,68.04049,68.04049,601.0,53095.0
918,39,6,year hour 0918,71032.18,71.03218,71.03218,607.0,53189.0
919,39,7,year hour 0919,68068.45,68.06845,68.06845,595.0,52165.0
920,39,8,year hour 0920,69069.68000000001,69.06968,69.06968,604.0,53833.0
921,39,9,year hour 0921,67953.64,67.95364,67.95364,604.0,52529.0
922,39,10,year hour 0922,67944.94,67.94494,67.94494,602.0,52535.0
923,39,11,year hour 0923,67802.9,67.8029,67.8029,588.0,52375.0
924,39,12,year hour 0924,81722.33,81.72233000000001,81.72233000000001,620.0,54880.0
925,39,13,year hour 0925,67952.15,67.95214999999999,67.95214999999999,600.0,52484.0
926,39,14,year hour 0926,67660.66,67.66066000000001,67.66066000000001,601.0,53191.0
927,39,15,year hour 0927,68569.25,68.56924999999998,68.56924999999998,595.0,52507.0
928,39,16,year hour 0928,69555.96,69.55596,69.55596,608.0,53372.0
929,39,17,year hour 0929,68005.42,68.00542,68.00542,598.0,52153.0
930,39,18,year hour 0930,70931.0,70.931,70.931,607.0,53552.0
931,39,19,year hour 0931,67678.63,67.67863,67.67863,599.0,52674.0
932,39,20,year hour 0932,68076.09,68.07609,68.07609,599.0,52651.0
933,39,21,year hour 0933,67722.46,67.72246000000001,67.72246000000001,602.0,53040.0
934,39,22,year hour 0934,67821.74,67.82174,67.82174,604.0,52967.0
935,39,23,year hour 0935,66036.23,66.03622999999999,66.03622999999999,582.0,51731.0
936,40,0,year hour 0936,84257.97,84.25797,84.25797,627.0,56190.0
937,40,1,year hour 0937,67763.65,67.76365,67.76365,602.0,52182.0
938,40,2,year hour 0938,67864.3,67.8643,67.8643,601.0,52088.0
939,40,3,year hour 0939,67591.19,67.59119,67.59119,601.0,52786.0
940,40,4,year hour 0940,68144.07,68.14407000000001,68.14407000000001,601.0,52279.0
941,40,5,year hour 0941,68040.49,68.04049,68.04049,601.0,53095.0
942,40,6,year hour 0942,71032.18,71.03218,71.03218,607.0,53189.0
943,40,7,year hour 0943,68068.45,68.06845,68.06845,595.0,52165.0
944,40,8,year hour 0944,69069.68000000001,69.06968,69.06968,604.0,53833.0
945,40,9,year hour 0945,67953.64,67.95364,67.95364,604.0,52529.0
946,40,10,year hour 0946,67944.94,67.94494,67.94494,602.0,52535.0
947,40,11,year hour 0947,67802.9,67.8029,67.8029,588.0,52375.0
948,40,12,year hour 0948,81722.33,81.72233000000001,81.72233000000001,620.0,54880.0
949,40,13,year hour 0949,67952.15,67.95214999999999,67.95214999999999,600.0,52484.0
950,40,14,year hour 0950,67660.66,67.66066000000001,67.66066000000001,601.0,53191.0
951,40,15,year hour 0951,68569.25,68.56924999999998,68.56924999999998,595.0,52507.0
952,40,16,year hour 0952,69555.96,69.55596,69.55596,608.0,53372.0
953,40,17,year hour 0953,68005.42,68.00542,68.00542,598.0,52153.0
954,40,18,year hour 0954,70931.0,70.931,70.931,607.0,53552.0
955,40,19,year hour 0955,67678.63,67.67863,67.67863,599.0,52674.0
956,40,20,year hour 0956,68076.09,68.07609,68.07609,599.0,52651.0
957,40,21,year hour 0957,67722.46,67.72246000000001,67.72246000000001,602.0,53040.0
958,40,22,year hour 0958,67821.74,67.82174,67.82174,604.0,52967.0
959,40,23,year hour 0959,66036.23,66.03622999999999,66.03622999999999,582.0,51731.0
960,41,0,year hour 0960,84257.97,84.25797,84.25797,627.0,56190.0
961,41,1,year hour 0961,67763.65,67.76365,67.76365,602.0,52182.0
962,41,2,year hour 0962,67864.3,67.8643,67.8643,601.0,52088.0
963,41,3,year hour 0963,67591.19,67.59119,67.59119,601.0,52786.0
964,41,4,year hour 0964,68144.07,68.14407000000001,68.14407000000001,601.0,52279.0
965,41,5,year hour 0965,68040.49,68.04049,68.04049,601.0,53095.0
966,41,6,year hour 0966,71032.18,71.03218,71.03218,607.0,53189.0
967,41,7,year hour 0967,68068.45,68.06845,68.06845,595.0,52165.0
968,41,8,year hour 0968,69069.68000000001,69.06968,69.06968,604.0,53833.0
969,41,9,year hour 0969,67953.64,67.95364,67.95364,604.0,52529.0
970,41,10,year hour 0970,67944.94,67.94494,67.94494,602.0,52535.0
971,41,11,year hour 0971,67802.9,67.8029,67.8029,588.0,52375.0
972,41,12,year hour 0972,81722.33,81.72233000000001,81.72233000000001,620.0,54880.0
973,41,13,year hour 0973,67952.15,67.95214999999999,67.95214999999999,600.0,52484.0
974,41,14,year hour 0974,67660.66,67.66066000000001,67.66066000000001,601.0,53191.0
975,41,15,year hour 0975,68569.25,68.56924999999998,68.56924999999998,595.0,52507.0
976,41,16,year hour 0976,69555.96,69.55596,69.55596,608.0,53372.0
977,41,17,year hour 0977,68005.42,68.00542,68.00542,598.0,52153.0
978,41,18,year hour 0978,70931.0,70.931,70.931,607.0,53552.0
979,41,19,year hour 0979,67678.63,67.67863,67.67863,599.0,52674.0
980,41,20,year hour 0980,68076.09,68.07609,68.07609,599.0,52651.0
981,41,21,year hour 0981,67722.46,67.72246000000001,67.72246000000001,602.0,53040.0
982,41,22,year hour 0982,67821.74,67.82174,67.82174,604.0,52967.0
983,41,23,year hour 0983,66036.23,66.03622999999999,66.03622999999999,582.0,51731.0
984,42,0,year hour 0984,84257.97,84.25797,84.25797,627.0,56190.0
985,42,1,year hour 0985,67763.65,67.76365,67.76365,602.0,52182.0
986,42,2,year hour 0986,67864.3,67.8643,67.8643,601.0,52088.0
987,42,3,year hour 0987,67591.19,67.59119,67.59119,601.0,52786.0
988,42,4,year hour 0988,68144.07,68.14407000000001,68.14407000000001,601.0,52279.0
989,42,5,year hour 0989,68040.49,68.04049,68.04049,601.0,53095.0
990,42,6,year hour 0990,71032.18,71.03218,71.03218,607.0,53189.0
991,42,7,year hour 0991,68068.45,68.06845,68.06845,595.0,52165.0
992,42,8,year hour 0992,69069.68000000001,69.06968,69.06968,604.0,53833.0
993,42,9,year hour 0993,67953.64,67.95364,67.95364,604.0,52529.0
994,42,10,year hour 0994,67944.94,67.94494,67.94494,602.0,52535.0
995,42,11,year hour 0995,67802.9,67.8029,67.8029,588.0,52375.0
996,42,12,year hour 0996,81722.33,81.72233000000001,81.72233000000001,620.0,54880.0
997,42,13,year hour 0997,67952.15,67.95214999999999,67.95214999999999,600.0,52484.0
998,42,14,year hour 0998,67660.66,67.66066000000001,67.66066000000001,601.0,53191.0
999,42,15,year hour 0999,68569.25,68.56924999999998,68.56924999999998,595.0,52507.0
1000,42,16,year hour 1000,69555.96,69.55596,69.55596,608.0,53372.0
1001,42,17,year hour 1001,68005.42,68.00542,68.00542,598.0,52153.0
1002,42,18,year hour 1002,70931.0,70.931,70.931,607.0,53552.0
1003,42,19,year hour 1003,67678.63,67.67863,67.67863,599.0,52674.0
1004,42,20,year hour 1004,68076.09,68.07609,68.07609,599.0,52651.0
1005,42,21,year hour 1005,67722.46,67.72246000000001,67.72246000000001,602.0,53040.0
1006,42,22,year hour 1006,67821.74,67.82174,67.82174,604.0,52967.0
1007,42,23,year hour 1007,66036.23,66.03622999999999,66.03622999999999,582.0,51731.0
1008,43,0,year hour 1008,84257.97,84.25797,84.25797,627.0,56190.0
1009,43,1,year hour 1009,67763.65,67.76365,67.76365,602.0,52182.0
1010,43,2,year hour 1010,67864.3,67.8643,67.8643,601.0,52088.0
1011,43,3,year hour 1011,67591.19,67.59119,67.59119,601.0,52786.0
1012,43,4,year hour 1012,68144.07,68.14407000000001,68.14407000000001,601.0,52279.0
1013,43,5,year hour 1013,68040.49,68.04049,68.04049,601.0,53095.0
1014,43,6,year hour 1014,71032.18,71.03218,71.03218,607.0,53189.0
1015,43,7,year hour 1015,68068.45,68.06845,68.06845,595.0,52165.0
1016,43,8,year hour 1016,69069.68000000001,69.06968,69.06968,604.0,53833.0
1017,43,9,year hour 1017,67953.64,67.95364,67.95364,604.0,52529.0
1018,43,10,year hour 1018,67944.94,67.94494,67.94494,602.0,52535.0
1019,43,11,year hour 1019,67802.9,67.8029,67.8029,588.0,52375.0
1020,43,12,year hour 1020,81722.33,81.72233000000001,81.72233000000001,620.0,54880.0
1021,43,13,year hour 1021,67952.15,67.95214999999999,67.95214999999999,600.0,52484.0
1022,43,14,year hour 1022,67660.66,67.66066000000001,67.66066000000001,601.0,53191.0
1023,43,15,year hour 1023,68569.25,68.56924999999998,68.56924999999998,595.0,52507.0
1024,43,16,year hour 1024,69555.96,69.55596,69.55596,608.0,53372.0
1025,43,17,year hour 1025,68005.42,68.00542,68.00542,598.0,52153.0
1026,43,18,year hour 1026,70931.0,70.931,70.931,607.0,53552.0
1027,43,19,year hour 1027,67678.63,67.67863,67.67863,599.0,52674.0
1028,43,20,year hour 1028,68076.09,68.07609,68.07609,599.0,52651.0
1029,43,21,year hour 1029,67722.46,67.72246000000001,67.72246000000001,602.0,53040.0
1030,43,22,year hour 1030,67821.74,67.82174,67.82174,604.0,52967.0
1031,43,23,year hour 1031,66036.23,66.03622999999999,66.03622999999999,582.0,51731.0
1032,44,0,year hour 1032,84257.97,84.25797,84.25797,627.0,56190.0
1033,44,1,year hour 1033,67763.65,67.76365,67.76365,602.0,52182.0
1034,44,2,year hour 1034,67864.3,67.8643,67.8643,601.0,52088.0
1035,44,3,year hour 1035,67591.19,67.59119,67.59119,601.0,52786.0
1036,44,4,year hour 1036,68144.07,68.14407000000001,68.14407000000001,601.0,52279.0
1037,44,5,year hour 1037,68040.49,68.04049,68.04049,601.0,53095.0
1038,44,6,year hour 1038,71032.18,71.03218,71.03218,607.0,53189.0
1039,44,7,year hour 1039,68068.45,68.06845,68.06845,595.0,52165.0
1040,44,8,year hour 1040,69069.68000000001,69.06968,69.06968,604.0,53833.0
1041,44,9,year hour 1041,67953.64,67.95364,67.95364,604.0,52529.0
1042,44,10,year hour 1042,67944.94,67.94494,67.94494,602.0,52535.0
1043,44,11,year hour 1043,67802.9,67.8029,67.8029,588.0,52375.0
1044,44,12,year hour 1044,81722.33,81.72233000000001,81.72233000000001,620.0,54880.0
1045,44,13,year hour 1045,67952.15,67.95214999999999,67.95214999999999,600.0,52484.0
1046,44,14,year hour 1046,67660.66,67.66066000000001,67.66066000000001,601.0,53191.0
1047,44,15,year hour 1047,68569.25,68.56924999999998,68.56924999999998,595.0,52507.0
1048,44,16,year hour 1048,69555.96,69.55596,69.55596,608.0,53372.0
1049,44,17,year hour 1049,68005.42,68.00542,68.00542,598.0,52153.0
1050,44,18,year hour 1050,70931.0,70.931,70.931,607.0,53552.0
1051,44,19,year hour 1051,67678.63,67.67863,67.67863,599.0,52674.0
1052,44,20,year hour 1052,68076.09,68.07609,68.07609,599.0,52651.0
1053,44,21,year hour 1053,67722.46,67.72246000000001,67.72246000000001,602.0,53040.0
1054,44,22,year hour 1054,67821.74,67.82174,67.82174,604.0,52967.0
1055,44,23,year hour 1055,66036.23,66.03622999999999,66.03622999999999,582.0,51731.0
1056,45,0,year hour 1056,84257.97,84.25797,84.25797,627.0,56190.0
1057,45,1,year hour 1057,67763.65,67.76365,67.76365,602.0,52182.0
1058,45,2,year hour 1058,67864.3,67.8643,67.8643,601.0,52088.0
1059,45,3,year hour 1059,67591.19,67.59119,67.59119,601.0,52786.0
1060,45,4,year hour 1060,68144.07,68.14407000000001,68.14407000000001,601.0,52279.0
1061,45,5,year hour 1061,68040.49,68.04049,68.04049,601.0,53095.0
1062,45,6,year hour 1062,71032.18,71.03218,71.03218,607.0,53189.0
1063,45,7,year hour 1063,68068.45,68.06845,68.06845,595.0,52165.0
1064,45,8,year hour 1064,69069.68000000001,69.06968,69.06968,604.0,53833.0
1065,45,9,year hour 1065,67953.64,67.95364,67.95364,604.0,52529.0
1066,45,10,year hour 1066,67944.94,67.94494,67.94494,602.0,52535.0
1067,45,11,year hour 1067,67802.9,67.8029,67.8029,588.0,52375.0
1068,45,12,year hour 1068,81722.33,81.72233000000001,81.72233000000001,620.0,54880.0
1069,45,13,year hour 1069,67952.15,67.95214999999999,67.95214999999999,600.0,52484.0
1070,45,14,year hour 1070,67660.66,67.66066000000001,67.66066000000001,601.0,53191.0
1071,45,15,year hour 1071,68569.25,68.56924999999998,68.56924999999998,595.0,52507.0
1072,45,16,year hour 1072,69555.96,69.55596,69.55596,608.0,53372.0
1073,45,17,year hour 1073,68005.42,68.00542,68.00542,598.0,52153.0
1074,45,18,year hour 1074,70931.0,70.931,70.931,607.0,53552.0
1075,45,19,year hour 1075,67678.63,67.67863,67.67863,599.0,52674.0
1076,45,20,year hour 1076,68076.09,68.07609,68.07609,599.0,52651.0
1077,45,21,year hour 1077,67722.46,67.72246000000001,67.72246000000001,602.0,53040.0
1078,45,22,year hour 1078,67821.74,67.82174,67.82174,604.0,52967.0
1079,45,23,year hour 1079,66036.23,66.03622999999999,66.03622999999999,582.0,51731.0
1080,46,0,year hour 1080,84257.97,84.25797,84.25797,627.0,56190.0
1081,46,1,year hour 1081,67763.65,67.76365,67.76365,602.0,52182.0
1082,46,2,year hour 1082,67864.3,67.8643,67.8643,601.0,52088.0
1083,46,3,year hour 1083,67591.19,67.59119,67.59119,601.0,52786.0
1084,46,4,year hour 1084,68144.07,68.14407000000001,68.14407000000001,601.0,52279.0
1085,46,5,year hour 1085,68040.49,68.04049,68.04049,601.0,53095.0
1086,46,6,year hour 1086,71032.18,71.03218,71.03218,607.0,53189.0
1087,46,7,year hour 1087,68068.45,68.06845,68.06845,595.0,52165.0
1088,46,8,year hour 1088,69069.68000000001,69.06968,69.06968,604.0,53833.0
1089,46,9,year hour 1089,67953.64,67.95364,67.95364,604.0,52529.0
1090,46,10,year hour 1090,67944.94,67.94494,67.94494,602.0,52535.0
1091,46,11,year hour 1091,67802.9,67.8029,67.8029,588.0,52375.0
1092,46,12,year hour 1092,81722.33,81.72233000000001,81.72233000000001,620.0,54880.0
1093,46,13,year hour 1093,67952.15,67.95214999999999,67.95214999999999,600.0,52484.0
1094,46,14,year hour 1094,67660.66,67.66066000000001,67.66066000000001,601.0,53191.0
1095,46,15,year hour 1095,68569.25,68.56924999999998,68.56924999999998,595.0,52507.0
1096,46,16,year hour 1096,69555.96,69.55596,69.55596,608.0,53372.0
1097,46,17,year hour 1097,68005.42,68.00542,68.00542,598.0,52153.0
1098,46,18,year hour 1098,70931.0,70.931,70.931,607.0,53552.0
1099,46,19,year hour 1099,67678.63,67.67863,67.67863,599.0,52674.0
1100,46,20,year hour 1100,68076.09,68.07609,68.07609,599.0,52651.0
1101,46,21,year hour 1101,67722.46,67.72246000000001,67.72246000000001,602.0,53040.0
1102,46,22,year hour 1102,67821.74,67.82174,67.82174,604.0,52967.0
1103,46,23,year hour 1103,66036.23,66.03622999999999,66.03622999999999,582.0,51731.0
1104,47,0,year hour 1104,84257.97,84.25797,84.25797,627.0,56190.0
1105,47,1,year hour 1105,67763.65,67.76365,67.76365,602.0,52182.0
1106,47,2,year hour 1106,67864.3,67.8643,67.8643,601.0,52088.0
1107,47,3,year hour 1107,67591.19,67.59119,67.59119,601.0,52786.0
1108,47,4,year hour 1108,68144.07,68.14407000000001,68.14407000000001,601.0,52279.0
1109,47,5,year hour 1109,68040.49,68.04049,68.04049,601.0,53095.0
1110,47,6,year hour 1110,71032.18,71.03218,71.03218,607.0,53189.0
1111,47,7,year hour 1111,68068.45,68.06845,68.06845,595.0,52165.0
1112,47,8,year hour 1112,69069.68000000001,69.06968,69.06968,604.0,53833.0
1113,47,9,year hour 1113,67953.64,67.95364,67.95364,604.0,52529.0
1114,47,10,year hour 1114,67944.94,67.94494,67.94494,602.0,52535.0
1115,47,11,year hour 1115,67802.9,67.8029,67.8029,588.0,52375.0
1116,47,12,year hour 1116,81722.33,81.72233000000001,81.72233000000001,620.0,54880.0
1117,47,13,year hour 1117,67952.15,67.95214999999999,67.95214999999999,600.0,52484.0
1118,47,14,year hour 1118,67660.66,67.66066000000001,67.66066000000001,601.0,53191.0
1119,47,15,year hour 1119,68569.25,68.56924999999998,68.56924999999998,595.0,52507.0
1120,47,16,year hour 1120,69555.96,69.55596,69.55596,608.0,53372.0
1121,47,17,year hour 1121,68005.42,68.00542,68.00542,598.0,52153.0
1122,47,18,year hour 1122,70931.0,70.931,70.931,607.0,53552.0
1123,47,19,year hour 1123,67678.63,67.67863,67.67863,599.0,52674.0
1124,47,20,year hour 1124,68076.09,68.07609,68.07609,599.0,52651.0
1125,47,21,year hour 1125,67722.46,67.72246000000001,67.72246000000001,602.0,53040.0
1126,47,22,year hour 1126,67821.74,67.82174,67.82174,604.0,52967.0
1127,47,23,year hour 1127,66036.23,66.03622999999999,66.03622999999999,582.0,51731.0
1128,48,0,year hour 1128,84257.97,84.25797,84.25797,627.0,56190.0
1129,48,1,year hour 1129,67763.65,67.76365,67.76365,602.0,52182.0
1130,48,2,year hour 1130,67864.3,67.8643,67.8643,601.0,52088.0
1131,48,3,year hour 1131,67591.19,67.59119,67.59119,601.0,52786.0
1132,48,4,year hour 1132,68144.07,68.14407000000001,68.14407000000001,601.0,52279.0
1133,48,5,year hour 1133,68040.49,68.04049,68.04049,601.0,53095.0
1134,48,6,year hour 1134,71032.18,71.03218,71.03218,607.0,53189.0
1135,48,7,year hour 1135,68068.45,68.06845,68.06845,595.0,52165.0
1136,48,8,year hour 1136,69069.68000000001,69.06968,69.06968,604.0,53833.0
1137,48,9,year hour 1137,67953.64,67.95364,67.95364,604.0,52529.0
1138,48,10,year hour 1138,67944.94,67.94494,67.94494,602.0,52535.0
1139,48,11,year hour 1139,67802.9,67.8029,67.8029,588.0,52375.0
1140,48,12,year hour 1140,81722.33,81.72233000000001,81.72233000000001,620.0,54880.0
1141,48,13,year hour 1141,67952.15,67.95214999999999,67.95214999999999,600.0,52484.0
1142,48,14,year hour 1142,67660.66,67.66066000000001,67.66066000000001,601.0,53191.0
1143,48,15,year hour 1143,68569.25,68.56924999999998,68.56924999999998,595.0,52507.0
1144,48,16,year hour 1144,69555.96,69.55596,69.55596,608.0,53372.0
1145,48,17,year hour 1145,68005.42,68.00542,68.00542,598.0,52153.0
1146,48,18,year hour 1146,70931.0,70.931,70.931,607.0,53552.0
1147,48,19,year hour 1147,67678.63,67.67863,67.67863,599.0,52674.0
1148,48,20,year hour 1148,68076.09,68.07609,68.07609,599.0,52651.0
1149,48,21,year hour 1149,67722.46,67.72246000000001,67.72246000000001,602.0,53040.0
1150,48,22,year hour 1150,67821.74,67.82174,67.82174,604.0,52967.0
1151,48,23,year hour 1151,66036.23,66.03622999999999,66.03622999999999,582.0,51731.0
1152,49,0,year hour 1152,84257.97,84.25797,84.25797,627.0,56190.0
1153,49,1,year hour 1153,67763.65,67.76365,67.76365,602.0,52182.0
1154,49,2,year hour 1154,67864.3,67.8643,67.8643,601.0,52088.0
1155,49,3,year hour 1155,67591.19,67.59119,67.59119,601.0,52786.0
1156,49,4,year hour 1156,68144.07,68.14407000000001,68.14407000000001,601.0,52279.0
1157,49,5,year hour 1157,68040.49,68.04049,68.04049,601.0,53095.0
1158,49,6,year hour 1158,71032.18,71.03218,71.03218,607.0,53189.0
1159,49,7,year hour 1159,68068.45,68.06845,68.06845,595.0,52165.0
1160,49,8,year hour 1160,69069.68000000001,69.06968,69.06968,604.0,53833.0
1161,49,9,year hour 1161,67953.64,67.95364,67.95364,604.0,52529.0
1162,49,10,year hour 1162,67944.94,67.94494,67.94494,602.0,52535.0
1163,49,11,year hour 1163,67802.9,67.8029,67.8029,588.0,52375.0
1164,49,12,year hour 1164,81722.33,81.72233000000001,81.72233000000001,620.0,54880.0
1165,49,13,year hour 1165,67952.15,67.95214999999999,67.95214999999999,600.0,52484.0
1166,49,14,year hour 1166,67660.66,67.66066000000001,67.66066000000001,601.0,53191.0
1167,49,15,year hour 1167,68569.25,68.56924999999998,68.56924999999998,595.0,52507.0
1168,49,16,year hour 1168,69555.96,69.55596,69.55596,608.0,53372.0
1169,49,17,year hour 1169,68005.42,68.00542,68.00542,598.0,52153.0
1170,49,18,year hour 1170,70931.0,70.931,70.931,607.0,53552.0
1171,49,19,year hour 1171,67678.63,67.67863,67.67863,599.0,52674.0
1172,49,20,year hour 1172,68076.09,68.07609,68.07609,599.0,52651.0
1173,49,21,year hour 1173,67722.46,67.72246000000001,67.72246000000001,602.0,53040.0
1174,49,22,year hour 1174,67821.74,67.82174,67.82174,604.0,52967.0
1175,49,23,year hour 1175,66036.23,66.03622999999999,66.03622999999999,582.0,51731.0
1176,50,0,year hour 1176,84257.97,84.25797,84.25797,627.0,56190.0
1177,50,1,year hour 1177,67763.65,67.76365,67.76365,602.0,52182.0
1178,50,2,year hour 1178,67864.3,67.8643,67.8643,601.0,52088.0
1179,50,3,year hour 1179,67591.19,67.59119,67.59119,601.0,52786.0
1180,50,4,year hour 1180,68144.07,68.14407000000001,68.14407000000001,601.0,52279.0
1181,50,5,year hour 1181,68040.49,68.04049,68.04049,601.0,53095.0
1182,50,6,year hour 1182,71032.18,71.03218,71.03218,607.0,53189.0
1183,50,7,year hour 1183,68068.45,68.06845,68.06845,595.0,52165.0
1184,50,8,year hour 1184,69069.68000000001,69.06968,69.06968,604.0,53833.0
1185,50,9,year hour 1185,67953.64,67.95364,67.95364,604.0,52529.0
1186,50,10,year hour 1186,67944.94,67.94494,67.94494,602.0,52535.0
1187,50,11,year hour 1187,67802.9,67.8029,67.8029,588.0,52375.0
1188,50,12,year hour 1188,81722.33,81.72233000000001,81.72233000000001,620.0,54880.0
1189,50,13,year hour 1189,67952.15,67.95214999999999,67.95214999999999,600.0,52484.0
1190,50,14,year hour 1190,67660.66,67.66066000000001,67.66066000000001,601.0,53191.0
1191,50,15,year hour 1191,68569.25,68.56924999999998,68.56924999999998,595.0,52507.0
1192,50,16,year hour 1192,69555.96,69.55596,69.55596,608.0,53372.0
1193,50,17,year hour 1193,68005.42,68.00542,68.00542,598.0,52153.0
1194,50,18,year hour 1194,70931.0,70.931,70.931,607.0,53552.0
1195,50,19,year hour 1195,67678.63,67.67863,67.67863,599.0,52674.0
1196,50,20,year hour 1196,68076.09,68.07609,68.07609,599.0,52651.0
1197,50,21,year hour 1197,67722.46,67.72246000000001,67.72246000000001,602.0,53040.0
1198,50,22,year hour 1198,67821.74,67.82174,67.82174,604.0,52967.0
1199,50,23,year hour 1199,66036.23,66.03622999999999,66.03622999999999,582.0,51731.0
1200,51,0,year hour 1200,84257.97,84.25797,84.25797,627.0,56190.0
1201,51,1,year hour 1201,67763.65,67.76365,67.76365,602.0,52182.0
1202,51,2,year hour 1202,67864.3,67.8643,67.8643,601.0,52088.0
1203,51,3,year hour 1203,67591.19,67.59119,67.59119,601.0,52786.0
1204,51,4,year hour 1204,68144.07,68.14407000000001,68.14407000000001,601.0,52279.0
1205,51,5,year hour 1205,68040.49,68.04049,68.04049,601.0,53095.0
1206,51,6,year hour 1206,71032.18,71.03218,71.03218,607.0,53189.0
1207,51,7,year hour 1207,68068.45,68.06845,68.06845,595.0,52165.0
1208,51,8,year hour 1208,69069.68000000001,69.06968,69.06968,604.0,53833.0
1209,51,9,year hour 1209,67953.64,67.95364,67.95364,604.0,52529.0
1210,51,10,year hour 1210,67944.94,67.94494,67.94494,602.0,52535.0
1211,51,11,year hour 1211,67802.9,67.8029,67.8029,588.0,52375.0
1212,51,12,year hour 1212,81722.33,81.72233000000001,81.72233000000001,620.0,54880.0
1213,51,13,year hour 1213,67952.15,67.95214999999999,67.95214999999999,600.0,52484.0
1214,51,14,year hour 1214,67660.66,67.66066000000001,67.66066000000001,601.0,53191.0
1215,51,15,year hour 1215,68569.25,68.56924999999998,68.56924999999998,595.0,52507.0
1216,51,16,year hour 1216,69555.96,69.55596,69.55596,608.0,53372.0
1217,51,17,year hour 1217,68005.42,68.00542,68.00542,598.0,52153.0
1218,51,18,year hour 1218,70931.0,70.931,70.931,607.0,53552.0
1219,51,19,year hour 1219,67678.63,67.67863,67.67863,599.0,52674.0
1220,51,20,year hour 1220,68076.09,68.07609,68.07609,599.0,52651.0
1221,51,21,year hour 1221,67722.46,67.72246000000001,67.72246000000001,602.0,53040.0
1222,51,22,year hour 1222,67821.74,67.82174,67.82174,604.0,52967.0
1223,51,23,year hour 1223,66036.23,66.03622999999999,66.03622999999999,582.0,51731.0
1224,52,0,year hour 1224,84257.97,84.25797,84.25797,627.0,56190.0
1225,52,1,year hour 1225,67763.65,67.76365,67.76365,602.0,52182.0
1226,52,2,year hour 1226,67864.3,67.8643,67.8643,601.0,52088.0
1227,52,3,year hour 1227,67591.19,67.59119,67.59119,601.0,52786.0
1228,52,4,year hour 1228,68144.07,68.14407000000001,68.14407000000001,601.0,52279.0
1229,52,5,year hour 1229,68040.49,68.04049,68.04049,601.0,53095.0
1230,52,6,year hour 1230,71032.18,71.03218,71.03218,607.0,53189.0
1231,52,7,year hour 1231,68068.45,68.06845,68.06845,595.0,52165.0
1232,52,8,year hour 1232,69069.68000000001,69.06968,69.06968,604.0,53833.0
1233,52,9,year hour 1233,67953.64,67.95364,67.95364,604.0,52529.0
1234,52,10,year hour 1234,67944.94,67.94494,67.94494,602.0,52535.0
1235,52,11,year hour 1235,67802.9,67.8029,67.8029,588.0,52375.0
1236,52,12,year hour 1236,81722.33,81.72233000000001,81.72233000000001,620.0,54880.0
1237,52,13,year hour 1237,67952.15,67.95214999999999,67.95214999999999,600.0,52484.0
1238,52,14,year hour 1238,67660.66,67.66066000000001,67.66066000000001,601.0,53191.0
1239,52,15,year hour 1239,68569.25,68.56924999999998,68.56924999999998,595.0,52507.0
1240,52,16,year hour 1240,69555.96,69.55596,69.55596,608.0,53372.0
1241,52,17,year hour 1241,68005.42,68.00542,68.00542,598.0,52153.0
1242,52,18,year hour 1242,70931.0,70.931,70.931,607.0,53552.0
1243,52,19,year hour 1243,67678.63,67.67863,67.67863,599.0,52674.0
1244,52,20,year hour 1244,68076.09,68.07609,68.07609,599.0,52651.0
1245,52,21,year hour 1245,67722.46,67.72246000000001,67.72246000000001,602.0,53040.0
1246,52,22,year hour 1246,67821.74,67.82174,67.82174,604.0,52967.0
1247,52,23,year hour 1247,66036.23,66.03622999999999,66.03622999999999,582.0,51731.0
1248,53,0,year hour 1248,84257.97,84.25797,84.25797,627.0,56190.0
1249,53,1,year hour 1249,67763.65,67.76365,67.76365,602.0,52182.0
1250,53,2,year hour 1250,67864.3,67.8643,67.8643,601.0,52088.0
1251,53,3,year hour 1251,67591.19,67.59119,67.59119,601.0,52786.0
1252,53,4,year hour 1252,68144.07,68.14407000000001,68.14407000000001,601.0,52279.0
1253,53,5,year hour 1253,68040.49,68.04049,68.04049,601.0,53095.0
1254,53,6,year hour 1254,71032.18,71.03218,71.03218,607.0,53189.0
1255,53,7,year hour 1255,68068.45,68.06845,68.06845,595.0,52165.0
1256,53,8,year hour 1256,69069.68000000001,69.06968,69.06968,604.0,53833.0
1257,53,9,year hour 1257,67953.64,67.95364,67.95364,604.0,52529.0
1258,53,10,year hour 1258,67944.94,67.94494,67.94494,602.0,52535.0
1259,53,11,year hour 1259,67802.9,67.8029,67.8029,588.0,52375.0
1260,53,12,year hour 1260,81722.33,81.72233000000001,81.72233000000001,620.0,54880.0
1261,53,13,year hour 1261,67952.15,67.95214999999999,67.95214999999999,600.0,52484.0
1262,53,14,year hour 1262,67660.66,67.66066000000001,67.66066000000001,601.0,53191.0
1263,53,15,year hour 1263,68569.25,68.56924999999998,68.56924999999998,595.0,52507.0
1264,53,16,year hour 1264,69555.96,69.55596,69.55596,608.0,53372.0
1265,53,17,year hour 1265,68005.42,68.00542,68.00542,598.0,52153.0
1266,53,18,year hour 1266,70931.0,70.931,70.931,607.0,53552.0
1267,53,19,year hour 1267,67678.63,67.67863,67.67863,599.0,52674.0
1268,53,20,year hour 1268,68076.09,68.07609,68.07609,599.0,52651.0
1269,53,21,year hour 1269,67722.46,67.72246000000001,67.72246000000001,602.0,53040.0
1270,53,22,year hour 1270,67821.74,67.82174,67.82174,604.0,52967.0
1271,53,23,year hour 1271,66036.23,66.03622999999999,66.03622999999999,582.0,51731.0
1272,54,0,year hour 1272,84257.97,84.25797,84.25797,627.0,56190.0
1273,54,1,year hour 1273,67763.65,67.76365,67.76365,602.0,52182.0
1274,54,2,year hour 1274,67864.3,67.8643,67.8643,601.0,52088.0
1275,54,3,year hour 1275,67591.19,67.59119,67.59119,601.0,52786.0
1276,54,4,year hour 1276,68144.07,68.14407000000001,68.14407000000001,601.0,52279.0
1277,54,5,year hour 1277,68040.49,68.04049,68.04049,601.0,53095.0
1278,54,6,year hour 1278,71032.18,71.03218,71.03218,607.0,53189.0
1279,54,7,year hour 1279,68068.45,68.06845,68.06845,595.0,52165.0
1280,54,8,year hour 1280,69069.68000000001,69.06968,69.06968,604.0,53833.0
1281,54,9,year hour 1281,67953.64,67.95364,67.95364,604.0,52529.0
1282,54,10,year hour 1282,67944.94,67.94494,67.94494,602.0,52535.0
1283,54,11,year hour 1283,67802.9,67.8029,67.8029,588.0,52375.0
1284,54,12,year hour 1284,81722.33,81.72233000000001,81.72233000000001,620.0,54880.0
1285,54,13,year hour 1285,67952.15,67.95214999999999,67.95214999999999,600.0,52484.0
1286,54,14,year hour 1286,67660.66,67.66066000000001,67.66066000000001,601.0,53191.0
1287,54,15,year hour 1287,68569.25,68.56924999999998,68.56924999999998,595.0,52507.0
1288,54,16,year hour 1288,69555.96,69.55596,69.55596,608.0,53372.0
1289,54,17,year hour 1289,68005.42,68.00542,68.00542,598.0,52153.0
1290,54,18,year hour 1290,70931.0,70.931,70.931,607.0,53552.0
1291,54,19,year hour 1291,67678.63,67.67863,67.67863,599.0,52674.0
1292,54,20,year hour 1292,68076.09,68.07609,68.07609,599.0,52651.0
1293,54,21,year hour 1293,67722.46,67.72246000000001,67.72246000000001,602.0,53040.0
1294,54,22,year hour 1294,67821.74,67.82174,67.82174,604.0,52967.0
1295,54,23,year hour 1295,66036.23,66.03622999999999,66.03622999999999,582.0,51731.0
1296,55,0,year hour 1296,84257.97,84.25797,84.25797,627.0,56190.0
1297,55,1,year hour 1297,67763.65,67.76365,67.76365,602.0,52182.0
1298,55,2,year hour 1298,67864.3,67.8643,67.8643,601.0,52088.0
1299,55,3,year hour 1299,67591.19,67.59119,67.59119,601.0,52786.0
1300,55,4,year hour 1300,68144.07,68.14407000000001,68.14407000000001,601.0,52279.0
1301,55,5,year hour 1301,68040.49,68.04049,68.04049,601.0,53095.0
1302,55,6,year hour 1302,71032.18,71.03218,71.03218,607.0,53189.0
1303,55,7,year hour 1303,68068.45,68.06845,68.06845,595.0,52165.0
1304,55,8,year hour 1304,69069.68000000001,69.06968,69.06968,604.0,53833.0
1305,55,9,year hour 1305,67953.64,67.95364,67.95364,604.0,52529.0
1306,55,10,year hour 1306,67944.94,67.94494,67.94494,602.0,52535.0
1307,55,11,year hour 1307,67802.9,67.8029,67.8029,588.0,52375.0
1308,55,12,year hour 1308,81722.33,81.72233000000001,81.72233000000001,620.0,54880.0
1309,55,13,year hour 1309,67952.15,67.95214999999999,67.95214999999999,600.0,52484.0
1310,55,14,year hour 1310,67660.66,67.66066000000001,67.66066000000001,601.0,53191.0
1311,55,15,year hour 1311,68569.25,68.56924999999998,68.56924999999998,595.0,52507.0
1312,55,16,year hour 1312,69555.96,69.55596,69.55596,608.0,53372.0
1313,55,17,year hour 1313,68005.42,68.00542,68.00542,598.0,52153.0
1314,55,18,year hour 1314,70931.0,70.931,70.931,607.0,53552.0
1315,55,19,year hour 1315,67678.63,67.67863,67.67863,599.0,52674.0
1316,55,20,year hour 1316,68076.09,68.07609,68.07609,599.0,52651.0
1317,55,21,year hour 1317,67722.46,67.72246000000001,67.72246000000001,602.0,53040.0
1318,55,22,year hour 1318,67821.74,67.82174,67.82174,604.0,52967.0
1319,55,23,year hour 1319,66036.23,66.03622999999999,66.03622999999999,582.0,51731.0
1320,56,0,year hour 1320,84257.97,84.25797,84.25797,627.0,56190.0
1321,56,1,year hour 1321,67763.65,67.76365,67.76365,602.0,52182.0
1322,56,2,year hour 1322,67864.3,67.8643,67.8643,601.0,52088.0
1323,56,3,year hour 1323,67591.19,67.59119,67.59119,601.0,52786.0
1324,56,4,year hour 1324,68144.07,68.14407000000001,68.14407000000001,601.0,52279.0
1325,56,5,year hour 1325,68040.49,68.04049,68.04049,601.0,53095.0
1326,56,6,year hour 1326,71032.18,71.03218,71.03218,607.0,53189.0
1327,56,7,year hour 1327,68068.45,68.06845,68.06845,595.0,52165.0
1328,56,8,year hour 1328,69069.68000000001,69.06968,69.06968,604.0,53833.0
1329,56,9,year hour 1329,67953.64,67.95364,67.95364,604.0,52529.0
1330,56,10,year hour 1330,67944.94,67.94494,67.94494,602.0,52535.0
1331,56,11,year hour 1331,67802.9,67.8029,67.8029,588.0,52375.0
1332,56,12,year hour 1332,81722.33,81.72233000000001,81.72233000000001,620.0,54880.0
1333,56,13,year hour 1333,67952.15,67.95214999999999,67.95214999999999,600.0,52484.0
1334,56,14,year hour 1334,67660.66,67.66066000000001,67.66066000000001,601.0,53191.0
1335,56,15,year hour 1335,68569.25,68.56924999999998,68.56924999999998,595.0,52507.0
1336,56,16,year hour 1336,69555.96,69.55596,69.55596,608.0,53372.0
1337,56,17,year hour 1337,68005.42,68.00542,68.00542,598.0,52153.0
1338,56,18,year hour 1338,70931.0,70.931,70.931,607.0,53552.0
1339,56,19,year hour 1339,67678.63,67.67863,67.67863,599.0,52674.0
1340,56,20,year hour 1340,68076.09,68.07609,68.07609,599.0,52651.0
1341,56,21,year hour 1341,67722.46,67.72246000000001,67.72246000000001,602.0,53040.0
1342,56,22,year hour 1342,67821.74,67.82174,67.82174,604.0,52967.0
1343,56,23,year hour 1343,66036.23,66.03622999999999,66.03622999999999,582.0,51731.0
1344,57,0,year hour 1344,84257.97,84.25797,84.25797,627.0,56190.0
1345,57,1,year hour 1345,67763.65,67.76365,67.76365,602.0,52182.0
1346,57,2,year hour 1346,67864.3,67.8643,67.8643,601.0,52088.0
1347,57,3,year hour 1347,67591.19,67.59119,67.59119,601.0,52786.0
1348,57,4,year hour 1348,68144.07,68.14407000000001,68.14407000000001,601.0,52279.0
1349,57,5,year hour 1349,68040.49,68.04049,68.04049,601.0,53095.0
1350,57,6,year hour 1350,71032.18,71.03218,71.03218,607.0,53189.0
1351,57,7,year hour 1351,68068.45,68.06845,68.06845,595.0,52165.0
1352,57,8,year hour 1352,69069.68000000001,69.06968,69.06968,604.0,53833.0
1353,57,9,year hour 1353,67953.64,67.95364,67.95364,604.0,52529.0
1354,57,10,year hour 1354,67944.94,67.94494,67.94494,602.0,52535.0
1355,57,11,year hour 1355,67802.9,67.8029,67.8029,588.0,52375.0
1356,57,12,year hour 1356,81722.33,81.72233000000001,81.72233000000001,620.0,54880.0
1357,57,13,year hour 1357,67952.15,67.95214999999999,67.95214999999999,600.0,52484.0
1358,57,14,year hour 1358,67660.66,67.66066000000001,67.66066000000001,601.0,53191.0
1359,57,15,year hour 1359,68569.25,68.56924999999998,68.56924999999998,595.0,52507.0
1360,57,16,year hour 1360,69555.96,69.55596,69.55596,608.0,53372.0
1361,57,17,year hour 1361,68005.42,68.00542,68.00542,598.0,52153.0
1362,57,18,year hour 1362,70931.0,70.931,70.931,607.0,53552.0
1363,57,19,year hour 1363,67678.63,67.67863,67.67863,599.0,52674.0
1364,57,20,year hour 1364,68076.09,68.07609,68.07609,599.0,52651.0
1365,57,21,year hour 1365,67722.46,67.72246000000001,67.72246000000001,602.0,53040.0
1366,57,22,year hour 1366,67821.74,67.82174,67.82174,604.0,52967.0
1367,57,23,year hour 1367,66036.23,66.03622999999999,66.03622999999999,582.0,51731.0
1368,58,0,year hour 1368,84257.97,84.25797,84.25797,627.0,56190.0
1369,58,1,year hour 1369,67763.65,67.76365,67.76365,602.0,52182.0
1370,58,2,year hour 1370,67864.3,67.8643,67.8643,601.0,52088.0
1371,58,3,year hour 1371,67591.19,67.59119,67.59119,601.0,52786.0
1372,58,4,year hour 1372,68144.07,68.14407000000001,68.14407000000001,601.0,52279.0
1373,58,5,year hour 1373,68040.49,68.04049,68.04049,601.0,53095.0
1374,58,6,year hour 1374,71032.18,71.03218,71.03218,607.0,53189.0
1375,58,7,year hour 1375,68068.45,68.06845,68.06845,595.0,52165.0
1376,58,8,year hour 1376,69069.68000000001,69.06968,69.06968,604.0,53833.0
1377,58,9,year hour 1377,67953.64,67.95364,67.95364,604.0,52529.0
1378,58,10,year hour 1378,67944.94,67.94494,67.94494,602.0,52535.0
1379,58,11,year hour 1379,67802.9,67.8029,67.8029,588.0,52375.0
1380,58,12,year hour 1380,81722.33,81.72233000000001,81.72233000000001,620.0,54880.0
1381,58,13,year hour 1381,67952.15,67.95214999999999,67.95214999999999,600.0,52484.0
1382,58,14,year hour 1382,67660.66,67.66066000000001,67.66066000000001,601.0,53191.0
1383,58,15,year hour 1383,68569.25,68.56924999999998,68.56924999999998,595.0,52507.0
1384,58,16,year hour 1384,69555.96,69.55596,69.55596,608.0,53372.0
1385,58,17,year hour 1385,68005.42,68.00542,68.00542,598.0,52153.0
1386,58,18,year hour 1386,70931.0,70.931,70.931,607.0,53552.0
1387,58,19,year hour 1387,67678.63,67.67863,67.67863,599.0,52674.0
1388,58,20,year hour 1388,68076.09,68.07609,68.07609,599.0,52651.0
1389,58,21,year hour 1389,67722.46,67.72246000000001,67.72246000000001,602.0,53040.0
1390,58,22,year hour 1390,67821.74,67.82174,67.82174,604.0,52967.0
1391,58,23,year hour 1391,66036.23,66.03622999999999,66.03622999999999,582.0,51731.0
1392,59,0,year hour 1392,84257.97,84.25797,84.25797,627.0,56190.0
1393,59,1,year hour 1393,67763.65,67.76365,67.76365,602.0,52182.0
1394,59,2,year hour 1394,67864.3,67.8643,67.8643,601.0,52088.0
1395,59,3,year hour 1395,67591.19,67.59119,67.59119,601.0,52786.0
1396,59,4,year hour 1396,68144.07,68.14407000000001,68.14407000000001,601.0,52279.0
1397,59,5,year hour 1397,68040.49,68.04049,68.04049,601.0,53095.0
1398,59,6,year hour 1398,71032.18,71.03218,71.03218,607.0,53189.0
1399,59,7,year hour 1399,68068.45,68.06845,68.06845,595.0,52165.0
1400,59,8,year hour 1400,69069.68000000001,69.06968,69.06968,604.0,53833.0
1401,59,9,year hour 1401,67953.64,67.95364,67.95364,604.0,52529.0
1402,59,10,year hour 1402,67944.94,67.94494,67.94494,602.0,52535.0
1403,59,11,year hour 1403,67802.9,67.8029,67.8029,588.0,52375.0
1404,59,12,year hour 1404,81722.33,81.72233000000001,81.72233000000001,620.0,54880.0
1405,59,13,year hour 1405,67952.15,67.95214999999999,67.95214999999999,600.0,52484.0
1406,59,14,year hour 1406,67660.66,67.66066000000001,67.66066000000001,601.0,53191.0
1407,59,15,year hour 1407,68569.25,68.56924999999998,68.56924999999998,595.0,52507.0
1408,59,16,year hour 1408,69555.96,69.55596,69.55596,608.0,53372.0
1409,59,17,year hour 1409,68005.42,68.00542,68.00542,598.0,52153.0
1410,59,18,year hour 1410,70931.0,70.931,70.931,607.0,53552.0
1411,59,19,year hour 1411,67678.63,67.67863,67.67863,599.0,52674.0
1412,59,20,year hour 1412,68076.09,68.07609,68.07609,599.0,52651.0
1413,59,21,year hour 1413,67722.46,67.72246000000001,67.72246000000001,602.0,53040.0
1414,59,22,year hour 1414,67821.74,67.82174,67.82174,604.0,52967.0
1415,59,23,year hour 1415,66036.23,66.03622999999999,66.03622999999999,582.0,51731.0
1416,60,0,year hour 1416,84257.97,84.25797,84.25797,627.0,56190.0
1417,60,1,year hour 1417,67763.65,67.76365,67.76365,602.0,52182.0
1418,60,2,year hour 1418,67864.3,67.8643,67.8643,601.0,52088.0
1419,60,3,year hour 1419,67591.19,67.59119,67.59119,601.0,52786.0
1420,60,4,year hour 1420,68144.07,68.14407000000001,68.14407000000001,601.0,52279.0
1421,60,5,year hour 1421,68040.49,68.04049,68.04049,601.0,53095.0
1422,60,6,year hour 1422,71032.18,71.03218,71.03218,607.0,53189.0
1423,60,7,year hour 1423,68068.45,68.06845,68.06845,595.0,52165.0
1424,60,8,year hour 1424,69069.68000000001,69.06968,69.06968,604.0,53833.0
1425,60,9,year hour 1425,67953.64,67.95364,67.95364,604.0,52529.0
1426,60,10,year hour 1426,67944.94,67.94494,67.94494,602.0,52535.0
1427,60,11,year hour 1427,67802.9,67.8029,67.8029,588.0,52375.0
1428,60,12,year hour 1428,81722.33,81.72233000000001,81.72233000000001,620.0,54880.0
1429,60,13,year hour 1429,67952.15,67.95214999999999,67.95214999999999,600.0,52484.0
1430,60,14,year hour 1430,67660.66,67.66066000000001,67.66066000000001,601.0,53191.0
1431,60,15,year hour 1431,68569.25,68.56924999999998,68.56924999999998,595.0,52507.0
1432,60,16,year hour 1432,69555.96,69.55596,69.55596,608.0,53372.0
1433,60,17,year hour 1433,68005.42,68.00542,68.00542,598.0,52153.0
1434,60,18,year hour 1434,70931.0,70.931,70.931,607.0,53552.0
1435,60,19,year hour 1435,67678.63,67.67863,67.67863,599.0,52674.0
1436,60,20,year hour 1436,68076.09,68.07609,68.07609,599.0,52651.0
1437,60,21,year hour 1437,67722.46,67.72246000000001,67.72246000000001,602.0,53040.0
1438,60,22,year hour 1438,67821.74,67.82174,67.82174,604.0,52967.0
1439,60,23,year hour 1439,66036.23,66.03622999999999,66.03622999999999,582.0,51731.0
1440,61,0,year hour 1440,84257.97,84.25797,84.25797,627.0,56190.0
1441,61,1,year hour 1441,67763.65,67.76365,67.76365,602.0,52182.0
1442,61,2,year hour 1442,67864.3,67.8643,67.8643,601.0,52088.0
1443,61,3,year hour 1443,67591.19,67.59119,67.59119,601.0,52786.0
1444,61,4,year hour 1444,68144.07,68.14407000000001,68.14407000000001,601.0,52279.0
1445,61,5,year hour 1445,68040.49,68.04049,68.04049,601.0,53095.0
1446,61,6,year hour 1446,71032.18,71.03218,71.03218,607.0,53189.0
1447,61,7,year hour 1447,68068.45,68.06845,68.06845,595.0,52165.0
1448,61,8,year hour 1448,69069.68000000001,69.06968,69.06968,604.0,53833.0
1449,61,9,year hour 1449,67953.64,67.95364,67.95364,604.0,52529.0
1450,61,10,year hour 1450,67944.94,67.94494,67.94494,602.0,52535.0
1451,61,11,year hour 1451,67802.9,67.8029,67.8029,588.0,52375.0
1452,61,12,year hour 1452,81722.33,81.72233000000001,81.72233000000001,620.0,54880.0
1453,61,13,year hour 1453,67952.15,67.95214999999999,67.95214999999999,600.0,52484.0
1454,61,14,year hour 1454,67660.66,67.66066000000001,67.66066000000001,601.0,53191.0
1455,61,15,year hour 1455,68569.25,68.56924999999998,68.56924999999998,595.0,52507.0
1456,61,16,year hour 1456,69555.96,69.55596,69.55596,608.0,53372.0
1457,61,17,year hour 1457,68005.42,68.00542,68.00542,598.0,52153.0
1458,61,18,year hour 1458,70931.0,70.931,70.931,607.0,53552.0
1459,61,19,year hour 1459,67678.63,67.67863,67.67863,599.0,52674.0
1460,61,20,year hour 1460,68076.09,68.07609,68.07609,599.0,52651.0
1461,61,21,year hour 1461,67722.46,67.72246000000001,67.72246000000001,602.0,53040.0
1462,61,22,year hour 1462,67821.74,67.82174,67.82174,604.0,52967.0
1463,61,23,year hour 1463,66036.23,66.03622999999999,66.03622999999999,582.0,51731.0
1464,62,0,year hour 1464,84257.97,84.25797,84.25797,627.0,56190.0
1465,62,1,year hour 1465,67763.65,67.76365,67.76365,602.0,52182.0
1466,62,2,year hour 1466,67864.3,67.8643,67.8643,601.0,52088.0
1467,62,3,year hour 1467,67591.19,67.59119,67.59119,601.0,52786.0
1468,62,4,year hour 1468,68144.07,68.14407000000001,68.14407000000001,601.0,52279.0
1469,62,5,year hour 1469,68040.49,68.04049,68.04049,601.0,53095.0
1470,62,6,year hour 1470,71032.18,71.03218,71.03218,607.0,53189.0
1471,62,7,year hour 1471,68068.45,68.06845,68.06845,595.0,52165.0
1472,62,8,year hour 1472,69069.68000000001,69.06968,69.06968,604.0,53833.0
1473,62,9,year hour 1473,67953.64,67.95364,67.95364,604.0,52529.0
1474,62,10,year hour 1474,67944.94,67.94494,67.94494,602.0,52535.0
1475,62,11,year hour 1475,67802.9,67.8029,67.8029,588.0,52375.0
1476,62,12,year hour 1476,81722.33,81.72233000000001,81.72233000000001,620.0,54880.0
1477,62,13,year hour 1477,67952.15,67.95214999999999,67.95214999999999,600.0,52484.0
1478,62,14,year hour 1478,67660.66,67.66066000000001,67.66066000000001,601.0,53191.0
1479,62,15,year hour 1479,68569.25,68.56924999999998,68.56924999999998,595.0,52507.0
1480,62,16,year hour 1480,69555.96,69.55596,69.55596,608.0,53372.0
1481,62,17,year hour 1481,68005.42,68.00542,68.00542,598.0,52153.0
1482,62,18,year hour 1482,70931.0,70.931,70.931,607.0,53552.0
1483,62,19,year hour 1483,67678.63,67.67863,67.67863,599.0,52674.0
1484,62,20,year hour 1484,68076.09,68.07609,68.07609,599.0,52651.0
1485,62,21,year hour 1485,67722.46,67.72246000000001,67.72246000000001,602.0,53040.0
1486,62,22,year hour 1486,67821.74,67.82174,67.82174,604.0,52967.0
1487,62,23,year hour 1487,66036.23,66.03622999999999,66.03622999999999,582.0,51731.0
1488,63,0,year hour 1488,84257.97,84.25797,84.25797,627.0,56190.0
1489,63,1,year hour 1489,67763.65,67.76365,67.76365,602.0,52182.0
1490,63,2,year hour 1490,67864.3,67.8643,67.8643,601.0,52088.0
1491,63,3,year hour 1491,67591.19,67.59119,67.59119,601.0,52786.0
1492,63,4,year hour 1492,68144.07,68.14407000000001,68.14407000000001,601.0,52279.0
1493,63,5,year hour 1493,68040.49,68.04049,68.04049,601.0,53095.0
1494,63,6,year hour 1494,71032.18,71.03218,71.03218,607.0,53189.0
1495,63,7,year hour 1495,68068.45,68.06845,68.06845,595.0,52165.0
1496,63,8,year hour 1496,69069.68000000001,69.06968,69.06968,604.0,53833.0
1497,63,9,year hour 1497,67953.64,67.95364,67.95364,604.0,52529.0
1498,63,10,year hour 1498,67944.94,67.94494,67.94494,602.0,52535.0
1499,63,11,year hour 1499,67802.9,67.8029,67.8029,588.0,52375.0
1500,63,12,year hour 1500,81722.33,81.72233000000001,81.72233000000001,620.0,54880.0
1501,63,13,year hour 1501,67952.15,67.95214999999999,67.95214999999999,600.0,52484.0
1502,63,14,year hour 1502,67660.66,67.66066000000001,67.66066000000001,601.0,53191.0
1503,63,15,year hour 1503,68569.25,68.56924999999998,68.56924999999998,595.0,52507.0
1504,63,16,year hour 1504,69555.96,69.55596,69.55596,608.0,53372.0
1505,63,17,year hour 1505,68005.42,68.00542,68.00542,598.0,52153.0
1506,63,18,year hour 1506,70931.0,70.931,70.931,607.0,53552.0
1507,63,19,year hour 1507,67678.63,67.67863,67.67863,599.0,52674.0
1508,63,20,year hour 1508,68076.09,68.07609,68.07609,599.0,52651.0
1509,63,21,year hour 1509,67722.46,67.72246000000001,67.72246000000001,602.0,53040.0
1510,63,22,year hour 1510,67821.74,67.82174,67.82174,604.0,52967.0
1511,63,23,year hour 1511,66036.23,66.03622999999999,66.03622999999999,582.0,51731.0
1512,64,0,year hour 1512,84257.97,84.25797,84.25797,627.0,56190.0
1513,64,1,year hour 1513,67763.65,67.76365,67.76365,602.0,52182.0
1514,64,2,year hour 1514,67864.3,67.8643,67.8643,601.0,52088.0
1515,64,3,year hour 1515,67591.19,67.59119,67.59119,601.0,52786.0
1516,64,4,year hour 1516,68144.07,68.14407000000001,68.14407000000001,601.0,52279.0
1517,64,5,year hour 1517,68040.49,68.04049,68.04049,601.0,53095.0
1518,64,6,year hour 1518,71032.18,71.03218,71.03218,607.0,53189.0
1519,64,7,year hour 1519,68068.45,68.06845,68.06845,595.0,52165.0
1520,64,8,year hour 1520,69069.68000000001,69.06968,69.06968,604.0,53833.0
1521,64,9,year hour 1521,67953.64,67.95364,67.95364,604.0,52529.0
1522,64,10,year hour 1522,67944.94,67.94494,67.94494,602.0,52535.0
1523,64,11,year hour 1523,67802.9,67.8029,67.8029,588.0,52375.0
1524,64,12,year hour 1524,81722.33,81.72233000000001,81.72233000000001,620.0,54880.0
1525,64,13,year hour 1525,67952.15,67.95214999999999,67.95214999999999,600.0,52484.0
1526,64,14,year hour 1526,67660.66,67.66066000000001,67.66066000000001,601.0,53191.0
1527,64,15,year hour 1527,68569.25,68.56924999999998,68.56924999999998,595.0,52507.0
1528,64,16,year hour 1528,69555.96,69.55596,69.55596,608.0,53372.0
1529,64,17,year hour 1529,68005.42,68.00542,68.00542,598.0,52153.0
1530,64,18,year hour 1530,70931.0,70.931,70.931,607.0,53552.0
1531,64,19,year hour 1531,67678.63,67.67863,67.67863,599.0,52674.0
1532,64,20,year hour 1532,68076.09,68.07609,68.07609,599.0,52651.0
1533,64,21,year hour 1533,67722.46,67.72246000000001,67.72246000000001,602.0,53040.0
1534,64,22,year hour 1534,67821.74,67.82174,67.82174,604.0,52967.0
1535,64,23,year hour 1535,66036.23,66.03622999999999,66.03622999999999,582.0,51731.0
1536,65,0,year hour 1536,84257.97,84.25797,84.25797,627.0,56190.0
1537,65,1,year hour 1537,67763.65,67.76365,67.76365,602.0,52182.0
1538,65,2,year hour 1538,67864.3,67.8643,67.8643,601.0,52088.0
1539,65,3,year hour 1539,67591.19,67.59119,67.59119,601.0,52786.0
1540,65,4,year hour 1540,68144.07,68.14407000000001,68.14407000000001,601.0,52279.0
1541,65,5,year hour 1541,68040.49,68.04049,68.04049,601.0,53095.0
1542,65,6,year hour 1542,71032.18,71.03218,71.03218,607.0,53189.0
1543,65,7,year hour 1543,68068.45,68.06845,68.06845,595.0,52165.0
1544,65,8,year hour 1544,69069.68000000001,69.06968,69.06968,604.0,53833.0
1545,65,9,year hour 1545,67953.64,67.95364,67.95364,604.0,52529.0
1546,65,10,year hour 1546,67944.94,67.94494,67.94494,602.0,52535.0
1547,65,11,year hour 1547,67802.9,67.8029,67.8029,588.0,52375.0
1548,65,12,year hour 1548,81722.33,81.72233000000001,81.72233000000001,620.0,54880.0
1549,65,13,year hour 1549,67952.15,67.95214999999999,67.95214999999999,600.0,52484.0
1550,65,14,year hour 1550,67660.66,67.66066000000001,67.66066000000001,601.0,53191.0
1551,65,15,year hour 1551,68569.25,68.56924999999998,68.56924999999998,595.0,52507.0
1552,65,16,year hour 1552,69555.96,69.55596,69.55596,608.0,53372.0
1553,65,17,year hour 1553,68005.42,68.00542,68.00542,598.0,52153.0
1554,65,18,year hour 1554,70931.0,70.931,70.931,607.0,53552.0
1555,65,19,year hour 1555,67678.63,67.67863,67.67863,599.0,52674.0
1556,65,20,year hour 1556,68076.09,68.07609,68.07609,599.0,52651.0
1557,65,21,year hour 1557,67722.46,67.72246000000001,67.72246000000001,602.0,53040.0
1558,65,22,year hour 1558,67821.74,67.82174,67.82174,604.0,52967.0
1559,65,23,year hour 1559,66036.23,66.03622999999999,66.03622999999999,582.0,51731.0
1560,66,0,year hour 1560,84257.97,84.25797,84.25797,627.0,56190.0
1561,66,1,year hour 1561,67763.65,67.76365,67.76365,602.0,52182.0
1562,66,2,year hour 1562,67864.3,67.8643,67.8643,601.0,52088.0
1563,66,3,year hour 1563,67591.19,67.59119,67.59119,601.0,52786.0
1564,66,4,year hour 1564,68144.07,68.14407000000001,68.14407000000001,601.0,52279.0
1565,66,5,year hour 1565,68040.49,68.04049,68.04049,601.0,53095.0
1566,66,6,year hour 1566,71032.18,71.03218,71.03218,607.0,53189.0
1567,66,7,year hour 1567,68068.45,68.06845,68.06845,595.0,52165.0
1568,66,8,year hour 1568,69069.68000000001,69.06968,69.06968,604.0,53833.0
1569,66,9,year hour 1569,67953.64,67.95364,67.95364,604.0,52529.0
1570,66,10,year hour 1570,67944.94,67.94494,67.94494,602.0,52535.0
1571,66,11,year hour 1571,67802.9,67.8029,67.8029,588.0,52375.0
1572,66,12,year hour 1572,81722.33,81.72233000000001,81.72233000000001,620.0,54880.0
1573,66,13,year hour 1573,67952.15,67.95214999999999,67.95214999999999,600.0,52484.0
1574,66,14,year hour 1574,67660.66,67.66066000000001,67.66066000000001,601.0,53191.0
1575,66,15,year hour 1575,68569.25,68.56924999999998,68.56924999999998,595.0,52507.0
1576,66,16,year hour 1576,69555.96,69.55596,69.55596,608.0,53372.0
1577,66,17,year hour 1577,68005.42,68.00542,68.00542,598.0,52153.0
1578,66,18,year hour 1578,70931.0,70.931,70.931,607.0,53552.0
1579,66,19,year hour 1579,67678.63,67.67863,67.67863,599.0,52674.0
1580,66,20,year hour 1580,68076.09,68.07609,68.07609,599.0,52651.0
1581,66,21,year hour 1581,67722.46,67.72246000000001,67.72246000000001,602.0,53040.0
1582,66,22,year hour 1582,67821.74,67.82174,67.82174,604.0,52967.0
1583,66,23,year hour 1583,66036.23,66.03622999999999,66.03622999999999,582.0,51731.0
1584,67,0,year hour 1584,84257.97,84.25797,84.25797,627.0,56190.0
1585,67,1,year hour 1585,67763.65,67.76365,67.76365,602.0,52182.0
1586,67,2,year hour 1586,67864.3,67.8643,67.8643,601.0,52088.0
1587,67,3,year hour 1587,67591.19,67.59119,67.59119,601.0,52786.0
1588,67,4,year hour 1588,68144.07,68.14407000000001,68.14407000000001,601.0,52279.0
1589,67,5,year hour 1589,68040.49,68.04049,68.04049,601.0,53095.0
1590,67,6,year hour 1590,71032.18,71.03218,71.03218,607.0,53189.0
1591,67,7,year hour 1591,68068.45,68.06845,68.06845,595.0,52165.0
1592,67,8,year hour 1592,69069.68000000001,69.06968,69.06968,604.0,53833.0
1593,67,9,year hour 1593,67953.64,67.95364,67.95364,604.0,52529.0
1594,67,10,year hour 1594,67944.94,67.94494,67.94494,602.0,52535.0
1595,67,11,year hour 1595,67802.9,67.8029,67.8029,588.0,52375.0
1596,67,12,year hour 1596,81722.33,81.72233000000001,81.72233000000001,620.0,54880.0
1597,67,13,year hour 1597,67952.15,67.95214999999999,67.95214999999999,600.0,52484.0
1598,67,14,year hour 1598,67660.66,67.66066000000001,67.66066000000001,601.0,53191.0
1599,67,15,year hour 1599,68569.25,68.56924999999998,68.56924999999998,595.0,52507.0
1600,67,16,year hour 1600,69555.96,69.55596,69.55596,608.0,53372.0
1601,67,17,year hour 1601,68005.42,68.00542,68.00542,598.0,52153.0
1602,67,18,year hour 1602,70931.0,70.931,70.931,607.0,53552.0
1603,67,19,year hour 1603,67678.63,67.67863,67.67863,599.0,52674.0
1604,67,20,year hour 1604,68076.09,68.07609,68.07609,599.0,52651.0
1605,67,21,year hour 1605,67722.46,67.72246000000001,67.72246000000001,602.0,53040.0
1606,67,22,year hour 1606,67821.74,67.82174,67.82174,604.0,52967.0
1607,67,23,year hour 1607,66036.23,66.03622999999999,66.03622999999999,582.0,51731.0
1608,68,0,year hour 1608,84257.97,84.25797,84.25797,627.0,56190.0
1609,68,1,year hour 1609,67763.65,67.76365,67.76365,602.0,52182.0
1610,68,2,year hour 1610,67864.3,67.8643,67.8643,601.0,52088.0
1611,68,3,year hour 1611,67591.19,67.59119,67.59119,601.0,52786.0
1612,68,4,year hour 1612,68144.07,68.14407000000001,68.14407000000001,601.0,52279.0
1613,68,5,year hour 1613,68040.49,68.04049,68.04049,601.0,53095.0
1614,68,6,year hour 1614,71032.18,71.03218,71.03218,607.0,53189.0
1615,68,7,year hour 1615,68068.45,68.06845,68.06845,595.0,52165.0
1616,68,8,year hour 1616,69069.68000000001,69.06968,69.06968,604.0,53833.0
1617,68,9,year hour 1617,67953.64,67.95364,67.95364,604.0,52529.0
1618,68,10,year hour 1618,67944.94,67.94494,67.94494,602.0,52535.0
1619,68,11,year hour 1619,67802.9,67.8029,67.8029,588.0,52375.0
1620,68,12,year hour 1620,81722.33,81.72233000000001,81.72233000000001,620.0,54880.0
1621,68,13,year hour 1621,67952.15,67.95214999999999,67.95214999999999,600.0,52484.0
1622,68,14,year hour 1622,67660.66,67.66066000000001,67.66066000000001,601.0,53191.0
1623,68,15,year hour 1623,68569.25,68.56924999999998,68.56924999999998,595.0,52507.0
1624,68,16,year hour 1624,69555.96,69.55596,69.55596,608.0,53372.0
1625,68,17,year hour 1625,68005.42,68.00542,68.00542,598.0,52153.0
1626,68,18,year hour 1626,70931.0,70.931,70.931,607.0,53552.0
1627,68,19,year hour 1627,67678.63,67.67863,67.67863,599.0,52674.0
1628,68,20,year hour 1628,68076.09,68.07609,68.07609,599.0,52651.0
1629,68,21,year hour 1629,67722.46,67.72246000000001,67.72246000000001,602.0,53040.0
1630,68,22,year hour 1630,67821.74,67.82174,67.82174,604.0,52967.0
1631,68,23,year hour 1631,66036.23,66.03622999999999,66.03622999999999,582.0,51731.0
1632,69,0,year hour 1632,84257.97,84.25797,84.25797,627.0,56190.0
1633,69,1,year hour 1633,67763.65,67.76365,67.76365,602.0,52182.0
1634,69,2,year hour 1634,67864.3,67.8643,67.8643,601.0,52088.0
1635,69,3,year hour 1635,67591.19,67.59119,67.59119,601.0,52786.0
1636,69,4,year hour 1636,68144.07,68.14407000000001,68.14407000000001,601.0,52279.0
1637,69,5,year hour 1637,68040.49,68.04049,68.04049,601.0,53095.0
1638,69,6,year hour 1638,71032.18,71.03218,71.03218,607.0,53189.0
1639,69,7,year hour 1639,68068.45,68.06845,68.06845,595.0,52165.0
1640,69,8,year hour 1640,69069.68000000001,69.06968,69.06968,604.0,53833.0
1641,69,9,year hour 1641,67953.64,67.95364,67.95364,604.0,52529.0
1642,69,10,year hour 1642,67944.94,67.94494,67.94494,602.0,52535.0
1643,69,11,year hour 1643,67802.9,67.8029,67.8029,588.0,52375.0
1644,69,12,year hour 1644,81722.33,81.72233000000001,81.72233000000001,620.0,54880.0
1645,69,13,year hour 1645,67952.15,67.95214999999999,67.95214999999999,600.0,52484.0
1646,69,14,year hour 1646,67660.66,67.66066000000001,67.66066000000001,601.0,53191.0
1647,69,15,year hour 1647,68569.25,68.56924999999998,68.56924999999998,595.0,52507.0
1648,69,16,year hour 1648,69555.96,69.55596,69.55596,608.0,53372.0
1649,69,17,year hour 1649,68005.42,68.00542,68.00542,598.0,52153.0
1650,69,18,year hour 1650,70931.0,70.931,70.931,607.0,53552.0
1651,69,19,year hour 1651,67678.63,67.67863,67.67863,599.0,52674.0
1652,69,20,year hour 1652,68076.09,68.07609,68.07609,599.0,52651.0
1653,69,21,year hour 1653,67722.46,67.72246000000001,67.72246000000001,602.0,53040.0
1654,69,22,year hour 1654,67821.74,67.82174,67.82174,604.0,52967.0
1655,69,23,year hour 1655,66036.23,66.03622999999999,66.03622999999999,582.0,51731.0
1656,70,0,year hour 1656,84257.97,84.25797,84.25797,627.0,56190.0
1657,70,1,year hour 1657,67763.65,67.76365,67.76365,602.0,52182.0
1658,70,2,year hour 1658,67864.3,67.8643,67.8643,601.0,52088.0
1659,70,3,year hour 1659,67591.19,67.59119,67.59119,601.0,52786.0
1660,70,4,year hour 1660,68144.07,68.14407000000001,68.14407000000001,601.0,52279.0
1661,70,5,year hour 1661,68040.49,68.04049,68.04049,601.0,53095.0
1662,70,6,year hour 1662,71032.18,71.03218,71.03218,607.0,53189.0
1663,70,7,year hour 1663,68068.45,68.06845,68.06845,595.0,52165.0
1664,70,8,year hour 1664,69069.68000000001,69.06968,69.06968,604.0,53833.0
1665,70,9,year hour 1665,67953.64,67.95364,67.95364,604.0,52529.0
1666,70,10,year hour 1666,67944.94,67.94494,67.94494,602.0,52535.0
1667,70,11,year hour 1667,67802.9,67.8029,67.8029,588.0,52375.0
1668,70,12,year hour 1668,81722.33,81.72233000000001,81.72233000000001,620.0,54880.0
1669,70,13,year hour 1669,67952.15,67.95214999999999,67.95214999999999,600.0,52484.0
1670,70,14,year hour 1670,67660.66,67.66066000000001,67.66066000000001,601.0,53191.0
1671,70,15,year hour 1671,68569.25,68.56924999999998,68.56924999999998,595.0,52507.0
1672,70,16,year hour 1672,69555.96,69.55596,69.55596,608.0,53372.0
1673,70,17,year hour 1673,68005.42,68.00542,68.00542,598.0,52153.0
1674,70,18,year hour 1674,70931.0,70.931,70.931,607.0,53552.0
1675,70,19,year hour 1675,67678.63,67.67863,67.67863,599.0,52674.0
1676,70,20,year hour 1676,68076.09,68.07609,68.07609,599.0,52651.0
1677,70,21,year hour 1677,67722.46,67.72246000000001,67.72246000000001,602.0,53040.0
1678,70,22,year hour 1678,67821.74,67.82174,67.82174,604.0,52967.0
1679,70,23,year hour 1679,66036.23,66.03622999999999,66.03622999999999,582.0,51731.0
1680,71,0,year hour 1680,84257.97,84.25797,84.25797,627.0,56190.0
1681,71,1,year hour 1681,67763.65,67.76365,67.76365,602.0,52182.0
1682,71,2,year hour 1682,67864.3,67.8643,67.8643,601.0,52088.0
1683,71,3,year hour 1683,67591.19,67.59119,67.59119,601.0,52786.0
1684,71,4,year hour 1684,68144.07,68.14407000000001,68.14407000000001,601.0,52279.0
1685,71,5,year hour 1685,68040.49,68.04049,68.04049,601.0,53095.0
1686,71,6,year hour 1686,71032.18,71.03218,71.03218,607.0,53189.0
1687,71,7,year hour 1687,68068.45,68.06845,68.06845,595.0,52165.0
1688,71,8,year hour 1688,69069.68000000001,69.06968,69.06968,604.0,53833.0
1689,71,9,year hour 1689,67953.64,67.95364,67.95364,604.0,52529.0
1690,71,10,year hour 1690,67944.94,67.94494,67.94494,602.0,52535.0
1691,71,11,year hour 1691,67802.9,67.8029,67.8029,588.0,52375.0
1692,71,12,year hour 1692,81722.33,81.72233000000001,81.72233000000001,620.0,54880.0
1693,71,13,year hour 1693,67952.15,67.95214999999999,67.95214999999999,600.0,52484.0
1694,71,14,year hour 1694,67660.66,67.66066000000001,67.66066000000001,601.0,53191.0
1695,71,15,year hour 1695,68569.25,68.56924999999998,68.56924999999998,595.0,52507.0
1696,71,16,year hour 1696,69555.96,69.55596,69.55596,608.0,53372.0
1697,71,17,year hour 1697,68005.42,68.00542,68.00542,598.0,52153.0
1698,71,18,year hour 1698,70931.0,70.931,70.931,607.0,53552.0
1699,71,19,year hour 1699,67678.63,67.67863,67.67863,599.0,52674.0
1700,71,20,year hour 1700,68076.09,68.07609,68.07609,599.0,52651.0
1701,71,21,year hour 1701,67722.46,67.72246000000001,67.72246000000001,602.0,53040.0
1702,71,22,year hour 1702,67821.74,67.82174,67.82174,604.0,52967.0
1703,71,23,year hour 1703,66036.23,66.03622999999999,66.03622999999999,582.0,51731.0
1704,72,0,year hour 1704,84257.97,84.25797,84.25797,627.0,56190.0
1705,72,1,year hour 1705,67763.65,67.76365,67.76365,602.0,52182.0
1706,72,2,year hour 1706,67864.3,67.8643,67.8643,601.0,52088.0
1707,72,3,year hour 1707,67591.19,67.59119,67.59119,601.0,52786.0
1708,72,4,year hour 1708,68144.07,68.14407000000001,68.14407000000001,601.0,52279.0
1709,72,5,year hour 1709,68040.49,68.04049,68.04049,601.0,53095.0
1710,72,6,year hour 1710,71032.18,71.03218,71.03218,607.0,53189.0
1711,72,7,year hour 1711,68068.45,68.06845,68.06845,595.0,52165.0
1712,72,8,year hour 1712,69069.68000000001,69.06968,69.06968,604.0,53833.0
1713,72,9,year hour 1713,67953.64,67.95364,67.95364,604.0,52529.0
1714,72,10,year hour 1714,67944.94,67.94494,67.94494,602.0,52535.0
1715,72,11,year hour 1715,67802.9,67.8029,67.8029,588.0,52375.0
1716,72,12,year hour 1716,81722.33,81.72233000000001,81.72233000000001,620.0,54880.0
1717,72,13,year hour 1717,67952.15,67.95214999999999,67.95214999999999,600.0,52484.0
1718,72,14,year hour 1718,67660.66,67.66066000000001,67.66066000000001,601.0,53191.0
1719,72,15,year hour 1719,68569.25,68.56924999999998,68.56924999999998,595.0,52507.0
1720,72,16,year hour 1720,69555.96,69.55596,69.55596,608.0,53372.0
1721,72,17,year hour 1721,68005.42,68.00542,68.00542,598.0,52153.0
1722,72,18,year hour 1722,70931.0,70.931,70.931,607.0,53552.0
1723,72,19,year hour 1723,67678.63,67.67863,67.67863,599.0,52674.0
1724,72,20,year hour 1724,68076.09,68.07609,68.07609,599.0,52651.0
1725,72,21,year hour 1725,67722.46,67.72246000000001,67.72246000000001,602.0,53040.0
1726,72,22,year hour 1726,67821.74,67.82174,67.82174,604.0,52967.0
1727,72,23,year hour 1727,66036.23,66.03622999999999,66.03622999999999,582.0,51731.0
1728,73,0,year hour 1728,84257.97,84.25797,84.25797,627.0,56190.0
1729,73,1,year hour 1729,67763.65,67.76365,67.76365,602.0,52182.0
1730,73,2,year hour 1730,67864.3,67.8643,67.8643,601.0,52088.0
1731,73,3,year hour 1731,67591.19,67.59119,67.59119,601.0,52786.0
1732,73,4,year hour 1732,68144.07,68.14407000000001,68.14407000000001,601.0,52279.0
1733,73,5,year hour 1733,68040.49,68.04049,68.04049,601.0,53095.0
1734,73,6,year hour 1734,71032.18,71.03218,71.03218,607.0,53189.0
1735,73,7,year hour 1735,68068.45,68.06845,68.06845,595.0,52165.0
1736,73,8,year hour 1736,69069.68000000001,69.06968,69.06968,604.0,53833.0
1737,73,9,year hour 1737,67953.64,67.95364,67.95364,604.0,52529.0
1738,73,10,year hour 1738,67944.94,67.94494,67.94494,602.0,52535.0
1739,73,11,year hour 1739,67802.9,67.8029,67.8029,588.0,52375.0
1740,73,12,year hour 1740,81722.33,81.72233000000001,81.72233000000001,620.0,54880.0
1741,73,13,year hour 1741,67952.15,67.95214999999999,67.95214999999999,600.0,52484.0
1742,73,14,year hour 1742,67660.66,67.66066000000001,67.66066000000001,601.0,53191.0
1743,73,15,year hour 1743,68569.25,68.56924999999998,68.56924999999998,595.0,52507.0
1744,73,16,year hour 1744,69555.96,69.55596,69.55596,608.0,53372.0
1745,73,17,year hour 1745,68005.42,68.00542,68.00542,598.0,52153.0
1746,73,18,year hour 1746,70931.0,70.931,70.931,607.0,53552.0
1747,73,19,year hour 1747,67678.63,67.67863,67.67863,599.0,52674.0
1748,73,20,year hour 1748,68076.09,68.07609,68.07609,599.0,52651.0
1749,73,21,year hour 1749,67722.46,67.72246000000001,67.72246000000001,602.0,53040.0
1750,73,22,year hour 1750,67821.74,67.82174,67.82174,604.0,52967.0
1751,73,23,year hour 1751,66036.23,66.03622999999999,66.03622999999999,582.0,51731.0
1752,74,0,year hour 1752,84257.97,84.25797,84.25797,627.0,56190.0
1753,74,1,year hour 1753,67763.65,67.76365,67.76365,602.0,52182.0
1754,74,2,year hour 1754,67864.3,67.8643,67.8643,601.0,52088.0
1755,74,3,year hour 1755,67591.19,67.59119,67.59119,601.0,52786.0
1756,74,4,year hour 1756,68144.07,68.14407000000001,68.14407000000001,601.0,52279.0
1757,74,5,year hour 1757,68040.49,68.04049,68.04049,601.0,53095.0
1758,74,6,year hour 1758,71032.18,71.03218,71.03218,607.0,53189.0
1759,74,7,year hour 1759,68068.45,68.06845,68.06845,595.0,52165.0
1760,74,8,year hour 1760,69069.68000000001,69.06968,69.06968,604.0,53833.0
1761,74,9,year hour 1761,67953.64,67.95364,67.95364,604.0,52529.0
1762,74,10,year hour 1762,67944.94,67.94494,67.94494,602.0,52535.0
1763,74,11,year hour 1763,67802.9,67.8029,67.8029,588.0,52375.0
1764,74,12,year hour 1764,81722.33,81.72233000000001,81.72233000000001,620.0,54880.0
1765,74,13,year hour 1765,67952.15,67.95214999999999,67.95214999999999,600.0,52484.0
1766,74,14,year hour 1766,67660.66,67.66066000000001,67.66066000000001,601.0,53191.0
1767,74,15,year hour 1767,68569.25,68.56924999999998,68.56924999999998,595.0,52507.0
1768,74,16,year hour 1768,69555.96,69.55596,69.55596,608.0,53372.0
1769,74,17,year hour 1769,68005.42,68.00542,68.00542,598.0,52153.0
1770,74,18,year hour 1770,70931.0,70.931,70.931,607.0,53552.0
1771,74,19,year hour 1771,67678.63,67.67863,67.67863,599.0,52674.0
1772,74,20,year hour 1772,68076.09,68.07609,68.07609,599.0,52651.0
1773,74,21,year hour 1773,67722.46,67.72246000000001,67.72246000000001,602.0,53040.0
1774,74,22,year hour 1774,67821.74,67.82174,67.82174,604.0,52967.0
1775,74,23,year hour 1775,66036.23,66.03622999999999,66.03622999999999,582.0,51731.0
1776,75,0,year hour 1776,84257.97,84.25797,84.25797,627.0,56190.0
1777,75,1,year hour 1777,67763.65,67.76365,67.76365,602.0,52182.0
1778,75,2,year hour 1778,67864.3,67.8643,67.8643,601.0,52088.0
1779,75,3,year hour 1779,67591.19,67.59119,67.59119,601.0,52786.0
1780,75,4,year hour 1780,68144.07,68.14407000000001,68.14407000000001,601.0,52279.0
1781,75,5,year hour 1781,68040.49,68.04049,68.04049,601.0,53095.0
1782,75,6,year hour 1782,71032.18,71.03218,71.03218,607.0,53189.0
1783,75,7,year hour 1783,68068.45,68.06845,68.06845,595.0,52165.0
1784,75,8,year hour 1784,69069.68000000001,69.06968,69.06968,604.0,53833.0
1785,75,9,year hour 1785,67953.64,67.95364,67.95364,604.0,52529.0
1786,75,10,year hour 1786,67944.94,67.94494,67.94494,602.0,52535.0
1787,75,11,year hour 1787,67802.9,67.8029,67.8029,588.0,52375.0
1788,75,12,year hour 1788,81722.33,81.72233000000001,81.72233000000001,620.0,54880.0
1789,75,13,year hour 1789,67952.15,67.95214999999999,67.95214999999999,600.0,52484.0
1790,75,14,year hour 1790,67660.66,67.66066000000001,67.66066000000001,601.0,53191.0
1791,75,15,year hour 1791,68569.25,68.56924999999998,68.56924999999998,595.0,52507.0
1792,75,16,year hour 1792,69555.96,69.55596,69.55596,608.0,53372.0
1793,75,17,year hour 1793,68005.42,68.00542,68.00542,598.0,52153.0
1794,75,18,year hour 1794,70931.0,70.931,70.931,607.0,53552.0
1795,75,19,year hour 1795,67678.63,67.67863,67.67863,599.0,52674.0
1796,75,20,year hour 1796,68076.09,68.07609,68.07609,599.0,52651.0
1797,75,21,year hour 1797,67722.46,67.72246000000001,67.72246000000001,602.0,53040.0
1798,75,22,year hour 1798,67821.74,67.82174,67.82174,604.0,52967.0
1799,75,23,year hour 1799,66036.23,66.03622999999999,66.03622999999999,582.0,51731.0
1800,76,0,year hour 1800,84257.97,84.25797,84.25797,627.0,56190.0
1801,76,1,year hour 1801,67763.65,67.76365,67.76365,602.0,52182.0
1802,76,2,year hour 1802,67864.3,67.8643,67.8643,601.0,52088.0
1803,76,3,year hour 1803,67591.19,67.59119,67.59119,601.0,52786.0
1804,76,4,year hour 1804,68144.07,68.14407000000001,68.14407000000001,601.0,52279.0
1805,76,5,year hour 1805,68040.49,68.04049,68.04049,601.0,53095.0
1806,76,6,year hour 1806,71032.18,71.03218,71.03218,607.0,53189.0
1807,76,7,year hour 1807,68068.45,68.06845,68.06845,595.0,52165.0
1808,76,8,year hour 1808,69069.68000000001,69.06968,69.06968,604.0,53833.0
1809,76,9,year hour 1809,67953.64,67.95364,67.95364,604.0,52529.0
1810,76,10,year hour 1810,67944.94,67.94494,67.94494,602.0,52535.0
1811,76,11,year hour 1811,67802.9,67.8029,67.8029,588.0,52375.0
1812,76,12,year hour 1812,81722.33,81.72233000000001,81.72233000000001,620.0,54880.0
1813,76,13,year hour 1813,67952.15,67.95214999999999,67.95214999999999,600.0,52484.0
1814,76,14,year hour 1814,67660.66,67.66066000000001,67.66066000000001,601.0,53191.0
1815,76,15,year hour 1815,68569.25,68.56924999999998,68.56924999999998,595.0,52507.0
1816,76,16,year hour 1816,69555.96,69.55596,69.55596,608.0,53372.0
1817,76,17,year hour 1817,68005.42,68.00542,68.00542,598.0,52153.0
1818,76,18,year hour 1818,70931.0,70.931,70.931,607.0,53552.0
1819,76,19,year hour 1819,67678.63,67.67863,67.67863,599.0,52674.0
1820,76,20,year hour 1820,68076.09,68.07609,68.07609,599.0,52651.0
1821,76,21,year hour 1821,67722.46,67.72246000000001,67.72246000000001,602.0,53040.0
1822,76,22,year hour 1822,67821.74,67.82174,67.82174,604.0,52967.0
1823,76,23,year hour 1823,66036.23,66.03622999999999,66.03622999999999,582.0,51731.0
1824,77,0,year hour 1824,84257.97,84.25797,84.25797,627.0,56190.0
1825,77,1,year hour 1825,67763.65,67.76365,67.76365,602.0,52182.0
1826,77,2,year hour 1826,67864.3,67.8643,67.8643,601.0,52088.0
1827,77,3,year hour 1827,67591.19,67.59119,67.59119,601.0,52786.0
1828,77,4,year hour 1828,68144.07,68.14407000000001,68.14407000000001,601.0,52279.0
1829,77,5,year hour 1829,68040.49,68.04049,68.04049,601.0,53095.0
1830,77,6,year hour 1830,71032.18,71.03218,71.03218,607.0,53189.0
1831,77,7,year hour 1831,68068.45,68.06845,68.06845,595.0,52165.0
1832,77,8,year hour 1832,69069.68000000001,69.06968,69.06968,604.0,53833.0
1833,77,9,year hour 1833,67953.64,67.95364,67.95364,604.0,52529.0
1834,77,10,year hour 1834,67944.94,67.94494,67.94494,602.0,52535.0
1835,77,11,year hour 1835,67802.9,67.8029,67.8029,588.0,52375.0
1836,77,12,year hour 1836,81722.33,81.72233000000001,81.72233000000001,620.0,54880.0
1837,77,13,year hour 1837,67952.15,67.95214999999999,67.95214999999999,600.0,52484.0
1838,77,14,year hour 1838,67660.66,67.66066000000001,67.66066000000001,601.0,53191.0
1839,77,15,year hour 1839,68569.25,68.56924999999998,68.56924999999998,595.0,52507.0
1840,77,16,year hour 1840,69555.96,69.55596,69.55596,608.0,53372.0
1841,77,17,year hour 1841,68005.42,68.00542,68.00542,598.0,52153.0
1842,77,18,year hour 1842,70931.0,70.931,70.931,607.0,53552.0
1843,77,19,year hour 1843,67678.63,67.67863,67.67863,599.0,52674.0
1844,77,20,year hour 1844,68076.09,68.07609,68.07609,599.0,52651.0
1845,77,21,year hour 1845,67722.46,67.72246000000001,67.72246000000001,602.0,53040.0
1846,77,22,year hour 1846,67821.74,67.82174,67.82174,604.0,52967.0
1847,77,23,year hour 1847,66036.23,66.03622999999999,66.03622999999999,582.0,51731.0
1848,78,0,year hour 1848,84257.97,84.25797,84.25797,627.0,56190.0
1849,78,1,year hour 1849,67763.65,67.76365,67.76365,602.0,52182.0
1850,78,2,year hour 1850,67864.3,67.8643,67.8643,601.0,52088.0
1851,78,3,year hour 1851,67591.19,67.59119,67.59119,601.0,52786.0
1852,78,4,year hour 1852,68144.07,68.14407000000001,68.14407000000001,601.0,52279.0
1853,78,5,year hour 1853,68040.49,68.04049,68.04049,601.0,53095.0
1854,78,6,year hour 1854,71032.18,71.03218,71.03218,607.0,53189.0
1855,78,7,year hour 1855,68068.45,68.06845,68.06845,595.0,52165.0
1856,78,8,year hour 1856,69069.68000000001,69.06968,69.06968,604.0,53833.0
1857,78,9,year hour 1857,67953.64,67.95364,67.95364,604.0,52529.0
1858,78,10,year hour 1858,67944.94,67.94494,67.94494,602.0,52535.0
1859,78,11,year hour 1859,67802.9,67.8029,67.8029,588.0,52375.0
1860,78,12,year hour 1860,81722.33,81.72233000000001,81.72233000000001,620.0,54880.0
1861,78,13,year hour 1861,67952.15,67.95214999999999,67.95214999999999,600.0,52484.0
1862,78,14,year hour 1862,67660.66,67.66066000000001,67.66066000000001,601.0,53191.0
1863,78,15,year hour 1863,68569.25,68.56924999999998,68.56924999999998,595.0,52507.0
1864,78,16,year hour 1864,69555.96,69.55596,69.55596,608.0,53372.0
1865,78,17,year hour 1865,68005.42,68.00542,68.00542,598.0,52153.0
1866,78,18,year hour 1866,70931.0,70.931,70.931,607.0,53552.0
1867,78,19,year hour 1867,67678.63,67.67863,67.67863,599.0,52674.0
1868,78,20,year hour 1868,68076.09,68.07609,68.07609,599.0,52651.0
1869,78,21,year hour 1869,67722.46,67.72246000000001,67.72246000000001,602.0,53040.0
1870,78,22,year hour 1870,67821.74,67.82174,67.82174,604.0,52967.0
1871,78,23,year hour 1871,66036.23,66.03622999999999,66.03622999999999,582.0,51731.0
1872,79,0,year hour 1872,84257.97,84.25797,84.25797,627.0,56190.0
1873,79,1,year hour 1873,67763.65,67.76365,67.76365,602.0,52182.0
1874,79,2,year hour 1874,67864.3,67.8643,67.8643,601.0,52088.0
1875,79,3,year hour 1875,67591.19,67.59119,67.59119,601.0,52786.0
1876,79,4,year hour 1876,68144.07,68.14407000000001,68.14407000000001,601.0,52279.0
1877,79,5,year hour 1877,68040.49,68.04049,68.04049,601.0,53095.0
1878,79,6,year hour 1878,71032.18,71.03218,71.03218,607.0,53189.0
1879,79,7,year hour 1879,68068.45,68.06845,68.06845,595.0,52165.0
1880,79,8,year hour 1880,69069.68000000001,69.06968,69.06968,604.0,53833.0
1881,79,9,year hour 1881,67953.64,67.95364,67.95364,604.0,52529.0
1882,79,10,year hour 1882,67944.94,67.94494,67.94494,602.0,52535.0
1883,79,11,year hour 1883,67802.9,67.8029,67.8029,588.0,52375.0
1884,79,12,year hour 1884,81722.33,81.72233000000001,81.72233000000001,620.0,54880.0
1885,79,13,year hour 1885,67952.15,67.95214999999999,67.95214999999999,600.0,52484.0
1886,79,14,year hour 1886,67660.66,67.66066000000001,67.66066000000001,601.0,53191.0
1887,79,15,year hour 1887,68569.25,68.56924999999998,68.56924999999998,595.0,52507.0
1888,79,16,year hour 1888,69555.96,69.55596,69.55596,608.0,53372.0
1889,79,17,year hour 1889,68005.42,68.00542,68.00542,598.0,52153.0
1890,79,18,year hour 1890,70931.0,70.931,70.931,607.0,53552.0
1891,79,19,year hour 1891,67678.63,67.67863,67.67863,599.0,52674.0
1892,79,20,year hour 1892,68076.09,68.07609,68.07609,599.0,52651.0
1893,79,21,year hour 1893,67722.46,67.72246000000001,67.72246000000001,602.0,53040.0
1894,79,22,year hour 1894,67821.74,67.82174,67.82174,604.0,52967.0
1895,79,23,year hour 1895,66036.23,66.03622999999999,66.03622999999999,582.0,51731.0
1896,80,0,year hour 1896,84257.97,84.25797,84.25797,627.0,56190.0
1897,80,1,year hour 1897,67763.65,67.76365,67.76365,602.0,52182.0
1898,80,2,year hour 1898,67864.3,67.8643,67.8643,601.0,52088.0
1899,80,3,year hour 1899,67591.19,67.59119,67.59119,601.0,52786.0
1900,80,4,year hour 1900,68144.07,68.14407000000001,68.14407000000001,601.0,52279.0
1901,80,5,year hour 1901,68040.49,68.04049,68.04049,601.0,53095.0
1902,80,6,year hour 1902,71032.18,71.03218,71.03218,607.0,53189.0
1903,80,7,year hour 1903,68068.45,68.06845,68.06845,595.0,52165.0
1904,80,8,year hour 1904,69069.68000000001,69.06968,69.06968,604.0,53833.0
1905,80,9,year hour 1905,67953.64,67.95364,67.95364,604.0,52529.0
1906,80,10,year hour 1906,67944.94,67.94494,67.94494,602.0,52535.0
1907,80,11,year hour 1907,67802.9,67.8029,67.8029,588.0,52375.0
1908,80,12,year hour 1908,81722.33,81.72233000000001,81.72233000000001,620.0,54880.0
1909,80,13,year hour 1909,67952.15,67.95214999999999,67.95214999999999,600.0,52484.0
1910,80,14,year hour 1910,67660.66,67.66066000000001,67.66066000000001,601.0,53191.0
1911,80,15,year hour 1911,68569.25,68.56924999999998,68.56924999999998,595.0,52507.0
1912,80,16,year hour 1912,69555.96,69.55596,69.55596,608.0,53372.0
1913,80,17,year hour 1913,68005.42,68.00542,68.00542,598.0,52153.0
1914,80,18,year hour 1914,70931.0,70.931,70.931,607.0,53552.0
1915,80,19,year hour 1915,67678.63,67.67863,67.67863,599.0,52674.0
1916,80,20,year hour 1916,68076.09,68.07609,68.07609,599.0,52651.0
1917,80,21,year hour 1917,67722.46,67.72246000000001,67.72246000000001,602.0,53040.0
1918,80,22,year hour 1918,67821.74,67.82174,67.82174,604.0,52967.0
1919,80,23,year hour 1919,66036.23,66.03622999999999,66.03622999999999,582.0,51731.0
1920,81,0,year hour 1920,84257.97,84.25797,84.25797,627.0,56190.0
1921,81,1,year hour 1921,67763.65,67.76365,67.76365,602.0,52182.0
1922,81,2,year hour 1922,67864.3,67.8643,67.8643,601.0,52088.0
1923,81,3,year hour 1923,67591.19,67.59119,67.59119,601.0,52786.0
1924,81,4,year hour 1924,68144.07,68.14407000000001,68.14407000000001,601.0,52279.0
1925,81,5,year hour 1925,68040.49,68.04049,68.04049,601.0,53095.0
1926,81,6,year hour 1926,71032.18,71.03218,71.03218,607.0,53189.0
1927,81,7,year hour 1927,68068.45,68.06845,68.06845,595.0,52165.0
1928,81,8,year hour 1928,69069.68000000001,69.06968,69.06968,604.0,53833.0
1929,81,9,year hour 1929,67953.64,67.95364,67.95364,604.0,52529.0
1930,81,10,year hour 1930,67944.94,67.94494,67.94494,602.0,52535.0
1931,81,11,year hour 1931,67802.9,67.8029,67.8029,588.0,52375.0
1932,81,12,year hour 1932,81722.33,81.72233000000001,81.72233000000001,620.0,54880.0
1933,81,13,year hour 1933,67952.15,67.95214999999999,67.95214999999999,600.0,52484.0
1934,81,14,year hour 1934,67660.66,67.66066000000001,67.66066000000001,601.0,53191.0
1935,81,15,year hour 1935,68569.25,68.56924999999998,68.56924999999998,595.0,52507.0
1936,81,16,year hour 1936,69555.96,69.55596,69.55596,608.0,53372.0
1937,81,17,year hour 1937,68005.42,68.00542,68.00542,598.0,52153.0
1938,81,18,year hour 1938,70931.0,70.931,70.931,607.0,53552.0
1939,81,19,year hour 1939,67678.63,67.67863,67.67863,599.0,52674.0
1940,81,20,year hour 1940,68076.09,68.07609,68.07609,599.0,52651.0
1941,81,21,year hour 1941,67722.46,67.72246000000001,67.72246000000001,602.0,53040.0
1942,81,22,year hour 1942,67821.74,67.82174,67.82174,604.0,52967.0
1943,81,23,year hour 1943,66036.23,66.03622999999999,66.03622999999999,582.0,51731.0
1944,82,0,year hour 1944,84257.97,84.25797,84.25797,627.0,56190.0
1945,82,1,year hour 1945,67763.65,67.76365,67.76365,602.0,52182.0
1946,82,2,year hour 1946,67864.3,67.8643,67.8643,601.0,52088.0
1947,82,3,year hour 1947,67591.19,67.59119,67.59119,601.0,52786.0
1948,82,4,year hour 1948,68144.07,68.14407000000001,68.14407000000001,601.0,52279.0
1949,82,5,year hour 1949,68040.49,68.04049,68.04049,601.0,53095.0
1950,82,6,year hour 1950,71032.18,71.03218,71.03218,607.0,53189.0
1951,82,7,year hour 1951,68068.45,68.06845,68.06845,595.0,52165.0
1952,82,8,year hour 1952,69069.68000000001,69.06968,69.06968,604.0,53833.0
1953,82,9,year hour 1953,67953.64,67.95364,67.95364,604.0,52529.0
1954,82,10,year hour 1954,67944.94,67.94494,67.94494,602.0,52535.0
1955,82,11,year hour 1955,67802.9,67.8029,67.8029,588.0,52375.0
1956,82,12,year hour 1956,81722.33,81.72233000000001,81.72233000000001,620.0,54880.0
1957,82,13,year hour 1957,67952.15,67.95214999999999,67.95214999999999,600.0,52484.0
1958,82,14,year hour 1958,67660.66,67.66066000000001,67.66066000000001,601.0,53191.0
1959,82,15,year hour 1959,68569.25,68.56924999999998,68.56924999999998,595.0,52507.0
1960,82,16,year hour 1960,69555.96,69.55596,69.55596,608.0,53372.0
1961,82,17,year hour 1961,68005.42,68.00542,68.00542,598.0,52153.0
1962,82,18,year hour 1962,70931.0,70.931,70.931,607.0,53552.0
1963,82,19,year hour 1963,67678.63,67.67863,67.67863,599.0,52674.0
1964,82,20,year hour 1964,68076.09,68.07609,68.07609,599.0,52651.0
1965,82,21,year hour 1965,67722.46,67.72246000000001,67.72246000000001,602.0,53040.0
1966,82,22,year hour 1966,67821.74,67.82174,67.82174,604.0,52967.0
1967,82,23,year hour 1967,66036.23,66.03622999999999,66.03622999999999,582.0,51731.0
1968,83,0,year hour 1968,84257.97,84.25797,84.25797,627.0,56190.0
1969,83,1,year hour 1969,67763.65,67.76365,67.76365,602.0,52182.0
1970,83,2,year hour 1970,67864.3,67.8643,67.8643,601.0,52088.0
1971,83,3,year hour 1971,67591.19,67.59119,67.59119,601.0,52786.0
1972,83,4,year hour 1972,68144.07,68.14407000000001,68.14407000000001,601.0,52279.0
1973,83,5,year hour 1973,68040.49,68.04049,68.04049,601.0,53095.0
1974,83,6,year hour 1974,71032.18,71.03218,71.03218,607.0,53189.0
1975,83,7,year hour 1975,68068.45,68.06845,68.06845,595.0,52165.0
1976,83,8,year hour 1976,69069.68000000001,69.06968,69.06968,604.0,53833.0
1977,83,9,year hour 1977,67953.64,67.95364,67.95364,604.0,52529.0
1978,83,10,year hour 1978,67944.94,67.94494,67.94494,602.0,52535.0
1979,83,11,year hour 1979,67802.9,67.8029,67.8029,588.0,52375.0
1980,83,12,year hour 1980,81722.33,81.72233000000001,81.72233000000001,620.0,54880.0
1981,83,13,year hour 1981,67952.15,67.95214999999999,67.95214999999999,600.0,52484.0
1982,83,14,year hour 1982,67660.66,67.66066000000001,67.66066000000001,601.0,53191.0
1983,83,15,year hour 1983,68569.25,68.56924999999998,68.56924999999998,595.0,52507.0
1984,83,16,year hour 1984,69555.96,69.55596,69.55596,608.0,53372.0
1985,83,17,year hour 1985,68005.42,68.00542,68.00542,598.0,52153.0
1986,83,18,year hour 1986,70931.0,70.931,70.931,607.0,53552.0
1987,83,19,year hour 1987,67678.63,67.67863,67.67863,599.0,52674.0
1988,83,20,year hour 1988,68076.09,68.07609,68.07609,599.0,52651.0
1989,83,21,year hour 1989,67722.46,67.72246000000001,67.72246000000001,602.0,53040.0
1990,83,22,year hour 1990,67821.74,67.82174,67.82174,604.0,52967.0
1991,83,23,year hour 1991,66036.23,66.03622999999999,66.03622999999999,582.0,51731.0
1992,84,0,year hour 1992,84257.97,84.25797,84.25797,627.0,56190.0
1993,84,1,year hour 1993,67763.65,67.76365,67.76365,602.0,52182.0
1994,84,2,year hour 1994,67864.3,67.8643,67.8643,601.0,52088.0
1995,84,3,year hour 1995,67591.19,67.59119,67.59119,601.0,52786.0
1996,84,4,year hour 1996,68144.07,68.14407000000001,68.14407000000001,601.0,52279.0
1997,84,5,year hour 1997,68040.49,68.04049,68.04049,601.0,53095.0
1998,84,6,year hour 1998,71032.18,71.03218,71.03218,607.0,53189.0
1999,84,7,year hour 1999,68068.45,68.06845,68.06845,595.0,52165.0
2000,84,8,year hour 2000,69069.68000000001,69.06968,69.06968,604.0,53833.0
2001,84,9,year hour 2001,67953.64,67.95364,67.95364,604.0,52529.0
2002,84,10,year hour 2002,67944.94,67.94494,67.94494,602.0,52535.0
2003,84,11,year hour 2003,67802.9,67.8029,67.8029,588.0,52375.0
2004,84,12,year hour 2004,81722.33,81.72233000000001,81.72233000000001,620.0,54880.0
2005,84,13,year hour 2005,67952.15,67.95214999999999,67.95214999999999,600.0,52484.0
2006,84,14,year hour 2006,67660.66,67.66066000000001,67.66066000000001,601.0,53191.0
2007,84,15,year hour 2007,68569.25,68.56924999999998,68.56924999999998,595.0,52507.0
2008,84,16,year hour 2008,69555.96,69.55596,69.55596,608.0,53372.0
2009,84,17,year hour 2009,68005.42,68.00542,68.00542,598.0,52153.0
2010,84,18,year hour 2010,70931.0,70.931,70.931,607.0,53552.0
2011,84,19,year hour 2011,67678.63,67.67863,67.67863,599.0,52674.0
2012,84,20,year hour 2012,68076.09,68.07609,68.07609,599.0,52651.0
2013,84,21,year hour 2013,67722.46,67.72246000000001,67.72246000000001,602.0,53040.0
2014,84,22,year hour 2014,67821.74,67.82174,67.82174,604.0,52967.0
2015,84,23,year hour 2015,66036.23,66.03622999999999,66.03622999999999,582.0,51731.0
2016,85,0,year hour 2016,84257.97,84.25797,84.25797,627.0,56190.0
2017,85,1,year hour 2017,67763.65,67.76365,67.76365,602.0,52182.0
2018,85,2,year hour 2018,67864.3,67.8643,67.8643,601.0,52088.0
2019,85,3,year hour 2019,67591.19,67.59119,67.59119,601.0,52786.0
2020,85,4,year hour 2020,68144.07,68.14407000000001,68.14407000000001,601.0,52279.0
2021,85,5,year hour 2021,68040.49,68.04049,68.04049,601.0,53095.0
2022,85,6,year hour 2022,71032.18,71.03218,71.03218,607.0,53189.0
2023,85,7,year hour 2023,68068.45,68.06845,68.06845,595.0,52165.0
2024,85,8,year hour 2024,69069.68000000001,69.06968,69.06968,604.0,53833.0
2025,85,9,year hour 2025,67953.64,67.95364,67.95364,604.0,52529.0
2026,85,10,year hour 2026,67944.94,67.94494,67.94494,602.0,52535.0
2027,85,11,year hour 2027,67802.9,67.8029,67.8029,588.0,52375.0
2028,85,12,year hour 2028,81722.33,81.72233000000001,81.72233000000001,620.0,54880.0
2029,85,13,year hour 2029,67952.15,67.95214999999999,67.95214999999999,600.0,52484.0
2030,85,14,year hour 2030,67660.66,67.66066000000001,67.66066000000001,601.0,53191.0
2031,85,15,year hour 2031,68569.25,68.56924999999998,68.56924999999998,595.0,52507.0
2032,85,16,year hour 2032,69555.96,69.55596,69.55596,608.0,53372.0
2033,85,17,year hour 2033,68005.42,68.00542,68.00542,598.0,52153.0
2034,85,18,year hour 2034,70931.0,70.931,70.931,607.0,53552.0
2035,85,19,year hour 2035,67678.63,67.67863,67.67863,599.0,52674.0
2036,85,20,year hour 2036,68076.09,68.07609,68.07609,599.0,52651.0
2037,85,21,year hour 2037,67722.46,67.72246000000001,67.72246000000001,602.0,53040.0
2038,85,22,year hour 2038,67821.74,67.82174,67.82174,604.0,52967.0
2039,85,23,year hour 2039,66036.23,66.03622999999999,66.03622999999999,582.0,51731.0
2040,86,0,year hour 2040,84257.97,84.25797,84.25797,627.0,56190.0
2041,86,1,year hour 2041,67763.65,67.76365,67.76365,602.0,52182.0
2042,86,2,year hour 2042,67864.3,67.8643,67.8643,601.0,52088.0
2043,86,3,year hour 2043,67591.19,67.59119,67.59119,601.0,52786.0
2044,86,4,year hour 2044,68144.07,68.14407000000001,68.14407000000001,601.0,52279.0
2045,86,5,year hour 2045,68040.49,68.04049,68.04049,601.0,53095.0
2046,86,6,year hour 2046,71032.18,71.03218,71.03218,607.0,53189.0
2047,86,7,year hour 2047,68068.45,68.06845,68.06845,595.0,52165.0
2048,86,8,year hour 2048,69069.68000000001,69.06968,69.06968,604.0,53833.0
2049,86,9,year hour 2049,67953.64,67.95364,67.95364,604.0,52529.0
2050,86,10,year hour 2050,67944.94,67.94494,67.94494,602.0,52535.0
2051,86,11,year hour 2051,67802.9,67.8029,67.8029,588.0,52375.0
2052,86,12,year hour 2052,81722.33,81.72233000000001,81.72233000000001,620.0,54880.0
2053,86,13,year hour 2053,67952.15,67.95214999999999,67.95214999999999,600.0,52484.0
2054,86,14,year hour 2054,67660.66,67.66066000000001,67.66066000000001,601.0,53191.0
2055,86,15,year hour 2055,68569.25,68.56924999999998,68.56924999999998,595.0,52507.0
2056,86,16,year hour 2056,69555.96,69.55596,69.55596,608.0,53372.0
2057,86,17,year hour 2057,68005.42,68.00542,68.00542,598.0,52153.0
2058,86,18,year hour 2058,70931.0,70.931,70.931,607.0,53552.0
2059,86,19,year hour 2059,67678.63,67.67863,67.67863,599.0,52674.0
2060,86,20,year hour 2060,68076.09,68.07609,68.07609,599.0,52651.0
2061,86,21,year hour 2061,67722.46,67.72246000000001,67.72246000000001,602.0,53040.0
2062,86,22,year hour 2062,67821.74,67.82174,67.82174,604.0,52967.0
2063,86,23,year hour 2063,66036.23,66.03622999999999,66.03622999999999,582.0,51731.0
2064,87,0,year hour 2064,84257.97,84.25797,84.25797,627.0,56190.0
2065,87,1,year hour 2065,67763.65,67.76365,67.76365,602.0,52182.0
2066,87,2,year hour 2066,67864.3,67.8643,67.8643,601.0,52088.0
2067,87,3,year hour 2067,67591.19,67.59119,67.59119,601.0,52786.0
2068,87,4,year hour 2068,68144.07,68.14407000000001,68.14407000000001,601.0,52279.0
2069,87,5,year hour 2069,68040.49,68.04049,68.04049,601.0,53095.0
2070,87,6,year hour 2070,71032.18,71.03218,71.03218,607.0,53189.0
2071,87,7,year hour 2071,68068.45,68.06845,68.06845,595.0,52165.0
2072,87,8,year hour 2072,69069.68000000001,69.06968,69.06968,604.0,53833.0
2073,87,9,year hour 2073,67953.64,67.95364,67.95364,604.0,52529.0
2074,87,10,year hour 2074,67944.94,67.94494,67.94494,602.0,52535.0
2075,87,11,year hour 2075,67802.9,67.8029,67.8029,588.0,52375.0
2076,87,12,year hour 2076,81722.33,81.72233000000001,81.72233000000001,620.0,54880.0
2077,87,13,year hour 2077,67952.15,67.95214999999999,67.95214999999999,600.0,52484.0
2078,87,14,year hour 2078,67660.66,67.66066000000001,67.66066000000001,601.0,53191.0
2079,87,15,year hour 2079,68569.25,68.56924999999998,68.56924999999998,595.0,52507.0
2080,87,16,year hour 2080,69555.96,69.55596,69.55596,608.0,53372.0
2081,87,17,year hour 2081,68005.42,68.00542,68.00542,598.0,52153.0
2082,87,18,year hour 2082,70931.0,70.931,70.931,607.0,53552.0
2083,87,19,year hour 2083,67678.63,67.67863,67.67863,599.0,52674.0
2084,87,20,year hour 2084,68076.09,68.07609,68.07609,599.0,52651.0
2085,87,21,year hour 2085,67722.46,67.72246000000001,67.72246000000001,602.0,53040.0
2086,87,22,year hour 2086,67821.74,67.82174,67.82174,604.0,52967.0
2087,87,23,year hour 2087,66036.23,66.03622999999999,66.03622999999999,582.0,51731.0
2088,88,0,year hour 2088,84257.97,84.25797,84.25797,627.0,56190.0
2089,88,1,year hour 2089,67763.65,67.76365,67.76365,602.0,52182.0
2090,88,2,year hour 2090,67864.3,67.8643,67.8643,601.0,52088.0
2091,88,3,year hour 2091,67591.19,67.59119,67.59119,601.0,52786.0
2092,88,4,year hour 2092,68144.07,68.14407000000001,68.14407000000001,601.0,52279.0
2093,88,5,year hour 2093,68040.49,68.04049,68.04049,601.0,53095.0
2094,88,6,year hour 2094,71032.18,71.03218,71.03218,607.0,53189.0
2095,88,7,year hour 2095,68068.45,68.06845,68.06845,595.0,52165.0
2096,88,8,year hour 2096,69069.68000000001,69.06968,69.06968,604.0,53833.0
2097,88,9,year hour 2097,67953.64,67.95364,67.95364,604.0,52529.0
2098,88,10,year hour 2098,67944.94,67.94494,67.94494,602.0,52535.0
2099,88,11,year hour 2099,67802.9,67.8029,67.8029,588.0,52375.0
2100,88,12,year hour 2100,81722.33,81.72233000000001,81.72233000000001,620.0,54880.0
2101,88,13,year hour 2101,67952.15,67.95214999999999,67.95214999999999,600.0,52484.0
2102,88,14,year hour 2102,67660.66,67.66066000000001,67.66066000000001,601.0,53191.0
2103,88,15,year hour 2103,68569.25,68.56924999999998,68.56924999999998,595.0,52507.0
2104,88,16,year hour 2104,69555.96,69.55596,69.55596,608.0,53372.0
2105,88,17,year hour 2105,68005.42,68.00542,68.00542,598.0,52153.0
2106,88,18,year hour 2106,70931.0,70.931,70.931,607.0,53552.0
2107,88,19,year hour 2107,67678.63,67.67863,67.67863,599.0,52674.0
2108,88,20,year hour 2108,68076.09,68.07609,68.07609,599.0,52651.0
2109,88,21,year hour 2109,67722.46,67.72246000000001,67.72246000000001,602.0,53040.0
2110,88,22,year hour 2110,67821.74,67.82174,67.82174,604.0,52967.0
2111,88,23,year hour 2111,66036.23,66.03622999999999,66.03622999999999,582.0,51731.0
2112,89,0,year hour 2112,84257.97,84.25797,84.25797,627.0,56190.0
2113,89,1,year hour 2113,67763.65,67.76365,67.76365,602.0,52182.0
2114,89,2,year hour 2114,67864.3,67.8643,67.8643,601.0,52088.0
2115,89,3,year hour 2115,67591.19,67.59119,67.59119,601.0,52786.0
2116,89,4,year hour 2116,68144.07,68.14407000000001,68.14407000000001,601.0,52279.0
2117,89,5,year hour 2117,68040.49,68.04049,68.04049,601.0,53095.0
2118,89,6,year hour 2118,71032.18,71.03218,71.03218,607.0,53189.0
2119,89,7,year hour 2119,68068.45,68.06845,68.06845,595.0,52165.0
2120,89,8,year hour 2120,69069.68000000001,69.06968,69.06968,604.0,53833.0
2121,89,9,year hour 2121,67953.64,67.95364,67.95364,604.0,52529.0
2122,89,10,year hour 2122,67944.94,67.94494,67.94494,602.0,52535.0
2123,89,11,year hour 2123,67802.9,67.8029,67.8029,588.0,52375.0
2124,89,12,year hour 2124,81722.33,81.72233000000001,81.72233000000001,620.0,54880.0
2125,89,13,year hour 2125,67952.15,67.95214999999999,67.95214999999999,600.0,52484.0
2126,89,14,year hour 2126,67660.66,67.66066000000001,67.66066000000001,601.0,53191.0
2127,89,15,year hour 2127,68569.25,68.56924999999998,68.56924999999998,595.0,52507.0
2128,89,16,year hour 2128,69555.96,69.55596,69.55596,608.0,53372.0
2129,89,17,year hour 2129,68005.42,68.00542,68.00542,598.0,52153.0
2130,89,18,year hour 2130,70931.0,70.931,70.931,607.0,53552.0
2131,89,19,year hour 2131,67678.63,67.67863,67.67863,599.0,52674.0
2132,89,20,year hour 2132,68076.09,68.07609,68.07609,599.0,52651.0
2133,89,21,year hour 2133,67722.46,67.72246000000001,67.72246000000001,602.0,53040.0
2134,89,22,year hour 2134,67821.74,67.82174,67.82174,604.0,52967.0
2135,89,23,year hour 2135,66036.23,66.03622999999999,66.03622999999999,582.0,51731.0
2136,90,0,year hour 2136,84257.97,84.25797,84.25797,627.0,56190.0
2137,90,1,year hour 2137,67763.65,67.76365,67.76365,602.0,52182.0
2138,90,2,year hour 2138,67864.3,67.8643,67.8643,601.0,52088.0
2139,90,3,year hour 2139,67591.19,67.59119,67.59119,601.0,52786.0
2140,90,4,year hour 2140,68144.07,68.14407000000001,68.14407000000001,601.0,52279.0
2141,90,5,year hour 2141,68040.49,68.04049,68.04049,601.0,53095.0
2142,90,6,year hour 2142,71032.18,71.03218,71.03218,607.0,53189.0
2143,90,7,year hour 2143,68068.45,68.06845,68.06845,595.0,52165.0
2144,90,8,year hour 2144,69069.68000000001,69.06968,69.06968,604.0,53833.0
2145,90,9,year hour 2145,67953.64,67.95364,67.95364,604.0,52529.0
2146,90,10,year hour 2146,67944.94,67.94494,67.94494,602.0,52535.0
2147,90,11,year hour 2147,67802.9,67.8029,67.8029,588.0,52375.0
2148,90,12,year hour 2148,81722.33,81.72233000000001,81.72233000000001,620.0,54880.0
2149,90,13,year hour 2149,67952.15,67.95214999999999,67.95214999999999,600.0,52484.0
2150,90,14,year hour 2150,67660.66,67.66066000000001,67.66066000000001,601.0,53191.0
2151,90,15,year hour 2151,68569.25,68.56924999999998,68.56924999999998,595.0,52507.0
2152,90,16,year hour 2152,69555.96,69.55596,69.55596,608.0,53372.0
2153,90,17,year hour 2153,68005.42,68.00542,68.00542,598.0,52153.0
2154,90,18,year hour 2154,70931.0,70.931,70.931,607.0,53552.0
2155,90,19,year hour 2155,67678.63,67.67863,67.67863,599.0,52674.0
2156,90,20,year hour 2156,68076.09,68.07609,68.07609,599.0,52651.0
2157,90,21,year hour 2157,67722.46,67.72246000000001,67.72246000000001,602.0,53040.0
2158,90,22,year hour 2158,67821.74,67.82174,67.82174,604.0,52967.0
2159,90,23,year hour 2159,66036.23,66.03622999999999,66.03622999999999,582.0,51731.0
2160,91,0,year hour 2160,84257.97,84.25797,84.25797,627.0,56190.0
2161,91,1,year hour 2161,67763.65,67.76365,67.76365,602.0,52182.0
2162,91,2,year hour 2162,67864.3,67.8643,67.8643,601.0,52088.0
2163,91,3,year hour 2163,67591.19,67.59119,67.59119,601.0,52786.0
2164,91,4,year hour 2164,68144.07,68.14407000000001,68.14407000000001,601.0,52279.0
2165,91,5,year hour 2165,68040.49,68.04049,68.04049,601.0,53095.0
2166,91,6,year hour 2166,71032.18,71.03218,71.03218,607.0,53189.0
2167,91,7,year hour 2167,68068.45,68.06845,68.06845,595.0,52165.0
2168,91,8,year hour 2168,69069.68000000001,69.06968,69.06968,604.0,53833.0
2169,91,9,year hour 2169,67953.64,67.95364,67.95364,604.0,52529.0
2170,91,10,year hour 2170,67944.94,67.94494,67.94494,602.0,52535.0
2171,91,11,year hour 2171,67802.9,67.8029,67.8029,588.0,52375.0
2172,91,12,year hour 2172,81722.33,81.72233000000001,81.72233000000001,620.0,54880.0
2173,91,13,year hour 2173,67952.15,67.95214999999999,67.95214999999999,600.0,52484.0
2174,91,14,year hour 2174,67660.66,67.66066000000001,67.66066000000001,601.0,53191.0
2175,91,15,year hour 2175,68569.25,68.56924999999998,68.56924999999998,595.0,52507.0
2176,91,16,year hour 2176,69555.96,69.55596,69.55596,608.0,53372.0
2177,91,17,year hour 2177,68005.42,68.00542,68.00542,598.0,52153.0
2178,91,18,year hour 2178,70931.0,70.931,70.931,607.0,53552.0
2179,91,19,year hour 2179,67678.63,67.67863,67.67863,599.0,52674.0
2180,91,20,year hour 2180,68076.09,68.07609,68.07609,599.0,52651.0
2181,91,21,year hour 2181,67722.46,67.72246000000001,67.72246000000001,602.0,53040.0
2182,91,22,year hour 2182,67821.74,67.82174,67.82174,604.0,52967.0
2183,91,23,year hour 2183,66036.23,66.03622999999999,66.03622999999999,582.0,51731.0
2184,92,0,year hour 2184,84257.97,84.25797,84.25797,627.0,56190.0
2185,92,1,year hour 2185,67763.65,67.76365,67.76365,602.0,52182.0
2186,92,2,year hour 2186,67864.3,67.8643,67.8643,601.0,52088.0
2187,92,3,year hour 2187,67591.19,67.59119,67.59119,601.0,52786.0
2188,92,4,year hour 2188,68144.07,68.14407000000001,68.14407000000001,601.0,52279.0
2189,92,5,year hour 2189,68040.49,68.04049,68.04049,601.0,53095.0
2190,92,6,year hour 2190,71032.18,71.03218,71.03218,607.0,53189.0
2191,92,7,year hour 2191,68068.45,68.06845,68.06845,595.0,52165.0
2192,92,8,year hour 2192,69069.68000000001,69.06968,69.06968,604.0,53833.0
2193,92,9,year hour 2193,67953.64,67.95364,67.95364,604.0,52529.0
2194,92,10,year hour 2194,67944.94,67.94494,67.94494,602.0,52535.0
2195,92,11,year hour 2195,67802.9,67.8029,67.8029,588.0,52375.0
2196,92,12,year hour 2196,81722.33,81.72233000000001,81.72233000000001,620.0,54880.0
2197,92,13,year hour 2197,67952.15,67.95214999999999,67.95214999999999,600.0,52484.0
2198,92,14,year hour 2198,67660.66,67.66066000000001,67.66066000000001,601.0,53191.0
2199,92,15,year hour 2199,68569.25,68.56924999999998,68.56924999999998,595.0,52507.0
2200,92,16,year hour 2200,69555.96,69.55596,69.55596,608.0,53372.0
2201,92,17,year hour 2201,68005.42,68.00542,68.00542,598.0,52153.0
2202,92,18,year hour 2202,70931.0,70.931,70.931,607.0,53552.0
2203,92,19,year hour 2203,67678.63,67.67863,67.67863,599.0,52674.0
2204,92,20,year hour 2204,68076.09,68.07609,68.07609,599.0,52651.0
2205,92,21,year hour 2205,67722.46,67.72246000000001,67.72246000000001,602.0,53040.0
2206,92,22,year hour 2206,67821.74,67.82174,67.82174,604.0,52967.0
2207,92,23,year hour 2207,66036.23,66.03622999999999,66.03622999999999,582.0,51731.0
2208,93,0,year hour 2208,84257.97,84.25797,84.25797,627.0,56190.0
2209,93,1,year hour 2209,67763.65,67.76365,67.76365,602.0,52182.0
2210,93,2,year hour 2210,67864.3,67.8643,67.8643,601.0,52088.0
2211,93,3,year hour 2211,67591.19,67.59119,67.59119,601.0,52786.0
2212,93,4,year hour 2212,68144.07,68.14407000000001,68.14407000000001,601.0,52279.0
2213,93,5,year hour 2213,68040.49,68.04049,68.04049,601.0,53095.0
2214,93,6,year hour 2214,71032.18,71.03218,71.03218,607.0,53189.0
2215,93,7,year hour 2215,68068.45,68.06845,68.06845,595.0,52165.0
2216,93,8,year hour 2216,69069.68000000001,69.06968,69.06968,604.0,53833.0
2217,93,9,year hour 2217,67953.64,67.95364,67.95364,604.0,52529.0
2218,93,10,year hour 2218,67944.94,67.94494,67.94494,602.0,52535.0
2219,93,11,year hour 2219,67802.9,67.8029,67.8029,588.0,52375.0
2220,93,12,year hour 2220,81722.33,81.72233000000001,81.72233000000001,620.0,54880.0
2221,93,13,year hour 2221,67952.15,67.95214999999999,67.95214999999999,600.0,52484.0
2222,93,14,year hour 2222,67660.66,67.66066000000001,67.66066000000001,601.0,53191.0
2223,93,15,year hour 2223,68569.25,68.56924999999998,68.56924999999998,595.0,52507.0
2224,93,16,year hour 2224,69555.96,69.55596,69.55596,608.0,53372.0
2225,93,17,year hour 2225,68005.42,68.00542,68.00542,598.0,52153.0
2226,93,18,year hour 2226,70931.0,70.931,70.931,607.0,53552.0
2227,93,19,year hour 2227,67678.63,67.67863,67.67863,599.0,52674.0
2228,93,20,year hour 2228,68076.09,68.07609,68.07609,599.0,52651.0
2229,93,21,year hour 2229,67722.46,67.72246000000001,67.72246000000001,602.0,53040.0
2230,93,22,year hour 2230,67821.74,67.82174,67.82174,604.0,52967.0
2231,93,23,year hour 2231,66036.23,66.03622999999999,66.03622999999999,582.0,51731.0
2232,94,0,year hour 2232,84257.97,84.25797,84.25797,627.0,56190.0
2233,94,1,year hour 2233,67763.65,67.76365,67.76365,602.0,52182.0
2234,94,2,year hour 2234,67864.3,67.8643,67.8643,601.0,52088.0
2235,94,3,year hour 2235,67591.19,67.59119,67.59119,601.0,52786.0
2236,94,4,year hour 2236,68144.07,68.14407000000001,68.14407000000001,601.0,52279.0
2237,94,5,year hour 2237,68040.49,68.04049,68.04049,601.0,53095.0
2238,94,6,year hour 2238,71032.18,71.03218,71.03218,607.0,53189.0
2239,94,7,year hour 2239,68068.45,68.06845,68.06845,595.0,52165.0
2240,94,8,year hour 2240,69069.68000000001,69.06968,69.06968,604.0,53833.0
2241,94,9,year hour 2241,67953.64,67.95364,67.95364,604.0,52529.0
2242,94,10,year hour 2242,67944.94,67.94494,67.94494,602.0,52535.0
2243,94,11,year hour 2243,67802.9,67.8029,67.8029,588.0,52375.0
2244,94,12,year hour 2244,81722.33,81.72233000000001,81.72233000000001,620.0,54880.0
2245,94,13,year hour 2245,67952.15,67.95214999999999,67.95214999999999,600.0,52484.0
2246,94,14,year hour 2246,67660.66,67.66066000000001,67.66066000000001,601.0,53191.0
2247,94,15,year hour 2247,68569.25,68.56924999999998,68.56924999999998,595.0,52507.0
2248,94,16,year hour 2248,69555.96,69.55596,69.55596,608.0,53372.0
2249,94,17,year hour 2249,68005.42,68.00542,68.00542,598.0,52153.0
2250,94,18,year hour 2250,70931.0,70.931,70.931,607.0,53552.0
2251,94,19,year hour 2251,67678.63,67.67863,67.67863,599.0,52674.0
2252,94,20,year hour 2252,68076.09,68.07609,68.07609,599.0,52651.0
2253,94,21,year hour 2253,67722.46,67.72246000000001,67.72246000000001,602.0,53040.0
2254,94,22,year hour 2254,67821.74,67.82174,67.82174,604.0,52967.0
2255,94,23,year hour 2255,66036.23,66.03622999999999,66.03622999999999,582.0,51731.0
2256,95,0,year hour 2256,84257.97,84.25797,84.25797,627.0,56190.0
2257,95,1,year hour 2257,67763.65,67.76365,67.76365,602.0,52182.0
2258,95,2,year hour 2258,67864.3,67.8643,67.8643,601.0,52088.0
2259,95,3,year hour 2259,67591.19,67.59119,67.59119,601.0,52786.0
2260,95,4,year hour 2260,68144.07,68.14407000000001,68.14407000000001,601.0,52279.0
2261,95,5,year hour 2261,68040.49,68.04049,68.04049,601.0,53095.0
2262,95,6,year hour 2262,71032.18,71.03218,71.03218,607.0,53189.0
2263,95,7,year hour 2263,68068.45,68.06845,68.06845,595.0,52165.0
2264,95,8,year hour 2264,69069.68000000001,69.06968,69.06968,604.0,53833.0
2265,95,9,year hour 2265,67953.64,67.95364,67.95364,604.0,52529.0
2266,95,10,year hour 2266,67944.94,67.94494,67.94494,602.0,52535.0
2267,95,11,year hour 2267,67802.9,67.8029,67.8029,588.0,52375.0
2268,95,12,year hour 2268,81722.33,81.72233000000001,81.72233000000001,620.0,54880.0
2269,95,13,year hour 2269,67952.15,67.95214999999999,67.95214999999999,600.0,52484.0
2270,95,14,year hour 2270,67660.66,67.66066000000001,67.66066000000001,601.0,53191.0
2271,95,15,year hour 2271,68569.25,68.56924999999998,68.56924999999998,595.0,52507.0
2272,95,16,year hour 2272,69555.96,69.55596,69.55596,608.0,53372.0
2273,95,17,year hour 2273,68005.42,68.00542,68.00542,598.0,52153.0
2274,95,18,year hour 2274,70931.0,70.931,70.931,607.0,53552.0
2275,95,19,year hour 2275,67678.63,67.67863,67.67863,599.0,52674.0
2276,95,20,year hour 2276,68076.09,68.07609,68.07609,599.0,52651.0
2277,95,21,year hour 2277,67722.46,67.72246000000001,67.72246000000001,602.0,53040.0
2278,95,22,year hour 2278,67821.74,67.82174,67.82174,604.0,52967.0
2279,95,23,year hour 2279,66036.23,66.03622999999999,66.03622999999999,582.0,51731.0
2280,96,0,year hour 2280,84257.97,84.25797,84.25797,627.0,56190.0
2281,96,1,year hour 2281,67763.65,67.76365,67.76365,602.0,52182.0
2282,96,2,year hour 2282,67864.3,67.8643,67.8643,601.0,52088.0
2283,96,3,year hour 2283,67591.19,67.59119,67.59119,601.0,52786.0
2284,96,4,year hour 2284,68144.07,68.14407000000001,68.14407000000001,601.0,52279.0
2285,96,5,year hour 2285,68040.49,68.04049,68.04049,601.0,53095.0
2286,96,6,year hour 2286,71032.18,71.03218,71.03218,607.0,53189.0
2287,96,7,year hour 2287,68068.45,68.06845,68.06845,595.0,52165.0
2288,96,8,year hour 2288,69069.68000000001,69.06968,69.06968,604.0,53833.0
2289,96,9,year hour 2289,67953.64,67.95364,67.95364,604.0,52529.0
2290,96,10,year hour 2290,67944.94,67.94494,67.94494,602.0,52535.0
2291,96,11,year hour 2291,67802.9,67.8029,67.8029,588.0,52375.0
2292,96,12,year hour 2292,81722.33,81.72233000000001,81.72233000000001,620.0,54880.0
2293,96,13,year hour 2293,67952.15,67.95214999999999,67.95214999999999,600.0,52484.0
2294,96,14,year hour 2294,67660.66,67.66066000000001,67.66066000000001,601.0,53191.0
2295,96,15,year hour 2295,68569.25,68.56924999999998,68.56924999999998,595.0,52507.0
2296,96,16,year hour 2296,69555.96,69.55596,69.55596,608.0,53372.0
2297,96,17,year hour 2297,68005.42,68.00542,68.00542,598.0,52153.0
2298,96,18,year hour 2298,70931.0,70.931,70.931,607.0,53552.0
2299,96,19,year hour 2299,67678.63,67.67863,67.67863,599.0,52674.0
2300,96,20,year hour 2300,68076.09,68.07609,68.07609,599.0,52651.0
2301,96,21,year hour 2301,67722.46,67.72246000000001,67.72246000000001,602.0,53040.0
2302,96,22,year hour 2302,67821.74,67.82174,67.82174,604.0,52967.0
2303,96,23,year hour 2303,66036.23,66.03622999999999,66.03622999999999,582.0,51731.0
2304,97,0,year hour 2304,84257.97,84.25797,84.25797,627.0,56190.0
2305,97,1,year hour 2305,67763.65,67.76365,67.76365,602.0,52182.0
2306,97,2,year hour 2306,67864.3,67.8643,67.8643,601.0,52088.0
2307,97,3,year hour 2307,67591.19,67.59119,67.59119,601.0,52786.0
2308,97,4,year hour 2308,68144.07,68.14407000000001,68.14407000000001,601.0,52279.0
2309,97,5,year hour 2309,68040.49,68.04049,68.04049,601.0,53095.0
2310,97,6,year hour 2310,71032.18,71.03218,71.03218,607.0,53189.0
2311,97,7,year hour 2311,68068.45,68.06845,68.06845,595.0,52165.0
2312,97,8,year hour 2312,69069.68000000001,69.06968,69.06968,604.0,53833.0
2313,97,9,year hour 2313,67953.64,67.95364,67.95364,604.0,52529.0
2314,97,10,year hour 2314,67944.94,67.94494,67.94494,602.0,52535.0
2315,97,11,year hour 2315,67802.9,67.8029,67.8029,588.0,52375.0
2316,97,12,year hour 2316,81722.33,81.72233000000001,81.72233000000001,620.0,54880.0
2317,97,13,year hour 2317,67952.15,67.95214999999999,67.95214999999999,600.0,52484.0
2318,97,14,year hour 2318,67660.66,67.66066000000001,67.66066000000001,601.0,53191.0
2319,97,15,year hour 2319,68569.25,68.56924999999998,68.56924999999998,595.0,52507.0
2320,97,16,year hour 2320,69555.96,69.55596,69.55596,608.0,53372.0
2321,97,17,year hour 2321,68005.42,68.00542,68.00542,598.0,52153.0
2322,97,18,year hour 2322,70931.0,70.931,70.931,607.0,53552.0
2323,97,19,year hour 2323,67678.63,67.67863,67.67863,599.0,52674.0
2324,97,20,year hour 2324,68076.09,68.07609,68.07609,599.0,52651.0
2325,97,21,year hour 2325,67722.46,67.72246000000001,67.72246000000001,602.0,53040.0
2326,97,22,year hour 2326,67821.74,67.82174,67.82174,604.0,52967.0
2327,97,23,year hour 2327,66036.23,66.03622999999999,66.03622999999999,582.0,51731.0
2328,98,0,year hour 2328,84257.97,84.25797,84.25797,627.0,56190.0
2329,98,1,year hour 2329,67763.65,67.76365,67.76365,602.0,52182.0
2330,98,2,year hour 2330,67864.3,67.8643,67.8643,601.0,52088.0
2331,98,3,year hour 2331,67591.19,67.59119,67.59119,601.0,52786.0
2332,98,4,year hour 2332,68144.07,68.14407000000001,68.14407000000001,601.0,52279.0
2333,98,5,year hour 2333,68040.49,68.04049,68.04049,601.0,53095.0
2334,98,6,year hour 2334,71032.18,71.03218,71.03218,607.0,53189.0
2335,98,7,year hour 2335,68068.45,68.06845,68.06845,595.0,52165.0
2336,98,8,year hour 2336,69069.68000000001,69.06968,69.06968,604.0,53833.0
2337,98,9,year hour 2337,67953.64,67.95364,67.95364,604.0,52529.0
2338,98,10,year hour 2338,67944.94,67.94494,67.94494,602.0,52535.0
2339,98,11,year hour 2339,67802.9,67.8029,67.8029,588.0,52375.0
2340,98,12,year hour 2340,81722.33,81.72233000000001,81.72233000000001,620.0,54880.0
2341,98,13,year hour 2341,67952.15,67.95214999999999,67.95214999999999,600.0,52484.0
2342,98,14,year hour 2342,67660.66,67.66066000000001,67.66066000000001,601.0,53191.0
2343,98,15,year hour 2343,68569.25,68.56924999999998,68.56924999999998,595.0,52507.0
2344,98,16,year hour 2344,69555.96,69.55596,69.55596,608.0,53372.0
2345,98,17,year hour 2345,68005.42,68.00542,68.00542,598.0,52153.0
2346,98,18,year hour 2346,70931.0,70.931,70.931,607.0,53552.0
2347,98,19,year hour 2347,67678.63,67.67863,67.67863,599.0,52674.0
2348,98,20,year hour 2348,68076.09,68.07609,68.07609,599.0,52651.0
2349,98,21,year hour 2349,67722.46,67.72246000000001,67.72246000000001,602.0,53040.0
2350,98,22,year hour 2350,67821.74,67.82174,67.82174,604.0,52967.0
2351,98,23,year hour 2351,66036.23,66.03622999999999,66.03622999999999,582.0,51731.0
2352,99,0,year hour 2352,84257.97,84.25797,84.25797,627.0,56190.0
2353,99,1,year hour 2353,67763.65,67.76365,67.76365,602.0,52182.0
2354,99,2,year hour 2354,67864.3,67.8643,67.8643,601.0,52088.0
2355,99,3,year hour 2355,67591.19,67.59119,67.59119,601.0,52786.0
2356,99,4,year hour 2356,68144.07,68.14407000000001,68.14407000000001,601.0,52279.0
2357,99,5,year hour 2357,68040.49,68.04049,68.04049,601.0,53095.0
2358,99,6,year hour 2358,71032.18,71.03218,71.03218,607.0,53189.0
2359,99,7,year hour 2359,68068.45,68.06845,68.06845,595.0,52165.0
2360,99,8,year hour 2360,69069.68000000001,69.06968,69.06968,604.0,53833.0
2361,99,9,year hour 2361,67953.64,67.95364,67.95364,604.0,52529.0
2362,99,10,year hour 2362,67944.94,67.94494,67.94494,602.0,52535.0
2363,99,11,year hour 2363,67802.9,67.8029,67.8029,588.0,52375.0
2364,99,12,year hour 2364,81722.33,81.72233000000001,81.72233000000001,620.0,54880.0
2365,99,13,year hour 2365,67952.15,67.95214999999999,67.95214999999999,600.0,52484.0
2366,99,14,year hour 2366,67660.66,67.66066000000001,67.66066000000001,601.0,53191.0
2367,99,15,year hour 2367,68569.25,68.56924999999998,68.56924999999998,595.0,52507.0
2368,99,16,year hour 2368,69555.96,69.55596,69.55596,608.0,53372.0
2369,99,17,year hour 2369,68005.42,68.00542,68.00542,598.0,52153.0
2370,99,18,year hour 2370,70931.0,70.931,70.931,607.0,53552.0
2371,99,19,year hour 2371,67678.63,67.67863,67.67863,599.0,52674.0
2372,99,20,year hour 2372,68076.09,68.07609,68.07609,599.0,52651.0
2373,99,21,year hour 2373,67722.46,67.72246000000001,67.72246000000001,602.0,53040.0
2374,99,22,year hour 2374,67821.74,67.82174,67.82174,604.0,52967.0
2375,99,23,year hour 2375,66036.23,66.03622999999999,66.03622999999999,582.0,51731.0
2376,100,0,year hour 2376,84257.97,84.25797,84.25797,627.0,56190.0
2377,100,1,year hour 2377,67763.65,67.76365,67.76365,602.0,52182.0
2378,100,2,year hour 2378,67864.3,67.8643,67.8643,601.0,52088.0
2379,100,3,year hour 2379,67591.19,67.59119,67.59119,601.0,52786.0
2380,100,4,year hour 2380,68144.07,68.14407000000001,68.14407000000001,601.0,52279.0
2381,100,5,year hour 2381,68040.49,68.04049,68.04049,601.0,53095.0
2382,100,6,year hour 2382,71032.18,71.03218,71.03218,607.0,53189.0
2383,100,7,year hour 2383,68068.45,68.06845,68.06845,595.0,52165.0
2384,100,8,year hour 2384,69069.68000000001,69.06968,69.06968,604.0,53833.0
2385,100,9,year hour 2385,67953.64,67.95364,67.95364,604.0,52529.0
2386,100,10,year hour 2386,67944.94,67.94494,67.94494,602.0,52535.0
2387,100,11,year hour 2387,67802.9,67.8029,67.8029,588.0,52375.0
2388,100,12,year hour 2388,81722.33,81.72233000000001,81.72233000000001,620.0,54880.0
2389,100,13,year hour 2389,67952.15,67.95214999999999,67.95214999999999,600.0,52484.0
2390,100,14,year hour 2390,67660.66,67.66066000000001,67.66066000000001,601.0,53191.0
2391,100,15,year hour 2391,68569.25,68.56924999999998,68.56924999999998,595.0,52507.0
2392,100,16,year hour 2392,69555.96,69.55596,69.55596,608.0,53372.0
2393,100,17,year hour 2393,68005.42,68.00542,68.00542,598.0,52153.0
2394,100,18,year hour 2394,70931.0,70.931,70.931,607.0,53552.0
2395,100,19,year hour 2395,67678.63,67.67863,67.67863,599.0,52674.0
2396,100,20,year hour 2396,68076.09,68.07609,68.07609,599.0,52651.0
2397,100,21,year hour 2397,67722.46,67.72246000000001,67.72246000000001,602.0,53040.0
2398,100,22,year hour 2398,67821.74,67.82174,67.82174,604.0,52967.0
2399,100,23,year hour 2399,66036.23,66.03622999999999,66.03622999999999,582.0,51731.0
2400,101,0,year hour 2400,84257.97,84.25797,84.25797,627.0,56190.0
2401,101,1,year hour 2401,67763.65,67.76365,67.76365,602.0,52182.0
2402,101,2,year hour 2402,67864.3,67.8643,67.8643,601.0,52088.0
2403,101,3,year hour 2403,67591.19,67.59119,67.59119,601.0,52786.0
2404,101,4,year hour 2404,68144.07,68.14407000000001,68.14407000000001,601.0,52279.0
2405,101,5,year hour 2405,68040.49,68.04049,68.04049,601.0,53095.0
2406,101,6,year hour 2406,71032.18,71.03218,71.03218,607.0,53189.0
2407,101,7,year hour 2407,68068.45,68.06845,68.06845,595.0,52165.0
2408,101,8,year hour 2408,69069.68000000001,69.06968,69.06968,604.0,53833.0
2409,101,9,year hour 2409,67953.64,67.95364,67.95364,604.0,52529.0
2410,101,10,year hour 2410,67944.94,67.94494,67.94494,602.0,52535.0
2411,101,11,year hour 2411,67802.9,67.8029,67.8029,588.0,52375.0
2412,101,12,year hour 2412,81722.33,81.72233000000001,81.72233000000001,620.0,54880.0
2413,101,13,year hour 2413,67952.15,67.95214999999999,67.95214999999999,600.0,52484.0
2414,101,14,year hour 2414,67660.66,67.66066000000001,67.66066000000001,601.0,53191.0
2415,101,15,year hour 2415,68569.25,68.56924999999998,68.56924999999998,595.0,52507.0
2416,101,16,year hour 2416,69555.96,69.55596,69.55596,608.0,53372.0
2417,101,17,year hour 2417,68005.42,68.00542,68.00542,598.0,52153.0
2418,101,18,year hour 2418,70931.0,70.931,70.931,607.0,53552.0
2419,101,19,year hour 2419,67678.63,67.67863,67.67863,599.0,52674.0
2420,101,20,year hour 2420,68076.09,68.07609,68.07609,599.0,52651.0
2421,101,21,year hour 2421,67722.46,67.72246000000001,67.72246000000001,602.0,53040.0
2422,101,22,year hour 2422,67821.74,67.82174,67.82174,604.0,52967.0
2423,101,23,year hour 2423,66036.23,66.03622999999999,66.03622999999999,582.0,51731.0
2424,102,0,year hour 2424,84257.97,84.25797,84.25797,627.0,56190.0
2425,102,1,year hour 2425,67763.65,67.76365,67.76365,602.0,52182.0
2426,102,2,year hour 2426,67864.3,67.8643,67.8643,601.0,52088.0
2427,102,3,year hour 2427,67591.19,67.59119,67.59119,601.0,52786.0
2428,102,4,year hour 2428,68144.07,68.14407000000001,68.14407000000001,601.0,52279.0
2429,102,5,year hour 2429,68040.49,68.04049,68.04049,601.0,53095.0
2430,102,6,year hour 2430,71032.18,71.03218,71.03218,607.0,53189.0
2431,102,7,year hour 2431,68068.45,68.06845,68.06845,595.0,52165.0
2432,102,8,year hour 2432,69069.68000000001,69.06968,69.06968,604.0,53833.0
2433,102,9,year hour 2433,67953.64,67.95364,67.95364,604.0,52529.0
2434,102,10,year hour 2434,67944.94,67.94494,67.94494,602.0,52535.0
2435,102,11,year hour 2435,67802.9,67.8029,67.8029,588.0,52375.0
2436,102,12,year hour 2436,81722.33,81.72233000000001,81.72233000000001,620.0,54880.0
2437,102,13,year hour 2437,67952.15,67.95214999999999,67.95214999999999,600.0,52484.0
2438,102,14,year hour 2438,67660.66,67.66066000000001,67.66066000000001,601.0,53191.0
2439,102,15,year hour 2439,68569.25,68.56924999999998,68.56924999999998,595.0,52507.0
2440,102,16,year hour 2440,69555.96,69.55596,69.55596,608.0,53372.0
2441,102,17,year hour 2441,68005.42,68.00542,68.00542,598.0,52153.0
2442,102,18,year hour 2442,70931.0,70.931,70.931,607.0,53552.0
2443,102,19,year hour 2443,67678.63,67.67863,67.67863,599.0,52674.0
2444,102,20,year hour 2444,68076.09,68.07609,68.07609,599.0,52651.0
2445,102,21,year hour 2445,67722.46,67.72246000000001,67.72246000000001,602.0,53040.0
2446,102,22,year hour 2446,67821.74,67.82174,67.82174,604.0,52967.0
2447,102,23,year hour 2447,66036.23,66.03622999999999,66.03622999999999,582.0,51731.0
2448,103,0,year hour 2448,84257.97,84.25797,84.25797,627.0,56190.0
2449,103,1,year hour 2449,67763.65,67.76365,67.76365,602.0,52182.0
2450,103,2,year hour 2450,67864.3,67.8643,67.8643,601.0,52088.0
2451,103,3,year hour 2451,67591.19,67.59119,67.59119,601.0,52786.0
2452,103,4,year hour 2452,68144.07,68.14407000000001,68.14407000000001,601.0,52279.0
2453,103,5,year hour 2453,68040.49,68.04049,68.04049,601.0,53095.0
2454,103,6,year hour 2454,71032.18,71.03218,71.03218,607.0,53189.0
2455,103,7,year hour 2455,68068.45,68.06845,68.06845,595.0,52165.0
2456,103,8,year hour 2456,69069.68000000001,69.06968,69.06968,604.0,53833.0
2457,103,9,year hour 2457,67953.64,67.95364,67.95364,604.0,52529.0
2458,103,10,year hour 2458,67944.94,67.94494,67.94494,602.0,52535.0
2459,103,11,year hour 2459,67802.9,67.8029,67.8029,588.0,52375.0
2460,103,12,year hour 2460,81722.33,81.72233000000001,81.72233000000001,620.0,54880.0
2461,103,13,year hour 2461,67952.15,67.95214999999999,67.95214999999999,600.0,52484.0
2462,103,14,year hour 2462,67660.66,67.66066000000001,67.66066000000001,601.0,53191.0
2463,103,15,year hour 2463,68569.25,68.56924999999998,68.56924999999998,595.0,52507.0
2464,103,16,year hour 2464,69555.96,69.55596,69.55596,608.0,53372.0
2465,103,17,year hour 2465,68005.42,68.00542,68.00542,598.0,52153.0
2466,103,18,year hour 2466,70931.0,70.931,70.931,607.0,53552.0
2467,103,19,year hour 2467,67678.63,67.67863,67.67863,599.0,52674.0
2468,103,20,year hour 2468,68076.09,68.07609,68.07609,599.0,52651.0
2469,103,21,year hour 2469,67722.46,67.72246000000001,67.72246000000001,602.0,53040.0
2470,103,22,year hour 2470,67821.74,67.82174,67.82174,604.0,52967.0
2471,103,23,year hour 2471,66036.23,66.03622999999999,66.03622999999999,582.0,51731.0
2472,104,0,year hour 2472,84257.97,84.25797,84.25797,627.0,56190.0
2473,104,1,year hour 2473,67763.65,67.76365,67.76365,602.0,52182.0
2474,104,2,year hour 2474,67864.3,67.8643,67.8643,601.0,52088.0
2475,104,3,year hour 2475,67591.19,67.59119,67.59119,601.0,52786.0
2476,104,4,year hour 2476,68144.07,68.14407000000001,68.14407000000001,601.0,52279.0
2477,104,5,year hour 2477,68040.49,68.04049,68.04049,601.0,53095.0
2478,104,6,year hour 2478,71032.18,71.03218,71.03218,607.0,53189.0
2479,104,7,year hour 2479,68068.45,68.06845,68.06845,595.0,52165.0
2480,104,8,year hour 2480,69069.68000000001,69.06968,69.06968,604.0,53833.0
2481,104,9,year hour 2481,67953.64,67.95364,67.95364,604.0,52529.0
2482,104,10,year hour 2482,67944.94,67.94494,67.94494,602.0,52535.0
2483,104,11,year hour 2483,67802.9,67.8029,67.8029,588.0,52375.0
2484,104,12,year hour 2484,81722.33,81.72233000000001,81.72233000000001,620.0,54880.0
2485,104,13,year hour 2485,67952.15,67.95214999999999,67.95214999999999,600.0,52484.0
2486,104,14,year hour 2486,67660.66,67.66066000000001,67.66066000000001,601.0,53191.0
2487,104,15,year hour 2487,68569.25,68.56924999999998,68.56924999999998,595.0,52507.0
2488,104,16,year hour 2488,69555.96,69.55596,69.55596,608.0,53372.0
2489,104,17,year hour 2489,68005.42,68.00542,68.00542,598.0,52153.0
2490,104,18,year hour 2490,70931.0,70.931,70.931,607.0,53552.0
2491,104,19,year hour 2491,67678.63,67.67863,67.67863,599.0,52674.0
2492,104,20,year hour 2492,68076.09,68.07609,68.07609,599.0,52651.0
2493,104,21,year hour 2493,67722.46,67.72246000000001,67.72246000000001,602.0,53040.0
2494,104,22,year hour 2494,67821.74,67.82174,67.82174,604.0,52967.0
2495,104,23,year hour 2495,66036.23,66.03622999999999,66.03622999999999,582.0,51731.0
2496,105,0,year hour 2496,84257.97,84.25797,84.25797,627.0,56190.0
2497,105,1,year hour 2497,67763.65,67.76365,67.76365,602.0,52182.0
2498,105,2,year hour 2498,67864.3,67.8643,67.8643,601.0,52088.0
2499,105,3,year hour 2499,67591.19,67.59119,67.59119,601.0,52786.0
2500,105,4,year hour 2500,68144.07,68.14407000000001,68.14407000000001,601.0,52279.0
2501,105,5,year hour 2501,68040.49,68.04049,68.04049,601.0,53095.0
2502,105,6,year hour 2502,71032.18,71.03218,71.03218,607.0,53189.0
2503,105,7,year hour 2503,68068.45,68.06845,68.06845,595.0,52165.0
2504,105,8,year hour 2504,69069.68000000001,69.06968,69.06968,604.0,53833.0
2505,105,9,year hour 2505,67953.64,67.95364,67.95364,604.0,52529.0
2506,105,10,year hour 2506,67944.94,67.94494,67.94494,602.0,52535.0
2507,105,11,year hour 2507,67802.9,67.8029,67.8029,588.0,52375.0
2508,105,12,year hour 2508,81722.33,81.72233000000001,81.72233000000001,620.0,54880.0
2509,105,13,year hour 2509,67952.15,67.95214999999999,67.95214999999999,600.0,52484.0
2510,105,14,year hour 2510,67660.66,67.66066000000001,67.66066000000001,601.0,53191.0
2511,105,15,year hour 2511,68569.25,68.56924999999998,68.56924999999998,595.0,52507.0
2512,105,16,year hour 2512,69555.96,69.55596,69.55596,608.0,53372.0
2513,105,17,year hour 2513,68005.42,68.00542,68.00542,598.0,52153.0
2514,105,18,year hour 2514,70931.0,70.931,70.931,607.0,53552.0
2515,105,19,year hour 2515,67678.63,67.67863,67.67863,599.0,52674.0
2516,105,20,year hour 2516,68076.09,68.07609,68.07609,599.0,52651.0
2517,105,21,year hour 2517,67722.46,67.72246000000001,67.72246000000001,602.0,53040.0
2518,105,22,year hour 2518,67821.74,67.82174,67.82174,604.0,52967.0
2519,105,23,year hour 2519,66036.23,66.03622999999999,66.03622999999999,582.0,51731.0
2520,106,0,year hour 2520,84257.97,84.25797,84.25797,627.0,56190.0
2521,106,1,year hour 2521,67763.65,67.76365,67.76365,602.0,52182.0
2522,106,2,year hour 2522,67864.3,67.8643,67.8643,601.0,52088.0
2523,106,3,year hour 2523,67591.19,67.59119,67.59119,601.0,52786.0
2524,106,4,year hour 2524,68144.07,68.14407000000001,68.14407000000001,601.0,52279.0
2525,106,5,year hour 2525,68040.49,68.04049,68.04049,601.0,53095.0
2526,106,6,year hour 2526,71032.18,71.03218,71.03218,607.0,53189.0
2527,106,7,year hour 2527,68068.45,68.06845,68.06845,595.0,52165.0
2528,106,8,year hour 2528,69069.68000000001,69.06968,69.06968,604.0,53833.0
2529,106,9,year hour 2529,67953.64,67.95364,67.95364,604.0,52529.0
2530,106,10,year hour 2530,67944.94,67.94494,67.94494,602.0,52535.0
2531,106,11,year hour 2531,67802.9,67.8029,67.8029,588.0,52375.0
2532,106,12,year hour 2532,81722.33,81.72233000000001,81.72233000000001,620.0,54880.0
2533,106,13,year hour 2533,67952.15,67.95214999999999,67.95214999999999,600.0,52484.0
2534,106,14,year hour 2534,67660.66,67.66066000000001,67.66066000000001,601.0,53191.0
2535,106,15,year hour 2535,68569.25,68.56924999999998,68.56924999999998,595.0,52507.0
2536,106,16,year hour 2536,69555.96,69.55596,69.55596,608.0,53372.0
2537,106,17,year hour 2537,68005.42,68.00542,68.00542,598.0,52153.0
2538,106,18,year hour 2538,70931.0,70.931,70.931,607.0,53552.0
2539,106,19,year hour 2539,67678.63,67.67863,67.67863,599.0,52674.0
2540,106,20,year hour 2540,68076.09,68.07609,68.07609,599.0,52651.0
2541,106,21,year hour 2541,67722.46,67.72246000000001,67.72246000000001,602.0,53040.0
2542,106,22,year hour 2542,67821.74,67.82174,67.82174,604.0,52967.0
2543,106,23,year hour 2543,66036.23,66.03622999999999,66.03622999999999,582.0,51731.0
2544,107,0,year hour 2544,84257.97,84.25797,84.25797,627.0,56190.0
2545,107,1,year hour 2545,67763.65,67.76365,67.76365,602.0,52182.0
2546,107,2,year hour 2546,67864.3,67.8643,67.8643,601.0,52088.0
2547,107,3,year hour 2547,67591.19,67.59119,67.59119,601.0,52786.0
2548,107,4,year hour 2548,68144.07,68.14407000000001,68.14407000000001,601.0,52279.0
2549,107,5,year hour 2549,68040.49,68.04049,68.04049,601.0,53095.0
2550,107,6,year hour 2550,71032.18,71.03218,71.03218,607.0,53189.0
2551,107,7,year hour 2551,68068.45,68.06845,68.06845,595.0,52165.0
2552,107,8,year hour 2552,69069.68000000001,69.06968,69.06968,604.0,53833.0
2553,107,9,year hour 2553,67953.64,67.95364,67.95364,604.0,52529.0
2554,107,10,year hour 2554,67944.94,67.94494,67.94494,602.0,52535.0
2555,107,11,year hour 2555,67802.9,67.8029,67.8029,588.0,52375.0
2556,107,12,year hour 2556,81722.33,81.72233000000001,81.72233000000001,620.0,54880.0
2557,107,13,year hour 2557,67952.15,67.95214999999999,67.95214999999999,600.0,52484.0
2558,107,14,year hour 2558,67660.66,67.66066000000001,67.66066000000001,601.0,53191.0
2559,107,15,year hour 2559,68569.25,68.56924999999998,68.56924999999998,595.0,52507.0
2560,107,16,year hour 2560,69555.96,69.55596,69.55596,608.0,53372.0
2561,107,17,year hour 2561,68005.42,68.00542,68.00542,598.0,52153.0
2562,107,18,year hour 2562,70931.0,70.931,70.931,607.0,53552.0
2563,107,19,year hour 2563,67678.63,67.67863,67.67863,599.0,52674.0
2564,107,20,year hour 2564,68076.09,68.07609,68.07609,599.0,52651.0
2565,107,21,year hour 2565,67722.46,67.72246000000001,67.72246000000001,602.0,53040.0
2566,107,22,year hour 2566,67821.74,67.82174,67.82174,604.0,52967.0
2567,107,23,year hour 2567,66036.23,66.03622999999999,66.03622999999999,582.0,51731.0
2568,108,0,year hour 2568,84257.97,84.25797,84.25797,627.0,56190.0
2569,108,1,year hour 2569,67763.65,67.76365,67.76365,602.0,52182.0
2570,108,2,year hour 2570,67864.3,67.8643,67.8643,601.0,52088.0
2571,108,3,year hour 2571,67591.19,67.59119,67.59119,601.0,52786.0
2572,108,4,year hour 2572,68144.07,68.14407000000001,68.14407000000001,601.0,52279.0
2573,108,5,year hour 2573,68040.49,68.04049,68.04049,601.0,53095.0
2574,108,6,year hour 2574,71032.18,71.03218,71.03218,607.0,53189.0
2575,108,7,year hour 2575,68068.45,68.06845,68.06845,595.0,52165.0
2576,108,8,year hour 2576,69069.68000000001,69.06968,69.06968,604.0,53833.0
2577,108,9,year hour 2577,67953.64,67.95364,67.95364,604.0,52529.0
2578,108,10,year hour 2578,67944.94,67.94494,67.94494,602.0,52535.0
2579,108,11,year hour 2579,67802.9,67.8029,67.8029,588.0,52375.0
2580,108,12,year hour 2580,81722.33,81.72233000000001,81.72233000000001,620.0,54880.0
2581,108,13,year hour 2581,67952.15,67.95214999999999,67.95214999999999,600.0,52484.0
2582,108,14,year hour 2582,67660.66,67.66066000000001,67.66066000000001,601.0,53191.0
2583,108,15,year hour 2583,68569.25,68.56924999999998,68.56924999999998,595.0,52507.0
2584,108,16,year hour 2584,69555.96,69.55596,69.55596,608.0,53372.0
2585,108,17,year hour 2585,68005.42,68.00542,68.00542,598.0,52153.0
2586,108,18,year hour 2586,70931.0,70.931,70.931,607.0,53552.0
2587,108,19,year hour 2587,67678.63,67.67863,67.67863,599.0,52674.0
2588,108,20,year hour 2588,68076.09,68.07609,68.07609,599.0,52651.0
2589,108,21,year hour 2589,67722.46,67.72246000000001,67.72246000000001,602.0,53040.0
2590,108,22,year hour 2590,67821.74,67.82174,67.82174,604.0,52967.0
2591,108,23,year hour 2591,66036.23,66.03622999999999,66.03622999999999,582.0,51731.0
2592,109,0,year hour 2592,84257.97,84.25797,84.25797,627.0,56190.0
2593,109,1,year hour 2593,67763.65,67.76365,67.76365,602.0,52182.0
2594,109,2,year hour 2594,67864.3,67.8643,67.8643,601.0,52088.0
2595,109,3,year hour 2595,67591.19,67.59119,67.59119,601.0,52786.0
2596,109,4,year hour 2596,68144.07,68.14407000000001,68.14407000000001,601.0,52279.0
2597,109,5,year hour 2597,68040.49,68.04049,68.04049,601.0,53095.0
2598,109,6,year hour 2598,71032.18,71.03218,71.03218,607.0,53189.0
2599,109,7,year hour 2599,68068.45,68.06845,68.06845,595.0,52165.0
2600,109,8,year hour 2600,69069.68000000001,69.06968,69.06968,604.0,53833.0
2601,109,9,year hour 2601,67953.64,67.95364,67.95364,604.0,52529.0
2602,109,10,year hour 2602,67944.94,67.94494,67.94494,602.0,52535.0
2603,109,11,year hour 2603,67802.9,67.8029,67.8029,588.0,52375.0
2604,109,12,year hour 2604,81722.33,81.72233000000001,81.72233000000001,620.0,54880.0
2605,109,13,year hour 2605,67952.15,67.95214999999999,67.95214999999999,600.0,52484.0
2606,109,14,year hour 2606,67660.66,67.66066000000001,67.66066000000001,601.0,53191.0
2607,109,15,year hour 2607,68569.25,68.56924999999998,68.56924999999998,595.0,52507.0
2608,109,16,year hour 2608,69555.96,69.55596,69.55596,608.0,53372.0
2609,109,17,year hour 2609,68005.42,68.00542,68.00542,598.0,52153.0
2610,109,18,year hour 2610,70931.0,70.931,70.931,607.0,53552.0
2611,109,19,year hour 2611,67678.63,67.67863,67.67863,599.0,52674.0
2612,109,20,year hour 2612,68076.09,68.07609,68.07609,599.0,52651.0
2613,109,21,year hour 2613,67722.46,67.72246000000001,67.72246000000001,602.0,53040.0
2614,109,22,year hour 2614,67821.74,67.82174,67.82174,604.0,52967.0
2615,109,23,year hour 2615,66036.23,66.03622999999999,66.03622999999999,582.0,51731.0
2616,110,0,year hour 2616,84257.97,84.25797,84.25797,627.0,56190.0
2617,110,1,year hour 2617,67763.65,67.76365,67.76365,602.0,52182.0
2618,110,2,year hour 2618,67864.3,67.8643,67.8643,601.0,52088.0
2619,110,3,year hour 2619,67591.19,67.59119,67.59119,601.0,52786.0
2620,110,4,year hour 2620,68144.07,68.14407000000001,68.14407000000001,601.0,52279.0
2621,110,5,year hour 2621,68040.49,68.04049,68.04049,601.0,53095.0
2622,110,6,year hour 2622,71032.18,71.03218,71.03218,607.0,53189.0
2623,110,7,year hour 2623,68068.45,68.06845,68.06845,595.0,52165.0
2624,110,8,year hour 2624,69069.68000000001,69.06968,69.06968,604.0,53833.0
2625,110,9,year hour 2625,67953.64,67.95364,67.95364,604.0,52529.0
2626,110,10,year hour 2626,67944.94,67.94494,67.94494,602.0,52535.0
2627,110,11,year hour 2627,67802.9,67.8029,67.8029,588.0,52375.0
2628,110,12,year hour 2628,81722.33,81.72233000000001,81.72233000000001,620.0,54880.0
2629,110,13,year hour 2629,67952.15,67.95214999999999,67.95214999999999,600.0,52484.0
2630,110,14,year hour 2630,67660.66,67.66066000000001,67.66066000000001,601.0,53191.0
2631,110,15,year hour 2631,68569.25,68.56924999999998,68.56924999999998,595.0,52507.0
2632,110,16,year hour 2632,69555.96,69.55596,69.55596,608.0,53372.0
2633,110,17,year hour 2633,68005.42,68.00542,68.00542,598.0,52153.0
2634,110,18,year hour 2634,70931.0,70.931,70.931,607.0,53552.0
2635,110,19,year hour 2635,67678.63,67.67863,67.67863,599.0,52674.0
2636,110,20,year hour 2636,68076.09,68.07609,68.07609,599.0,52651.0
2637,110,21,year hour 2637,67722.46,67.72246000000001,67.72246000000001,602.0,53040.0
2638,110,22,year hour 2638,67821.74,67.82174,67.82174,604.0,52967.0
2639,110,23,year hour 2639,66036.23,66.03622999999999,66.03622999999999,582.0,51731.0
2640,111,0,year hour 2640,84257.97,84.25797,84.25797,627.0,56190.0
2641,111,1,year hour 2641,67763.65,67.76365,67.76365,602.0,52182.0
2642,111,2,year hour 2642,67864.3,67.8643,67.8643,601.0,52088.0
2643,111,3,year hour 2643,67591.19,67.59119,67.59119,601.0,52786.0
2644,111,4,year hour 2644,68144.07,68.14407000000001,68.14407000000001,601.0,52279.0
2645,111,5,year hour 2645,68040.49,68.04049,68.04049,601.0,53095.0
2646,111,6,year hour 2646,71032.18,71.03218,71.03218,607.0,53189.0
2647,111,7,year hour 2647,68068.45,68.06845,68.06845,595.0,52165.0
2648,111,8,year hour 2648,69069.68000000001,69.06968,69.06968,604.0,53833.0
2649,111,9,year hour 2649,67953.64,67.95364,67.95364,604.0,52529.0
2650,111,10,year hour 2650,67944.94,67.94494,67.94494,602.0,52535.0
2651,111,11,year hour 2651,67802.9,67.8029,67.8029,588.0,52375.0
2652,111,12,year hour 2652,81722.33,81.72233000000001,81.72233000000001,620.0,54880.0
2653,111,13,year hour 2653,67952.15,67.95214999999999,67.95214999999999,600.0,52484.0
2654,111,14,year hour 2654,67660.66,67.66066000000001,67.66066000000001,601.0,53191.0
2655,111,15,year hour 2655,68569.25,68.56924999999998,68.56924999999998,595.0,52507.0
2656,111,16,year hour 2656,69555.96,69.55596,69.55596,608.0,53372.0
2657,111,17,year hour 2657,68005.42,68.00542,68.00542,598.0,52153.0
2658,111,18,year hour 2658,70931.0,70.931,70.931,607.0,53552.0
2659,111,19,year hour 2659,67678.63,67.67863,67.67863,599.0,52674.0
2660,111,20,year hour 2660,68076.09,68.07609,68.07609,599.0,52651.0
2661,111,21,year hour 2661,67722.46,67.72246000000001,67.72246000000001,602.0,53040.0
2662,111,22,year hour 2662,67821.74,67.82174,67.82174,604.0,52967.0
2663,111,23,year hour 2663,66036.23,66.03622999999999,66.03622999999999,582.0,51731.0
2664,112,0,year hour 2664,84257.97,84.25797,84.25797,627.0,56190.0
2665,112,1,year hour 2665,67763.65,67.76365,67.76365,602.0,52182.0
2666,112,2,year hour 2666,67864.3,67.8643,67.8643,601.0,52088.0
2667,112,3,year hour 2667,67591.19,67.59119,67.59119,601.0,52786.0
2668,112,4,year hour 2668,68144.07,68.14407000000001,68.14407000000001,601.0,52279.0
2669,112,5,year hour 2669,68040.49,68.04049,68.04049,601.0,53095.0
2670,112,6,year hour 2670,71032.18,71.03218,71.03218,607.0,53189.0
2671,112,7,year hour 2671,68068.45,68.06845,68.06845,595.0,52165.0
2672,112,8,year hour 2672,69069.68000000001,69.06968,69.06968,604.0,53833.0
2673,112,9,year hour 2673,67953.64,67.95364,67.95364,604.0,52529.0
2674,112,10,year hour 2674,67944.94,67.94494,67.94494,602.0,52535.0
2675,112,11,year hour 2675,67802.9,67.8029,67.8029,588.0,52375.0
2676,112,12,year hour 2676,81722.33,81.72233000000001,81.72233000000001,620.0,54880.0
2677,112,13,year hour 2677,67952.15,67.95214999999999,67.95214999999999,600.0,52484.0
2678,112,14,year hour 2678,67660.66,67.66066000000001,67.66066000000001,601.0,53191.0
2679,112,15,year hour 2679,68569.25,68.56924999999998,68.56924999999998,595.0,52507.0
2680,112,16,year hour 2680,69555.96,69.55596,69.55596,608.0,53372.0
2681,112,17,year hour 2681,68005.42,68.00542,68.00542,598.0,52153.0
2682,112,18,year hour 2682,70931.0,70.931,70.931,607.0,53552.0
2683,112,19,year hour 2683,67678.63,67.67863,67.67863,599.0,52674.0
2684,112,20,year hour 2684,68076.09,68.07609,68.07609,599.0,52651.0
2685,112,21,year hour 2685,67722.46,67.72246000000001,67.72246000000001,602.0,53040.0
2686,112,22,year hour 2686,67821.74,67.82174,67.82174,604.0,52967.0
2687,112,23,year hour 2687,66036.23,66.03622999999999,66.03622999999999,582.0,51731.0
2688,113,0,year hour 2688,84257.97,84.25797,84.25797,627.0,56190.0
2689,113,1,year hour 2689,67763.65,67.76365,67.76365,602.0,52182.0
2690,113,2,year hour 2690,67864.3,67.8643,67.8643,601.0,52088.0
2691,113,3,year hour 2691,67591.19,67.59119,67.59119,601.0,52786.0
2692,113,4,year hour 2692,68144.07,68.14407000000001,68.14407000000001,601.0,52279.0
2693,113,5,year hour 2693,68040.49,68.04049,68.04049,601.0,53095.0
2694,113,6,year hour 2694,71032.18,71.03218,71.03218,607.0,53189.0
2695,113,7,year hour 2695,68068.45,68.06845,68.06845,595.0,52165.0
2696,113,8,year hour 2696,69069.68000000001,69.06968,69.06968,604.0,53833.0
2697,113,9,year hour 2697,67953.64,67.95364,67.95364,604.0,52529.0
2698,113,10,year hour 2698,67944.94,67.94494,67.94494,602.0,52535.0
2699,113,11,year hour 2699,67802.9,67.8029,67.8029,588.0,52375.0
2700,113,12,year hour 2700,81722.33,81.72233000000001,81.72233000000001,620.0,54880.0
2701,113,13,year hour 2701,67952.15,67.95214999999999,67.95214999999999,600.0,52484.0
2702,113,14,year hour 2702,67660.66,67.66066000000001,67.66066000000001,601.0,53191.0
2703,113,15,year hour 2703,68569.25,68.56924999999998,68.56924999999998,595.0,52507.0
2704,113,16,year hour 2704,69555.96,69.55596,69.55596,608.0,53372.0
2705,113,17,year hour 2705,68005.42,68.00542,68.00542,598.0,52153.0
2706,113,18,year hour 2706,70931.0,70.931,70.931,607.0,53552.0
2707,113,19,year hour 2707,67678.63,67.67863,67.67863,599.0,52674.0
2708,113,20,year hour 2708,68076.09,68.07609,68.07609,599.0,52651.0
2709,113,21,year hour 2709,67722.46,67.72246000000001,67.72246000000001,602.0,53040.0
2710,113,22,year hour 2710,67821.74,67.82174,67.82174,604.0,52967.0
2711,113,23,year hour 2711,66036.23,66.03622999999999,66.03622999999999,582.0,51731.0
2712,114,0,year hour 2712,84257.97,84.25797,84.25797,627.0,56190.0
2713,114,1,year hour 2713,67763.65,67.76365,67.76365,602.0,52182.0
2714,114,2,year hour 2714,67864.3,67.8643,67.8643,601.0,52088.0
2715,114,3,year hour 2715,67591.19,67.59119,67.59119,601.0,52786.0
2716,114,4,year hour 2716,68144.07,68.14407000000001,68.14407000000001,601.0,52279.0
2717,114,5,year hour 2717,68040.49,68.04049,68.04049,601.0,53095.0
2718,114,6,year hour 2718,71032.18,71.03218,71.03218,607.0,53189.0
2719,114,7,year hour 2719,68068.45,68.06845,68.06845,595.0,52165.0
2720,114,8,year hour 2720,69069.68000000001,69.06968,69.06968,604.0,53833.0
2721,114,9,year hour 2721,67953.64,67.95364,67.95364,604.0,52529.0
2722,114,10,year hour 2722,67944.94,67.94494,67.94494,602.0,52535.0
2723,114,11,year hour 2723,67802.9,67.8029,67.8029,588.0,52375.0
2724,114,12,year hour 2724,81722.33,81.72233000000001,81.72233000000001,620.0,54880.0
2725,114,13,year hour 2725,67952.15,67.95214999999999,67.95214999999999,600.0,52484.0
2726,114,14,year hour 2726,67660.66,67.66066000000001,67.66066000000001,601.0,53191.0
2727,114,15,year hour 2727,68569.25,68.56924999999998,68.56924999999998,595.0,52507.0
2728,114,16,year hour 2728,69555.96,69.55596,69.55596,608.0,53372.0
2729,114,17,year hour 2729,68005.42,68.00542,68.00542,598.0,52153.0
2730,114,18,year hour 2730,70931.0,70.931,70.931,607.0,53552.0
2731,114,19,year hour 2731,67678.63,67.67863,67.67863,599.0,52674.0
2732,114,20,year hour 2732,68076.09,68.07609,68.07609,599.0,52651.0
2733,114,21,year hour 2733,67722.46,67.72246000000001,67.72246000000001,602.0,53040.0
2734,114,22,year hour 2734,67821.74,67.82174,67.82174,604.0,52967.0
2735,114,23,year hour 2735,66036.23,66.03622999999999,66.03622999999999,582.0,51731.0
2736,115,0,year hour 2736,84257.97,84.25797,84.25797,627.0,56190.0
2737,115,1,year hour 2737,67763.65,67.76365,67.76365,602.0,52182.0
2738,115,2,year hour 2738,67864.3,67.8643,67.8643,601.0,52088.0
2739,115,3,year hour 2739,67591.19,67.59119,67.59119,601.0,52786.0
2740,115,4,year hour 2740,68144.07,68.14407000000001,68.14407000000001,601.0,52279.0
2741,115,5,year hour 2741,68040.49,68.04049,68.04049,601.0,53095.0
2742,115,6,year hour 2742,71032.18,71.03218,71.03218,607.0,53189.0
2743,115,7,year hour 2743,68068.45,68.06845,68.06845,595.0,52165.0
2744,115,8,year hour 2744,69069.68000000001,69.06968,69.06968,604.0,53833.0
2745,115,9,year hour 2745,67953.64,67.95364,67.95364,604.0,52529.0
2746,115,10,year hour 2746,67944.94,67.94494,67.94494,602.0,52535.0
2747,115,11,year hour 2747,67802.9,67.8029,67.8029,588.0,52375.0
2748,115,12,year hour 2748,81722.33,81.72233000000001,81.72233000000001,620.0,54880.0
2749,115,13,year hour 2749,67952.15,67.95214999999999,67.95214999999999,600.0,52484.0
2750,115,14,year hour 2750,67660.66,67.66066000000001,67.66066000000001,601.0,53191.0
2751,115,15,year hour 2751,68569.25,68.56924999999998,68.56924999999998,595.0,52507.0
2752,115,16,year hour 2752,69555.96,69.55596,69.55596,608.0,53372.0
2753,115,17,year hour 2753,68005.42,68.00542,68.00542,598.0,52153.0
2754,115,18,year hour 2754,70931.0,70.931,70.931,607.0,53552.0
2755,115,19,year hour 2755,67678.63,67.67863,67.67863,599.0,52674.0
2756,115,20,year hour 2756,68076.09,68.07609,68.07609,599.0,52651.0
2757,115,21,year hour 2757,67722.46,67.72246000000001,67.72246000000001,602.0,53040.0
2758,115,22,year hour 2758,67821.74,67.82174,67.82174,604.0,52967.0
2759,115,23,year hour 2759,66036.23,66.03622999999999,66.03622999999999,582.0,51731.0
2760,116,0,year hour 2760,84257.97,84.25797,84.25797,627.0,56190.0
2761,116,1,year hour 2761,67763.65,67.76365,67.76365,602.0,52182.0
2762,116,2,year hour 2762,67864.3,67.8643,67.8643,601.0,52088.0
2763,116,3,year hour 2763,67591.19,67.59119,67.59119,601.0,52786.0
2764,116,4,year hour 2764,68144.07,68.14407000000001,68.14407000000001,601.0,52279.0
2765,116,5,year hour 2765,68040.49,68.04049,68.04049,601.0,53095.0
2766,116,6,year hour 2766,71032.18,71.03218,71.03218,607.0,53189.0
2767,116,7,year hour 2767,68068.45,68.06845,68.06845,595.0,52165.0
2768,116,8,year hour 2768,69069.68000000001,69.06968,69.06968,604.0,53833.0
2769,116,9,year hour 2769,67953.64,67.95364,67.95364,604.0,52529.0
2770,116,10,year hour 2770,67944.94,67.94494,67.94494,602.0,52535.0
2771,116,11,year hour 2771,67802.9,67.8029,67.8029,588.0,52375.0
2772,116,12,year hour 2772,81722.33,81.72233000000001,81.72233000000001,620.0,54880.0
2773,116,13,year hour 2773,67952.15,67.95214999999999,67.95214999999999,600.0,52484.0
2774,116,14,year hour 2774,67660.66,67.66066000000001,67.66066000000001,601.0,53191.0
2775,116,15,year hour 2775,68569.25,68.56924999999998,68.56924999999998,595.0,52507.0
2776,116,16,year hour 2776,69555.96,69.55596,69.55596,608.0,53372.0
2777,116,17,year hour 2777,68005.42,68.00542,68.00542,598.0,52153.0
2778,116,18,year hour 2778,70931.0,70.931,70.931,607.0,53552.0
2779,116,19,year hour 2779,67678.63,67.67863,67.67863,599.0,52674.0
2780,116,20,year hour 2780,68076.09,68.07609,68.07609,599.0,52651.0
2781,116,21,year hour 2781,67722.46,67.72246000000001,67.72246000000001,602.0,53040.0
2782,116,22,year hour 2782,67821.74,67.82174,67.82174,604.0,52967.0
2783,116,23,year hour 2783,66036.23,66.03622999999999,66.03622999999999,582.0,51731.0
2784,117,0,year hour 2784,84257.97,84.25797,84.25797,627.0,56190.0
2785,117,1,year hour 2785,67763.65,67.76365,67.76365,602.0,52182.0
2786,117,2,year hour 2786,67864.3,67.8643,67.8643,601.0,52088.0
2787,117,3,year hour 2787,67591.19,67.59119,67.59119,601.0,52786.0
2788,117,4,year hour 2788,68144.07,68.14407000000001,68.14407000000001,601.0,52279.0
2789,117,5,year hour 2789,68040.49,68.04049,68.04049,601.0,53095.0
2790,117,6,year hour 2790,71032.18,71.03218,71.03218,607.0,53189.0
2791,117,7,year hour 2791,68068.45,68.06845,68.06845,595.0,52165.0
2792,117,8,year hour 2792,69069.68000000001,69.06968,69.06968,604.0,53833.0
2793,117,9,year hour 2793,67953.64,67.95364,67.95364,604.0,52529.0
2794,117,10,year hour 2794,67944.94,67.94494,67.94494,602.0,52535.0
2795,117,11,year hour 2795,67802.9,67.8029,67.8029,588.0,52375.0
2796,117,12,year hour 2796,81722.33,81.72233000000001,81.72233000000001,620.0,54880.0
2797,117,13,year hour 2797,67952.15,67.95214999999999,67.95214999999999,600.0,52484.0
2798,117,14,year hour 2798,67660.66,67.66066000000001,67.66066000000001,601.0,53191.0
2799,117,15,year hour 2799,68569.25,68.56924999999998,68.56924999999998,595.0,52507.0
2800,117,16,year hour 2800,69555.96,69.55596,69.55596,608.0,53372.0
2801,117,17,year hour 2801,68005.42,68.00542,68.00542,598.0,52153.0
2802,117,18,year hour 2802,70931.0,70.931,70.931,607.0,53552.0
2803,117,19,year hour 2803,67678.63,67.67863,67.67863,599.0,52674.0
2804,117,20,year hour 2804,68076.09,68.07609,68.07609,599.0,52651.0
2805,117,21,year hour 2805,67722.46,67.72246000000001,67.72246000000001,602.0,53040.0
2806,117,22,year hour 2806,67821.74,67.82174,67.82174,604.0,52967.0
2807,117,23,year hour 2807,66036.23,66.03622999999999,66.03622999999999,582.0,51731.0
2808,118,0,year hour 2808,84257.97,84.25797,84.25797,627.0,56190.0
2809,118,1,year hour 2809,67763.65,67.76365,67.76365,602.0,52182.0
2810,118,2,year hour 2810,67864.3,67.8643,67.8643,601.0,52088.0
2811,118,3,year hour 2811,67591.19,67.59119,67.59119,601.0,52786.0
2812,118,4,year hour 2812,68144.07,68.14407000000001,68.14407000000001,601.0,52279.0
2813,118,5,year hour 2813,68040.49,68.04049,68.04049,601.0,53095.0
2814,118,6,year hour 2814,71032.18,71.03218,71.03218,607.0,53189.0
2815,118,7,year hour 2815,68068.45,68.06845,68.06845,595.0,52165.0
2816,118,8,year hour 2816,69069.68000000001,69.06968,69.06968,604.0,53833.0
2817,118,9,year hour 2817,67953.64,67.95364,67.95364,604.0,52529.0
2818,118,10,year hour 2818,67944.94,67.94494,67.94494,602.0,52535.0
2819,118,11,year hour 2819,67802.9,67.8029,67.8029,588.0,52375.0
2820,118,12,year hour 2820,81722.33,81.72233000000001,81.72233000000001,620.0,54880.0
2821,118,13,year hour 2821,67952.15,67.95214999999999,67.95214999999999,600.0,52484.0
2822,118,14,year hour 2822,67660.66,67.66066000000001,67.66066000000001,601.0,53191.0
2823,118,15,year hour 2823,68569.25,68.56924999999998,68.56924999999998,595.0,52507.0
2824,118,16,year hour 2824,69555.96,69.55596,69.55596,608.0,53372.0
2825,118,17,year hour 2825,68005.42,68.00542,68.00542,598.0,52153.0
2826,118,18,year hour 2826,70931.0,70.931,70.931,607.0,53552.0
2827,118,19,year hour 2827,67678.63,67.67863,67.67863,599.0,52674.0
2828,118,20,year hour 2828,68076.09,68.07609,68.07609,599.0,52651.0
2829,118,21,year hour 2829,67722.46,67.72246000000001,67.72246000000001,602.0,53040.0
2830,118,22,year hour 2830,67821.74,67.82174,67.82174,604.0,52967.0
2831,118,23,year hour 2831,66036.23,66.03622999999999,66.03622999999999,582.0,51731.0
2832,119,0,year hour 2832,84257.97,84.25797,84.25797,627.0,56190.0
2833,119,1,year hour 2833,67763.65,67.76365,67.76365,602.0,52182.0
2834,119,2,year hour 2834,67864.3,67.8643,67.8643,601.0,52088.0
2835,119,3,year hour 2835,67591.19,67.59119,67.59119,601.0,52786.0
2836,119,4,year hour 2836,68144.07,68.14407000000001,68.14407000000001,601.0,52279.0
2837,119,5,year hour 2837,68040.49,68.04049,68.04049,601.0,53095.0
2838,119,6,year hour 2838,71032.18,71.03218,71.03218,607.0,53189.0
2839,119,7,year hour 2839,68068.45,68.06845,68.06845,595.0,52165.0
2840,119,8,year hour 2840,69069.68000000001,69.06968,69.06968,604.0,53833.0
2841,119,9,year hour 2841,67953.64,67.95364,67.95364,604.0,52529.0
2842,119,10,year hour 2842,67944.94,67.94494,67.94494,602.0,52535.0
2843,119,11,year hour 2843,67802.9,67.8029,67.8029,588.0,52375.0
2844,119,12,year hour 2844,81722.33,81.72233000000001,81.72233000000001,620.0,54880.0
2845,119,13,year hour 2845,67952.15,67.95214999999999,67.95214999999999,600.0,52484.0
2846,119,14,year hour 2846,67660.66,67.66066000000001,67.66066000000001,601.0,53191.0
2847,119,15,year hour 2847,68569.25,68.56924999999998,68.56924999999998,595.0,52507.0
2848,119,16,year hour 2848,69555.96,69.55596,69.55596,608.0,53372.0
2849,119,17,year hour 2849,68005.42,68.00542,68.00542,598.0,52153.0
2850,119,18,year hour 2850,70931.0,70.931,70.931,607.0,53552.0
2851,119,19,year hour 2851,67678.63,67.67863,67.67863,599.0,52674.0
2852,119,20,year hour 2852,68076.09,68.07609,68.07609,599.0,52651.0
2853,119,21,year hour 2853,67722.46,67.72246000000001,67.72246000000001,602.0,53040.0
2854,119,22,year hour 2854,67821.74,67.82174,67.82174,604.0,52967.0
2855,119,23,year hour 2855,66036.23,66.03622999999999,66.03622999999999,582.0,51731.0
2856,120,0,year hour 2856,84257.97,84.25797,84.25797,627.0,56190.0
2857,120,1,year hour 2857,67763.65,67.76365,67.76365,602.0,52182.0
2858,120,2,year hour 2858,67864.3,67.8643,67.8643,601.0,52088.0
2859,120,3,year hour 2859,67591.19,67.59119,67.59119,601.0,52786.0
2860,120,4,year hour 2860,68144.07,68.14407000000001,68.14407000000001,601.0,52279.0
2861,120,5,year hour 2861,68040.49,68.04049,68.04049,601.0,53095.0
2862,120,6,year hour 2862,71032.18,71.03218,71.03218,607.0,53189.0
2863,120,7,year hour 2863,68068.45,68.06845,68.06845,595.0,52165.0
2864,120,8,year hour 2864,69069.68000000001,69.06968,69.06968,604.0,53833.0
2865,120,9,year hour 2865,67953.64,67.95364,67.95364,604.0,52529.0
2866,120,10,year hour 2866,67944.94,67.94494,67.94494,602.0,52535.0
2867,120,11,year hour 2867,67802.9,67.8029,67.8029,588.0,52375.0
2868,120,12,year hour 2868,81722.33,81.72233000000001,81.72233000000001,620.0,54880.0
2869,120,13,year hour 2869,67952.15,67.95214999999999,67.95214999999999,600.0,52484.0
2870,120,14,year hour 2870,67660.66,67.66066000000001,67.66066000000001,601.0,53191.0
2871,120,15,year hour 2871,68569.25,68.56924999999998,68.56924999999998,595.0,52507.0
2872,120,16,year hour 2872,69555.96,69.55596,69.55596,608.0,53372.0
2873,120,17,year hour 2873,68005.42,68.00542,68.00542,598.0,52153.0
2874,120,18,year hour 2874,70931.0,70.931,70.931,607.0,53552.0
2875,120,19,year hour 2875,67678.63,67.67863,67.67863,599.0,52674.0
2876,120,20,year hour 2876,68076.09,68.07609,68.07609,599.0,52651.0
2877,120,21,year hour 2877,67722.46,67.72246000000001,67.72246000000001,602.0,53040.0
2878,120,22,year hour 2878,67821.74,67.82174,67.82174,604.0,52967.0
2879,120,23,year hour 2879,66036.23,66.03622999999999,66.03622999999999,582.0,51731.0
2880,121,0,year hour 2880,84257.97,84.25797,84.25797,627.0,56190.0
2881,121,1,year hour 2881,67763.65,67.76365,67.76365,602.0,52182.0
2882,121,2,year hour 2882,67864.3,67.8643,67.8643,601.0,52088.0
2883,121,3,year hour 2883,67591.19,67.59119,67.59119,601.0,52786.0
2884,121,4,year hour 2884,68144.07,68.14407000000001,68.14407000000001,601.0,52279.0
2885,121,5,year hour 2885,68040.49,68.04049,68.04049,601.0,53095.0
2886,121,6,year hour 2886,71032.18,71.03218,71.03218,607.0,53189.0
2887,121,7,year hour 2887,68068.45,68.06845,68.06845,595.0,52165.0
2888,121,8,year hour 2888,69069.68000000001,69.06968,69.06968,604.0,53833.0
2889,121,9,year hour 2889,67953.64,67.95364,67.95364,604.0,52529.0
2890,121,10,year hour 2890,67944.94,67.94494,67.94494,602.0,52535.0
2891,121,11,year hour 2891,67802.9,67.8029,67.8029,588.0,52375.0
2892,121,12,year hour 2892,81722.33,81.72233000000001,81.72233000000001,620.0,54880.0
2893,121,13,year hour 2893,67952.15,67.95214999999999,67.95214999999999,600.0,52484.0
2894,121,14,year hour 2894,67660.66,67.66066000000001,67.66066000000001,601.0,53191.0
2895,121,15,year hour 2895,68569.25,68.56924999999998,68.56924999999998,595.0,52507.0
2896,121,16,year hour 2896,69555.96,69.55596,69.55596,608.0,53372.0
2897,121,17,year hour 2897,68005.42,68.00542,68.00542,598.0,52153.0
2898,121,18,year hour 2898,70931.0,70.931,70.931,607.0,53552.0
2899,121,19,year hour 2899,67678.63,67.67863,67.67863,599.0,52674.0
2900,121,20,year hour 2900,68076.09,68.07609,68.07609,599.0,52651.0
2901,121,21,year hour 2901,67722.46,67.72246000000001,67.72246000000001,602.0,53040.0
2902,121,22,year hour 2902,67821.74,67.82174,67.82174,604.0,52967.0
2903,121,23,year hour 2903,66036.23,66.03622999999999,66.03622999999999,582.0,51731.0
2904,122,0,year hour 2904,84257.97,84.25797,84.25797,627.0,56190.0
2905,122,1,year hour 2905,67763.65,67.76365,67.76365,602.0,52182.0
2906,122,2,year hour 2906,67864.3,67.8643,67.8643,601.0,52088.0
2907,122,3,year hour 2907,67591.19,67.59119,67.59119,601.0,52786.0
2908,122,4,year hour 2908,68144.07,68.14407000000001,68.14407000000001,601.0,52279.0
2909,122,5,year hour 2909,68040.49,68.04049,68.04049,601.0,53095.0
2910,122,6,year hour 2910,71032.18,71.03218,71.03218,607.0,53189.0
2911,122,7,year hour 2911,68068.45,68.06845,68.06845,595.0,52165.0
2912,122,8,year hour 2912,69069.68000000001,69.06968,69.06968,604.0,53833.0
2913,122,9,year hour 2913,67953.64,67.95364,67.95364,604.0,52529.0
2914,122,10,year hour 2914,67944.94,67.94494,67.94494,602.0,52535.0
2915,122,11,year hour 2915,67802.9,67.8029,67.8029,588.0,52375.0
2916,122,12,year hour 2916,81722.33,81.72233000000001,81.72233000000001,620.0,54880.0
2917,122,13,year hour 2917,67952.15,67.95214999999999,67.95214999999999,600.0,52484.0
2918,122,14,year hour 2918,67660.66,67.66066000000001,67.66066000000001,601.0,53191.0
2919,122,15,year hour 2919,68569.25,68.56924999999998,68.56924999999998,595.0,52507.0
2920,122,16,year hour 2920,69555.96,69.55596,69.55596,608.0,53372.0
2921,122,17,year hour 2921,68005.42,68.00542,68.00542,598.0,52153.0
2922,122,18,year hour 2922,70931.0,70.931,70.931,607.0,53552.0
2923,122,19,year hour 2923,67678.63,67.67863,67.67863,599.0,52674.0
2924,122,20,year hour 2924,68076.09,68.07609,68.07609,599.0,52651.0
2925,122,21,year hour 2925,67722.46,67.72246000000001,67.72246000000001,602.0,53040.0
2926,122,22,year hour 2926,67821.74,67.82174,67.82174,604.0,52967.0
2927,122,23,year hour 2927,66036.23,66.03622999999999,66.03622999999999,582.0,51731.0
2928,123,0,year hour 2928,84257.97,84.25797,84.25797,627.0,56190.0
2929,123,1,year hour 2929,67763.65,67.76365,67.76365,602.0,52182.0
2930,123,2,year hour 2930,67864.3,67.8643,67.8643,601.0,52088.0
2931,123,3,year hour 2931,67591.19,67.59119,67.59119,601.0,52786.0
2932,123,4,year hour 2932,68144.07,68.14407000000001,68.14407000000001,601.0,52279.0
2933,123,5,year hour 2933,68040.49,68.04049,68.04049,601.0,53095.0
2934,123,6,year hour 2934,71032.18,71.03218,71.03218,607.0,53189.0
2935,123,7,year hour 2935,68068.45,68.06845,68.06845,595.0,52165.0
2936,123,8,year hour 2936,69069.68000000001,69.06968,69.06968,604.0,53833.0
2937,123,9,year hour 2937,67953.64,67.95364,67.95364,604.0,52529.0
2938,123,10,year hour 2938,67944.94,67.94494,67.94494,602.0,52535.0
2939,123,11,year hour 2939,67802.9,67.8029,67.8029,588.0,52375.0
2940,123,12,year hour 2940,81722.33,81.72233000000001,81.72233000000001,620.0,54880.0
2941,123,13,year hour 2941,67952.15,67.95214999999999,67.95214999999999,600.0,52484.0
2942,123,14,year hour 2942,67660.66,67.66066000000001,67.66066000000001,601.0,53191.0
2943,123,15,year hour 2943,68569.25,68.56924999999998,68.56924999999998,595.0,52507.0
2944,123,16,year hour 2944,69555.96,69.55596,69.55596,608.0,53372.0
2945,123,17,year hour 2945,68005.42,68.00542,68.00542,598.0,52153.0
2946,123,18,year hour 2946,70931.0,70.931,70.931,607.0,53552.0
2947,123,19,year hour 2947,67678.63,67.67863,67.67863,599.0,52674.0
2948,123,20,year hour 2948,68076.09,68.07609,68.07609,599.0,52651.0
2949,123,21,year hour 2949,67722.46,67.72246000000001,67.72246000000001,602.0,53040.0
2950,123,22,year hour 2950,67821.74,67.82174,67.82174,604.0,52967.0
2951,123,23,year hour 2951,66036.23,66.03622999999999,66.03622999999999,582.0,51731.0
2952,124,0,year hour 2952,84257.97,84.25797,84.25797,627.0,56190.0
2953,124,1,year hour 2953,67763.65,67.76365,67.76365,602.0,52182.0
2954,124,2,year hour 2954,67864.3,67.8643,67.8643,601.0,52088.0
2955,124,3,year hour 2955,67591.19,67.59119,67.59119,601.0,52786.0
2956,124,4,year hour 2956,68144.07,68.14407000000001,68.14407000000001,601.0,52279.0
2957,124,5,year hour 2957,68040.49,68.04049,68.04049,601.0,53095.0
2958,124,6,year hour 2958,71032.18,71.03218,71.03218,607.0,53189.0
2959,124,7,year hour 2959,68068.45,68.06845,68.06845,595.0,52165.0
2960,124,8,year hour 2960,69069.68000000001,69.06968,69.06968,604.0,53833.0
2961,124,9,year hour 2961,67953.64,67.95364,67.95364,604.0,52529.0
2962,124,10,year hour 2962,67944.94,67.94494,67.94494,602.0,52535.0
2963,124,11,year hour 2963,67802.9,67.8029,67.8029,588.0,52375.0
2964,124,12,year hour 2964,81722.33,81.72233000000001,81.72233000000001,620.0,54880.0
2965,124,13,year hour 2965,67952.15,67.95214999999999,67.95214999999999,600.0,52484.0
2966,124,14,year hour 2966,67660.66,67.66066000000001,67.66066000000001,601.0,53191.0
2967,124,15,year hour 2967,68569.25,68.56924999999998,68.56924999999998,595.0,52507.0
2968,124,16,year hour 2968,69555.96,69.55596,69.55596,608.0,53372.0
2969,124,17,year hour 2969,68005.42,68.00542,68.00542,598.0,52153.0
2970,124,18,year hour 2970,70931.0,70.931,70.931,607.0,53552.0
2971,124,19,year hour 2971,67678.63,67.67863,67.67863,599.0,52674.0
2972,124,20,year hour 2972,68076.09,68.07609,68.07609,599.0,52651.0
2973,124,21,year hour 2973,67722.46,67.72246000000001,67.72246000000001,602.0,53040.0
2974,124,22,year hour 2974,67821.74,67.82174,67.82174,604.0,52967.0
2975,124,23,year hour 2975,66036.23,66.03622999999999,66.03622999999999,582.0,51731.0
2976,125,0,year hour 2976,84257.97,84.25797,84.25797,627.0,56190.0
2977,125,1,year hour 2977,67763.65,67.76365,67.76365,602.0,52182.0
2978,125,2,year hour 2978,67864.3,67.8643,67.8643,601.0,52088.0
2979,125,3,year hour 2979,67591.19,67.59119,67.59119,601.0,52786.0
2980,125,4,year hour 2980,68144.07,68.14407000000001,68.14407000000001,601.0,52279.0
2981,125,5,year hour 2981,68040.49,68.04049,68.04049,601.0,53095.0
2982,125,6,year hour 2982,71032.18,71.03218,71.03218,607.0,53189.0
2983,125,7,year hour 2983,68068.45,68.06845,68.06845,595.0,52165.0
2984,125,8,year hour 2984,69069.68000000001,69.06968,69.06968,604.0,53833.0
2985,125,9,year hour 2985,67953.64,67.95364,67.95364,604.0,52529.0
2986,125,10,year hour 2986,67944.94,67.94494,67.94494,602.0,52535.0
2987,125,11,year hour 2987,67802.9,67.8029,67.8029,588.0,52375.0
2988,125,12,year hour 2988,81722.33,81.72233000000001,81.72233000000001,620.0,54880.0
2989,125,13,year hour 2989,67952.15,67.95214999999999,67.95214999999999,600.0,52484.0
2990,125,14,year hour 2990,67660.66,67.66066000000001,67.66066000000001,601.0,53191.0
2991,125,15,year hour 2991,68569.25,68.56924999999998,68.56924999999998,595.0,52507.0
2992,125,16,year hour 2992,69555.96,69.55596,69.55596,608.0,53372.0
2993,125,17,year hour 2993,68005.42,68.00542,68.00542,598.0,52153.0
2994,125,18,year hour 2994,70931.0,70.931,70.931,607.0,53552.0
2995,125,19,year hour 2995,67678.63,67.67863,67.67863,599.0,52674.0
2996,125,20,year hour 2996,68076.09,68.07609,68.07609,599.0,52651.0
2997,125,21,year hour 2997,67722.46,67.72246000000001,67.72246000000001,602.0,53040.0
2998,125,22,year hour 2998,67821.74,67.82174,67.82174,604.0,52967.0
2999,125,23,year hour 2999,66036.23,66.03622999999999,66.03622999999999,582.0,51731.0
3000,126,0,year hour 3000,84257.97,84.25797,84.25797,627.0,56190.0
3001,126,1,year hour 3001,67763.65,67.76365,67.76365,602.0,52182.0
3002,126,2,year hour 3002,67864.3,67.8643,67.8643,601.0,52088.0
3003,126,3,year hour 3003,67591.19,67.59119,67.59119,601.0,52786.0
3004,126,4,year hour 3004,68144.07,68.14407000000001,68.14407000000001,601.0,52279.0
3005,126,5,year hour 3005,68040.49,68.04049,68.04049,601.0,53095.0
3006,126,6,year hour 3006,71032.18,71.03218,71.03218,607.0,53189.0
3007,126,7,year hour 3007,68068.45,68.06845,68.06845,595.0,52165.0
3008,126,8,year hour 3008,69069.68000000001,69.06968,69.06968,604.0,53833.0
3009,126,9,year hour 3009,67953.64,67.95364,67.95364,604.0,52529.0
3010,126,10,year hour 3010,67944.94,67.94494,67.94494,602.0,52535.0
3011,126,11,year hour 3011,67802.9,67.8029,67.8029,588.0,52375.0
3012,126,12,year hour 3012,81722.33,81.72233000000001,81.72233000000001,620.0,54880.0
3013,126,13,year hour 3013,67952.15,67.95214999999999,67.95214999999999,600.0,52484.0
3014,126,14,year hour 3014,67660.66,67.66066000000001,67.66066000000001,601.0,53191.0
3015,126,15,year hour 3015,68569.25,68.56924999999998,68.56924999999998,595.0,52507.0
3016,126,16,year hour 3016,69555.96,69.55596,69.55596,608.0,53372.0
3017,126,17,year hour 3017,68005.42,68.00542,68.00542,598.0,52153.0
3018,126,18,year hour 3018,70931.0,70.931,70.931,607.0,53552.0
3019,126,19,year hour 3019,67678.63,67.67863,67.67863,599.0,52674.0
3020,126,20,year hour 3020,68076.09,68.07609,68.07609,599.0,52651.0
3021,126,21,year hour 3021,67722.46,67.72246000000001,67.72246000000001,602.0,53040.0
3022,126,22,year hour 3022,67821.74,67.82174,67.82174,604.0,52967.0
3023,126,23,year hour 3023,66036.23,66.03622999999999,66.03622999999999,582.0,51731.0
3024,127,0,year hour 3024,84257.97,84.25797,84.25797,627.0,56190.0
3025,127,1,year hour 3025,67763.65,67.76365,67.76365,602.0,52182.0
3026,127,2,year hour 3026,67864.3,67.8643,67.8643,601.0,52088.0
3027,127,3,year hour 3027,67591.19,67.59119,67.59119,601.0,52786.0
3028,127,4,year hour 3028,68144.07,68.14407000000001,68.14407000000001,601.0,52279.0
3029,127,5,year hour 3029,68040.49,68.04049,68.04049,601.0,53095.0
3030,127,6,year hour 3030,71032.18,71.03218,71.03218,607.0,53189.0
3031,127,7,year hour 3031,68068.45,68.06845,68.06845,595.0,52165.0
3032,127,8,year hour 3032,69069.68000000001,69.06968,69.06968,604.0,53833.0
3033,127,9,year hour 3033,67953.64,67.95364,67.95364,604.0,52529.0
3034,127,10,year hour 3034,67944.94,67.94494,67.94494,602.0,52535.0
3035,127,11,year hour 3035,67802.9,67.8029,67.8029,588.0,52375.0
3036,127,12,year hour 3036,81722.33,81.72233000000001,81.72233000000001,620.0,54880.0
3037,127,13,year hour 3037,67952.15,67.95214999999999,67.95214999999999,600.0,52484.0
3038,127,14,year hour 3038,67660.66,67.66066000000001,67.66066000000001,601.0,53191.0
3039,127,15,year hour 3039,68569.25,68.56924999999998,68.56924999999998,595.0,52507.0
3040,127,16,year hour 3040,69555.96,69.55596,69.55596,608.0,53372.0
3041,127,17,year hour 3041,68005.42,68.00542,68.00542,598.0,52153.0
3042,127,18,year hour 3042,70931.0,70.931,70.931,607.0,53552.0
3043,127,19,year hour 3043,67678.63,67.67863,67.67863,599.0,52674.0
3044,127,20,year hour 3044,68076.09,68.07609,68.07609,599.0,52651.0
3045,127,21,year hour 3045,67722.46,67.72246000000001,67.72246000000001,602.0,53040.0
3046,127,22,year hour 3046,67821.74,67.82174,67.82174,604.0,52967.0
3047,127,23,year hour 3047,66036.23,66.03622999999999,66.03622999999999,582.0,51731.0
3048,128,0,year hour 3048,84257.97,84.25797,84.25797,627.0,56190.0
3049,128,1,year hour 3049,67763.65,67.76365,67.76365,602.0,52182.0
3050,128,2,year hour 3050,67864.3,67.8643,67.8643,601.0,52088.0
3051,128,3,year hour 3051,67591.19,67.59119,67.59119,601.0,52786.0
3052,128,4,year hour 3052,68144.07,68.14407000000001,68.14407000000001,601.0,52279.0
3053,128,5,year hour 3053,68040.49,68.04049,68.04049,601.0,53095.0
3054,128,6,year hour 3054,71032.18,71.03218,71.03218,607.0,53189.0
3055,128,7,year hour 3055,68068.45,68.06845,68.06845,595.0,52165.0
3056,128,8,year hour 3056,69069.68000000001,69.06968,69.06968,604.0,53833.0
3057,128,9,year hour 3057,67953.64,67.95364,67.95364,604.0,52529.0
3058,128,10,year hour 3058,67944.94,67.94494,67.94494,602.0,52535.0
3059,128,11,year hour 3059,67802.9,67.8029,67.8029,588.0,52375.0
3060,128,12,year hour 3060,81722.33,81.72233000000001,81.72233000000001,620.0,54880.0
3061,128,13,year hour 3061,67952.15,67.95214999999999,67.95214999999999,600.0,52484.0
3062,128,14,year hour 3062,67660.66,67.66066000000001,67.66066000000001,601.0,53191.0
3063,128,15,year hour 3063,68569.25,68.56924999999998,68.56924999999998,595.0,52507.0
3064,128,16,year hour 3064,69555.96,69.55596,69.55596,608.0,53372.0
3065,128,17,year hour 3065,68005.42,68.00542,68.00542,598.0,52153.0
3066,128,18,year hour 3066,70931.0,70.931,70.931,607.0,53552.0
3067,128,19,year hour 3067,67678.63,67.67863,67.67863,599.0,52674.0
3068,128,20,year hour 3068,68076.09,68.07609,68.07609,599.0,52651.0
3069,128,21,year hour 3069,67722.46,67.72246000000001,67.72246000000001,602.0,53040.0
3070,128,22,year hour 3070,67821.74,67.82174,67.82174,604.0,52967.0
3071,128,23,year hour 3071,66036.23,66.03622999999999,66.03622999999999,582.0,51731.0
3072,129,0,year hour 3072,84257.97,84.25797,84.25797,627.0,56190.0
3073,129,1,year hour 3073,67763.65,67.76365,67.76365,602.0,52182.0
3074,129,2,year hour 3074,67864.3,67.8643,67.8643,601.0,52088.0
3075,129,3,year hour 3075,67591.19,67.59119,67.59119,601.0,52786.0
3076,129,4,year hour 3076,68144.07,68.14407000000001,68.14407000000001,601.0,52279.0
3077,129,5,year hour 3077,68040.49,68.04049,68.04049,601.0,53095.0
3078,129,6,year hour 3078,71032.18,71.03218,71.03218,607.0,53189.0
3079,129,7,year hour 3079,68068.45,68.06845,68.06845,595.0,52165.0
3080,129,8,year hour 3080,69069.68000000001,69.06968,69.06968,604.0,53833.0
3081,129,9,year hour 3081,67953.64,67.95364,67.95364,604.0,52529.0
3082,129,10,year hour 3082,67944.94,67.94494,67.94494,602.0,52535.0
3083,129,11,year hour 3083,67802.9,67.8029,67.8029,588.0,52375.0
3084,129,12,year hour 3084,81722.33,81.72233000000001,81.72233000000001,620.0,54880.0
3085,129,13,year hour 3085,67952.15,67.95214999999999,67.95214999999999,600.0,52484.0
3086,129,14,year hour 3086,67660.66,67.66066000000001,67.66066000000001,601.0,53191.0
3087,129,15,year hour 3087,68569.25,68.56924999999998,68.56924999999998,595.0,52507.0
3088,129,16,year hour 3088,69555.96,69.55596,69.55596,608.0,53372.0
3089,129,17,year hour 3089,68005.42,68.00542,68.00542,598.0,52153.0
3090,129,18,year hour 3090,70931.0,70.931,70.931,607.0,53552.0
3091,129,19,year hour 3091,67678.63,67.67863,67.67863,599.0,52674.0
3092,129,20,year hour 3092,68076.09,68.07609,68.07609,599.0,52651.0
3093,129,21,year hour 3093,67722.46,67.72246000000001,67.72246000000001,602.0,53040.0
3094,129,22,year hour 3094,67821.74,67.82174,67.82174,604.0,52967.0
3095,129,23,year hour 3095,66036.23,66.03622999999999,66.03622999999999,582.0,51731.0
3096,130,0,year hour 3096,84257.97,84.25797,84.25797,627.0,56190.0
3097,130,1,year hour 3097,67763.65,67.76365,67.76365,602.0,52182.0
3098,130,2,year hour 3098,67864.3,67.8643,67.8643,601.0,52088.0
3099,130,3,year hour 3099,67591.19,67.59119,67.59119,601.0,52786.0
3100,130,4,year hour 3100,68144.07,68.14407000000001,68.14407000000001,601.0,52279.0
3101,130,5,year hour 3101,68040.49,68.04049,68.04049,601.0,53095.0
3102,130,6,year hour 3102,71032.18,71.03218,71.03218,607.0,53189.0
3103,130,7,year hour 3103,68068.45,68.06845,68.06845,595.0,52165.0
3104,130,8,year hour 3104,69069.68000000001,69.06968,69.06968,604.0,53833.0
3105,130,9,year hour 3105,67953.64,67.95364,67.95364,604.0,52529.0
3106,130,10,year hour 3106,67944.94,67.94494,67.94494,602.0,52535.0
3107,130,11,year hour 3107,67802.9,67.8029,67.8029,588.0,52375.0
3108,130,12,year hour 3108,81722.33,81.72233000000001,81.72233000000001,620.0,54880.0
3109,130,13,year hour 3109,67952.15,67.95214999999999,67.95214999999999,600.0,52484.0
3110,130,14,year hour 3110,67660.66,67.66066000000001,67.66066000000001,601.0,53191.0
3111,130,15,year hour 3111,68569.25,68.56924999999998,68.56924999999998,595.0,52507.0
3112,130,16,year hour 3112,69555.96,69.55596,69.55596,608.0,53372.0
3113,130,17,year hour 3113,68005.42,68.00542,68.00542,598.0,52153.0
3114,130,18,year hour 3114,70931.0,70.931,70.931,607.0,53552.0
3115,130,19,year hour 3115,67678.63,67.67863,67.67863,599.0,52674.0
3116,130,20,year hour 3116,68076.09,68.07609,68.07609,599.0,52651.0
3117,130,21,year hour 3117,67722.46,67.72246000000001,67.72246000000001,602.0,53040.0
3118,130,22,year hour 3118,67821.74,67.82174,67.82174,604.0,52967.0
3119,130,23,year hour 3119,66036.23,66.03622999999999,66.03622999999999,582.0,51731.0
3120,131,0,year hour 3120,84257.97,84.25797,84.25797,627.0,56190.0
3121,131,1,year hour 3121,67763.65,67.76365,67.76365,602.0,52182.0
3122,131,2,year hour 3122,67864.3,67.8643,67.8643,601.0,52088.0
3123,131,3,year hour 3123,67591.19,67.59119,67.59119,601.0,52786.0
3124,131,4,year hour 3124,68144.07,68.14407000000001,68.14407000000001,601.0,52279.0
3125,131,5,year hour 3125,68040.49,68.04049,68.04049,601.0,53095.0
3126,131,6,year hour 3126,71032.18,71.03218,71.03218,607.0,53189.0
3127,131,7,year hour 3127,68068.45,68.06845,68.06845,595.0,52165.0
3128,131,8,year hour 3128,69069.68000000001,69.06968,69.06968,604.0,53833.0
3129,131,9,year hour 3129,67953.64,67.95364,67.95364,604.0,52529.0
3130,131,10,year hour 3130,67944.94,67.94494,67.94494,602.0,52535.0
3131,131,11,year hour 3131,67802.9,67.8029,67.8029,588.0,52375.0
3132,131,12,year hour 3132,81722.33,81.72233000000001,81.72233000000001,620.0,54880.0
3133,131,13,year hour 3133,67952.15,67.95214999999999,67.95214999999999,600.0,52484.0
3134,131,14,year hour 3134,67660.66,67.66066000000001,67.66066000000001,601.0,53191.0
3135,131,15,year hour 3135,68569.25,68.56924999999998,68.56924999999998,595.0,52507.0
3136,131,16,year hour 3136,69555.96,69.55596,69.55596,608.0,53372.0
3137,131,17,year hour 3137,68005.42,68.00542,68.00542,598.0,52153.0
3138,131,18,year hour 3138,70931.0,70.931,70.931,607.0,53552.0
3139,131,19,year hour 3139,67678.63,67.67863,67.67863,599.0,52674.0
3140,131,20,year hour 3140,68076.09,68.07609,68.07609,599.0,52651.0
3141,131,21,year hour 3141,67722.46,67.72246000000001,67.72246000000001,602.0,53040.0
3142,131,22,year hour 3142,67821.74,67.82174,67.82174,604.0,52967.0
3143,131,23,year hour 3143,66036.23,66.03622999999999,66.03622999999999,582.0,51731.0
3144,132,0,year hour 3144,84257.97,84.25797,84.25797,627.0,56190.0
3145,132,1,year hour 3145,67763.65,67.76365,67.76365,602.0,52182.0
3146,132,2,year hour 3146,67864.3,67.8643,67.8643,601.0,52088.0
3147,132,3,year hour 3147,67591.19,67.59119,67.59119,601.0,52786.0
3148,132,4,year hour 3148,68144.07,68.14407000000001,68.14407000000001,601.0,52279.0
3149,132,5,year hour 3149,68040.49,68.04049,68.04049,601.0,53095.0
3150,132,6,year hour 3150,71032.18,71.03218,71.03218,607.0,53189.0
3151,132,7,year hour 3151,68068.45,68.06845,68.06845,595.0,52165.0
3152,132,8,year hour 3152,69069.68000000001,69.06968,69.06968,604.0,53833.0
3153,132,9,year hour 3153,67953.64,67.95364,67.95364,604.0,52529.0
3154,132,10,year hour 3154,67944.94,67.94494,67.94494,602.0,52535.0
3155,132,11,year hour 3155,67802.9,67.8029,67.8029,588.0,52375.0
3156,132,12,year hour 3156,81722.33,81.72233000000001,81.72233000000001,620.0,54880.0
3157,132,13,year hour 3157,67952.15,67.95214999999999,67.95214999999999,600.0,52484.0
3158,132,14,year hour 3158,67660.66,67.66066000000001,67.66066000000001,601.0,53191.0
3159,132,15,year hour 3159,68569.25,68.56924999999998,68.56924999999998,595.0,52507.0
3160,132,16,year hour 3160,69555.96,69.55596,69.55596,608.0,53372.0
3161,132,17,year hour 3161,68005.42,68.00542,68.00542,598.0,52153.0
3162,132,18,year hour 3162,70931.0,70.931,70.931,607.0,53552.0
3163,132,19,year hour 3163,67678.63,67.67863,67.67863,599.0,52674.0
3164,132,20,year hour 3164,68076.09,68.07609,68.07609,599.0,52651.0
3165,132,21,year hour 3165,67722.46,67.72246000000001,67.72246000000001,602.0,53040.0
3166,132,22,year hour 3166,67821.74,67.82174,67.82174,604.0,52967.0
3167,132,23,year hour 3167,66036.23,66.03622999999999,66.03622999999999,582.0,51731.0
3168,133,0,year hour 3168,84257.97,84.25797,84.25797,627.0,56190.0
3169,133,1,year hour 3169,67763.65,67.76365,67.76365,602.0,52182.0
3170,133,2,year hour 3170,67864.3,67.8643,67.8643,601.0,52088.0
3171,133,3,year hour 3171,67591.19,67.59119,67.59119,601.0,52786.0
3172,133,4,year hour 3172,68144.07,68.14407000000001,68.14407000000001,601.0,52279.0
3173,133,5,year hour 3173,68040.49,68.04049,68.04049,601.0,53095.0
3174,133,6,year hour 3174,71032.18,71.03218,71.03218,607.0,53189.0
3175,133,7,year hour 3175,68068.45,68.06845,68.06845,595.0,52165.0
3176,133,8,year hour 3176,69069.68000000001,69.06968,69.06968,604.0,53833.0
3177,133,9,year hour 3177,67953.64,67.95364,67.95364,604.0,52529.0
3178,133,10,year hour 3178,67944.94,67.94494,67.94494,602.0,52535.0
3179,133,11,year hour 3179,67802.9,67.8029,67.8029,588.0,52375.0
3180,133,12,year hour 3180,81722.33,81.72233000000001,81.72233000000001,620.0,54880.0
3181,133,13,year hour 3181,67952.15,67.95214999999999,67.95214999999999,600.0,52484.0
3182,133,14,year hour 3182,67660.66,67.66066000000001,67.66066000000001,601.0,53191.0
3183,133,15,year hour 3183,68569.25,68.56924999999998,68.56924999999998,595.0,52507.0
3184,133,16,year hour 3184,69555.96,69.55596,69.55596,608.0,53372.0
3185,133,17,year hour 3185,68005.42,68.00542,68.00542,598.0,52153.0
3186,133,18,year hour 3186,70931.0,70.931,70.931,607.0,53552.0
3187,133,19,year hour 3187,67678.63,67.67863,67.67863,599.0,52674.0
3188,133,20,year hour 3188,68076.09,68.07609,68.07609,599.0,52651.0
3189,133,21,year hour 3189,67722.46,67.72246000000001,67.72246000000001,602.0,53040.0
3190,133,22,year hour 3190,67821.74,67.82174,67.82174,604.0,52967.0
3191,133,23,year hour 3191,66036.23,66.03622999999999,66.03622999999999,582.0,51731.0
3192,134,0,year hour 3192,84257.97,84.25797,84.25797,627.0,56190.0
3193,134,1,year hour 3193,67763.65,67.76365,67.76365,602.0,52182.0
3194,134,2,year hour 3194,67864.3,67.8643,67.8643,601.0,52088.0
3195,134,3,year hour 3195,67591.19,67.59119,67.59119,601.0,52786.0
3196,134,4,year hour 3196,68144.07,68.14407000000001,68.14407000000001,601.0,52279.0
3197,134,5,year hour 3197,68040.49,68.04049,68.04049,601.0,53095.0
3198,134,6,year hour 3198,71032.18,71.03218,71.03218,607.0,53189.0
3199,134,7,year hour 3199,68068.45,68.06845,68.06845,595.0,52165.0
3200,134,8,year hour 3200,69069.68000000001,69.06968,69.06968,604.0,53833.0
3201,134,9,year hour 3201,67953.64,67.95364,67.95364,604.0,52529.0
3202,134,10,year hour 3202,67944.94,67.94494,67.94494,602.0,52535.0
3203,134,11,year hour 3203,67802.9,67.8029,67.8029,588.0,52375.0
3204,134,12,year hour 3204,81722.33,81.72233000000001,81.72233000000001,620.0,54880.0
3205,134,13,year hour 3205,67952.15,67.95214999999999,67.95214999999999,600.0,52484.0
3206,134,14,year hour 3206,67660.66,67.66066000000001,67.66066000000001,601.0,53191.0
3207,134,15,year hour 3207,68569.25,68.56924999999998,68.56924999999998,595.0,52507.0
3208,134,16,year hour 3208,69555.96,69.55596,69.55596,608.0,53372.0
3209,134,17,year hour 3209,68005.42,68.00542,68.00542,598.0,52153.0
3210,134,18,year hour 3210,70931.0,70.931,70.931,607.0,53552.0
3211,134,19,year hour 3211,67678.63,67.67863,67.67863,599.0,52674.0
3212,134,20,year hour 3212,68076.09,68.07609,68.07609,599.0,52651.0
3213,134,21,year hour 3213,67722.46,67.72246000000001,67.72246000000001,602.0,53040.0
3214,134,22,year hour 3214,67821.74,67.82174,67.82174,604.0,52967.0
3215,134,23,year hour 3215,66036.23,66.03622999999999,66.03622999999999,582.0,51731.0
3216,135,0,year hour 3216,84257.97,84.25797,84.25797,627.0,56190.0
3217,135,1,year hour 3217,67763.65,67.76365,67.76365,602.0,52182.0
3218,135,2,year hour 3218,67864.3,67.8643,67.8643,601.0,52088.0
3219,135,3,year hour 3219,67591.19,67.59119,67.59119,601.0,52786.0
3220,135,4,year hour 3220,68144.07,68.14407000000001,68.14407000000001,601.0,52279.0
3221,135,5,year hour 3221,68040.49,68.04049,68.04049,601.0,53095.0
3222,135,6,year hour 3222,71032.18,71.03218,71.03218,607.0,53189.0
3223,135,7,year hour 3223,68068.45,68.06845,68.06845,595.0,52165.0
3224,135,8,year hour 3224,69069.68000000001,69.06968,69.06968,604.0,53833.0
3225,135,9,year hour 3225,67953.64,67.95364,67.95364,604.0,52529.0
3226,135,10,year hour 3226,67944.94,67.94494,67.94494,602.0,52535.0
3227,135,11,year hour 3227,67802.9,67.8029,67.8029,588.0,52375.0
3228,135,12,year hour 3228,81722.33,81.72233000000001,81.72233000000001,620.0,54880.0
3229,135,13,year hour 3229,67952.15,67.95214999999999,67.95214999999999,600.0,52484.0
3230,135,14,year hour 3230,67660.66,67.66066000000001,67.66066000000001,601.0,53191.0
3231,135,15,year hour 3231,68569.25,68.56924999999998,68.56924999999998,595.0,52507.0
3232,135,16,year hour 3232,69555.96,69.55596,69.55596,608.0,53372.0
3233,135,17,year hour 3233,68005.42,68.00542,68.00542,598.0,52153.0
3234,135,18,year hour 3234,70931.0,70.931,70.931,607.0,53552.0
3235,135,19,year hour 3235,67678.63,67.67863,67.67863,599.0,52674.0
3236,135,20,year hour 3236,68076.09,68.07609,68.07609,599.0,52651.0
3237,135,21,year hour 3237,67722.46,67.72246000000001,67.72246000000001,602.0,53040.0
3238,135,22,year hour 3238,67821.74,67.82174,67.82174,604.0,52967.0
3239,135,23,year hour 3239,66036.23,66.03622999999999,66.03622999999999,582.0,51731.0
3240,136,0,year hour 3240,84257.97,84.25797,84.25797,627.0,56190.0
3241,136,1,year hour 3241,67763.65,67.76365,67.76365,602.0,52182.0
3242,136,2,year hour 3242,67864.3,67.8643,67.8643,601.0,52088.0
3243,136,3,year hour 3243,67591.19,67.59119,67.59119,601.0,52786.0
3244,136,4,year hour 3244,68144.07,68.14407000000001,68.14407000000001,601.0,52279.0
3245,136,5,year hour 3245,68040.49,68.04049,68.04049,601.0,53095.0
3246,136,6,year hour 3246,71032.18,71.03218,71.03218,607.0,53189.0
3247,136,7,year hour 3247,68068.45,68.06845,68.06845,595.0,52165.0
3248,136,8,year hour 3248,69069.68000000001,69.06968,69.06968,604.0,53833.0
3249,136,9,year hour 3249,67953.64,67.95364,67.95364,604.0,52529.0
3250,136,10,year hour 3250,67944.94,67.94494,67.94494,602.0,52535.0
3251,136,11,year hour 3251,67802.9,67.8029,67.8029,588.0,52375.0
3252,136,12,year hour 3252,81722.33,81.72233000000001,81.72233000000001,620.0,54880.0
3253,136,13,year hour 3253,67952.15,67.95214999999999,67.95214999999999,600.0,52484.0
3254,136,14,year hour 3254,67660.66,67.66066000000001,67.66066000000001,601.0,53191.0
3255,136,15,year hour 3255,68569.25,68.56924999999998,68.56924999999998,595.0,52507.0
3256,136,16,year hour 3256,69555.96,69.55596,69.55596,608.0,53372.0
3257,136,17,year hour 3257,68005.42,68.00542,68.00542,598.0,52153.0
3258,136,18,year hour 3258,70931.0,70.931,70.931,607.0,53552.0
3259,136,19,year hour 3259,67678.63,67.67863,67.67863,599.0,52674.0
3260,136,20,year hour 3260,68076.09,68.07609,68.07609,599.0,52651.0
3261,136,21,year hour 3261,67722.46,67.72246000000001,67.72246000000001,602.0,53040.0
3262,136,22,year hour 3262,67821.74,67.82174,67.82174,604.0,52967.0
3263,136,23,year hour 3263,66036.23,66.03622999999999,66.03622999999999,582.0,51731.0
3264,137,0,year hour 3264,84257.97,84.25797,84.25797,627.0,56190.0
3265,137,1,year hour 3265,67763.65,67.76365,67.76365,602.0,52182.0
3266,137,2,year hour 3266,67864.3,67.8643,67.8643,601.0,52088.0
3267,137,3,year hour 3267,67591.19,67.59119,67.59119,601.0,52786.0
3268,137,4,year hour 3268,68144.07,68.14407000000001,68.14407000000001,601.0,52279.0
3269,137,5,year hour 3269,68040.49,68.04049,68.04049,601.0,53095.0
3270,137,6,year hour 3270,71032.18,71.03218,71.03218,607.0,53189.0
3271,137,7,year hour 3271,68068.45,68.06845,68.06845,595.0,52165.0
3272,137,8,year hour 3272,69069.68000000001,69.06968,69.06968,604.0,53833.0
3273,137,9,year hour 3273,67953.64,67.95364,67.95364,604.0,52529.0
3274,137,10,year hour 3274,67944.94,67.94494,67.94494,602.0,52535.0
3275,137,11,year hour 3275,67802.9,67.8029,67.8029,588.0,52375.0
3276,137,12,year hour 3276,81722.33,81.72233000000001,81.72233000000001,620.0,54880.0
3277,137,13,year hour 3277,67952.15,67.95214999999999,67.95214999999999,600.0,52484.0
3278,137,14,year hour 3278,67660.66,67.66066000000001,67.66066000000001,601.0,53191.0
3279,137,15,year hour 3279,68569.25,68.56924999999998,68.56924999999998,595.0,52507.0
3280,137,16,year hour 3280,69555.96,69.55596,69.55596,608.0,53372.0
3281,137,17,year hour 3281,68005.42,68.00542,68.00542,598.0,52153.0
3282,137,18,year hour 3282,70931.0,70.931,70.931,607.0,53552.0
3283,137,19,year hour 3283,67678.63,67.67863,67.67863,599.0,52674.0
3284,137,20,year hour 3284,68076.09,68.07609,68.07609,599.0,52651.0
3285,137,21,year hour 3285,67722.46,67.72246000000001,67.72246000000001,602.0,53040.0
3286,137,22,year hour 3286,67821.74,67.82174,67.82174,604.0,52967.0
3287,137,23,year hour 3287,66036.23,66.03622999999999,66.03622999999999,582.0,51731.0
3288,138,0,year hour 3288,84257.97,84.25797,84.25797,627.0,56190.0
3289,138,1,year hour 3289,67763.65,67.76365,67.76365,602.0,52182.0
3290,138,2,year hour 3290,67864.3,67.8643,67.8643,601.0,52088.0
3291,138,3,year hour 3291,67591.19,67.59119,67.59119,601.0,52786.0
3292,138,4,year hour 3292,68144.07,68.14407000000001,68.14407000000001,601.0,52279.0
3293,138,5,year hour 3293,68040.49,68.04049,68.04049,601.0,53095.0
3294,138,6,year hour 3294,71032.18,71.03218,71.03218,607.0,53189.0
3295,138,7,year hour 3295,68068.45,68.06845,68.06845,595.0,52165.0
3296,138,8,year hour 3296,69069.68000000001,69.06968,69.06968,604.0,53833.0
3297,138,9,year hour 3297,67953.64,67.95364,67.95364,604.0,52529.0
3298,138,10,year hour 3298,67944.94,67.94494,67.94494,602.0,52535.0
3299,138,11,year hour 3299,67802.9,67.8029,67.8029,588.0,52375.0
3300,138,12,year hour 3300,81722.33,81.72233000000001,81.72233000000001,620.0,54880.0
3301,138,13,year hour 3301,67952.15,67.95214999999999,67.95214999999999,600.0,52484.0
3302,138,14,year hour 3302,67660.66,67.66066000000001,67.66066000000001,601.0,53191.0
3303,138,15,year hour 3303,68569.25,68.56924999999998,68.56924999999998,595.0,52507.0
3304,138,16,year hour 3304,69555.96,69.55596,69.55596,608.0,53372.0
3305,138,17,year hour 3305,68005.42,68.00542,68.00542,598.0,52153.0
3306,138,18,year hour 3306,70931.0,70.931,70.931,607.0,53552.0
3307,138,19,year hour 3307,67678.63,67.67863,67.67863,599.0,52674.0
3308,138,20,year hour 3308,68076.09,68.07609,68.07609,599.0,52651.0
3309,138,21,year hour 3309,67722.46,67.72246000000001,67.72246000000001,602.0,53040.0
3310,138,22,year hour 3310,67821.74,67.82174,67.82174,604.0,52967.0
3311,138,23,year hour 3311,66036.23,66.03622999999999,66.03622999999999,582.0,51731.0
3312,139,0,year hour 3312,84257.97,84.25797,84.25797,627.0,56190.0
3313,139,1,year hour 3313,67763.65,67.76365,67.76365,602.0,52182.0
3314,139,2,year hour 3314,67864.3,67.8643,67.8643,601.0,52088.0
3315,139,3,year hour 3315,67591.19,67.59119,67.59119,601.0,52786.0
3316,139,4,year hour 3316,68144.07,68.14407000000001,68.14407000000001,601.0,52279.0
3317,139,5,year hour 3317,68040.49,68.04049,68.04049,601.0,53095.0
3318,139,6,year hour 3318,71032.18,71.03218,71.03218,607.0,53189.0
3319,139,7,year hour 3319,68068.45,68.06845,68.06845,595.0,52165.0
3320,139,8,year hour 3320,69069.68000000001,69.06968,69.06968,604.0,53833.0
3321,139,9,year hour 3321,67953.64,67.95364,67.95364,604.0,52529.0
3322,139,10,year hour 3322,67944.94,67.94494,67.94494,602.0,52535.0
3323,139,11,year hour 3323,67802.9,67.8029,67.8029,588.0,52375.0
3324,139,12,year hour 3324,81722.33,81.72233000000001,81.72233000000001,620.0,54880.0
3325,139,13,year hour 3325,67952.15,67.95214999999999,67.95214999999999,600.0,52484.0
3326,139,14,year hour 3326,67660.66,67.66066000000001,67.66066000000001,601.0,53191.0
3327,139,15,year hour 3327,68569.25,68.56924999999998,68.56924999999998,595.0,52507.0
3328,139,16,year hour 3328,69555.96,69.55596,69.55596,608.0,53372.0
3329,139,17,year hour 3329,68005.42,68.00542,68.00542,598.0,52153.0
3330,139,18,year hour 3330,70931.0,70.931,70.931,607.0,53552.0
3331,139,19,year hour 3331,67678.63,67.67863,67.67863,599.0,52674.0
3332,139,20,year hour 3332,68076.09,68.07609,68.07609,599.0,52651.0
3333,139,21,year hour 3333,67722.46,67.72246000000001,67.72246000000001,602.0,53040.0
3334,139,22,year hour 3334,67821.74,67.82174,67.82174,604.0,52967.0
3335,139,23,year hour 3335,66036.23,66.03622999999999,66.03622999999999,582.0,51731.0
3336,140,0,year hour 3336,84257.97,84.25797,84.25797,627.0,56190.0
3337,140,1,year hour 3337,67763.65,67.76365,67.76365,602.0,52182.0
3338,140,2,year hour 3338,67864.3,67.8643,67.8643,601.0,52088.0
3339,140,3,year hour 3339,67591.19,67.59119,67.59119,601.0,52786.0
3340,140,4,year hour 3340,68144.07,68.14407000000001,68.14407000000001,601.0,52279.0
3341,140,5,year hour 3341,68040.49,68.04049,68.04049,601.0,53095.0
3342,140,6,year hour 3342,71032.18,71.03218,71.03218,607.0,53189.0
3343,140,7,year hour 3343,68068.45,68.06845,68.06845,595.0,52165.0
3344,140,8,year hour 3344,69069.68000000001,69.06968,69.06968,604.0,53833.0
3345,140,9,year hour 3345,67953.64,67.95364,67.95364,604.0,52529.0
3346,140,10,year hour 3346,67944.94,67.94494,67.94494,602.0,52535.0
3347,140,11,year hour 3347,67802.9,67.8029,67.8029,588.0,52375.0
3348,140,12,year hour 3348,81722.33,81.72233000000001,81.72233000000001,620.0,54880.0
3349,140,13,year hour 3349,67952.15,67.95214999999999,67.95214999999999,600.0,52484.0
3350,140,14,year hour 3350,67660.66,67.66066000000001,67.66066000000001,601.0,53191.0
3351,140,15,year hour 3351,68569.25,68.56924999999998,68.56924999999998,595.0,52507.0
3352,140,16,year hour 3352,69555.96,69.55596,69.55596,608.0,53372.0
3353,140,17,year hour 3353,68005.42,68.00542,68.00542,598.0,52153.0
3354,140,18,year hour 3354,70931.0,70.931,70.931,607.0,53552.0
3355,140,19,year hour 3355,67678.63,67.67863,67.67863,599.0,52674.0
3356,140,20,year hour 3356,68076.09,68.07609,68.07609,599.0,52651.0
3357,140,21,year hour 3357,67722.46,67.72246000000001,67.72246000000001,602.0,53040.0
3358,140,22,year hour 3358,67821.74,67.82174,67.82174,604.0,52967.0
3359,140,23,year hour 3359,66036.23,66.03622999999999,66.03622999999999,582.0,51731.0
3360,141,0,year hour 3360,84257.97,84.25797,84.25797,627.0,56190.0
3361,141,1,year hour 3361,67763.65,67.76365,67.76365,602.0,52182.0
3362,141,2,year hour 3362,67864.3,67.8643,67.8643,601.0,52088.0
3363,141,3,year hour 3363,67591.19,67.59119,67.59119,601.0,52786.0
3364,141,4,year hour 3364,68144.07,68.14407000000001,68.14407000000001,601.0,52279.0
3365,141,5,year hour 3365,68040.49,68.04049,68.04049,601.0,53095.0
3366,141,6,year hour 3366,71032.18,71.03218,71.03218,607.0,53189.0
3367,141,7,year hour 3367,68068.45,68.06845,68.06845,595.0,52165.0
3368,141,8,year hour 3368,69069.68000000001,69.06968,69.06968,604.0,53833.0
3369,141,9,year hour 3369,67953.64,67.95364,67.95364,604.0,52529.0
3370,141,10,year hour 3370,67944.94,67.94494,67.94494,602.0,52535.0
3371,141,11,year hour 3371,67802.9,67.8029,67.8029,588.0,52375.0
3372,141,12,year hour 3372,81722.33,81.72233000000001,81.72233000000001,620.0,54880.0
3373,141,13,year hour 3373,67952.15,67.95214999999999,67.95214999999999,600.0,52484.0
3374,141,14,year hour 3374,67660.66,67.66066000000001,67.66066000000001,601.0,53191.0
3375,141,15,year hour 3375,68569.25,68.56924999999998,68.56924999999998,595.0,52507.0
3376,141,16,year hour 3376,69555.96,69.55596,69.55596,608.0,53372.0
3377,141,17,year hour 3377,68005.42,68.00542,68.00542,598.0,52153.0
3378,141,18,year hour 3378,70931.0,70.931,70.931,607.0,53552.0
3379,141,19,year hour 3379,67678.63,67.67863,67.67863,599.0,52674.0
3380,141,20,year hour 3380,68076.09,68.07609,68.07609,599.0,52651.0
3381,141,21,year hour 3381,67722.46,67.72246000000001,67.72246000000001,602.0,53040.0
3382,141,22,year hour 3382,67821.74,67.82174,67.82174,604.0,52967.0
3383,141,23,year hour 3383,66036.23,66.03622999999999,66.03622999999999,582.0,51731.0
3384,142,0,year hour 3384,84257.97,84.25797,84.25797,627.0,56190.0
3385,142,1,year hour 3385,67763.65,67.76365,67.76365,602.0,52182.0
3386,142,2,year hour 3386,67864.3,67.8643,67.8643,601.0,52088.0
3387,142,3,year hour 3387,67591.19,67.59119,67.59119,601.0,52786.0
3388,142,4,year hour 3388,68144.07,68.14407000000001,68.14407000000001,601.0,52279.0
3389,142,5,year hour 3389,68040.49,68.04049,68.04049,601.0,53095.0
3390,142,6,year hour 3390,71032.18,71.03218,71.03218,607.0,53189.0
3391,142,7,year hour 3391,68068.45,68.06845,68.06845,595.0,52165.0
3392,142,8,year hour 3392,69069.68000000001,69.06968,69.06968,604.0,53833.0
3393,142,9,year hour 3393,67953.64,67.95364,67.95364,604.0,52529.0
3394,142,10,year hour 3394,67944.94,67.94494,67.94494,602.0,52535.0
3395,142,11,year hour 3395,67802.9,67.8029,67.8029,588.0,52375.0
3396,142,12,year hour 3396,81722.33,81.72233000000001,81.72233000000001,620.0,54880.0
3397,142,13,year hour 3397,67952.15,67.95214999999999,67.95214999999999,600.0,52484.0
3398,142,14,year hour 3398,67660.66,67.66066000000001,67.66066000000001,601.0,53191.0
3399,142,15,year hour 3399,68569.25,68.56924999999998,68.56924999999998,595.0,52507.0
3400,142,16,year hour 3400,69555.96,69.55596,69.55596,608.0,53372.0
3401,142,17,year hour 3401,68005.42,68.00542,68.00542,598.0,52153.0
3402,142,18,year hour 3402,70931.0,70.931,70.931,607.0,53552.0
3403,142,19,year hour 3403,67678.63,67.67863,67.67863,599.0,52674.0
3404,142,20,year hour 3404,68076.09,68.07609,68.07609,599.0,52651.0
3405,142,21,year hour 3405,67722.46,67.72246000000001,67.72246000000001,602.0,53040.0
3406,142,22,year hour 3406,67821.74,67.82174,67.82174,604.0,52967.0
3407,142,23,year hour 3407,66036.23,66.03622999999999,66.03622999999999,582.0,51731.0
3408,143,0,year hour 3408,84257.97,84.25797,84.25797,627.0,56190.0
3409,143,1,year hour 3409,67763.65,67.76365,67.76365,602.0,52182.0
3410,143,2,year hour 3410,67864.3,67.8643,67.8643,601.0,52088.0
3411,143,3,year hour 3411,67591.19,67.59119,67.59119,601.0,52786.0
3412,143,4,year hour 3412,68144.07,68.14407000000001,68.14407000000001,601.0,52279.0
3413,143,5,year hour 3413,68040.49,68.04049,68.04049,601.0,53095.0
3414,143,6,year hour 3414,71032.18,71.03218,71.03218,607.0,53189.0
3415,143,7,year hour 3415,68068.45,68.06845,68.06845,595.0,52165.0
3416,143,8,year hour 3416,69069.68000000001,69.06968,69.06968,604.0,53833.0
3417,143,9,year hour 3417,67953.64,67.95364,67.95364,604.0,52529.0
3418,143,10,year hour 3418,67944.94,67.94494,67.94494,602.0,52535.0
3419,143,11,year hour 3419,67802.9,67.8029,67.8029,588.0,52375.0
3420,143,12,year hour 3420,81722.33,81.72233000000001,81.72233000000001,620.0,54880.0
3421,143,13,year hour 3421,67952.15,67.95214999999999,67.95214999999999,600.0,52484.0
3422,143,14,year hour 3422,67660.66,67.66066000000001,67.66066000000001,601.0,53191.0
3423,143,15,year hour 3423,68569.25,68.56924999999998,68.56924999999998,595.0,52507.0
3424,143,16,year hour 3424,69555.96,69.55596,69.55596,608.0,53372.0
3425,143,17,year hour 3425,68005.42,68.00542,68.00542,598.0,52153.0
3426,143,18,year hour 3426,70931.0,70.931,70.931,607.0,53552.0
3427,143,19,year hour 3427,67678.63,67.67863,67.67863,599.0,52674.0
3428,143,20,year hour 3428,68076.09,68.07609,68.07609,599.0,52651.0
3429,143,21,year hour 3429,67722.46,67.72246000000001,67.72246000000001,602.0,53040.0
3430,143,22,year hour 3430,67821.74,67.82174,67.82174,604.0,52967.0
3431,143,23,year hour 3431,66036.23,66.03622999999999,66.03622999999999,582.0,51731.0
3432,144,0,year hour 3432,84257.97,84.25797,84.25797,627.0,56190.0
3433,144,1,year hour 3433,67763.65,67.76365,67.76365,602.0,52182.0
3434,144,2,year hour 3434,67864.3,67.8643,67.8643,601.0,52088.0
3435,144,3,year hour 3435,67591.19,67.59119,67.59119,601.0,52786.0
3436,144,4,year hour 3436,68144.07,68.14407000000001,68.14407000000001,601.0,52279.0
3437,144,5,year hour 3437,68040.49,68.04049,68.04049,601.0,53095.0
3438,144,6,year hour 3438,71032.18,71.03218,71.03218,607.0,53189.0
3439,144,7,year hour 3439,68068.45,68.06845,68.06845,595.0,52165.0
3440,144,8,year hour 3440,69069.68000000001,69.06968,69.06968,604.0,53833.0
3441,144,9,year hour 3441,67953.64,67.95364,67.95364,604.0,52529.0
3442,144,10,year hour 3442,67944.94,67.94494,67.94494,602.0,52535.0
3443,144,11,year hour 3443,67802.9,67.8029,67.8029,588.0,52375.0
3444,144,12,year hour 3444,81722.33,81.72233000000001,81.72233000000001,620.0,54880.0
3445,144,13,year hour 3445,67952.15,67.95214999999999,67.95214999999999,600.0,52484.0
3446,144,14,year hour 3446,67660.66,67.66066000000001,67.66066000000001,601.0,53191.0
3447,144,15,year hour 3447,68569.25,68.56924999999998,68.56924999999998,595.0,52507.0
3448,144,16,year hour 3448,69555.96,69.55596,69.55596,608.0,53372.0
3449,144,17,year hour 3449,68005.42,68.00542,68.00542,598.0,52153.0
3450,144,18,year hour 3450,70931.0,70.931,70.931,607.0,53552.0
3451,144,19,year hour 3451,67678.63,67.67863,67.67863,599.0,52674.0
3452,144,20,year hour 3452,68076.09,68.07609,68.07609,599.0,52651.0
3453,144,21,year hour 3453,67722.46,67.72246000000001,67.72246000000001,602.0,53040.0
3454,144,22,year hour 3454,67821.74,67.82174,67.82174,604.0,52967.0
3455,144,23,year hour 3455,66036.23,66.03622999999999,66.03622999999999,582.0,51731.0
3456,145,0,year hour 3456,84257.97,84.25797,84.25797,627.0,56190.0
3457,145,1,year hour 3457,67763.65,67.76365,67.76365,602.0,52182.0
3458,145,2,year hour 3458,67864.3,67.8643,67.8643,601.0,52088.0
3459,145,3,year hour 3459,67591.19,67.59119,67.59119,601.0,52786.0
3460,145,4,year hour 3460,68144.07,68.14407000000001,68.14407000000001,601.0,52279.0
3461,145,5,year hour 3461,68040.49,68.04049,68.04049,601.0,53095.0
3462,145,6,year hour 3462,71032.18,71.03218,71.03218,607.0,53189.0
3463,145,7,year hour 3463,68068.45,68.06845,68.06845,595.0,52165.0
3464,145,8,year hour 3464,69069.68000000001,69.06968,69.06968,604.0,53833.0
3465,145,9,year hour 3465,67953.64,67.95364,67.95364,604.0,52529.0
3466,145,10,year hour 3466,67944.94,67.94494,67.94494,602.0,52535.0
3467,145,11,year hour 3467,67802.9,67.8029,67.8029,588.0,52375.0
3468,145,12,year hour 3468,81722.33,81.72233000000001,81.72233000000001,620.0,54880.0
3469,145,13,year hour 3469,67952.15,67.95214999999999,67.95214999999999,600.0,52484.0
3470,145,14,year hour 3470,67660.66,67.66066000000001,67.66066000000001,601.0,53191.0
3471,145,15,year hour 3471,68569.25,68.56924999999998,68.56924999999998,595.0,52507.0
3472,145,16,year hour 3472,69555.96,69.55596,69.55596,608.0,53372.0
3473,145,17,year hour 3473,68005.42,68.00542,68.00542,598.0,52153.0
3474,145,18,year hour 3474,70931.0,70.931,70.931,607.0,53552.0
3475,145,19,year hour 3475,67678.63,67.67863,67.67863,599.0,52674.0
3476,145,20,year hour 3476,68076.09,68.07609,68.07609,599.0,52651.0
3477,145,21,year hour 3477,67722.46,67.72246000000001,67.72246000000001,602.0,53040.0
3478,145,22,year hour 3478,67821.74,67.82174,67.82174,604.0,52967.0
3479,145,23,year hour 3479,66036.23,66.03622999999999,66.03622999999999,582.0,51731.0
3480,146,0,year hour 3480,84257.97,84.25797,84.25797,627.0,56190.0
3481,146,1,year hour 3481,67763.65,67.76365,67.76365,602.0,52182.0
3482,146,2,year hour 3482,67864.3,67.8643,67.8643,601.0,52088.0
3483,146,3,year hour 3483,67591.19,67.59119,67.59119,601.0,52786.0
3484,146,4,year hour 3484,68144.07,68.14407000000001,68.14407000000001,601.0,52279.0
3485,146,5,year hour 3485,68040.49,68.04049,68.04049,601.0,53095.0
3486,146,6,year hour 3486,71032.18,71.03218,71.03218,607.0,53189.0
3487,146,7,year hour 3487,68068.45,68.06845,68.06845,595.0,52165.0
3488,146,8,year hour 3488,69069.68000000001,69.06968,69.06968,604.0,53833.0
3489,146,9,year hour 3489,67953.64,67.95364,67.95364,604.0,52529.0
3490,146,10,year hour 3490,67944.94,67.94494,67.94494,602.0,52535.0
3491,146,11,year hour 3491,67802.9,67.8029,67.8029,588.0,52375.0
3492,146,12,year hour 3492,81722.33,81.72233000000001,81.72233000000001,620.0,54880.0
3493,146,13,year hour 3493,67952.15,67.95214999999999,67.95214999999999,600.0,52484.0
3494,146,14,year hour 3494,67660.66,67.66066000000001,67.66066000000001,601.0,53191.0
3495,146,15,year hour 3495,68569.25,68.56924999999998,68.56924999999998,595.0,52507.0
3496,146,16,year hour 3496,69555.96,69.55596,69.55596,608.0,53372.0
3497,146,17,year hour 3497,68005.42,68.00542,68.00542,598.0,52153.0
3498,146,18,year hour 3498,70931.0,70.931,70.931,607.0,53552.0
3499,146,19,year hour 3499,67678.63,67.67863,67.67863,599.0,52674.0
3500,146,20,year hour 3500,68076.09,68.07609,68.07609,599.0,52651.0
3501,146,21,year hour 3501,67722.46,67.72246000000001,67.72246000000001,602.0,53040.0
3502,146,22,year hour 3502,67821.74,67.82174,67.82174,604.0,52967.0
3503,146,23,year hour 3503,66036.23,66.03622999999999,66.03622999999999,582.0,51731.0
3504,147,0,year hour 3504,84257.97,84.25797,84.25797,627.0,56190.0
3505,147,1,year hour 3505,67763.65,67.76365,67.76365,602.0,52182.0
3506,147,2,year hour 3506,67864.3,67.8643,67.8643,601.0,52088.0
3507,147,3,year hour 3507,67591.19,67.59119,67.59119,601.0,52786.0
3508,147,4,year hour 3508,68144.07,68.14407000000001,68.14407000000001,601.0,52279.0
3509,147,5,year hour 3509,68040.49,68.04049,68.04049,601.0,53095.0
3510,147,6,year hour 3510,71032.18,71.03218,71.03218,607.0,53189.0
3511,147,7,year hour 3511,68068.45,68.06845,68.06845,595.0,52165.0
3512,147,8,year hour 3512,69069.68000000001,69.06968,69.06968,604.0,53833.0
3513,147,9,year hour 3513,67953.64,67.95364,67.95364,604.0,52529.0
3514,147,10,year hour 3514,67944.94,67.94494,67.94494,602.0,52535.0
3515,147,11,year hour 3515,67802.9,67.8029,67.8029,588.0,52375.0
3516,147,12,year hour 3516,81722.33,81.72233000000001,81.72233000000001,620.0,54880.0
3517,147,13,year hour 3517,67952.15,67.95214999999999,67.95214999999999,600.0,52484.0
3518,147,14,year hour 3518,67660.66,67.66066000000001,67.66066000000001,601.0,53191.0
3519,147,15,year hour 3519,68569.25,68.56924999999998,68.56924999999998,595.0,52507.0
3520,147,16,year hour 3520,69555.96,69.55596,69.55596,608.0,53372.0
3521,147,17,year hour 3521,68005.42,68.00542,68.00542,598.0,52153.0
3522,147,18,year hour 3522,70931.0,70.931,70.931,607.0,53552.0
3523,147,19,year hour 3523,67678.63,67.67863,67.67863,599.0,52674.0
3524,147,20,year hour 3524,68076.09,68.07609,68.07609,599.0,52651.0
3525,147,21,year hour 3525,67722.46,67.72246000000001,67.72246000000001,602.0,53040.0
3526,147,22,year hour 3526,67821.74,67.82174,67.82174,604.0,52967.0
3527,147,23,year hour 3527,66036.23,66.03622999999999,66.03622999999999,582.0,51731.0
3528,148,0,year hour 3528,84257.97,84.25797,84.25797,627.0,56190.0
3529,148,1,year hour 3529,67763.65,67.76365,67.76365,602.0,52182.0
3530,148,2,year hour 3530,67864.3,67.8643,67.8643,601.0,52088.0
3531,148,3,year hour 3531,67591.19,67.59119,67.59119,601.0,52786.0
3532,148,4,year hour 3532,68144.07,68.14407000000001,68.14407000000001,601.0,52279.0
3533,148,5,year hour 3533,68040.49,68.04049,68.04049,601.0,53095.0
3534,148,6,year hour 3534,71032.18,71.03218,71.03218,607.0,53189.0
3535,148,7,year hour 3535,68068.45,68.06845,68.06845,595.0,52165.0
3536,148,8,year hour 3536,69069.68000000001,69.06968,69.06968,604.0,53833.0
3537,148,9,year hour 3537,67953.64,67.95364,67.95364,604.0,52529.0
3538,148,10,year hour 3538,67944.94,67.94494,67.94494,602.0,52535.0
3539,148,11,year hour 3539,67802.9,67.8029,67.8029,588.0,52375.0
3540,148,12,year hour 3540,81722.33,81.72233000000001,81.72233000000001,620.0,54880.0
3541,148,13,year hour 3541,67952.15,67.95214999999999,67.95214999999999,600.0,52484.0
3542,148,14,year hour 3542,67660.66,67.66066000000001,67.66066000000001,601.0,53191.0
3543,148,15,year hour 3543,68569.25,68.56924999999998,68.56924999999998,595.0,52507.0
3544,148,16,year hour 3544,69555.96,69.55596,69.55596,608.0,53372.0
3545,148,17,year hour 3545,68005.42,68.00542,68.00542,598.0,52153.0
3546,148,18,year hour 3546,70931.0,70.931,70.931,607.0,53552.0
3547,148,19,year hour 3547,67678.63,67.67863,67.67863,599.0,52674.0
3548,148,20,year hour 3548,68076.09,68.07609,68.07609,599.0,52651.0
3549,148,21,year hour 3549,67722.46,67.72246000000001,67.72246000000001,602.0,53040.0
3550,148,22,year hour 3550,67821.74,67.82174,67.82174,604.0,52967.0
3551,148,23,year hour 3551,66036.23,66.03622999999999,66.03622999999999,582.0,51731.0
3552,149,0,year hour 3552,84257.97,84.25797,84.25797,627.0,56190.0
3553,149,1,year hour 3553,67763.65,67.76365,67.76365,602.0,52182.0
3554,149,2,year hour 3554,67864.3,67.8643,67.8643,601.0,52088.0
3555,149,3,year hour 3555,67591.19,67.59119,67.59119,601.0,52786.0
3556,149,4,year hour 3556,68144.07,68.14407000000001,68.14407000000001,601.0,52279.0
3557,149,5,year hour 3557,68040.49,68.04049,68.04049,601.0,53095.0
3558,149,6,year hour 3558,71032.18,71.03218,71.03218,607.0,53189.0
3559,149,7,year hour 3559,68068.45,68.06845,68.06845,595.0,52165.0
3560,149,8,year hour 3560,69069.68000000001,69.06968,69.06968,604.0,53833.0
3561,149,9,year hour 3561,67953.64,67.95364,67.95364,604.0,52529.0
3562,149,10,year hour 3562,67944.94,67.94494,67.94494,602.0,52535.0
3563,149,11,year hour 3563,67802.9,67.8029,67.8029,588.0,52375.0
3564,149,12,year hour 3564,81722.33,81.72233000000001,81.72233000000001,620.0,54880.0
3565,149,13,year hour 3565,67952.15,67.95214999999999,67.95214999999999,600.0,52484.0
3566,149,14,year hour 3566,67660.66,67.66066000000001,67.66066000000001,601.0,53191.0
3567,149,15,year hour 3567,68569.25,68.56924999999998,68.56924999999998,595.0,52507.0
3568,149,16,year hour 3568,69555.96,69.55596,69.55596,608.0,53372.0
3569,149,17,year hour 3569,68005.42,68.00542,68.00542,598.0,52153.0
3570,149,18,year hour 3570,70931.0,70.931,70.931,607.0,53552.0
3571,149,19,year hour 3571,67678.63,67.67863,67.67863,599.0,52674.0
3572,149,20,year hour 3572,68076.09,68.07609,68.07609,599.0,52651.0
3573,149,21,year hour 3573,67722.46,67.72246000000001,67.72246000000001,602.0,53040.0
3574,149,22,year hour 3574,67821.74,67.82174,67.82174,604.0,52967.0
3575,149,23,year hour 3575,66036.23,66.03622999999999,66.03622999999999,582.0,51731.0
3576,150,0,year hour 3576,84257.97,84.25797,84.25797,627.0,56190.0
3577,150,1,year hour 3577,67763.65,67.76365,67.76365,602.0,52182.0
3578,150,2,year hour 3578,67864.3,67.8643,67.8643,601.0,52088.0
3579,150,3,year hour 3579,67591.19,67.59119,67.59119,601.0,52786.0
3580,150,4,year hour 3580,68144.07,68.14407000000001,68.14407000000001,601.0,52279.0
3581,150,5,year hour 3581,68040.49,68.04049,68.04049,601.0,53095.0
3582,150,6,year hour 3582,71032.18,71.03218,71.03218,607.0,53189.0
3583,150,7,year hour 3583,68068.45,68.06845,68.06845,595.0,52165.0
3584,150,8,year hour 3584,69069.68000000001,69.06968,69.06968,604.0,53833.0
3585,150,9,year hour 3585,67953.64,67.95364,67.95364,604.0,52529.0
3586,150,10,year hour 3586,67944.94,67.94494,67.94494,602.0,52535.0
3587,150,11,year hour 3587,67802.9,67.8029,67.8029,588.0,52375.0
3588,150,12,year hour 3588,81722.33,81.72233000000001,81.72233000000001,620.0,54880.0
3589,150,13,year hour 3589,67952.15,67.95214999999999,67.95214999999999,600.0,52484.0
3590,150,14,year hour 3590,67660.66,67.66066000000001,67.66066000000001,601.0,53191.0
3591,150,15,year hour 3591,68569.25,68.56924999999998,68.56924999999998,595.0,52507.0
3592,150,16,year hour 3592,69555.96,69.55596,69.55596,608.0,53372.0
3593,150,17,year hour 3593,68005.42,68.00542,68.00542,598.0,52153.0
3594,150,18,year hour 3594,70931.0,70.931,70.931,607.0,53552.0
3595,150,19,year hour 3595,67678.63,67.67863,67.67863,599.0,52674.0
3596,150,20,year hour 3596,68076.09,68.07609,68.07609,599.0,52651.0
3597,150,21,year hour 3597,67722.46,67.72246000000001,67.72246000000001,602.0,53040.0
3598,150,22,year hour 3598,67821.74,67.82174,67.82174,604.0,52967.0
3599,150,23,year hour 3599,66036.23,66.03622999999999,66.03622999999999,582.0,51731.0
3600,151,0,year hour 3600,84257.97,84.25797,84.25797,627.0,56190.0
3601,151,1,year hour 3601,67763.65,67.76365,67.76365,602.0,52182.0
3602,151,2,year hour 3602,67864.3,67.8643,67.8643,601.0,52088.0
3603,151,3,year hour 3603,67591.19,67.59119,67.59119,601.0,52786.0
3604,151,4,year hour 3604,68144.07,68.14407000000001,68.14407000000001,601.0,52279.0
3605,151,5,year hour 3605,68040.49,68.04049,68.04049,601.0,53095.0
3606,151,6,year hour 3606,71032.18,71.03218,71.03218,607.0,53189.0
3607,151,7,year hour 3607,68068.45,68.06845,68.06845,595.0,52165.0
3608,151,8,year hour 3608,69069.68000000001,69.06968,69.06968,604.0,53833.0
3609,151,9,year hour 3609,67953.64,67.95364,67.95364,604.0,52529.0
3610,151,10,year hour 3610,67944.94,67.94494,67.94494,602.0,52535.0
3611,151,11,year hour 3611,67802.9,67.8029,67.8029,588.0,52375.0
3612,151,12,year hour 3612,81722.33,81.72233000000001,81.72233000000001,620.0,54880.0
3613,151,13,year hour 3613,67952.15,67.95214999999999,67.95214999999999,600.0,52484.0
3614,151,14,year hour 3614,67660.66,67.66066000000001,67.66066000000001,601.0,53191.0
3615,151,15,year hour 3615,68569.25,68.56924999999998,68.56924999999998,595.0,52507.0
3616,151,16,year hour 3616,69555.96,69.55596,69.55596,608.0,53372.0
3617,151,17,year hour 3617,68005.42,68.00542,68.00542,598.0,52153.0
3618,151,18,year hour 3618,70931.0,70.931,70.931,607.0,53552.0
3619,151,19,year hour 3619,67678.63,67.67863,67.67863,599.0,52674.0
3620,151,20,year hour 3620,68076.09,68.07609,68.07609,599.0,52651.0
3621,151,21,year hour 3621,67722.46,67.72246000000001,67.72246000000001,602.0,53040.0
3622,151,22,year hour 3622,67821.74,67.82174,67.82174,604.0,52967.0
3623,151,23,year hour 3623,66036.23,66.03622999999999,66.03622999999999,582.0,51731.0
3624,152,0,year hour 3624,84257.97,84.25797,84.25797,627.0,56190.0
3625,152,1,year hour 3625,67763.65,67.76365,67.76365,602.0,52182.0
3626,152,2,year hour 3626,67864.3,67.8643,67.8643,601.0,52088.0
3627,152,3,year hour 3627,67591.19,67.59119,67.59119,601.0,52786.0
3628,152,4,year hour 3628,68144.07,68.14407000000001,68.14407000000001,601.0,52279.0
3629,152,5,year hour 3629,68040.49,68.04049,68.04049,601.0,53095.0
3630,152,6,year hour 3630,71032.18,71.03218,71.03218,607.0,53189.0
3631,152,7,year hour 3631,68068.45,68.06845,68.06845,595.0,52165.0
3632,152,8,year hour 3632,69069.68000000001,69.06968,69.06968,604.0,53833.0
3633,152,9,year hour 3633,67953.64,67.95364,67.95364,604.0,52529.0
3634,152,10,year hour 3634,67944.94,67.94494,67.94494,602.0,52535.0
3635,152,11,year hour 3635,67802.9,67.8029,67.8029,588.0,52375.0
3636,152,12,year hour 3636,81722.33,81.72233000000001,81.72233000000001,620.0,54880.0
3637,152,13,year hour 3637,67952.15,67.95214999999999,67.95214999999999,600.0,52484.0
3638,152,14,year hour 3638,67660.66,67.66066000000001,67.66066000000001,601.0,53191.0
3639,152,15,year hour 3639,68569.25,68.56924999999998,68.56924999999998,595.0,52507.0
3640,152,16,year hour 3640,69555.96,69.55596,69.55596,608.0,53372.0
3641,152,17,year hour 3641,68005.42,68.00542,68.00542,598.0,52153.0
3642,152,18,year hour 3642,70931.0,70.931,70.931,607.0,53552.0
3643,152,19,year hour 3643,67678.63,67.67863,67.67863,599.0,52674.0
3644,152,20,year hour 3644,68076.09,68.07609,68.07609,599.0,52651.0
3645,152,21,year hour 3645,67722.46,67.72246000000001,67.72246000000001,602.0,53040.0
3646,152,22,year hour 3646,67821.74,67.82174,67.82174,604.0,52967.0
3647,152,23,year hour 3647,66036.23,66.03622999999999,66.03622999999999,582.0,51731.0
3648,153,0,year hour 3648,84257.97,84.25797,84.25797,627.0,56190.0
3649,153,1,year hour 3649,67763.65,67.76365,67.76365,602.0,52182.0
3650,153,2,year hour 3650,67864.3,67.8643,67.8643,601.0,52088.0
3651,153,3,year hour 3651,67591.19,67.59119,67.59119,601.0,52786.0
3652,153,4,year hour 3652,68144.07,68.14407000000001,68.14407000000001,601.0,52279.0
3653,153,5,year hour 3653,68040.49,68.04049,68.04049,601.0,53095.0
3654,153,6,year hour 3654,71032.18,71.03218,71.03218,607.0,53189.0
3655,153,7,year hour 3655,68068.45,68.06845,68.06845,595.0,52165.0
3656,153,8,year hour 3656,69069.68000000001,69.06968,69.06968,604.0,53833.0
3657,153,9,year hour 3657,67953.64,67.95364,67.95364,604.0,52529.0
3658,153,10,year hour 3658,67944.94,67.94494,67.94494,602.0,52535.0
3659,153,11,year hour 3659,67802.9,67.8029,67.8029,588.0,52375.0
3660,153,12,year hour 3660,81722.33,81.72233000000001,81.72233000000001,620.0,54880.0
3661,153,13,year hour 3661,67952.15,67.95214999999999,67.95214999999999,600.0,52484.0
3662,153,14,year hour 3662,67660.66,67.66066000000001,67.66066000000001,601.0,53191.0
3663,153,15,year hour 3663,68569.25,68.56924999999998,68.56924999999998,595.0,52507.0
3664,153,16,year hour 3664,69555.96,69.55596,69.55596,608.0,53372.0
3665,153,17,year hour 3665,68005.42,68.00542,68.00542,598.0,52153.0
3666,153,18,year hour 3666,70931.0,70.931,70.931,607.0,53552.0
3667,153,19,year hour 3667,67678.63,67.67863,67.67863,599.0,52674.0
3668,153,20,year hour 3668,68076.09,68.07609,68.07609,599.0,52651.0
3669,153,21,year hour 3669,67722.46,67.72246000000001,67.72246000000001,602.0,53040.0
3670,153,22,year hour 3670,67821.74,67.82174,67.82174,604.0,52967.0
3671,153,23,year hour 3671,66036.23,66.03622999999999,66.03622999999999,582.0,51731.0
3672,154,0,year hour 3672,84257.97,84.25797,84.25797,627.0,56190.0
3673,154,1,year hour 3673,67763.65,67.76365,67.76365,602.0,52182.0
3674,154,2,year hour 3674,67864.3,67.8643,67.8643,601.0,52088.0
3675,154,3,year hour 3675,67591.19,67.59119,67.59119,601.0,52786.0
3676,154,4,year hour 3676,68144.07,68.14407000000001,68.14407000000001,601.0,52279.0
3677,154,5,year hour 3677,68040.49,68.04049,68.04049,601.0,53095.0
3678,154,6,year hour 3678,71032.18,71.03218,71.03218,607.0,53189.0
3679,154,7,year hour 3679,68068.45,68.06845,68.06845,595.0,52165.0
3680,154,8,year hour 3680,69069.68000000001,69.06968,69.06968,604.0,53833.0
3681,154,9,year hour 3681,67953.64,67.95364,67.95364,604.0,52529.0
3682,154,10,year hour 3682,67944.94,67.94494,67.94494,602.0,52535.0
3683,154,11,year hour 3683,67802.9,67.8029,67.8029,588.0,52375.0
3684,154,12,year hour 3684,81722.33,81.72233000000001,81.72233000000001,620.0,54880.0
3685,154,13,year hour 3685,67952.15,67.95214999999999,67.95214999999999,600.0,52484.0
3686,154,14,year hour 3686,67660.66,67.66066000000001,67.66066000000001,601.0,53191.0
3687,154,15,year hour 3687,68569.25,68.56924999999998,68.56924999999998,595.0,52507.0
3688,154,16,year hour 3688,69555.96,69.55596,69.55596,608.0,53372.0
3689,154,17,year hour 3689,68005.42,68.00542,68.00542,598.0,52153.0
3690,154,18,year hour 3690,70931.0,70.931,70.931,607.0,53552.0
3691,154,19,year hour 3691,67678.63,67.67863,67.67863,599.0,52674.0
3692,154,20,year hour 3692,68076.09,68.07609,68.07609,599.0,52651.0
3693,154,21,year hour 3693,67722.46,67.72246000000001,67.72246000000001,602.0,53040.0
3694,154,22,year hour 3694,67821.74,67.82174,67.82174,604.0,52967.0
3695,154,23,year hour 3695,66036.23,66.03622999999999,66.03622999999999,582.0,51731.0
3696,155,0,year hour 3696,84257.97,84.25797,84.25797,627.0,56190.0
3697,155,1,year hour 3697,67763.65,67.76365,67.76365,602.0,52182.0
3698,155,2,year hour 3698,67864.3,67.8643,67.8643,601.0,52088.0
3699,155,3,year hour 3699,67591.19,67.59119,67.59119,601.0,52786.0
3700,155,4,year hour 3700,68144.07,68.14407000000001,68.14407000000001,601.0,52279.0
3701,155,5,year hour 3701,68040.49,68.04049,68.04049,601.0,53095.0
3702,155,6,year hour 3702,71032.18,71.03218,71.03218,607.0,53189.0
3703,155,7,year hour 3703,68068.45,68.06845,68.06845,595.0,52165.0
3704,155,8,year hour 3704,69069.68000000001,69.06968,69.06968,604.0,53833.0
3705,155,9,year hour 3705,67953.64,67.95364,67.95364,604.0,52529.0
3706,155,10,year hour 3706,67944.94,67.94494,67.94494,602.0,52535.0
3707,155,11,year hour 3707,67802.9,67.8029,67.8029,588.0,52375.0
3708,155,12,year hour 3708,81722.33,81.72233000000001,81.72233000000001,620.0,54880.0
3709,155,13,year hour 3709,67952.15,67.95214999999999,67.95214999999999,600.0,52484.0
3710,155,14,year hour 3710,67660.66,67.66066000000001,67.66066000000001,601.0,53191.0
3711,155,15,year hour 3711,68569.25,68.56924999999998,68.56924999999998,595.0,52507.0
3712,155,16,year hour 3712,69555.96,69.55596,69.55596,608.0,53372.0
3713,155,17,year hour 3713,68005.42,68.00542,68.00542,598.0,52153.0
3714,155,18,year hour 3714,70931.0,70.931,70.931,607.0,53552.0
3715,155,19,year hour 3715,67678.63,67.67863,67.67863,599.0,52674.0
3716,155,20,year hour 3716,68076.09,68.07609,68.07609,599.0,52651.0
3717,155,21,year hour 3717,67722.46,67.72246000000001,67.72246000000001,602.0,53040.0
3718,155,22,year hour 3718,67821.74,67.82174,67.82174,604.0,52967.0
3719,155,23,year hour 3719,66036.23,66.03622999999999,66.03622999999999,582.0,51731.0
3720,156,0,year hour 3720,84257.97,84.25797,84.25797,627.0,56190.0
3721,156,1,year hour 3721,67763.65,67.76365,67.76365,602.0,52182.0
3722,156,2,year hour 3722,67864.3,67.8643,67.8643,601.0,52088.0
3723,156,3,year hour 3723,67591.19,67.59119,67.59119,601.0,52786.0
3724,156,4,year hour 3724,68144.07,68.14407000000001,68.14407000000001,601.0,52279.0
3725,156,5,year hour 3725,68040.49,68.04049,68.04049,601.0,53095.0
3726,156,6,year hour 3726,71032.18,71.03218,71.03218,607.0,53189.0
3727,156,7,year hour 3727,68068.45,68.06845,68.06845,595.0,52165.0
3728,156,8,year hour 3728,69069.68000000001,69.06968,69.06968,604.0,53833.0
3729,156,9,year hour 3729,67953.64,67.95364,67.95364,604.0,52529.0
3730,156,10,year hour 3730,67944.94,67.94494,67.94494,602.0,52535.0
3731,156,11,year hour 3731,67802.9,67.8029,67.8029,588.0,52375.0
3732,156,12,year hour 3732,81722.33,81.72233000000001,81.72233000000001,620.0,54880.0
3733,156,13,year hour 3733,67952.15,67.95214999999999,67.95214999999999,600.0,52484.0
3734,156,14,year hour 3734,67660.66,67.66066000000001,67.66066000000001,601.0,53191.0
3735,156,15,year hour 3735,68569.25,68.56924999999998,68.56924999999998,595.0,52507.0
3736,156,16,year hour 3736,69555.96,69.55596,69.55596,608.0,53372.0
3737,156,17,year hour 3737,68005.42,68.00542,68.00542,598.0,52153.0
3738,156,18,year hour 3738,70931.0,70.931,70.931,607.0,53552.0
3739,156,19,year hour 3739,67678.63,67.67863,67.67863,599.0,52674.0
3740,156,20,year hour 3740,68076.09,68.07609,68.07609,599.0,52651.0
3741,156,21,year hour 3741,67722.46,67.72246000000001,67.72246000000001,602.0,53040.0
3742,156,22,year hour 3742,67821.74,67.82174,67.82174,604.0,52967.0
3743,156,23,year hour 3743,66036.23,66.03622999999999,66.03622999999999,582.0,51731.0
3744,157,0,year hour 3744,84257.97,84.25797,84.25797,627.0,56190.0
3745,157,1,year hour 3745,67763.65,67.76365,67.76365,602.0,52182.0
3746,157,2,year hour 3746,67864.3,67.8643,67.8643,601.0,52088.0
3747,157,3,year hour 3747,67591.19,67.59119,67.59119,601.0,52786.0
3748,157,4,year hour 3748,68144.07,68.14407000000001,68.14407000000001,601.0,52279.0
3749,157,5,year hour 3749,68040.49,68.04049,68.04049,601.0,53095.0
3750,157,6,year hour 3750,71032.18,71.03218,71.03218,607.0,53189.0
3751,157,7,year hour 3751,68068.45,68.06845,68.06845,595.0,52165.0
3752,157,8,year hour 3752,69069.68000000001,69.06968,69.06968,604.0,53833.0
3753,157,9,year hour 3753,67953.64,67.95364,67.95364,604.0,52529.0
3754,157,10,year hour 3754,67944.94,67.94494,67.94494,602.0,52535.0
3755,157,11,year hour 3755,67802.9,67.8029,67.8029,588.0,52375.0
3756,157,12,year hour 3756,81722.33,81.72233000000001,81.72233000000001,620.0,54880.0
3757,157,13,year hour 3757,67952.15,67.95214999999999,67.95214999999999,600.0,52484.0
3758,157,14,year hour 3758,67660.66,67.66066000000001,67.66066000000001,601.0,53191.0
3759,157,15,year hour 3759,68569.25,68.56924999999998,68.56924999999998,595.0,52507.0
3760,157,16,year hour 3760,69555.96,69.55596,69.55596,608.0,53372.0
3761,157,17,year hour 3761,68005.42,68.00542,68.00542,598.0,52153.0
3762,157,18,year hour 3762,70931.0,70.931,70.931,607.0,53552.0
3763,157,19,year hour 3763,67678.63,67.67863,67.67863,599.0,52674.0
3764,157,20,year hour 3764,68076.09,68.07609,68.07609,599.0,52651.0
3765,157,21,year hour 3765,67722.46,67.72246000000001,67.72246000000001,602.0,53040.0
3766,157,22,year hour 3766,67821.74,67.82174,67.82174,604.0,52967.0
3767,157,23,year hour 3767,66036.23,66.03622999999999,66.03622999999999,582.0,51731.0
3768,158,0,year hour 3768,84257.97,84.25797,84.25797,627.0,56190.0
3769,158,1,year hour 3769,67763.65,67.76365,67.76365,602.0,52182.0
3770,158,2,year hour 3770,67864.3,67.8643,67.8643,601.0,52088.0
3771,158,3,year hour 3771,67591.19,67.59119,67.59119,601.0,52786.0
3772,158,4,year hour 3772,68144.07,68.14407000000001,68.14407000000001,601.0,52279.0
3773,158,5,year hour 3773,68040.49,68.04049,68.04049,601.0,53095.0
3774,158,6,year hour 3774,71032.18,71.03218,71.03218,607.0,53189.0
3775,158,7,year hour 3775,68068.45,68.06845,68.06845,595.0,52165.0
3776,158,8,year hour 3776,69069.68000000001,69.06968,69.06968,604.0,53833.0
3777,158,9,year hour 3777,67953.64,67.95364,67.95364,604.0,52529.0
3778,158,10,year hour 3778,67944.94,67.94494,67.94494,602.0,52535.0
3779,158,11,year hour 3779,67802.9,67.8029,67.8029,588.0,52375.0
3780,158,12,year hour 3780,81722.33,81.72233000000001,81.72233000000001,620.0,54880.0
3781,158,13,year hour 3781,67952.15,67.95214999999999,67.95214999999999,600.0,52484.0
3782,158,14,year hour 3782,67660.66,67.66066000000001,67.66066000000001,601.0,53191.0
3783,158,15,year hour 3783,68569.25,68.56924999999998,68.56924999999998,595.0,52507.0
3784,158,16,year hour 3784,69555.96,69.55596,69.55596,608.0,53372.0
3785,158,17,year hour 3785,68005.42,68.00542,68.00542,598.0,52153.0
3786,158,18,year hour 3786,70931.0,70.931,70.931,607.0,53552.0
3787,158,19,year hour 3787,67678.63,67.67863,67.67863,599.0,52674.0
3788,158,20,year hour 3788,68076.09,68.07609,68.07609,599.0,52651.0
3789,158,21,year hour 3789,67722.46,67.72246000000001,67.72246000000001,602.0,53040.0
3790,158,22,year hour 3790,67821.74,67.82174,67.82174,604.0,52967.0
3791,158,23,year hour 3791,66036.23,66.03622999999999,66.03622999999999,582.0,51731.0
3792,159,0,year hour 3792,84257.97,84.25797,84.25797,627.0,56190.0
3793,159,1,year hour 3793,67763.65,67.76365,67.76365,602.0,52182.0
3794,159,2,year hour 3794,67864.3,67.8643,67.8643,601.0,52088.0
3795,159,3,year hour 3795,67591.19,67.59119,67.59119,601.0,52786.0
3796,159,4,year hour 3796,68144.07,68.14407000000001,68.14407000000001,601.0,52279.0
3797,159,5,year hour 3797,68040.49,68.04049,68.04049,601.0,53095.0
3798,159,6,year hour 3798,71032.18,71.03218,71.03218,607.0,53189.0
3799,159,7,year hour 3799,68068.45,68.06845,68.06845,595.0,52165.0
3800,159,8,year hour 3800,69069.68000000001,69.06968,69.06968,604.0,53833.0
3801,159,9,year hour 3801,67953.64,67.95364,67.95364,604.0,52529.0
3802,159,10,year hour 3802,67944.94,67.94494,67.94494,602.0,52535.0
3803,159,11,year hour 3803,67802.9,67.8029,67.8029,588.0,52375.0
3804,159,12,year hour 3804,81722.33,81.72233000000001,81.72233000000001,620.0,54880.0
3805,159,13,year hour 3805,67952.15,67.95214999999999,67.95214999999999,600.0,52484.0
3806,159,14,year hour 3806,67660.66,67.66066000000001,67.66066000000001,601.0,53191.0
3807,159,15,year hour 3807,68569.25,68.56924999999998,68.56924999999998,595.0,52507.0
3808,159,16,year hour 3808,69555.96,69.55596,69.55596,608.0,53372.0
3809,159,17,year hour 3809,68005.42,68.00542,68.00542,598.0,52153.0
3810,159,18,year hour 3810,70931.0,70.931,70.931,607.0,53552.0
3811,159,19,year hour 3811,67678.63,67.67863,67.67863,599.0,52674.0
3812,159,20,year hour 3812,68076.09,68.07609,68.07609,599.0,52651.0
3813,159,21,year hour 3813,67722.46,67.72246000000001,67.72246000000001,602.0,53040.0
3814,159,22,year hour 3814,67821.74,67.82174,67.82174,604.0,52967.0
3815,159,23,year hour 3815,66036.23,66.03622999999999,66.03622999999999,582.0,51731.0
3816,160,0,year hour 3816,84257.97,84.25797,84.25797,627.0,56190.0
3817,160,1,year hour 3817,67763.65,67.76365,67.76365,602.0,52182.0
3818,160,2,year hour 3818,67864.3,67.8643,67.8643,601.0,52088.0
3819,160,3,year hour 3819,67591.19,67.59119,67.59119,601.0,52786.0
3820,160,4,year hour 3820,68144.07,68.14407000000001,68.14407000000001,601.0,52279.0
3821,160,5,year hour 3821,68040.49,68.04049,68.04049,601.0,53095.0
3822,160,6,year hour 3822,71032.18,71.03218,71.03218,607.0,53189.0
3823,160,7,year hour 3823,68068.45,68.06845,68.06845,595.0,52165.0
3824,160,8,year hour 3824,69069.68000000001,69.06968,69.06968,604.0,53833.0
3825,160,9,year hour 3825,67953.64,67.95364,67.95364,604.0,52529.0
3826,160,10,year hour 3826,67944.94,67.94494,67.94494,602.0,52535.0
3827,160,11,year hour 3827,67802.9,67.8029,67.8029,588.0,52375.0
3828,160,12,year hour 3828,81722.33,81.72233000000001,81.72233000000001,620.0,54880.0
3829,160,13,year hour 3829,67952.15,67.95214999999999,67.95214999999999,600.0,52484.0
3830,160,14,year hour 3830,67660.66,67.66066000000001,67.66066000000001,601.0,53191.0
3831,160,15,year hour 3831,68569.25,68.56924999999998,68.56924999999998,595.0,52507.0
3832,160,16,year hour 3832,69555.96,69.55596,69.55596,608.0,53372.0
3833,160,17,year hour 3833,68005.42,68.00542,68.00542,598.0,52153.0
3834,160,18,year hour 3834,70931.0,70.931,70.931,607.0,53552.0
3835,160,19,year hour 3835,67678.63,67.67863,67.67863,599.0,52674.0
3836,160,20,year hour 3836,68076.09,68.07609,68.07609,599.0,52651.0
3837,160,21,year hour 3837,67722.46,67.72246000000001,67.72246000000001,602.0,53040.0
3838,160,22,year hour 3838,67821.74,67.82174,67.82174,604.0,52967.0
3839,160,23,year hour 3839,66036.23,66.03622999999999,66.03622999999999,582.0,51731.0
3840,161,0,year hour 3840,84257.97,84.25797,84.25797,627.0,56190.0
3841,161,1,year hour 3841,67763.65,67.76365,67.76365,602.0,52182.0
3842,161,2,year hour 3842,67864.3,67.8643,67.8643,601.0,52088.0
3843,161,3,year hour 3843,67591.19,67.59119,67.59119,601.0,52786.0
3844,161,4,year hour 3844,68144.07,68.14407000000001,68.14407000000001,601.0,52279.0
3845,161,5,year hour 3845,68040.49,68.04049,68.04049,601.0,53095.0
3846,161,6,year hour 3846,71032.18,71.03218,71.03218,607.0,53189.0
3847,161,7,year hour 3847,68068.45,68.06845,68.06845,595.0,52165.0
3848,161,8,year hour 3848,69069.68000000001,69.06968,69.06968,604.0,53833.0
3849,161,9,year hour 3849,67953.64,67.95364,67.95364,604.0,52529.0
3850,161,10,year hour 3850,67944.94,67.94494,67.94494,602.0,52535.0
3851,161,11,year hour 3851,67802.9,67.8029,67.8029,588.0,52375.0
3852,161,12,year hour 3852,81722.33,81.72233000000001,81.72233000000001,620.0,54880.0
3853,161,13,year hour 3853,67952.15,67.95214999999999,67.95214999999999,600.0,52484.0
3854,161,14,year hour 3854,67660.66,67.66066000000001,67.66066000000001,601.0,53191.0
3855,161,15,year hour 3855,68569.25,68.56924999999998,68.56924999999998,595.0,52507.0
3856,161,16,year hour 3856,69555.96,69.55596,69.55596,608.0,53372.0
3857,161,17,year hour 3857,68005.42,68.00542,68.00542,598.0,52153.0
3858,161,18,year hour 3858,70931.0,70.931,70.931,607.0,53552.0
3859,161,19,year hour 3859,67678.63,67.67863,67.67863,599.0,52674.0
3860,161,20,year hour 3860,68076.09,68.07609,68.07609,599.0,52651.0
3861,161,21,year hour 3861,67722.46,67.72246000000001,67.72246000000001,602.0,53040.0
3862,161,22,year hour 3862,67821.74,67.82174,67.82174,604.0,52967.0
3863,161,23,year hour 3863,66036.23,66.03622999999999,66.03622999999999,582.0,51731.0
3864,162,0,year hour 3864,84257.97,84.25797,84.25797,627.0,56190.0
3865,162,1,year hour 3865,67763.65,67.76365,67.76365,602.0,52182.0
3866,162,2,year hour 3866,67864.3,67.8643,67.8643,601.0,52088.0
3867,162,3,year hour 3867,67591.19,67.59119,67.59119,601.0,52786.0
3868,162,4,year hour 3868,68144.07,68.14407000000001,68.14407000000001,601.0,52279.0
3869,162,5,year hour 3869,68040.49,68.04049,68.04049,601.0,53095.0
3870,162,6,year hour 3870,71032.18,71.03218,71.03218,607.0,53189.0
3871,162,7,year hour 3871,68068.45,68.06845,68.06845,595.0,52165.0
3872,162,8,year hour 3872,69069.68000000001,69.06968,69.06968,604.0,53833.0
3873,162,9,year hour 3873,67953.64,67.95364,67.95364,604.0,52529.0
3874,162,10,year hour 3874,67944.94,67.94494,67.94494,602.0,52535.0
3875,162,11,year hour 3875,67802.9,67.8029,67.8029,588.0,52375.0
3876,162,12,year hour 3876,81722.33,81.72233000000001,81.72233000000001,620.0,54880.0
3877,162,13,year hour 3877,67952.15,67.95214999999999,67.95214999999999,600.0,52484.0
3878,162,14,year hour 3878,67660.66,67.66066000000001,67.66066000000001,601.0,53191.0
3879,162,15,year hour 3879,68569.25,68.56924999999998,68.56924999999998,595.0,52507.0
3880,162,16,year hour 3880,69555.96,69.55596,69.55596,608.0,53372.0
3881,162,17,year hour 3881,68005.42,68.00542,68.00542,598.0,52153.0
3882,162,18,year hour 3882,70931.0,70.931,70.931,607.0,53552.0
3883,162,19,year hour 3883,67678.63,67.67863,67.67863,599.0,52674.0
3884,162,20,year hour 3884,68076.09,68.07609,68.07609,599.0,52651.0
3885,162,21,year hour 3885,67722.46,67.72246000000001,67.72246000000001,602.0,53040.0
3886,162,22,year hour 3886,67821.74,67.82174,67.82174,604.0,52967.0
3887,162,23,year hour 3887,66036.23,66.03622999999999,66.03622999999999,582.0,51731.0
3888,163,0,year hour 3888,84257.97,84.25797,84.25797,627.0,56190.0
3889,163,1,year hour 3889,67763.65,67.76365,67.76365,602.0,52182.0
3890,163,2,year hour 3890,67864.3,67.8643,67.8643,601.0,52088.0
3891,163,3,year hour 3891,67591.19,67.59119,67.59119,601.0,52786.0
3892,163,4,year hour 3892,68144.07,68.14407000000001,68.14407000000001,601.0,52279.0
3893,163,5,year hour 3893,68040.49,68.04049,68.04049,601.0,53095.0
3894,163,6,year hour 3894,71032.18,71.03218,71.03218,607.0,53189.0
3895,163,7,year hour 3895,68068.45,68.06845,68.06845,595.0,52165.0
3896,163,8,year hour 3896,69069.68000000001,69.06968,69.06968,604.0,53833.0
3897,163,9,year hour 3897,67953.64,67.95364,67.95364,604.0,52529.0
3898,163,10,year hour 3898,67944.94,67.94494,67.94494,602.0,52535.0
3899,163,11,year hour 3899,67802.9,67.8029,67.8029,588.0,52375.0
3900,163,12,year hour 3900,81722.33,81.72233000000001,81.72233000000001,620.0,54880.0
3901,163,13,year hour 3901,67952.15,67.95214999999999,67.95214999999999,600.0,52484.0
3902,163,14,year hour 3902,67660.66,67.66066000000001,67.66066000000001,601.0,53191.0
3903,163,15,year hour 3903,68569.25,68.56924999999998,68.56924999999998,595.0,52507.0
3904,163,16,year hour 3904,69555.96,69.55596,69.55596,608.0,53372.0
3905,163,17,year hour 3905,68005.42,68.00542,68.00542,598.0,52153.0
3906,163,18,year hour 3906,70931.0,70.931,70.931,607.0,53552.0
3907,163,19,year hour 3907,67678.63,67.67863,67.67863,599.0,52674.0
3908,163,20,year hour 3908,68076.09,68.07609,68.07609,599.0,52651.0
3909,163,21,year hour 3909,67722.46,67.72246000000001,67.72246000000001,602.0,53040.0
3910,163,22,year hour 3910,67821.74,67.82174,67.82174,604.0,52967.0
3911,163,23,year hour 3911,66036.23,66.03622999999999,66.03622999999999,582.0,51731.0
3912,164,0,year hour 3912,84257.97,84.25797,84.25797,627.0,56190.0
3913,164,1,year hour 3913,67763.65,67.76365,67.76365,602.0,52182.0
3914,164,2,year hour 3914,67864.3,67.8643,67.8643,601.0,52088.0
3915,164,3,year hour 3915,67591.19,67.59119,67.59119,601.0,52786.0
3916,164,4,year hour 3916,68144.07,68.14407000000001,68.14407000000001,601.0,52279.0
3917,164,5,year hour 3917,68040.49,68.04049,68.04049,601.0,53095.0
3918,164,6,year hour 3918,71032.18,71.03218,71.03218,607.0,53189.0
3919,164,7,year hour 3919,68068.45,68.06845,68.06845,595.0,52165.0
3920,164,8,year hour 3920,69069.68000000001,69.06968,69.06968,604.0,53833.0
3921,164,9,year hour 3921,67953.64,67.95364,67.95364,604.0,52529.0
3922,164,10,year hour 3922,67944.94,67.94494,67.94494,602.0,52535.0
3923,164,11,year hour 3923,67802.9,67.8029,67.8029,588.0,52375.0
3924,164,12,year hour 3924,81722.33,81.72233000000001,81.72233000000001,620.0,54880.0
3925,164,13,year hour 3925,67952.15,67.95214999999999,67.95214999999999,600.0,52484.0
3926,164,14,year hour 3926,67660.66,67.66066000000001,67.66066000000001,601.0,53191.0
3927,164,15,year hour 3927,68569.25,68.56924999999998,68.56924999999998,595.0,52507.0
3928,164,16,year hour 3928,69555.96,69.55596,69.55596,608.0,53372.0
3929,164,17,year hour 3929,68005.42,68.00542,68.00542,598.0,52153.0
3930,164,18,year hour 3930,70931.0,70.931,70.931,607.0,53552.0
3931,164,19,year hour 3931,67678.63,67.67863,67.67863,599.0,52674.0
3932,164,20,year hour 3932,68076.09,68.07609,68.07609,599.0,52651.0
3933,164,21,year hour 3933,67722.46,67.72246000000001,67.72246000000001,602.0,53040.0
3934,164,22,year hour 3934,67821.74,67.82174,67.82174,604.0,52967.0
3935,164,23,year hour 3935,66036.23,66.03622999999999,66.03622999999999,582.0,51731.0
3936,165,0,year hour 3936,84257.97,84.25797,84.25797,627.0,56190.0
3937,165,1,year hour 3937,67763.65,67.76365,67.76365,602.0,52182.0
3938,165,2,year hour 3938,67864.3,67.8643,67.8643,601.0,52088.0
3939,165,3,year hour 3939,67591.19,67.59119,67.59119,601.0,52786.0
3940,165,4,year hour 3940,68144.07,68.14407000000001,68.14407000000001,601.0,52279.0
3941,165,5,year hour 3941,68040.49,68.04049,68.04049,601.0,53095.0
3942,165,6,year hour 3942,71032.18,71.03218,71.03218,607.0,53189.0
3943,165,7,year hour 3943,68068.45,68.06845,68.06845,595.0,52165.0
3944,165,8,year hour 3944,69069.68000000001,69.06968,69.06968,604.0,53833.0
3945,165,9,year hour 3945,67953.64,67.95364,67.95364,604.0,52529.0
3946,165,10,year hour 3946,67944.94,67.94494,67.94494,602.0,52535.0
3947,165,11,year hour 3947,67802.9,67.8029,67.8029,588.0,52375.0
3948,165,12,year hour 3948,81722.33,81.72233000000001,81.72233000000001,620.0,54880.0
3949,165,13,year hour 3949,67952.15,67.95214999999999,67.95214999999999,600.0,52484.0
3950,165,14,year hour 3950,67660.66,67.66066000000001,67.66066000000001,601.0,53191.0
3951,165,15,year hour 3951,68569.25,68.56924999999998,68.56924999999998,595.0,52507.0
3952,165,16,year hour 3952,69555.96,69.55596,69.55596,608.0,53372.0
3953,165,17,year hour 3953,68005.42,68.00542,68.00542,598.0,52153.0
3954,165,18,year hour 3954,70931.0,70.931,70.931,607.0,53552.0
3955,165,19,year hour 3955,67678.63,67.67863,67.67863,599.0,52674.0
3956,165,20,year hour 3956,68076.09,68.07609,68.07609,599.0,52651.0
3957,165,21,year hour 3957,67722.46,67.72246000000001,67.72246000000001,602.0,53040.0
3958,165,22,year hour 3958,67821.74,67.82174,67.82174,604.0,52967.0
3959,165,23,year hour 3959,66036.23,66.03622999999999,66.03622999999999,582.0,51731.0
3960,166,0,year hour 3960,84257.97,84.25797,84.25797,627.0,56190.0
3961,166,1,year hour 3961,67763.65,67.76365,67.76365,602.0,52182.0
3962,166,2,year hour 3962,67864.3,67.8643,67.8643,601.0,52088.0
3963,166,3,year hour 3963,67591.19,67.59119,67.59119,601.0,52786.0
3964,166,4,year hour 3964,68144.07,68.14407000000001,68.14407000000001,601.0,52279.0
3965,166,5,year hour 3965,68040.49,68.04049,68.04049,601.0,53095.0
3966,166,6,year hour 3966,71032.18,71.03218,71.03218,607.0,53189.0
3967,166,7,year hour 3967,68068.45,68.06845,68.06845,595.0,52165.0
3968,166,8,year hour 3968,69069.68000000001,69.06968,69.06968,604.0,53833.0
3969,166,9,year hour 3969,67953.64,67.95364,67.95364,604.0,52529.0
3970,166,10,year hour 3970,67944.94,67.94494,67.94494,602.0,52535.0
3971,166,11,year hour 3971,67802.9,67.8029,67.8029,588.0,52375.0
3972,166,12,year hour 3972,81722.33,81.72233000000001,81.72233000000001,620.0,54880.0
3973,166,13,year hour 3973,67952.15,67.95214999999999,67.95214999999999,600.0,52484.0
3974,166,14,year hour 3974,67660.66,67.66066000000001,67.66066000000001,601.0,53191.0
3975,166,15,year hour 3975,68569.25,68.56924999999998,68.56924999999998,595.0,52507.0
3976,166,16,year hour 3976,69555.96,69.55596,69.55596,608.0,53372.0
3977,166,17,year hour 3977,68005.42,68.00542,68.00542,598.0,52153.0
3978,166,18,year hour 3978,70931.0,70.931,70.931,607.0,53552.0
3979,166,19,year hour 3979,67678.63,67.67863,67.67863,599.0,52674.0
3980,166,20,year hour 3980,68076.09,68.07609,68.07609,599.0,52651.0
3981,166,21,year hour 3981,67722.46,67.72246000000001,67.72246000000001,602.0,53040.0
3982,166,22,year hour 3982,67821.74,67.82174,67.82174,604.0,52967.0
3983,166,23,year hour 3983,66036.23,66.03622999999999,66.03622999999999,582.0,51731.0
3984,167,0,year hour 3984,84257.97,84.25797,84.25797,627.0,56190.0
3985,167,1,year hour 3985,67763.65,67.76365,67.76365,602.0,52182.0
3986,167,2,year hour 3986,67864.3,67.8643,67.8643,601.0,52088.0
3987,167,3,year hour 3987,67591.19,67.59119,67.59119,601.0,52786.0
3988,167,4,year hour 3988,68144.07,68.14407000000001,68.14407000000001,601.0,52279.0
3989,167,5,year hour 3989,68040.49,68.04049,68.04049,601.0,53095.0
3990,167,6,year hour 3990,71032.18,71.03218,71.03218,607.0,53189.0
3991,167,7,year hour 3991,68068.45,68.06845,68.06845,595.0,52165.0
3992,167,8,year hour 3992,69069.68000000001,69.06968,69.06968,604.0,53833.0
3993,167,9,year hour 3993,67953.64,67.95364,67.95364,604.0,52529.0
3994,167,10,year hour 3994,67944.94,67.94494,67.94494,602.0,52535.0
3995,167,11,year hour 3995,67802.9,67.8029,67.8029,588.0,52375.0
3996,167,12,year hour 3996,81722.33,81.72233000000001,81.72233000000001,620.0,54880.0
3997,167,13,year hour 3997,67952.15,67.95214999999999,67.95214999999999,600.0,52484.0
3998,167,14,year hour 3998,67660.66,67.66066000000001,67.66066000000001,601.0,53191.0
3999,167,15,year hour 3999,68569.25,68.56924999999998,68.56924999999998,595.0,52507.0
4000,167,16,year hour 4000,69555.96,69.55596,69.55596,608.0,53372.0
4001,167,17,year hour 4001,68005.42,68.00542,68.00542,598.0,52153.0
4002,167,18,year hour 4002,70931.0,70.931,70.931,607.0,53552.0
4003,167,19,year hour 4003,67678.63,67.67863,67.67863,599.0,52674.0
4004,167,20,year hour 4004,68076.09,68.07609,68.07609,599.0,52651.0
4005,167,21,year hour 4005,67722.46,67.72246000000001,67.72246000000001,602.0,53040.0
4006,167,22,year hour 4006,67821.74,67.82174,67.82174,604.0,52967.0
4007,167,23,year hour 4007,66036.23,66.03622999999999,66.03622999999999,582.0,51731.0
4008,168,0,year hour 4008,84257.97,84.25797,84.25797,627.0,56190.0
4009,168,1,year hour 4009,67763.65,67.76365,67.76365,602.0,52182.0
4010,168,2,year hour 4010,67864.3,67.8643,67.8643,601.0,52088.0
4011,168,3,year hour 4011,67591.19,67.59119,67.59119,601.0,52786.0
4012,168,4,year hour 4012,68144.07,68.14407000000001,68.14407000000001,601.0,52279.0
4013,168,5,year hour 4013,68040.49,68.04049,68.04049,601.0,53095.0
4014,168,6,year hour 4014,71032.18,71.03218,71.03218,607.0,53189.0
4015,168,7,year hour 4015,68068.45,68.06845,68.06845,595.0,52165.0
4016,168,8,year hour 4016,69069.68000000001,69.06968,69.06968,604.0,53833.0
4017,168,9,year hour 4017,67953.64,67.95364,67.95364,604.0,52529.0
4018,168,10,year hour 4018,67944.94,67.94494,67.94494,602.0,52535.0
4019,168,11,year hour 4019,67802.9,67.8029,67.8029,588.0,52375.0
4020,168,12,year hour 4020,81722.33,81.72233000000001,81.72233000000001,620.0,54880.0
4021,168,13,year hour 4021,67952.15,67.95214999999999,67.95214999999999,600.0,52484.0
4022,168,14,year hour 4022,67660.66,67.66066000000001,67.66066000000001,601.0,53191.0
4023,168,15,year hour 4023,68569.25,68.56924999999998,68.56924999999998,595.0,52507.0
4024,168,16,year hour 4024,69555.96,69.55596,69.55596,608.0,53372.0
4025,168,17,year hour 4025,68005.42,68.00542,68.00542,598.0,52153.0
4026,168,18,year hour 4026,70931.0,70.931,70.931,607.0,53552.0
4027,168,19,year hour 4027,67678.63,67.67863,67.67863,599.0,52674.0
4028,168,20,year hour 4028,68076.09,68.07609,68.07609,599.0,52651.0
4029,168,21,year hour 4029,67722.46,67.72246000000001,67.72246000000001,602.0,53040.0
4030,168,22,year hour 4030,67821.74,67.82174,67.82174,604.0,52967.0
4031,168,23,year hour 4031,66036.23,66.03622999999999,66.03622999999999,582.0,51731.0
4032,169,0,year hour 4032,84257.97,84.25797,84.25797,627.0,56190.0
4033,169,1,year hour 4033,67763.65,67.76365,67.76365,602.0,52182.0
4034,169,2,year hour 4034,67864.3,67.8643,67.8643,601.0,52088.0
4035,169,3,year hour 4035,67591.19,67.59119,67.59119,601.0,52786.0
4036,169,4,year hour 4036,68144.07,68.14407000000001,68.14407000000001,601.0,52279.0
4037,169,5,year hour 4037,68040.49,68.04049,68.04049,601.0,53095.0
4038,169,6,year hour 4038,71032.18,71.03218,71.03218,607.0,53189.0
4039,169,7,year hour 4039,68068.45,68.06845,68.06845,595.0,52165.0
4040,169,8,year hour 4040,69069.68000000001,69.06968,69.06968,604.0,53833.0
4041,169,9,year hour 4041,67953.64,67.95364,67.95364,604.0,52529.0
4042,169,10,year hour 4042,67944.94,67.94494,67.94494,602.0,52535.0
4043,169,11,year hour 4043,67802.9,67.8029,67.8029,588.0,52375.0
4044,169,12,year hour 4044,81722.33,81.72233000000001,81.72233000000001,620.0,54880.0
4045,169,13,year hour 4045,67952.15,67.95214999999999,67.95214999999999,600.0,52484.0
4046,169,14,year hour 4046,67660.66,67.66066000000001,67.66066000000001,601.0,53191.0
4047,169,15,year hour 4047,68569.25,68.56924999999998,68.56924999999998,595.0,52507.0
4048,169,16,year hour 4048,69555.96,69.55596,69.55596,608.0,53372.0
4049,169,17,year hour 4049,68005.42,68.00542,68.00542,598.0,52153.0
4050,169,18,year hour 4050,70931.0,70.931,70.931,607.0,53552.0
4051,169,19,year hour 4051,67678.63,67.67863,67.67863,599.0,52674.0
4052,169,20,year hour 4052,68076.09,68.07609,68.07609,599.0,52651.0
4053,169,21,year hour 4053,67722.46,67.72246000000001,67.72246000000001,602.0,53040.0
4054,169,22,year hour 4054,67821.74,67.82174,67.82174,604.0,52967.0
4055,169,23,year hour 4055,66036.23,66.03622999999999,66.03622999999999,582.0,51731.0
4056,170,0,year hour 4056,84257.97,84.25797,84.25797,627.0,56190.0
4057,170,1,year hour 4057,67763.65,67.76365,67.76365,602.0,52182.0
4058,170,2,year hour 4058,67864.3,67.8643,67.8643,601.0,52088.0
4059,170,3,year hour 4059,67591.19,67.59119,67.59119,601.0,52786.0
4060,170,4,year hour 4060,68144.07,68.14407000000001,68.14407000000001,601.0,52279.0
4061,170,5,year hour 4061,68040.49,68.04049,68.04049,601.0,53095.0
4062,170,6,year hour 4062,71032.18,71.03218,71.03218,607.0,53189.0
4063,170,7,year hour 4063,68068.45,68.06845,68.06845,595.0,52165.0
4064,170,8,year hour 4064,69069.68000000001,69.06968,69.06968,604.0,53833.0
4065,170,9,year hour 4065,67953.64,67.95364,67.95364,604.0,52529.0
4066,170,10,year hour 4066,67944.94,67.94494,67.94494,602.0,52535.0
4067,170,11,year hour 4067,67802.9,67.8029,67.8029,588.0,52375.0
4068,170,12,year hour 4068,81722.33,81.72233000000001,81.72233000000001,620.0,54880.0
4069,170,13,year hour 4069,67952.15,67.95214999999999,67.95214999999999,600.0,52484.0
4070,170,14,year hour 4070,67660.66,67.66066000000001,67.66066000000001,601.0,53191.0
4071,170,15,year hour 4071,68569.25,68.56924999999998,68.56924999999998,595.0,52507.0
4072,170,16,year hour 4072,69555.96,69.55596,69.55596,608.0,53372.0
4073,170,17,year hour 4073,68005.42,68.00542,68.00542,598.0,52153.0
4074,170,18,year hour 4074,70931.0,70.931,70.931,607.0,53552.0
4075,170,19,year hour 4075,67678.63,67.67863,67.67863,599.0,52674.0
4076,170,20,year hour 4076,68076.09,68.07609,68.07609,599.0,52651.0
4077,170,21,year hour 4077,67722.46,67.72246000000001,67.72246000000001,602.0,53040.0
4078,170,22,year hour 4078,67821.74,67.82174,67.82174,604.0,52967.0
4079,170,23,year hour 4079,66036.23,66.03622999999999,66.03622999999999,582.0,51731.0
4080,171,0,year hour 4080,84257.97,84.25797,84.25797,627.0,56190.0
4081,171,1,year hour 4081,67763.65,67.76365,67.76365,602.0,52182.0
4082,171,2,year hour 4082,67864.3,67.8643,67.8643,601.0,52088.0
4083,171,3,year hour 4083,67591.19,67.59119,67.59119,601.0,52786.0
4084,171,4,year hour 4084,68144.07,68.14407000000001,68.14407000000001,601.0,52279.0
4085,171,5,year hour 4085,68040.49,68.04049,68.04049,601.0,53095.0
4086,171,6,year hour 4086,71032.18,71.03218,71.03218,607.0,53189.0
4087,171,7,year hour 4087,68068.45,68.06845,68.06845,595.0,52165.0
4088,171,8,year hour 4088,69069.68000000001,69.06968,69.06968,604.0,53833.0
4089,171,9,year hour 4089,67953.64,67.95364,67.95364,604.0,52529.0
4090,171,10,year hour 4090,67944.94,67.94494,67.94494,602.0,52535.0
4091,171,11,year hour 4091,67802.9,67.8029,67.8029,588.0,52375.0
4092,171,12,year hour 4092,81722.33,81.72233000000001,81.72233000000001,620.0,54880.0
4093,171,13,year hour 4093,67952.15,67.95214999999999,67.95214999999999,600.0,52484.0
4094,171,14,year hour 4094,67660.66,67.66066000000001,67.66066000000001,601.0,53191.0
4095,171,15,year hour 4095,68569.25,68.56924999999998,68.56924999999998,595.0,52507.0
4096,171,16,year hour 4096,69555.96,69.55596,69.55596,608.0,53372.0
4097,171,17,year hour 4097,68005.42,68.00542,68.00542,598.0,52153.0
4098,171,18,year hour 4098,70931.0,70.931,70.931,607.0,53552.0
4099,171,19,year hour 4099,67678.63,67.67863,67.67863,599.0,52674.0
4100,171,20,year hour 4100,68076.09,68.07609,68.07609,599.0,52651.0
4101,171,21,year hour 4101,67722.46,67.72246000000001,67.72246000000001,602.0,53040.0
4102,171,22,year hour 4102,67821.74,67.82174,67.82174,604.0,52967.0
4103,171,23,year hour 4103,66036.23,66.03622999999999,66.03622999999999,582.0,51731.0
4104,172,0,year hour 4104,84257.97,84.25797,84.25797,627.0,56190.0
4105,172,1,year hour 4105,67763.65,67.76365,67.76365,602.0,52182.0
4106,172,2,year hour 4106,67864.3,67.8643,67.8643,601.0,52088.0
4107,172,3,year hour 4107,67591.19,67.59119,67.59119,601.0,52786.0
4108,172,4,year hour 4108,68144.07,68.14407000000001,68.14407000000001,601.0,52279.0
4109,172,5,year hour 4109,68040.49,68.04049,68.04049,601.0,53095.0
4110,172,6,year hour 4110,71032.18,71.03218,71.03218,607.0,53189.0
4111,172,7,year hour 4111,68068.45,68.06845,68.06845,595.0,52165.0
4112,172,8,year hour 4112,69069.68000000001,69.06968,69.06968,604.0,53833.0
4113,172,9,year hour 4113,67953.64,67.95364,67.95364,604.0,52529.0
4114,172,10,year hour 4114,67944.94,67.94494,67.94494,602.0,52535.0
4115,172,11,year hour 4115,67802.9,67.8029,67.8029,588.0,52375.0
4116,172,12,year hour 4116,81722.33,81.72233000000001,81.72233000000001,620.0,54880.0
4117,172,13,year hour 4117,67952.15,67.95214999999999,67.95214999999999,600.0,52484.0
4118,172,14,year hour 4118,67660.66,67.66066000000001,67.66066000000001,601.0,53191.0
4119,172,15,year hour 4119,68569.25,68.56924999999998,68.56924999999998,595.0,52507.0
4120,172,16,year hour 4120,69555.96,69.55596,69.55596,608.0,53372.0
4121,172,17,year hour 4121,68005.42,68.00542,68.00542,598.0,52153.0
4122,172,18,year hour 4122,70931.0,70.931,70.931,607.0,53552.0
4123,172,19,year hour 4123,67678.63,67.67863,67.67863,599.0,52674.0
4124,172,20,year hour 4124,68076.09,68.07609,68.07609,599.0,52651.0
4125,172,21,year hour 4125,67722.46,67.72246000000001,67.72246000000001,602.0,53040.0
4126,172,22,year hour 4126,67821.74,67.82174,67.82174,604.0,52967.0
4127,172,23,year hour 4127,66036.23,66.03622999999999,66.03622999999999,582.0,51731.0
4128,173,0,year hour 4128,84257.97,84.25797,84.25797,627.0,56190.0
4129,173,1,year hour 4129,67763.65,67.76365,67.76365,602.0,52182.0
4130,173,2,year hour 4130,67864.3,67.8643,67.8643,601.0,52088.0
4131,173,3,year hour 4131,67591.19,67.59119,67.59119,601.0,52786.0
4132,173,4,year hour 4132,68144.07,68.14407000000001,68.14407000000001,601.0,52279.0
4133,173,5,year hour 4133,68040.49,68.04049,68.04049,601.0,53095.0
4134,173,6,year hour 4134,71032.18,71.03218,71.03218,607.0,53189.0
4135,173,7,year hour 4135,68068.45,68.06845,68.06845,595.0,52165.0
4136,173,8,year hour 4136,69069.68000000001,69.06968,69.06968,604.0,53833.0
4137,173,9,year hour 4137,67953.64,67.95364,67.95364,604.0,52529.0
4138,173,10,year hour 4138,67944.94,67.94494,67.94494,602.0,52535.0
4139,173,11,year hour 4139,67802.9,67.8029,67.8029,588.0,52375.0
4140,173,12,year hour 4140,81722.33,81.72233000000001,81.72233000000001,620.0,54880.0
4141,173,13,year hour 4141,67952.15,67.95214999999999,67.95214999999999,600.0,52484.0
4142,173,14,year hour 4142,67660.66,67.66066000000001,67.66066000000001,601.0,53191.0
4143,173,15,year hour 4143,68569.25,68.56924999999998,68.56924999999998,595.0,52507.0
4144,173,16,year hour 4144,69555.96,69.55596,69.55596,608.0,53372.0
4145,173,17,year hour 4145,68005.42,68.00542,68.00542,598.0,52153.0
4146,173,18,year hour 4146,70931.0,70.931,70.931,607.0,53552.0
4147,173,19,year hour 4147,67678.63,67.67863,67.67863,599.0,52674.0
4148,173,20,year hour 4148,68076.09,68.07609,68.07609,599.0,52651.0
4149,173,21,year hour 4149,67722.46,67.72246000000001,67.72246000000001,602.0,53040.0
4150,173,22,year hour 4150,67821.74,67.82174,67.82174,604.0,52967.0
4151,173,23,year hour 4151,66036.23,66.03622999999999,66.03622999999999,582.0,51731.0
4152,174,0,year hour 4152,84257.97,84.25797,84.25797,627.0,56190.0
4153,174,1,year hour 4153,67763.65,67.76365,67.76365,602.0,52182.0
4154,174,2,year hour 4154,67864.3,67.8643,67.8643,601.0,52088.0
4155,174,3,year hour 4155,67591.19,67.59119,67.59119,601.0,52786.0
4156,174,4,year hour 4156,68144.07,68.14407000000001,68.14407000000001,601.0,52279.0
4157,174,5,year hour 4157,68040.49,68.04049,68.04049,601.0,53095.0
4158,174,6,year hour 4158,71032.18,71.03218,71.03218,607.0,53189.0
4159,174,7,year hour 4159,68068.45,68.06845,68.06845,595.0,52165.0
4160,174,8,year hour 4160,69069.68000000001,69.06968,69.06968,604.0,53833.0
4161,174,9,year hour 4161,67953.64,67.95364,67.95364,604.0,52529.0
4162,174,10,year hour 4162,67944.94,67.94494,67.94494,602.0,52535.0
4163,174,11,year hour 4163,67802.9,67.8029,67.8029,588.0,52375.0
4164,174,12,year hour 4164,81722.33,81.72233000000001,81.72233000000001,620.0,54880.0
4165,174,13,year hour 4165,67952.15,67.95214999999999,67.95214999999999,600.0,52484.0
4166,174,14,year hour 4166,67660.66,67.66066000000001,67.66066000000001,601.0,53191.0
4167,174,15,year hour 4167,68569.25,68.56924999999998,68.56924999999998,595.0,52507.0
4168,174,16,year hour 4168,69555.96,69.55596,69.55596,608.0,53372.0
4169,174,17,year hour 4169,68005.42,68.00542,68.00542,598.0,52153.0
4170,174,18,year hour 4170,70931.0,70.931,70.931,607.0,53552.0
4171,174,19,year hour 4171,67678.63,67.67863,67.67863,599.0,52674.0
4172,174,20,year hour 4172,68076.09,68.07609,68.07609,599.0,52651.0
4173,174,21,year hour 4173,67722.46,67.72246000000001,67.72246000000001,602.0,53040.0
4174,174,22,year hour 4174,67821.74,67.82174,67.82174,604.0,52967.0
4175,174,23,year hour 4175,66036.23,66.03622999999999,66.03622999999999,582.0,51731.0
4176,175,0,year hour 4176,84257.97,84.25797,84.25797,627.0,56190.0
4177,175,1,year hour 4177,67763.65,67.76365,67.76365,602.0,52182.0
4178,175,2,year hour 4178,67864.3,67.8643,67.8643,601.0,52088.0
4179,175,3,year hour 4179,67591.19,67.59119,67.59119,601.0,52786.0
4180,175,4,year hour 4180,68144.07,68.14407000000001,68.14407000000001,601.0,52279.0
4181,175,5,year hour 4181,68040.49,68.04049,68.04049,601.0,53095.0
4182,175,6,year hour 4182,71032.18,71.03218,71.03218,607.0,53189.0
4183,175,7,year hour 4183,68068.45,68.06845,68.06845,595.0,52165.0
4184,175,8,year hour 4184,69069.68000000001,69.06968,69.06968,604.0,53833.0
4185,175,9,year hour 4185,67953.64,67.95364,67.95364,604.0,52529.0
4186,175,10,year hour 4186,67944.94,67.94494,67.94494,602.0,52535.0
4187,175,11,year hour 4187,67802.9,67.8029,67.8029,588.0,52375.0
4188,175,12,year hour 4188,81722.33,81.72233000000001,81.72233000000001,620.0,54880.0
4189,175,13,year hour 4189,67952.15,67.95214999999999,67.95214999999999,600.0,52484.0
4190,175,14,year hour 4190,67660.66,67.66066000000001,67.66066000000001,601.0,53191.0
4191,175,15,year hour 4191,68569.25,68.56924999999998,68.56924999999998,595.0,52507.0
4192,175,16,year hour 4192,69555.96,69.55596,69.55596,608.0,53372.0
4193,175,17,year hour 4193,68005.42,68.00542,68.00542,598.0,52153.0
4194,175,18,year hour 4194,70931.0,70.931,70.931,607.0,53552.0
4195,175,19,year hour 4195,67678.63,67.67863,67.67863,599.0,52674.0
4196,175,20,year hour 4196,68076.09,68.07609,68.07609,599.0,52651.0
4197,175,21,year hour 4197,67722.46,67.72246000000001,67.72246000000001,602.0,53040.0
4198,175,22,year hour 4198,67821.74,67.82174,67.82174,604.0,52967.0
4199,175,23,year hour 4199,66036.23,66.03622999999999,66.03622999999999,582.0,51731.0
4200,176,0,year hour 4200,84257.97,84.25797,84.25797,627.0,56190.0
4201,176,1,year hour 4201,67763.65,67.76365,67.76365,602.0,52182.0
4202,176,2,year hour 4202,67864.3,67.8643,67.8643,601.0,52088.0
4203,176,3,year hour 4203,67591.19,67.59119,67.59119,601.0,52786.0
4204,176,4,year hour 4204,68144.07,68.14407000000001,68.14407000000001,601.0,52279.0
4205,176,5,year hour 4205,68040.49,68.04049,68.04049,601.0,53095.0
4206,176,6,year hour 4206,71032.18,71.03218,71.03218,607.0,53189.0
4207,176,7,year hour 4207,68068.45,68.06845,68.06845,595.0,52165.0
4208,176,8,year hour 4208,69069.68000000001,69.06968,69.06968,604.0,53833.0
4209,176,9,year hour 4209,67953.64,67.95364,67.95364,604.0,52529.0
4210,176,10,year hour 4210,67944.94,67.94494,67.94494,602.0,52535.0
4211,176,11,year hour 4211,67802.9,67.8029,67.8029,588.0,52375.0
4212,176,12,year hour 4212,81722.33,81.72233000000001,81.72233000000001,620.0,54880.0
4213,176,13,year hour 4213,67952.15,67.95214999999999,67.95214999999999,600.0,52484.0
4214,176,14,year hour 4214,67660.66,67.66066000000001,67.66066000000001,601.0,53191.0
4215,176,15,year hour 4215,68569.25,68.56924999999998,68.56924999999998,595.0,52507.0
4216,176,16,year hour 4216,69555.96,69.55596,69.55596,608.0,53372.0
4217,176,17,year hour 4217,68005.42,68.00542,68.00542,598.0,52153.0
4218,176,18,year hour 4218,70931.0,70.931,70.931,607.0,53552.0
4219,176,19,year hour 4219,67678.63,67.67863,67.67863,599.0,52674.0
4220,176,20,year hour 4220,68076.09,68.07609,68.07609,599.0,52651.0
4221,176,21,year hour 4221,67722.46,67.72246000000001,67.72246000000001,602.0,53040.0
4222,176,22,year hour 4222,67821.74,67.82174,67.82174,604.0,52967.0
4223,176,23,year hour 4223,66036.23,66.03622999999999,66.03622999999999,582.0,51731.0
4224,177,0,year hour 4224,84257.97,84.25797,84.25797,627.0,56190.0
4225,177,1,year hour 4225,67763.65,67.76365,67.76365,602.0,52182.0
4226,177,2,year hour 4226,67864.3,67.8643,67.8643,601.0,52088.0
4227,177,3,year hour 4227,67591.19,67.59119,67.59119,601.0,52786.0
4228,177,4,year hour 4228,68144.07,68.14407000000001,68.14407000000001,601.0,52279.0
4229,177,5,year hour 4229,68040.49,68.04049,68.04049,601.0,53095.0
4230,177,6,year hour 4230,71032.18,71.03218,71.03218,607.0,53189.0
4231,177,7,year hour 4231,68068.45,68.06845,68.06845,595.0,52165.0
4232,177,8,year hour 4232,69069.68000000001,69.06968,69.06968,604.0,53833.0
4233,177,9,year hour 4233,67953.64,67.95364,67.95364,604.0,52529.0
4234,177,10,year hour 4234,67944.94,67.94494,67.94494,602.0,52535.0
4235,177,11,year hour 4235,67802.9,67.8029,67.8029,588.0,52375.0
4236,177,12,year hour 4236,81722.33,81.72233000000001,81.72233000000001,620.0,54880.0
4237,177,13,year hour 4237,67952.15,67.95214999999999,67.95214999999999,600.0,52484.0
4238,177,14,year hour 4238,67660.66,67.66066000000001,67.66066000000001,601.0,53191.0
4239,177,15,year hour 4239,68569.25,68.56924999999998,68.56924999999998,595.0,52507.0
4240,177,16,year hour 4240,69555.96,69.55596,69.55596,608.0,53372.0
4241,177,17,year hour 4241,68005.42,68.00542,68.00542,598.0,52153.0
4242,177,18,year hour 4242,70931.0,70.931,70.931,607.0,53552.0
4243,177,19,year hour 4243,67678.63,67.67863,67.67863,599.0,52674.0
4244,177,20,year hour 4244,68076.09,68.07609,68.07609,599.0,52651.0
4245,177,21,year hour 4245,67722.46,67.72246000000001,67.72246000000001,602.0,53040.0
4246,177,22,year hour 4246,67821.74,67.82174,67.82174,604.0,52967.0
4247,177,23,year hour 4247,66036.23,66.03622999999999,66.03622999999999,582.0,51731.0
4248,178,0,year hour 4248,84257.97,84.25797,84.25797,627.0,56190.0
4249,178,1,year hour 4249,67763.65,67.76365,67.76365,602.0,52182.0
4250,178,2,year hour 4250,67864.3,67.8643,67.8643,601.0,52088.0
4251,178,3,year hour 4251,67591.19,67.59119,67.59119,601.0,52786.0
4252,178,4,year hour 4252,68144.07,68.14407000000001,68.14407000000001,601.0,52279.0
4253,178,5,year hour 4253,68040.49,68.04049,68.04049,601.0,53095.0
4254,178,6,year hour 4254,71032.18,71.03218,71.03218,607.0,53189.0
4255,178,7,year hour 4255,68068.45,68.06845,68.06845,595.0,52165.0
4256,178,8,year hour 4256,69069.68000000001,69.06968,69.06968,604.0,53833.0
4257,178,9,year hour 4257,67953.64,67.95364,67.95364,604.0,52529.0
4258,178,10,year hour 4258,67944.94,67.94494,67.94494,602.0,52535.0
4259,178,11,year hour 4259,67802.9,67.8029,67.8029,588.0,52375.0
4260,178,12,year hour 4260,81722.33,81.72233000000001,81.72233000000001,620.0,54880.0
4261,178,13,year hour 4261,67952.15,67.95214999999999,67.95214999999999,600.0,52484.0
4262,178,14,year hour 4262,67660.66,67.66066000000001,67.66066000000001,601.0,53191.0
4263,178,15,year hour 4263,68569.25,68.56924999999998,68.56924999999998,595.0,52507.0
4264,178,16,year hour 4264,69555.96,69.55596,69.55596,608.0,53372.0
4265,178,17,year hour 4265,68005.42,68.00542,68.00542,598.0,52153.0
4266,178,18,year hour 4266,70931.0,70.931,70.931,607.0,53552.0
4267,178,19,year hour 4267,67678.63,67.67863,67.67863,599.0,52674.0
4268,178,20,year hour 4268,68076.09,68.07609,68.07609,599.0,52651.0
4269,178,21,year hour 4269,67722.46,67.72246000000001,67.72246000000001,602.0,53040.0
4270,178,22,year hour 4270,67821.74,67.82174,67.82174,604.0,52967.0
4271,178,23,year hour 4271,66036.23,66.03622999999999,66.03622999999999,582.0,51731.0
4272,179,0,year hour 4272,84257.97,84.25797,84.25797,627.0,56190.0
4273,179,1,year hour 4273,67763.65,67.76365,67.76365,602.0,52182.0
4274,179,2,year hour 4274,67864.3,67.8643,67.8643,601.0,52088.0
4275,179,3,year hour 4275,67591.19,67.59119,67.59119,601.0,52786.0
4276,179,4,year hour 4276,68144.07,68.14407000000001,68.14407000000001,601.0,52279.0
4277,179,5,year hour 4277,68040.49,68.04049,68.04049,601.0,53095.0
4278,179,6,year hour 4278,71032.18,71.03218,71.03218,607.0,53189.0
4279,179,7,year hour 4279,68068.45,68.06845,68.06845,595.0,52165.0
4280,179,8,year hour 4280,69069.68000000001,69.06968,69.06968,604.0,53833.0
4281,179,9,year hour 4281,67953.64,67.95364,67.95364,604.0,52529.0
4282,179,10,year hour 4282,67944.94,67.94494,67.94494,602.0,52535.0
4283,179,11,year hour 4283,67802.9,67.8029,67.8029,588.0,52375.0
4284,179,12,year hour 4284,81722.33,81.72233000000001,81.72233000000001,620.0,54880.0
4285,179,13,year hour 4285,67952.15,67.95214999999999,67.95214999999999,600.0,52484.0
4286,179,14,year hour 4286,67660.66,67.66066000000001,67.66066000000001,601.0,53191.0
4287,179,15,year hour 4287,68569.25,68.56924999999998,68.56924999999998,595.0,52507.0
4288,179,16,year hour 4288,69555.96,69.55596,69.55596,608.0,53372.0
4289,179,17,year hour 4289,68005.42,68.00542,68.00542,598.0,52153.0
4290,179,18,year hour 4290,70931.0,70.931,70.931,607.0,53552.0
4291,179,19,year hour 4291,67678.63,67.67863,67.67863,599.0,52674.0
4292,179,20,year hour 4292,68076.09,68.07609,68.07609,599.0,52651.0
4293,179,21,year hour 4293,67722.46,67.72246000000001,67.72246000000001,602.0,53040.0
4294,179,22,year hour 4294,67821.74,67.82174,67.82174,604.0,52967.0
4295,179,23,year hour 4295,66036.23,66.03622999999999,66.03622999999999,582.0,51731.0
4296,180,0,year hour 4296,84257.97,84.25797,84.25797,627.0,56190.0
4297,180,1,year hour 4297,67763.65,67.76365,67.76365,602.0,52182.0
4298,180,2,year hour 4298,67864.3,67.8643,67.8643,601.0,52088.0
4299,180,3,year hour 4299,67591.19,67.59119,67.59119,601.0,52786.0
4300,180,4,year hour 4300,68144.07,68.14407000000001,68.14407000000001,601.0,52279.0
4301,180,5,year hour 4301,68040.49,68.04049,68.04049,601.0,53095.0
4302,180,6,year hour 4302,71032.18,71.03218,71.03218,607.0,53189.0
4303,180,7,year hour 4303,68068.45,68.06845,68.06845,595.0,52165.0
4304,180,8,year hour 4304,69069.68000000001,69.06968,69.06968,604.0,53833.0
4305,180,9,year hour 4305,67953.64,67.95364,67.95364,604.0,52529.0
4306,180,10,year hour 4306,67944.94,67.94494,67.94494,602.0,52535.0
4307,180,11,year hour 4307,67802.9,67.8029,67.8029,588.0,52375.0
4308,180,12,year hour 4308,81722.33,81.72233000000001,81.72233000000001,620.0,54880.0
4309,180,13,year hour 4309,67952.15,67.95214999999999,67.95214999999999,600.0,52484.0
4310,180,14,year hour 4310,67660.66,67.66066000000001,67.66066000000001,601.0,53191.0
4311,180,15,year hour 4311,68569.25,68.56924999999998,68.56924999999998,595.0,52507.0
4312,180,16,year hour 4312,69555.96,69.55596,69.55596,608.0,53372.0
4313,180,17,year hour 4313,68005.42,68.00542,68.00542,598.0,52153.0
4314,180,18,year hour 4314,70931.0,70.931,70.931,607.0,53552.0
4315,180,19,year hour 4315,67678.63,67.67863,67.67863,599.0,52674.0
4316,180,20,year hour 4316,68076.09,68.07609,68.07609,599.0,52651.0
4317,180,21,year hour 4317,67722.46,67.72246000000001,67.72246000000001,602.0,53040.0
4318,180,22,year hour 4318,67821.74,67.82174,67.82174,604.0,52967.0
4319,180,23,year hour 4319,66036.23,66.03622999999999,66.03622999999999,582.0,51731.0
4320,181,0,year hour 4320,84257.97,84.25797,84.25797,627.0,56190.0
4321,181,1,year hour 4321,67763.65,67.76365,67.76365,602.0,52182.0
4322,181,2,year hour 4322,67864.3,67.8643,67.8643,601.0,52088.0
4323,181,3,year hour 4323,67591.19,67.59119,67.59119,601.0,52786.0
4324,181,4,year hour 4324,68144.07,68.14407000000001,68.14407000000001,601.0,52279.0
4325,181,5,year hour 4325,68040.49,68.04049,68.04049,601.0,53095.0
4326,181,6,year hour 4326,71032.18,71.03218,71.03218,607.0,53189.0
4327,181,7,year hour 4327,68068.45,68.06845,68.06845,595.0,52165.0
4328,181,8,year hour 4328,69069.68000000001,69.06968,69.06968,604.0,53833.0
4329,181,9,year hour 4329,67953.64,67.95364,67.95364,604.0,52529.0
4330,181,10,year hour 4330,67944.94,67.94494,67.94494,602.0,52535.0
4331,181,11,year hour 4331,67802.9,67.8029,67.8029,588.0,52375.0
4332,181,12,year hour 4332,81722.33,81.72233000000001,81.72233000000001,620.0,54880.0
4333,181,13,year hour 4333,67952.15,67.95214999999999,67.95214999999999,600.0,52484.0
4334,181,14,year hour 4334,67660.66,67.66066000000001,67.66066000000001,601.0,53191.0
4335,181,15,year hour 4335,68569.25,68.56924999999998,68.56924999999998,595.0,52507.0
4336,181,16,year hour 4336,69555.96,69.55596,69.55596,608.0,53372.0
4337,181,17,year hour 4337,68005.42,68.00542,68.00542,598.0,52153.0
4338,181,18,year hour 4338,70931.0,70.931,70.931,607.0,53552.0
4339,181,19,year hour 4339,67678.63,67.67863,67.67863,599.0,52674.0
4340,181,20,year hour 4340,68076.09,68.07609,68.07609,599.0,52651.0
4341,181,21,year hour 4341,67722.46,67.72246000000001,67.72246000000001,602.0,53040.0
4342,181,22,year hour 4342,67821.74,67.82174,67.82174,604.0,52967.0
4343,181,23,year hour 4343,66036.23,66.03622999999999,66.03622999999999,582.0,51731.0
4344,182,0,year hour 4344,84257.97,84.25797,84.25797,627.0,56190.0
4345,182,1,year hour 4345,67763.65,67.76365,67.76365,602.0,52182.0
4346,182,2,year hour 4346,67864.3,67.8643,67.8643,601.0,52088.0
4347,182,3,year hour 4347,67591.19,67.59119,67.59119,601.0,52786.0
4348,182,4,year hour 4348,68144.07,68.14407000000001,68.14407000000001,601.0,52279.0
4349,182,5,year hour 4349,68040.49,68.04049,68.04049,601.0,53095.0
4350,182,6,year hour 4350,71032.18,71.03218,71.03218,607.0,53189.0
4351,182,7,year hour 4351,68068.45,68.06845,68.06845,595.0,52165.0
4352,182,8,year hour 4352,69069.68000000001,69.06968,69.06968,604.0,53833.0
4353,182,9,year hour 4353,67953.64,67.95364,67.95364,604.0,52529.0
4354,182,10,year hour 4354,67944.94,67.94494,67.94494,602.0,52535.0
4355,182,11,year hour 4355,67802.9,67.8029,67.8029,588.0,52375.0
4356,182,12,year hour 4356,81722.33,81.72233000000001,81.72233000000001,620.0,54880.0
4357,182,13,year hour 4357,67952.15,67.95214999999999,67.95214999999999,600.0,52484.0
4358,182,14,year hour 4358,67660.66,67.66066000000001,67.66066000000001,601.0,53191.0
4359,182,15,year hour 4359,68569.25,68.56924999999998,68.56924999999998,595.0,52507.0
4360,182,16,year hour 4360,69555.96,69.55596,69.55596,608.0,53372.0
4361,182,17,year hour 4361,68005.42,68.00542,68.00542,598.0,52153.0
4362,182,18,year hour 4362,70931.0,70.931,70.931,607.0,53552.0
4363,182,19,year hour 4363,67678.63,67.67863,67.67863,599.0,52674.0
4364,182,20,year hour 4364,68076.09,68.07609,68.07609,599.0,52651.0
4365,182,21,year hour 4365,67722.46,67.72246000000001,67.72246000000001,602.0,53040.0
4366,182,22,year hour 4366,67821.74,67.82174,67.82174,604.0,52967.0
4367,182,23,year hour 4367,66036.23,66.03622999999999,66.03622999999999,582.0,51731.0
4368,183,0,year hour 4368,84257.97,84.25797,84.25797,627.0,56190.0
4369,183,1,year hour 4369,67763.65,67.76365,67.76365,602.0,52182.0
4370,183,2,year hour 4370,67864.3,67.8643,67.8643,601.0,52088.0
4371,183,3,year hour 4371,67591.19,67.59119,67.59119,601.0,52786.0
4372,183,4,year hour 4372,68144.07,68.14407000000001,68.14407000000001,601.0,52279.0
4373,183,5,year hour 4373,68040.49,68.04049,68.04049,601.0,53095.0
4374,183,6,year hour 4374,71032.18,71.03218,71.03218,607.0,53189.0
4375,183,7,year hour 4375,68068.45,68.06845,68.06845,595.0,52165.0
4376,183,8,year hour 4376,69069.68000000001,69.06968,69.06968,604.0,53833.0
4377,183,9,year hour 4377,67953.64,67.95364,67.95364,604.0,52529.0
4378,183,10,year hour 4378,67944.94,67.94494,67.94494,602.0,52535.0
4379,183,11,year hour 4379,67802.9,67.8029,67.8029,588.0,52375.0
4380,183,12,year hour 4380,81722.33,81.72233000000001,81.72233000000001,620.0,54880.0
4381,183,13,year hour 4381,67952.15,67.95214999999999,67.95214999999999,600.0,52484.0
4382,183,14,year hour 4382,67660.66,67.66066000000001,67.66066000000001,601.0,53191.0
4383,183,15,year hour 4383,68569.25,68.56924999999998,68.56924999999998,595.0,52507.0
4384,183,16,year hour 4384,69555.96,69.55596,69.55596,608.0,53372.0
4385,183,17,year hour 4385,68005.42,68.00542,68.00542,598.0,52153.0
4386,183,18,year hour 4386,70931.0,70.931,70.931,607.0,53552.0
4387,183,19,year hour 4387,67678.63,67.67863,67.67863,599.0,52674.0
4388,183,20,year hour 4388,68076.09,68.07609,68.07609,599.0,52651.0
4389,183,21,year hour 4389,67722.46,67.72246000000001,67.72246000000001,602.0,53040.0
4390,183,22,year hour 4390,67821.74,67.82174,67.82174,604.0,52967.0
4391,183,23,year hour 4391,66036.23,66.03622999999999,66.03622999999999,582.0,51731.0
4392,184,0,year hour 4392,84257.97,84.25797,84.25797,627.0,56190.0
4393,184,1,year hour 4393,67763.65,67.76365,67.76365,602.0,52182.0
4394,184,2,year hour 4394,67864.3,67.8643,67.8643,601.0,52088.0
4395,184,3,year hour 4395,67591.19,67.59119,67.59119,601.0,52786.0
4396,184,4,year hour 4396,68144.07,68.14407000000001,68.14407000000001,601.0,52279.0
4397,184,5,year hour 4397,68040.49,68.04049,68.04049,601.0,53095.0
4398,184,6,year hour 4398,71032.18,71.03218,71.03218,607.0,53189.0
4399,184,7,year hour 4399,68068.45,68.06845,68.06845,595.0,52165.0
4400,184,8,year hour 4400,69069.68000000001,69.06968,69.06968,604.0,53833.0
4401,184,9,year hour 4401,67953.64,67.95364,67.95364,604.0,52529.0
4402,184,10,year hour 4402,67944.94,67.94494,67.94494,602.0,52535.0
4403,184,11,year hour 4403,67802.9,67.8029,67.8029,588.0,52375.0
4404,184,12,year hour 4404,81722.33,81.72233000000001,81.72233000000001,620.0,54880.0
4405,184,13,year hour 4405,67952.15,67.95214999999999,67.95214999999999,600.0,52484.0
4406,184,14,year hour 4406,67660.66,67.66066000000001,67.66066000000001,601.0,53191.0
4407,184,15,year hour 4407,68569.25,68.56924999999998,68.56924999999998,595.0,52507.0
4408,184,16,year hour 4408,69555.96,69.55596,69.55596,608.0,53372.0
4409,184,17,year hour 4409,68005.42,68.00542,68.00542,598.0,52153.0
4410,184,18,year hour 4410,70931.0,70.931,70.931,607.0,53552.0
4411,184,19,year hour 4411,67678.63,67.67863,67.67863,599.0,52674.0
4412,184,20,year hour 4412,68076.09,68.07609,68.07609,599.0,52651.0
4413,184,21,year hour 4413,67722.46,67.72246000000001,67.72246000000001,602.0,53040.0
4414,184,22,year hour 4414,67821.74,67.82174,67.82174,604.0,52967.0
4415,184,23,year hour 4415,66036.23,66.03622999999999,66.03622999999999,582.0,51731.0
4416,185,0,year hour 4416,84257.97,84.25797,84.25797,627.0,56190.0
4417,185,1,year hour 4417,67763.65,67.76365,67.76365,602.0,52182.0
4418,185,2,year hour 4418,67864.3,67.8643,67.8643,601.0,52088.0
4419,185,3,year hour 4419,67591.19,67.59119,67.59119,601.0,52786.0
4420,185,4,year hour 4420,68144.07,68.14407000000001,68.14407000000001,601.0,52279.0
4421,185,5,year hour 4421,68040.49,68.04049,68.04049,601.0,53095.0
4422,185,6,year hour 4422,71032.18,71.03218,71.03218,607.0,53189.0
4423,185,7,year hour 4423,68068.45,68.06845,68.06845,595.0,52165.0
4424,185,8,year hour 4424,69069.68000000001,69.06968,69.06968,604.0,53833.0
4425,185,9,year hour 4425,67953.64,67.95364,67.95364,604.0,52529.0
4426,185,10,year hour 4426,67944.94,67.94494,67.94494,602.0,52535.0
4427,185,11,year hour 4427,67802.9,67.8029,67.8029,588.0,52375.0
4428,185,12,year hour 4428,81722.33,81.72233000000001,81.72233000000001,620.0,54880.0
4429,185,13,year hour 4429,67952.15,67.95214999999999,67.95214999999999,600.0,52484.0
4430,185,14,year hour 4430,67660.66,67.66066000000001,67.66066000000001,601.0,53191.0
4431,185,15,year hour 4431,68569.25,68.56924999999998,68.56924999999998,595.0,52507.0
4432,185,16,year hour 4432,69555.96,69.55596,69.55596,608.0,53372.0
4433,185,17,year hour 4433,68005.42,68.00542,68.00542,598.0,52153.0
4434,185,18,year hour 4434,70931.0,70.931,70.931,607.0,53552.0
4435,185,19,year hour 4435,67678.63,67.67863,67.67863,599.0,52674.0
4436,185,20,year hour 4436,68076.09,68.07609,68.07609,599.0,52651.0
4437,185,21,year hour 4437,67722.46,67.72246000000001,67.72246000000001,602.0,53040.0
4438,185,22,year hour 4438,67821.74,67.82174,67.82174,604.0,52967.0
4439,185,23,year hour 4439,66036.23,66.03622999999999,66.03622999999999,582.0,51731.0
4440,186,0,year hour 4440,84257.97,84.25797,84.25797,627.0,56190.0
4441,186,1,year hour 4441,67763.65,67.76365,67.76365,602.0,52182.0
4442,186,2,year hour 4442,67864.3,67.8643,67.8643,601.0,52088.0
4443,186,3,year hour 4443,67591.19,67.59119,67.59119,601.0,52786.0
4444,186,4,year hour 4444,68144.07,68.14407000000001,68.14407000000001,601.0,52279.0
4445,186,5,year hour 4445,68040.49,68.04049,68.04049,601.0,53095.0
4446,186,6,year hour 4446,71032.18,71.03218,71.03218,607.0,53189.0
4447,186,7,year hour 4447,68068.45,68.06845,68.06845,595.0,52165.0
4448,186,8,year hour 4448,69069.68000000001,69.06968,69.06968,604.0,53833.0
4449,186,9,year hour 4449,67953.64,67.95364,67.95364,604.0,52529.0
4450,186,10,year hour 4450,67944.94,67.94494,67.94494,602.0,52535.0
4451,186,11,year hour 4451,67802.9,67.8029,67.8029,588.0,52375.0
4452,186,12,year hour 4452,81722.33,81.72233000000001,81.72233000000001,620.0,54880.0
4453,186,13,year hour 4453,67952.15,67.95214999999999,67.95214999999999,600.0,52484.0
4454,186,14,year hour 4454,67660.66,67.66066000000001,67.66066000000001,601.0,53191.0
4455,186,15,year hour 4455,68569.25,68.56924999999998,68.56924999999998,595.0,52507.0
4456,186,16,year hour 4456,69555.96,69.55596,69.55596,608.0,53372.0
4457,186,17,year hour 4457,68005.42,68.00542,68.00542,598.0,52153.0
4458,186,18,year hour 4458,70931.0,70.931,70.931,607.0,53552.0
4459,186,19,year hour 4459,67678.63,67.67863,67.67863,599.0,52674.0
4460,186,20,year hour 4460,68076.09,68.07609,68.07609,599.0,52651.0
4461,186,21,year hour 4461,67722.46,67.72246000000001,67.72246000000001,602.0,53040.0
4462,186,22,year hour 4462,67821.74,67.82174,67.82174,604.0,52967.0
4463,186,23,year hour 4463,66036.23,66.03622999999999,66.03622999999999,582.0,51731.0
4464,187,0,year hour 4464,84257.97,84.25797,84.25797,627.0,56190.0
4465,187,1,year hour 4465,67763.65,67.76365,67.76365,602.0,52182.0
4466,187,2,year hour 4466,67864.3,67.8643,67.8643,601.0,52088.0
4467,187,3,year hour 4467,67591.19,67.59119,67.59119,601.0,52786.0
4468,187,4,year hour 4468,68144.07,68.14407000000001,68.14407000000001,601.0,52279.0
4469,187,5,year hour 4469,68040.49,68.04049,68.04049,601.0,53095.0
4470,187,6,year hour 4470,71032.18,71.03218,71.03218,607.0,53189.0
4471,187,7,year hour 4471,68068.45,68.06845,68.06845,595.0,52165.0
4472,187,8,year hour 4472,69069.68000000001,69.06968,69.06968,604.0,53833.0
4473,187,9,year hour 4473,67953.64,67.95364,67.95364,604.0,52529.0
4474,187,10,year hour 4474,67944.94,67.94494,67.94494,602.0,52535.0
4475,187,11,year hour 4475,67802.9,67.8029,67.8029,588.0,52375.0
4476,187,12,year hour 4476,81722.33,81.72233000000001,81.72233000000001,620.0,54880.0
4477,187,13,year hour 4477,67952.15,67.95214999999999,67.95214999999999,600.0,52484.0
4478,187,14,year hour 4478,67660.66,67.66066000000001,67.66066000000001,601.0,53191.0
4479,187,15,year hour 4479,68569.25,68.56924999999998,68.56924999999998,595.0,52507.0
4480,187,16,year hour 4480,69555.96,69.55596,69.55596,608.0,53372.0
4481,187,17,year hour 4481,68005.42,68.00542,68.00542,598.0,52153.0
4482,187,18,year hour 4482,70931.0,70.931,70.931,607.0,53552.0
4483,187,19,year hour 4483,67678.63,67.67863,67.67863,599.0,52674.0
4484,187,20,year hour 4484,68076.09,68.07609,68.07609,599.0,52651.0
4485,187,21,year hour 4485,67722.46,67.72246000000001,67.72246000000001,602.0,53040.0
4486,187,22,year hour 4486,67821.74,67.82174,67.82174,604.0,52967.0
4487,187,23,year hour 4487,66036.23,66.03622999999999,66.03622999999999,582.0,51731.0
4488,188,0,year hour 4488,84257.97,84.25797,84.25797,627.0,56190.0
4489,188,1,year hour 4489,67763.65,67.76365,67.76365,602.0,52182.0
4490,188,2,year hour 4490,67864.3,67.8643,67.8643,601.0,52088.0
4491,188,3,year hour 4491,67591.19,67.59119,67.59119,601.0,52786.0
4492,188,4,year hour 4492,68144.07,68.14407000000001,68.14407000000001,601.0,52279.0
4493,188,5,year hour 4493,68040.49,68.04049,68.04049,601.0,53095.0
4494,188,6,year hour 4494,71032.18,71.03218,71.03218,607.0,53189.0
4495,188,7,year hour 4495,68068.45,68.06845,68.06845,595.0,52165.0
4496,188,8,year hour 4496,69069.68000000001,69.06968,69.06968,604.0,53833.0
4497,188,9,year hour 4497,67953.64,67.95364,67.95364,604.0,52529.0
4498,188,10,year hour 4498,67944.94,67.94494,67.94494,602.0,52535.0
4499,188,11,year hour 4499,67802.9,67.8029,67.8029,588.0,52375.0
4500,188,12,year hour 4500,81722.33,81.72233000000001,81.72233000000001,620.0,54880.0
4501,188,13,year hour 4501,67952.15,67.95214999999999,67.95214999999999,600.0,52484.0
4502,188,14,year hour 4502,67660.66,67.66066000000001,67.66066000000001,601.0,53191.0
4503,188,15,year hour 4503,68569.25,68.56924999999998,68.56924999999998,595.0,52507.0
4504,188,16,year hour 4504,69555.96,69.55596,69.55596,608.0,53372.0
4505,188,17,year hour 4505,68005.42,68.00542,68.00542,598.0,52153.0
4506,188,18,year hour 4506,70931.0,70.931,70.931,607.0,53552.0
4507,188,19,year hour 4507,67678.63,67.67863,67.67863,599.0,52674.0
4508,188,20,year hour 4508,68076.09,68.07609,68.07609,599.0,52651.0
4509,188,21,year hour 4509,67722.46,67.72246000000001,67.72246000000001,602.0,53040.0
4510,188,22,year hour 4510,67821.74,67.82174,67.82174,604.0,52967.0
4511,188,23,year hour 4511,66036.23,66.03622999999999,66.03622999999999,582.0,51731.0
4512,189,0,year hour 4512,84257.97,84.25797,84.25797,627.0,56190.0
4513,189,1,year hour 4513,67763.65,67.76365,67.76365,602.0,52182.0
4514,189,2,year hour 4514,67864.3,67.8643,67.8643,601.0,52088.0
4515,189,3,year hour 4515,67591.19,67.59119,67.59119,601.0,52786.0
4516,189,4,year hour 4516,68144.07,68.14407000000001,68.14407000000001,601.0,52279.0
4517,189,5,year hour 4517,68040.49,68.04049,68.04049,601.0,53095.0
4518,189,6,year hour 4518,71032.18,71.03218,71.03218,607.0,53189.0
4519,189,7,year hour 4519,68068.45,68.06845,68.06845,595.0,52165.0
4520,189,8,year hour 4520,69069.68000000001,69.06968,69.06968,604.0,53833.0
4521,189,9,year hour 4521,67953.64,67.95364,67.95364,604.0,52529.0
4522,189,10,year hour 4522,67944.94,67.94494,67.94494,602.0,52535.0
4523,189,11,year hour 4523,67802.9,67.8029,67.8029,588.0,52375.0
4524,189,12,year hour 4524,81722.33,81.72233000000001,81.72233000000001,620.0,54880.0
4525,189,13,year hour 4525,67952.15,67.95214999999999,67.95214999999999,600.0,52484.0
4526,189,14,year hour 4526,67660.66,67.66066000000001,67.66066000000001,601.0,53191.0
4527,189,15,year hour 4527,68569.25,68.56924999999998,68.56924999999998,595.0,52507.0
4528,189,16,year hour 4528,69555.96,69.55596,69.55596,608.0,53372.0
4529,189,17,year hour 4529,68005.42,68.00542,68.00542,598.0,52153.0
4530,189,18,year hour 4530,70931.0,70.931,70.931,607.0,53552.0
4531,189,19,year hour 4531,67678.63,67.67863,67.67863,599.0,52674.0
4532,189,20,year hour 4532,68076.09,68.07609,68.07609,599.0,52651.0
4533,189,21,year hour 4533,67722.46,67.72246000000001,67.72246000000001,602.0,53040.0
4534,189,22,year hour 4534,67821.74,67.82174,67.82174,604.0,52967.0
4535,189,23,year hour 4535,66036.23,66.03622999999999,66.03622999999999,582.0,51731.0
4536,190,0,year hour 4536,84257.97,84.25797,84.25797,627.0,56190.0
4537,190,1,year hour 4537,67763.65,67.76365,67.76365,602.0,52182.0
4538,190,2,year hour 4538,67864.3,67.8643,67.8643,601.0,52088.0
4539,190,3,year hour 4539,67591.19,67.59119,67.59119,601.0,52786.0
4540,190,4,year hour 4540,68144.07,68.14407000000001,68.14407000000001,601.0,52279.0
4541,190,5,year hour 4541,68040.49,68.04049,68.04049,601.0,53095.0
4542,190,6,year hour 4542,71032.18,71.03218,71.03218,607.0,53189.0
4543,190,7,year hour 4543,68068.45,68.06845,68.06845,595.0,52165.0
4544,190,8,year hour 4544,69069.68000000001,69.06968,69.06968,604.0,53833.0
4545,190,9,year hour 4545,67953.64,67.95364,67.95364,604.0,52529.0
4546,190,10,year hour 4546,67944.94,67.94494,67.94494,602.0,52535.0
4547,190,11,year hour 4547,67802.9,67.8029,67.8029,588.0,52375.0
4548,190,12,year hour 4548,81722.33,81.72233000000001,81.72233000000001,620.0,54880.0
4549,190,13,year hour 4549,67952.15,67.95214999999999,67.95214999999999,600.0,52484.0
4550,190,14,year hour 4550,67660.66,67.66066000000001,67.66066000000001,601.0,53191.0
4551,190,15,year hour 4551,68569.25,68.56924999999998,68.56924999999998,595.0,52507.0
4552,190,16,year hour 4552,69555.96,69.55596,69.55596,608.0,53372.0
4553,190,17,year hour 4553,68005.42,68.00542,68.00542,598.0,52153.0
4554,190,18,year hour 4554,70931.0,70.931,70.931,607.0,53552.0
4555,190,19,year hour 4555,67678.63,67.67863,67.67863,599.0,52674.0
4556,190,20,year hour 4556,68076.09,68.07609,68.07609,599.0,52651.0
4557,190,21,year hour 4557,67722.46,67.72246000000001,67.72246000000001,602.0,53040.0
4558,190,22,year hour 4558,67821.74,67.82174,67.82174,604.0,52967.0
4559,190,23,year hour 4559,66036.23,66.03622999999999,66.03622999999999,582.0,51731.0
4560,191,0,year hour 4560,84257.97,84.25797,84.25797,627.0,56190.0
4561,191,1,year hour 4561,67763.65,67.76365,67.76365,602.0,52182.0
4562,191,2,year hour 4562,67864.3,67.8643,67.8643,601.0,52088.0
4563,191,3,year hour 4563,67591.19,67.59119,67.59119,601.0,52786.0
4564,191,4,year hour 4564,68144.07,68.14407000000001,68.14407000000001,601.0,52279.0
4565,191,5,year hour 4565,68040.49,68.04049,68.04049,601.0,53095.0
4566,191,6,year hour 4566,71032.18,71.03218,71.03218,607.0,53189.0
4567,191,7,year hour 4567,68068.45,68.06845,68.06845,595.0,52165.0
4568,191,8,year hour 4568,69069.68000000001,69.06968,69.06968,604.0,53833.0
4569,191,9,year hour 4569,67953.64,67.95364,67.95364,604.0,52529.0
4570,191,10,year hour 4570,67944.94,67.94494,67.94494,602.0,52535.0
4571,191,11,year hour 4571,67802.9,67.8029,67.8029,588.0,52375.0
4572,191,12,year hour 4572,81722.33,81.72233000000001,81.72233000000001,620.0,54880.0
4573,191,13,year hour 4573,67952.15,67.95214999999999,67.95214999999999,600.0,52484.0
4574,191,14,year hour 4574,67660.66,67.66066000000001,67.66066000000001,601.0,53191.0
4575,191,15,year hour 4575,68569.25,68.56924999999998,68.56924999999998,595.0,52507.0
4576,191,16,year hour 4576,69555.96,69.55596,69.55596,608.0,53372.0
4577,191,17,year hour 4577,68005.42,68.00542,68.00542,598.0,52153.0
4578,191,18,year hour 4578,70931.0,70.931,70.931,607.0,53552.0
4579,191,19,year hour 4579,67678.63,67.67863,67.67863,599.0,52674.0
4580,191,20,year hour 4580,68076.09,68.07609,68.07609,599.0,52651.0
4581,191,21,year hour 4581,67722.46,67.72246000000001,67.72246000000001,602.0,53040.0
4582,191,22,year hour 4582,67821.74,67.82174,67.82174,604.0,52967.0
4583,191,23,year hour 4583,66036.23,66.03622999999999,66.03622999999999,582.0,51731.0
4584,192,0,year hour 4584,84257.97,84.25797,84.25797,627.0,56190.0
4585,192,1,year hour 4585,67763.65,67.76365,67.76365,602.0,52182.0
4586,192,2,year hour 4586,67864.3,67.8643,67.8643,601.0,52088.0
4587,192,3,year hour 4587,67591.19,67.59119,67.59119,601.0,52786.0
4588,192,4,year hour 4588,68144.07,68.14407000000001,68.14407000000001,601.0,52279.0
4589,192,5,year hour 4589,68040.49,68.04049,68.04049,601.0,53095.0
4590,192,6,year hour 4590,71032.18,71.03218,71.03218,607.0,53189.0
4591,192,7,year hour 4591,68068.45,68.06845,68.06845,595.0,52165.0
4592,192,8,year hour 4592,69069.68000000001,69.06968,69.06968,604.0,53833.0
4593,192,9,year hour 4593,67953.64,67.95364,67.95364,604.0,52529.0
4594,192,10,year hour 4594,67944.94,67.94494,67.94494,602.0,52535.0
4595,192,11,year hour 4595,67802.9,67.8029,67.8029,588.0,52375.0
4596,192,12,year hour 4596,81722.33,81.72233000000001,81.72233000000001,620.0,54880.0
4597,192,13,year hour 4597,67952.15,67.95214999999999,67.95214999999999,600.0,52484.0
4598,192,14,year hour 4598,67660.66,67.66066000000001,67.66066000000001,601.0,53191.0
4599,192,15,year hour 4599,68569.25,68.56924999999998,68.56924999999998,595.0,52507.0
4600,192,16,year hour 4600,69555.96,69.55596,69.55596,608.0,53372.0
4601,192,17,year hour 4601,68005.42,68.00542,68.00542,598.0,52153.0
4602,192,18,year hour 4602,70931.0,70.931,70.931,607.0,53552.0
4603,192,19,year hour 4603,67678.63,67.67863,67.67863,599.0,52674.0
4604,192,20,year hour 4604,68076.09,68.07609,68.07609,599.0,52651.0
4605,192,21,year hour 4605,67722.46,67.72246000000001,67.72246000000001,602.0,53040.0
4606,192,22,year hour 4606,67821.74,67.82174,67.82174,604.0,52967.0
4607,192,23,year hour 4607,66036.23,66.03622999999999,66.03622999999999,582.0,51731.0
4608,193,0,year hour 4608,84257.97,84.25797,84.25797,627.0,56190.0
4609,193,1,year hour 4609,67763.65,67.76365,67.76365,602.0,52182.0
4610,193,2,year hour 4610,67864.3,67.8643,67.8643,601.0,52088.0
4611,193,3,year hour 4611,67591.19,67.59119,67.59119,601.0,52786.0
4612,193,4,year hour 4612,68144.07,68.14407000000001,68.14407000000001,601.0,52279.0
4613,193,5,year hour 4613,68040.49,68.04049,68.04049,601.0,53095.0
4614,193,6,year hour 4614,71032.18,71.03218,71.03218,607.0,53189.0
4615,193,7,year hour 4615,68068.45,68.06845,68.06845,595.0,52165.0
4616,193,8,year hour 4616,69069.68000000001,69.06968,69.06968,604.0,53833.0
4617,193,9,year hour 4617,67953.64,67.95364,67.95364,604.0,52529.0
4618,193,10,year hour 4618,67944.94,67.94494,67.94494,602.0,52535.0
4619,193,11,year hour 4619,67802.9,67.8029,67.8029,588.0,52375.0
4620,193,12,year hour 4620,81722.33,81.72233000000001,81.72233000000001,620.0,54880.0
4621,193,13,year hour 4621,67952.15,67.95214999999999,67.95214999999999,600.0,52484.0
4622,193,14,year hour 4622,67660.66,67.66066000000001,67.66066000000001,601.0,53191.0
4623,193,15,year hour 4623,68569.25,68.56924999999998,68.56924999999998,595.0,52507.0
4624,193,16,year hour 4624,69555.96,69.55596,69.55596,608.0,53372.0
4625,193,17,year hour 4625,68005.42,68.00542,68.00542,598.0,52153.0
4626,193,18,year hour 4626,70931.0,70.931,70.931,607.0,53552.0
4627,193,19,year hour 4627,67678.63,67.67863,67.67863,599.0,52674.0
4628,193,20,year hour 4628,68076.09,68.07609,68.07609,599.0,52651.0
4629,193,21,year hour 4629,67722.46,67.72246000000001,67.72246000000001,602.0,53040.0
4630,193,22,year hour 4630,67821.74,67.82174,67.82174,604.0,52967.0
4631,193,23,year hour 4631,66036.23,66.03622999999999,66.03622999999999,582.0,51731.0
4632,194,0,year hour 4632,84257.97,84.25797,84.25797,627.0,56190.0
4633,194,1,year hour 4633,67763.65,67.76365,67.76365,602.0,52182.0
4634,194,2,year hour 4634,67864.3,67.8643,67.8643,601.0,52088.0
4635,194,3,year hour 4635,67591.19,67.59119,67.59119,601.0,52786.0
4636,194,4,year hour 4636,68144.07,68.14407000000001,68.14407000000001,601.0,52279.0
4637,194,5,year hour 4637,68040.49,68.04049,68.04049,601.0,53095.0
4638,194,6,year hour 4638,71032.18,71.03218,71.03218,607.0,53189.0
4639,194,7,year hour 4639,68068.45,68.06845,68.06845,595.0,52165.0
4640,194,8,year hour 4640,69069.68000000001,69.06968,69.06968,604.0,53833.0
4641,194,9,year hour 4641,67953.64,67.95364,67.95364,604.0,52529.0
4642,194,10,year hour 4642,67944.94,67.94494,67.94494,602.0,52535.0
4643,194,11,year hour 4643,67802.9,67.8029,67.8029,588.0,52375.0
4644,194,12,year hour 4644,81722.33,81.72233000000001,81.72233000000001,620.0,54880.0
4645,194,13,year hour 4645,67952.15,67.95214999999999,67.95214999999999,600.0,52484.0
4646,194,14,year hour 4646,67660.66,67.66066000000001,67.66066000000001,601.0,53191.0
4647,194,15,year hour 4647,68569.25,68.56924999999998,68.56924999999998,595.0,52507.0
4648,194,16,year hour 4648,69555.96,69.55596,69.55596,608.0,53372.0
4649,194,17,year hour 4649,68005.42,68.00542,68.00542,598.0,52153.0
4650,194,18,year hour 4650,70931.0,70.931,70.931,607.0,53552.0
4651,194,19,year hour 4651,67678.63,67.67863,67.67863,599.0,52674.0
4652,194,20,year hour 4652,68076.09,68.07609,68.07609,599.0,52651.0
4653,194,21,year hour 4653,67722.46,67.72246000000001,67.72246000000001,602.0,53040.0
4654,194,22,year hour 4654,67821.74,67.82174,67.82174,604.0,52967.0
4655,194,23,year hour 4655,66036.23,66.03622999999999,66.03622999999999,582.0,51731.0
4656,195,0,year hour 4656,84257.97,84.25797,84.25797,627.0,56190.0
4657,195,1,year hour 4657,67763.65,67.76365,67.76365,602.0,52182.0
4658,195,2,year hour 4658,67864.3,67.8643,67.8643,601.0,52088.0
4659,195,3,year hour 4659,67591.19,67.59119,67.59119,601.0,52786.0
4660,195,4,year hour 4660,68144.07,68.14407000000001,68.14407000000001,601.0,52279.0
4661,195,5,year hour 4661,68040.49,68.04049,68.04049,601.0,53095.0
4662,195,6,year hour 4662,71032.18,71.03218,71.03218,607.0,53189.0
4663,195,7,year hour 4663,68068.45,68.06845,68.06845,595.0,52165.0
4664,195,8,year hour 4664,69069.68000000001,69.06968,69.06968,604.0,53833.0
4665,195,9,year hour 4665,67953.64,67.95364,67.95364,604.0,52529.0
4666,195,10,year hour 4666,67944.94,67.94494,67.94494,602.0,52535.0
4667,195,11,year hour 4667,67802.9,67.8029,67.8029,588.0,52375.0
4668,195,12,year hour 4668,81722.33,81.72233000000001,81.72233000000001,620.0,54880.0
4669,195,13,year hour 4669,67952.15,67.95214999999999,67.95214999999999,600.0,52484.0
4670,195,14,year hour 4670,67660.66,67.66066000000001,67.66066000000001,601.0,53191.0
4671,195,15,year hour 4671,68569.25,68.56924999999998,68.56924999999998,595.0,52507.0
4672,195,16,year hour 4672,69555.96,69.55596,69.55596,608.0,53372.0
4673,195,17,year hour 4673,68005.42,68.00542,68.00542,598.0,52153.0
4674,195,18,year hour 4674,70931.0,70.931,70.931,607.0,53552.0
4675,195,19,year hour 4675,67678.63,67.67863,67.67863,599.0,52674.0
4676,195,20,year hour 4676,68076.09,68.07609,68.07609,599.0,52651.0
4677,195,21,year hour 4677,67722.46,67.72246000000001,67.72246000000001,602.0,53040.0
4678,195,22,year hour 4678,67821.74,67.82174,67.82174,604.0,52967.0
4679,195,23,year hour 4679,66036.23,66.03622999999999,66.03622999999999,582.0,51731.0
4680,196,0,year hour 4680,84257.97,84.25797,84.25797,627.0,56190.0
4681,196,1,year hour 4681,67763.65,67.76365,67.76365,602.0,52182.0
4682,196,2,year hour 4682,67864.3,67.8643,67.8643,601.0,52088.0
4683,196,3,year hour 4683,67591.19,67.59119,67.59119,601.0,52786.0
4684,196,4,year hour 4684,68144.07,68.14407000000001,68.14407000000001,601.0,52279.0
4685,196,5,year hour 4685,68040.49,68.04049,68.04049,601.0,53095.0
4686,196,6,year hour 4686,71032.18,71.03218,71.03218,607.0,53189.0
4687,196,7,year hour 4687,68068.45,68.06845,68.06845,595.0,52165.0
4688,196,8,year hour 4688,69069.68000000001,69.06968,69.06968,604.0,53833.0
4689,196,9,year hour 4689,67953.64,67.95364,67.95364,604.0,52529.0
4690,196,10,year hour 4690,67944.94,67.94494,67.94494,602.0,52535.0
4691,196,11,year hour 4691,67802.9,67.8029,67.8029,588.0,52375.0
4692,196,12,year hour 4692,81722.33,81.72233000000001,81.72233000000001,620.0,54880.0
4693,196,13,year hour 4693,67952.15,67.95214999999999,67.95214999999999,600.0,52484.0
4694,196,14,year hour 4694,67660.66,67.66066000000001,67.66066000000001,601.0,53191.0
4695,196,15,year hour 4695,68569.25,68.56924999999998,68.56924999999998,595.0,52507.0
4696,196,16,year hour 4696,69555.96,69.55596,69.55596,608.0,53372.0
4697,196,17,year hour 4697,68005.42,68.00542,68.00542,598.0,52153.0
4698,196,18,year hour 4698,70931.0,70.931,70.931,607.0,53552.0
4699,196,19,year hour 4699,67678.63,67.67863,67.67863,599.0,52674.0
4700,196,20,year hour 4700,68076.09,68.07609,68.07609,599.0,52651.0
4701,196,21,year hour 4701,67722.46,67.72246000000001,67.72246000000001,602.0,53040.0
4702,196,22,year hour 4702,67821.74,67.82174,67.82174,604.0,52967.0
4703,196,23,year hour 4703,66036.23,66.03622999999999,66.03622999999999,582.0,51731.0
4704,197,0,year hour 4704,84257.97,84.25797,84.25797,627.0,56190.0
4705,197,1,year hour 4705,67763.65,67.76365,67.76365,602.0,52182.0
4706,197,2,year hour 4706,67864.3,67.8643,67.8643,601.0,52088.0
4707,197,3,year hour 4707,67591.19,67.59119,67.59119,601.0,52786.0
4708,197,4,year hour 4708,68144.07,68.14407000000001,68.14407000000001,601.0,52279.0
4709,197,5,year hour 4709,68040.49,68.04049,68.04049,601.0,53095.0
4710,197,6,year hour 4710,71032.18,71.03218,71.03218,607.0,53189.0
4711,197,7,year hour 4711,68068.45,68.06845,68.06845,595.0,52165.0
4712,197,8,year hour 4712,69069.68000000001,69.06968,69.06968,604.0,53833.0
4713,197,9,year hour 4713,67953.64,67.95364,67.95364,604.0,52529.0
4714,197,10,year hour 4714,67944.94,67.94494,67.94494,602.0,52535.0
4715,197,11,year hour 4715,67802.9,67.8029,67.8029,588.0,52375.0
4716,197,12,year hour 4716,81722.33,81.72233000000001,81.72233000000001,620.0,54880.0
4717,197,13,year hour 4717,67952.15,67.95214999999999,67.95214999999999,600.0,52484.0
4718,197,14,year hour 4718,67660.66,67.66066000000001,67.66066000000001,601.0,53191.0
4719,197,15,year hour 4719,68569.25,68.56924999999998,68.56924999999998,595.0,52507.0
4720,197,16,year hour 4720,69555.96,69.55596,69.55596,608.0,53372.0
4721,197,17,year hour 4721,68005.42,68.00542,68.00542,598.0,52153.0
4722,197,18,year hour 4722,70931.0,70.931,70.931,607.0,53552.0
4723,197,19,year hour 4723,67678.63,67.67863,67.67863,599.0,52674.0
4724,197,20,year hour 4724,68076.09,68.07609,68.07609,599.0,52651.0
4725,197,21,year hour 4725,67722.46,67.72246000000001,67.72246000000001,602.0,53040.0
4726,197,22,year hour 4726,67821.74,67.82174,67.82174,604.0,52967.0
4727,197,23,year hour 4727,66036.23,66.03622999999999,66.03622999999999,582.0,51731.0
4728,198,0,year hour 4728,84257.97,84.25797,84.25797,627.0,56190.0
4729,198,1,year hour 4729,67763.65,67.76365,67.76365,602.0,52182.0
4730,198,2,year hour 4730,67864.3,67.8643,67.8643,601.0,52088.0
4731,198,3,year hour 4731,67591.19,67.59119,67.59119,601.0,52786.0
4732,198,4,year hour 4732,68144.07,68.14407000000001,68.14407000000001,601.0,52279.0
4733,198,5,year hour 4733,68040.49,68.04049,68.04049,601.0,53095.0
4734,198,6,year hour 4734,71032.18,71.03218,71.03218,607.0,53189.0
4735,198,7,year hour 4735,68068.45,68.06845,68.06845,595.0,52165.0
4736,198,8,year hour 4736,69069.68000000001,69.06968,69.06968,604.0,53833.0
4737,198,9,year hour 4737,67953.64,67.95364,67.95364,604.0,52529.0
4738,198,10,year hour 4738,67944.94,67.94494,67.94494,602.0,52535.0
4739,198,11,year hour 4739,67802.9,67.8029,67.8029,588.0,52375.0
4740,198,12,year hour 4740,81722.33,81.72233000000001,81.72233000000001,620.0,54880.0
4741,198,13,year hour 4741,67952.15,67.95214999999999,67.95214999999999,600.0,52484.0
4742,198,14,year hour 4742,67660.66,67.66066000000001,67.66066000000001,601.0,53191.0
4743,198,15,year hour 4743,68569.25,68.56924999999998,68.56924999999998,595.0,52507.0
4744,198,16,year hour 4744,69555.96,69.55596,69.55596,608.0,53372.0
4745,198,17,year hour 4745,68005.42,68.00542,68.00542,598.0,52153.0
4746,198,18,year hour 4746,70931.0,70.931,70.931,607.0,53552.0
4747,198,19,year hour 4747,67678.63,67.67863,67.67863,599.0,52674.0
4748,198,20,year hour 4748,68076.09,68.07609,68.07609,599.0,52651.0
4749,198,21,year hour 4749,67722.46,67.72246000000001,67.72246000000001,602.0,53040.0
4750,198,22,year hour 4750,67821.74,67.82174,67.82174,604.0,52967.0
4751,198,23,year hour 4751,66036.23,66.03622999999999,66.03622999999999,582.0,51731.0
4752,199,0,year hour 4752,84257.97,84.25797,84.25797,627.0,56190.0
4753,199,1,year hour 4753,67763.65,67.76365,67.76365,602.0,52182.0
4754,199,2,year hour 4754,67864.3,67.8643,67.8643,601.0,52088.0
4755,199,3,year hour 4755,67591.19,67.59119,67.59119,601.0,52786.0
4756,199,4,year hour 4756,68144.07,68.14407000000001,68.14407000000001,601.0,52279.0
4757,199,5,year hour 4757,68040.49,68.04049,68.04049,601.0,53095.0
4758,199,6,year hour 4758,71032.18,71.03218,71.03218,607.0,53189.0
4759,199,7,year hour 4759,68068.45,68.06845,68.06845,595.0,52165.0
4760,199,8,year hour 4760,69069.68000000001,69.06968,69.06968,604.0,53833.0
4761,199,9,year hour 4761,67953.64,67.95364,67.95364,604.0,52529.0
4762,199,10,year hour 4762,67944.94,67.94494,67.94494,602.0,52535.0
4763,199,11,year hour 4763,67802.9,67.8029,67.8029,588.0,52375.0
4764,199,12,year hour 4764,81722.33,81.72233000000001,81.72233000000001,620.0,54880.0
4765,199,13,year hour 4765,67952.15,67.95214999999999,67.95214999999999,600.0,52484.0
4766,199,14,year hour 4766,67660.66,67.66066000000001,67.66066000000001,601.0,53191.0
4767,199,15,year hour 4767,68569.25,68.56924999999998,68.56924999999998,595.0,52507.0
4768,199,16,year hour 4768,69555.96,69.55596,69.55596,608.0,53372.0
4769,199,17,year hour 4769,68005.42,68.00542,68.00542,598.0,52153.0
4770,199,18,year hour 4770,70931.0,70.931,70.931,607.0,53552.0
4771,199,19,year hour 4771,67678.63,67.67863,67.67863,599.0,52674.0
4772,199,20,year hour 4772,68076.09,68.07609,68.07609,599.0,52651.0
4773,199,21,year hour 4773,67722.46,67.72246000000001,67.72246000000001,602.0,53040.0
4774,199,22,year hour 4774,67821.74,67.82174,67.82174,604.0,52967.0
4775,199,23,year hour 4775,66036.23,66.03622999999999,66.03622999999999,582.0,51731.0
4776,200,0,year hour 4776,84257.97,84.25797,84.25797,627.0,56190.0
4777,200,1,year hour 4777,67763.65,67.76365,67.76365,602.0,52182.0
4778,200,2,year hour 4778,67864.3,67.8643,67.8643,601.0,52088.0
4779,200,3,year hour 4779,67591.19,67.59119,67.59119,601.0,52786.0
4780,200,4,year hour 4780,68144.07,68.14407000000001,68.14407000000001,601.0,52279.0
4781,200,5,year hour 4781,68040.49,68.04049,68.04049,601.0,53095.0
4782,200,6,year hour 4782,71032.18,71.03218,71.03218,607.0,53189.0
4783,200,7,year hour 4783,68068.45,68.06845,68.06845,595.0,52165.0
4784,200,8,year hour 4784,69069.68000000001,69.06968,69.06968,604.0,53833.0
4785,200,9,year hour 4785,67953.64,67.95364,67.95364,604.0,52529.0
4786,200,10,year hour 4786,67944.94,67.94494,67.94494,602.0,52535.0
4787,200,11,year hour 4787,67802.9,67.8029,67.8029,588.0,52375.0
4788,200,12,year hour 4788,81722.33,81.72233000000001,81.72233000000001,620.0,54880.0
4789,200,13,year hour 4789,67952.15,67.95214999999999,67.95214999999999,600.0,52484.0
4790,200,14,year hour 4790,67660.66,67.66066000000001,67.66066000000001,601.0,53191.0
4791,200,15,year hour 4791,68569.25,68.56924999999998,68.56924999999998,595.0,52507.0
4792,200,16,year hour 4792,69555.96,69.55596,69.55596,608.0,53372.0
4793,200,17,year hour 4793,68005.42,68.00542,68.00542,598.0,52153.0
4794,200,18,year hour 4794,70931.0,70.931,70.931,607.0,53552.0
4795,200,19,year hour 4795,67678.63,67.67863,67.67863,599.0,52674.0
4796,200,20,year hour 4796,68076.09,68.07609,68.07609,599.0,52651.0
4797,200,21,year hour 4797,67722.46,67.72246000000001,67.72246000000001,602.0,53040.0
4798,200,22,year hour 4798,67821.74,67.82174,67.82174,604.0,52967.0
4799,200,23,year hour 4799,66036.23,66.03622999999999,66.03622999999999,582.0,51731.0
4800,201,0,year hour 4800,84257.97,84.25797,84.25797,627.0,56190.0
4801,201,1,year hour 4801,67763.65,67.76365,67.76365,602.0,52182.0
4802,201,2,year hour 4802,67864.3,67.8643,67.8643,601.0,52088.0
4803,201,3,year hour 4803,67591.19,67.59119,67.59119,601.0,52786.0
4804,201,4,year hour 4804,68144.07,68.14407000000001,68.14407000000001,601.0,52279.0
4805,201,5,year hour 4805,68040.49,68.04049,68.04049,601.0,53095.0
4806,201,6,year hour 4806,71032.18,71.03218,71.03218,607.0,53189.0
4807,201,7,year hour 4807,68068.45,68.06845,68.06845,595.0,52165.0
4808,201,8,year hour 4808,69069.68000000001,69.06968,69.06968,604.0,53833.0
4809,201,9,year hour 4809,67953.64,67.95364,67.95364,604.0,52529.0
4810,201,10,year hour 4810,67944.94,67.94494,67.94494,602.0,52535.0
4811,201,11,year hour 4811,67802.9,67.8029,67.8029,588.0,52375.0
4812,201,12,year hour 4812,81722.33,81.72233000000001,81.72233000000001,620.0,54880.0
4813,201,13,year hour 4813,67952.15,67.95214999999999,67.95214999999999,600.0,52484.0
4814,201,14,year hour 4814,67660.66,67.66066000000001,67.66066000000001,601.0,53191.0
4815,201,15,year hour 4815,68569.25,68.56924999999998,68.56924999999998,595.0,52507.0
4816,201,16,year hour 4816,69555.96,69.55596,69.55596,608.0,53372.0
4817,201,17,year hour 4817,68005.42,68.00542,68.00542,598.0,52153.0
4818,201,18,year hour 4818,70931.0,70.931,70.931,607.0,53552.0
4819,201,19,year hour 4819,67678.63,67.67863,67.67863,599.0,52674.0
4820,201,20,year hour 4820,68076.09,68.07609,68.07609,599.0,52651.0
4821,201,21,year hour 4821,67722.46,67.72246000000001,67.72246000000001,602.0,53040.0
4822,201,22,year hour 4822,67821.74,67.82174,67.82174,604.0,52967.0
4823,201,23,year hour 4823,66036.23,66.03622999999999,66.03622999999999,582.0,51731.0
4824,202,0,year hour 4824,84257.97,84.25797,84.25797,627.0,56190.0
4825,202,1,year hour 4825,67763.65,67.76365,67.76365,602.0,52182.0
4826,202,2,year hour 4826,67864.3,67.8643,67.8643,601.0,52088.0
4827,202,3,year hour 4827,67591.19,67.59119,67.59119,601.0,52786.0
4828,202,4,year hour 4828,68144.07,68.14407000000001,68.14407000000001,601.0,52279.0
4829,202,5,year hour 4829,68040.49,68.04049,68.04049,601.0,53095.0
4830,202,6,year hour 4830,71032.18,71.03218,71.03218,607.0,53189.0
4831,202,7,year hour 4831,68068.45,68.06845,68.06845,595.0,52165.0
4832,202,8,year hour 4832,69069.68000000001,69.06968,69.06968,604.0,53833.0
4833,202,9,year hour 4833,67953.64,67.95364,67.95364,604.0,52529.0
4834,202,10,year hour 4834,67944.94,67.94494,67.94494,602.0,52535.0
4835,202,11,year hour 4835,67802.9,67.8029,67.8029,588.0,52375.0
4836,202,12,year hour 4836,81722.33,81.72233000000001,81.72233000000001,620.0,54880.0
4837,202,13,year hour 4837,67952.15,67.95214999999999,67.95214999999999,600.0,52484.0
4838,202,14,year hour 4838,67660.66,67.66066000000001,67.66066000000001,601.0,53191.0
4839,202,15,year hour 4839,68569.25,68.56924999999998,68.56924999999998,595.0,52507.0
4840,202,16,year hour 4840,69555.96,69.55596,69.55596,608.0,53372.0
4841,202,17,year hour 4841,68005.42,68.00542,68.00542,598.0,52153.0
4842,202,18,year hour 4842,70931.0,70.931,70.931,607.0,53552.0
4843,202,19,year hour 4843,67678.63,67.67863,67.67863,599.0,52674.0
4844,202,20,year hour 4844,68076.09,68.07609,68.07609,599.0,52651.0
4845,202,21,year hour 4845,67722.46,67.72246000000001,67.72246000000001,602.0,53040.0
4846,202,22,year hour 4846,67821.74,67.82174,67.82174,604.0,52967.0
4847,202,23,year hour 4847,66036.23,66.03622999999999,66.03622999999999,582.0,51731.0
4848,203,0,year hour 4848,84257.97,84.25797,84.25797,627.0,56190.0
4849,203,1,year hour 4849,67763.65,67.76365,67.76365,602.0,52182.0
4850,203,2,year hour 4850,67864.3,67.8643,67.8643,601.0,52088.0
4851,203,3,year hour 4851,67591.19,67.59119,67.59119,601.0,52786.0
4852,203,4,year hour 4852,68144.07,68.14407000000001,68.14407000000001,601.0,52279.0
4853,203,5,year hour 4853,68040.49,68.04049,68.04049,601.0,53095.0
4854,203,6,year hour 4854,71032.18,71.03218,71.03218,607.0,53189.0
4855,203,7,year hour 4855,68068.45,68.06845,68.06845,595.0,52165.0
4856,203,8,year hour 4856,69069.68000000001,69.06968,69.06968,604.0,53833.0
4857,203,9,year hour 4857,67953.64,67.95364,67.95364,604.0,52529.0
4858,203,10,year hour 4858,67944.94,67.94494,67.94494,602.0,52535.0
4859,203,11,year hour 4859,67802.9,67.8029,67.8029,588.0,52375.0
4860,203,12,year hour 4860,81722.33,81.72233000000001,81.72233000000001,620.0,54880.0
4861,203,13,year hour 4861,67952.15,67.95214999999999,67.95214999999999,600.0,52484.0
4862,203,14,year hour 4862,67660.66,67.66066000000001,67.66066000000001,601.0,53191.0
4863,203,15,year hour 4863,68569.25,68.56924999999998,68.56924999999998,595.0,52507.0
4864,203,16,year hour 4864,69555.96,69.55596,69.55596,608.0,53372.0
4865,203,17,year hour 4865,68005.42,68.00542,68.00542,598.0,52153.0
4866,203,18,year hour 4866,70931.0,70.931,70.931,607.0,53552.0
4867,203,19,year hour 4867,67678.63,67.67863,67.67863,599.0,52674.0
4868,203,20,year hour 4868,68076.09,68.07609,68.07609,599.0,52651.0
4869,203,21,year hour 4869,67722.46,67.72246000000001,67.72246000000001,602.0,53040.0
4870,203,22,year hour 4870,67821.74,67.82174,67.82174,604.0,52967.0
4871,203,23,year hour 4871,66036.23,66.03622999999999,66.03622999999999,582.0,51731.0
4872,204,0,year hour 4872,84257.97,84.25797,84.25797,627.0,56190.0
4873,204,1,year hour 4873,67763.65,67.76365,67.76365,602.0,52182.0
4874,204,2,year hour 4874,67864.3,67.8643,67.8643,601.0,52088.0
4875,204,3,year hour 4875,67591.19,67.59119,67.59119,601.0,52786.0
4876,204,4,year hour 4876,68144.07,68.14407000000001,68.14407000000001,601.0,52279.0
4877,204,5,year hour 4877,68040.49,68.04049,68.04049,601.0,53095.0
4878,204,6,year hour 4878,71032.18,71.03218,71.03218,607.0,53189.0
4879,204,7,year hour 4879,68068.45,68.06845,68.06845,595.0,52165.0
4880,204,8,year hour 4880,69069.68000000001,69.06968,69.06968,604.0,53833.0
4881,204,9,year hour 4881,67953.64,67.95364,67.95364,604.0,52529.0
4882,204,10,year hour 4882,67944.94,67.94494,67.94494,602.0,52535.0
4883,204,11,year hour 4883,67802.9,67.8029,67.8029,588.0,52375.0
4884,204,12,year hour 4884,81722.33,81.72233000000001,81.72233000000001,620.0,54880.0
4885,204,13,year hour 4885,67952.15,67.95214999999999,67.95214999999999,600.0,52484.0
4886,204,14,year hour 4886,67660.66,67.66066000000001,67.66066000000001,601.0,53191.0
4887,204,15,year hour 4887,68569.25,68.56924999999998,68.56924999999998,595.0,52507.0
4888,204,16,year hour 4888,69555.96,69.55596,69.55596,608.0,53372.0
4889,204,17,year hour 4889,68005.42,68.00542,68.00542,598.0,52153.0
4890,204,18,year hour 4890,70931.0,70.931,70.931,607.0,53552.0
4891,204,19,year hour 4891,67678.63,67.67863,67.67863,599.0,52674.0
4892,204,20,year hour 4892,68076.09,68.07609,68.07609,599.0,52651.0
4893,204,21,year hour 4893,67722.46,67.72246000000001,67.72246000000001,602.0,53040.0
4894,204,22,year hour 4894,67821.74,67.82174,67.82174,604.0,52967.0
4895,204,23,year hour 4895,66036.23,66.03622999999999,66.03622999999999,582.0,51731.0
4896,205,0,year hour 4896,84257.97,84.25797,84.25797,627.0,56190.0
4897,205,1,year hour 4897,67763.65,67.76365,67.76365,602.0,52182.0
4898,205,2,year hour 4898,67864.3,67.8643,67.8643,601.0,52088.0
4899,205,3,year hour 4899,67591.19,67.59119,67.59119,601.0,52786.0
4900,205,4,year hour 4900,68144.07,68.14407000000001,68.14407000000001,601.0,52279.0
4901,205,5,year hour 4901,68040.49,68.04049,68.04049,601.0,53095.0
4902,205,6,year hour 4902,71032.18,71.03218,71.03218,607.0,53189.0
4903,205,7,year hour 4903,68068.45,68.06845,68.06845,595.0,52165.0
4904,205,8,year hour 4904,69069.68000000001,69.06968,69.06968,604.0,53833.0
4905,205,9,year hour 4905,67953.64,67.95364,67.95364,604.0,52529.0
4906,205,10,year hour 4906,67944.94,67.94494,67.94494,602.0,52535.0
4907,205,11,year hour 4907,67802.9,67.8029,67.8029,588.0,52375.0
4908,205,12,year hour 4908,81722.33,81.72233000000001,81.72233000000001,620.0,54880.0
4909,205,13,year hour 4909,67952.15,67.95214999999999,67.95214999999999,600.0,52484.0
4910,205,14,year hour 4910,67660.66,67.66066000000001,67.66066000000001,601.0,53191.0
4911,205,15,year hour 4911,68569.25,68.56924999999998,68.56924999999998,595.0,52507.0
4912,205,16,year hour 4912,69555.96,69.55596,69.55596,608.0,53372.0
4913,205,17,year hour 4913,68005.42,68.00542,68.00542,598.0,52153.0
4914,205,18,year hour 4914,70931.0,70.931,70.931,607.0,53552.0
4915,205,19,year hour 4915,67678.63,67.67863,67.67863,599.0,52674.0
4916,205,20,year hour 4916,68076.09,68.07609,68.07609,599.0,52651.0
4917,205,21,year hour 4917,67722.46,67.72246000000001,67.72246000000001,602.0,53040.0
4918,205,22,year hour 4918,67821.74,67.82174,67.82174,604.0,52967.0
4919,205,23,year hour 4919,66036.23,66.03622999999999,66.03622999999999,582.0,51731.0
4920,206,0,year hour 4920,84257.97,84.25797,84.25797,627.0,56190.0
4921,206,1,year hour 4921,67763.65,67.76365,67.76365,602.0,52182.0
4922,206,2,year hour 4922,67864.3,67.8643,67.8643,601.0,52088.0
4923,206,3,year hour 4923,67591.19,67.59119,67.59119,601.0,52786.0
4924,206,4,year hour 4924,68144.07,68.14407000000001,68.14407000000001,601.0,52279.0
4925,206,5,year hour 4925,68040.49,68.04049,68.04049,601.0,53095.0
4926,206,6,year hour 4926,71032.18,71.03218,71.03218,607.0,53189.0
4927,206,7,year hour 4927,68068.45,68.06845,68.06845,595.0,52165.0
4928,206,8,year hour 4928,69069.68000000001,69.06968,69.06968,604.0,53833.0
4929,206,9,year hour 4929,67953.64,67.95364,67.95364,604.0,52529.0
4930,206,10,year hour 4930,67944.94,67.94494,67.94494,602.0,52535.0
4931,206,11,year hour 4931,67802.9,67.8029,67.8029,588.0,52375.0
4932,206,12,year hour 4932,81722.33,81.72233000000001,81.72233000000001,620.0,54880.0
4933,206,13,year hour 4933,67952.15,67.95214999999999,67.95214999999999,600.0,52484.0
4934,206,14,year hour 4934,67660.66,67.66066000000001,67.66066000000001,601.0,53191.0
4935,206,15,year hour 4935,68569.25,68.56924999999998,68.56924999999998,595.0,52507.0
4936,206,16,year hour 4936,69555.96,69.55596,69.55596,608.0,53372.0
4937,206,17,year hour 4937,68005.42,68.00542,68.00542,598.0,52153.0
4938,206,18,year hour 4938,70931.0,70.931,70.931,607.0,53552.0
4939,206,19,year hour 4939,67678.63,67.67863,67.67863,599.0,52674.0
4940,206,20,year hour 4940,68076.09,68.07609,68.07609,599.0,52651.0
4941,206,21,year hour 4941,67722.46,67.72246000000001,67.72246000000001,602.0,53040.0
4942,206,22,year hour 4942,67821.74,67.82174,67.82174,604.0,52967.0
4943,206,23,year hour 4943,66036.23,66.03622999999999,66.03622999999999,582.0,51731.0
4944,207,0,year hour 4944,84257.97,84.25797,84.25797,627.0,56190.0
4945,207,1,year hour 4945,67763.65,67.76365,67.76365,602.0,52182.0
4946,207,2,year hour 4946,67864.3,67.8643,67.8643,601.0,52088.0
4947,207,3,year hour 4947,67591.19,67.59119,67.59119,601.0,52786.0
4948,207,4,year hour 4948,68144.07,68.14407000000001,68.14407000000001,601.0,52279.0
4949,207,5,year hour 4949,68040.49,68.04049,68.04049,601.0,53095.0
4950,207,6,year hour 4950,71032.18,71.03218,71.03218,607.0,53189.0
4951,207,7,year hour 4951,68068.45,68.06845,68.06845,595.0,52165.0
4952,207,8,year hour 4952,69069.68000000001,69.06968,69.06968,604.0,53833.0
4953,207,9,year hour 4953,67953.64,67.95364,67.95364,604.0,52529.0
4954,207,10,year hour 4954,67944.94,67.94494,67.94494,602.0,52535.0
4955,207,11,year hour 4955,67802.9,67.8029,67.8029,588.0,52375.0
4956,207,12,year hour 4956,81722.33,81.72233000000001,81.72233000000001,620.0,54880.0
4957,207,13,year hour 4957,67952.15,67.95214999999999,67.95214999999999,600.0,52484.0
4958,207,14,year hour 4958,67660.66,67.66066000000001,67.66066000000001,601.0,53191.0
4959,207,15,year hour 4959,68569.25,68.56924999999998,68.56924999999998,595.0,52507.0
4960,207,16,year hour 4960,69555.96,69.55596,69.55596,608.0,53372.0
4961,207,17,year hour 4961,68005.42,68.00542,68.00542,598.0,52153.0
4962,207,18,year hour 4962,70931.0,70.931,70.931,607.0,53552.0
4963,207,19,year hour 4963,67678.63,67.67863,67.67863,599.0,52674.0
4964,207,20,year hour 4964,68076.09,68.07609,68.07609,599.0,52651.0
4965,207,21,year hour 4965,67722.46,67.72246000000001,67.72246000000001,602.0,53040.0
4966,207,22,year hour 4966,67821.74,67.82174,67.82174,604.0,52967.0
4967,207,23,year hour 4967,66036.23,66.03622999999999,66.03622999999999,582.0,51731.0
4968,208,0,year hour 4968,84257.97,84.25797,84.25797,627.0,56190.0
4969,208,1,year hour 4969,67763.65,67.76365,67.76365,602.0,52182.0
4970,208,2,year hour 4970,67864.3,67.8643,67.8643,601.0,52088.0
4971,208,3,year hour 4971,67591.19,67.59119,67.59119,601.0,52786.0
4972,208,4,year hour 4972,68144.07,68.14407000000001,68.14407000000001,601.0,52279.0
4973,208,5,year hour 4973,68040.49,68.04049,68.04049,601.0,53095.0
4974,208,6,year hour 4974,71032.18,71.03218,71.03218,607.0,53189.0
4975,208,7,year hour 4975,68068.45,68.06845,68.06845,595.0,52165.0
4976,208,8,year hour 4976,69069.68000000001,69.06968,69.06968,604.0,53833.0
4977,208,9,year hour 4977,67953.64,67.95364,67.95364,604.0,52529.0
4978,208,10,year hour 4978,67944.94,67.94494,67.94494,602.0,52535.0
4979,208,11,year hour 4979,67802.9,67.8029,67.8029,588.0,52375.0
4980,208,12,year hour 4980,81722.33,81.72233000000001,81.72233000000001,620.0,54880.0
4981,208,13,year hour 4981,67952.15,67.95214999999999,67.95214999999999,600.0,52484.0
4982,208,14,year hour 4982,67660.66,67.66066000000001,67.66066000000001,601.0,53191.0
4983,208,15,year hour 4983,68569.25,68.56924999999998,68.56924999999998,595.0,52507.0
4984,208,16,year hour 4984,69555.96,69.55596,69.55596,608.0,53372.0
4985,208,17,year hour 4985,68005.42,68.00542,68.00542,598.0,52153.0
4986,208,18,year hour 4986,70931.0,70.931,70.931,607.0,53552.0
4987,208,19,year hour 4987,67678.63,67.67863,67.67863,599.0,52674.0
4988,208,20,year hour 4988,68076.09,68.07609,68.07609,599.0,52651.0
4989,208,21,year hour 4989,67722.46,67.72246000000001,67.72246000000001,602.0,53040.0
4990,208,22,year hour 4990,67821.74,67.82174,67.82174,604.0,52967.0
4991,208,23,year hour 4991,66036.23,66.03622999999999,66.03622999999999,582.0,51731.0
4992,209,0,year hour 4992,84257.97,84.25797,84.25797,627.0,56190.0
4993,209,1,year hour 4993,67763.65,67.76365,67.76365,602.0,52182.0
4994,209,2,year hour 4994,67864.3,67.8643,67.8643,601.0,52088.0
4995,209,3,year hour 4995,67591.19,67.59119,67.59119,601.0,52786.0
4996,209,4,year hour 4996,68144.07,68.14407000000001,68.14407000000001,601.0,52279.0
4997,209,5,year hour 4997,68040.49,68.04049,68.04049,601.0,53095.0
4998,209,6,year hour 4998,71032.18,71.03218,71.03218,607.0,53189.0
4999,209,7,year hour 4999,68068.45,68.06845,68.06845,595.0,52165.0
5000,209,8,year hour 5000,69069.68000000001,69.06968,69.06968,604.0,53833.0
5001,209,9,year hour 5001,67953.64,67.95364,67.95364,604.0,52529.0
5002,209,10,year hour 5002,67944.94,67.94494,67.94494,602.0,52535.0
5003,209,11,year hour 5003,67802.9,67.8029,67.8029,588.0,52375.0
5004,209,12,year hour 5004,81722.33,81.72233000000001,81.72233000000001,620.0,54880.0
5005,209,13,year hour 5005,67952.15,67.95214999999999,67.95214999999999,600.0,52484.0
5006,209,14,year hour 5006,67660.66,67.66066000000001,67.66066000000001,601.0,53191.0
5007,209,15,year hour 5007,68569.25,68.56924999999998,68.56924999999998,595.0,52507.0
5008,209,16,year hour 5008,69555.96,69.55596,69.55596,608.0,53372.0
5009,209,17,year hour 5009,68005.42,68.00542,68.00542,598.0,52153.0
5010,209,18,year hour 5010,70931.0,70.931,70.931,607.0,53552.0
5011,209,19,year hour 5011,67678.63,67.67863,67.67863,599.0,52674.0
5012,209,20,year hour 5012,68076.09,68.07609,68.07609,599.0,52651.0
5013,209,21,year hour 5013,67722.46,67.72246000000001,67.72246000000001,602.0,53040.0
5014,209,22,year hour 5014,67821.74,67.82174,67.82174,604.0,52967.0
5015,209,23,year hour 5015,66036.23,66.03622999999999,66.03622999999999,582.0,51731.0
5016,210,0,year hour 5016,84257.97,84.25797,84.25797,627.0,56190.0
5017,210,1,year hour 5017,67763.65,67.76365,67.76365,602.0,52182.0
5018,210,2,year hour 5018,67864.3,67.8643,67.8643,601.0,52088.0
5019,210,3,year hour 5019,67591.19,67.59119,67.59119,601.0,52786.0
5020,210,4,year hour 5020,68144.07,68.14407000000001,68.14407000000001,601.0,52279.0
5021,210,5,year hour 5021,68040.49,68.04049,68.04049,601.0,53095.0
5022,210,6,year hour 5022,71032.18,71.03218,71.03218,607.0,53189.0
5023,210,7,year hour 5023,68068.45,68.06845,68.06845,595.0,52165.0
5024,210,8,year hour 5024,69069.68000000001,69.06968,69.06968,604.0,53833.0
5025,210,9,year hour 5025,67953.64,67.95364,67.95364,604.0,52529.0
5026,210,10,year hour 5026,67944.94,67.94494,67.94494,602.0,52535.0
5027,210,11,year hour 5027,67802.9,67.8029,67.8029,588.0,52375.0
5028,210,12,year hour 5028,81722.33,81.72233000000001,81.72233000000001,620.0,54880.0
5029,210,13,year hour 5029,67952.15,67.95214999999999,67.95214999999999,600.0,52484.0
5030,210,14,year hour 5030,67660.66,67.66066000000001,67.66066000000001,601.0,53191.0
5031,210,15,year hour 5031,68569.25,68.56924999999998,68.56924999999998,595.0,52507.0
5032,210,16,year hour 5032,69555.96,69.55596,69.55596,608.0,53372.0
5033,210,17,year hour 5033,68005.42,68.00542,68.00542,598.0,52153.0
5034,210,18,year hour 5034,70931.0,70.931,70.931,607.0,53552.0
5035,210,19,year hour 5035,67678.63,67.67863,67.67863,599.0,52674.0
5036,210,20,year hour 5036,68076.09,68.07609,68.07609,599.0,52651.0
5037,210,21,year hour 5037,67722.46,67.72246000000001,67.72246000000001,602.0,53040.0
5038,210,22,year hour 5038,67821.74,67.82174,67.82174,604.0,52967.0
5039,210,23,year hour 5039,66036.23,66.03622999999999,66.03622999999999,582.0,51731.0
5040,211,0,year hour 5040,84257.97,84.25797,84.25797,627.0,56190.0
5041,211,1,year hour 5041,67763.65,67.76365,67.76365,602.0,52182.0
5042,211,2,year hour 5042,67864.3,67.8643,67.8643,601.0,52088.0
5043,211,3,year hour 5043,67591.19,67.59119,67.59119,601.0,52786.0
5044,211,4,year hour 5044,68144.07,68.14407000000001,68.14407000000001,601.0,52279.0
5045,211,5,year hour 5045,68040.49,68.04049,68.04049,601.0,53095.0
5046,211,6,year hour 5046,71032.18,71.03218,71.03218,607.0,53189.0
5047,211,7,year hour 5047,68068.45,68.06845,68.06845,595.0,52165.0
5048,211,8,year hour 5048,69069.68000000001,69.06968,69.06968,604.0,53833.0
5049,211,9,year hour 5049,67953.64,67.95364,67.95364,604.0,52529.0
5050,211,10,year hour 5050,67944.94,67.94494,67.94494,602.0,52535.0
5051,211,11,year hour 5051,67802.9,67.8029,67.8029,588.0,52375.0
5052,211,12,year hour 5052,81722.33,81.72233000000001,81.72233000000001,620.0,54880.0
5053,211,13,year hour 5053,67952.15,67.95214999999999,67.95214999999999,600.0,52484.0
5054,211,14,year hour 5054,67660.66,67.66066000000001,67.66066000000001,601.0,53191.0
5055,211,15,year hour 5055,68569.25,68.56924999999998,68.56924999999998,595.0,52507.0
5056,211,16,year hour 5056,69555.96,69.55596,69.55596,608.0,53372.0
5057,211,17,year hour 5057,68005.42,68.00542,68.00542,598.0,52153.0
5058,211,18,year hour 5058,70931.0,70.931,70.931,607.0,53552.0
5059,211,19,year hour 5059,67678.63,67.67863,67.67863,599.0,52674.0
5060,211,20,year hour 5060,68076.09,68.07609,68.07609,599.0,52651.0
5061,211,21,year hour 5061,67722.46,67.72246000000001,67.72246000000001,602.0,53040.0
5062,211,22,year hour 5062,67821.74,67.82174,67.82174,604.0,52967.0
5063,211,23,year hour 5063,66036.23,66.03622999999999,66.03622999999999,582.0,51731.0
5064,212,0,year hour 5064,84257.97,84.25797,84.25797,627.0,56190.0
5065,212,1,year hour 5065,67763.65,67.76365,67.76365,602.0,52182.0
5066,212,2,year hour 5066,67864.3,67.8643,67.8643,601.0,52088.0
5067,212,3,year hour 5067,67591.19,67.59119,67.59119,601.0,52786.0
5068,212,4,year hour 5068,68144.07,68.14407000000001,68.14407000000001,601.0,52279.0
5069,212,5,year hour 5069,68040.49,68.04049,68.04049,601.0,53095.0
5070,212,6,year hour 5070,71032.18,71.03218,71.03218,607.0,53189.0
5071,212,7,year hour 5071,68068.45,68.06845,68.06845,595.0,52165.0
5072,212,8,year hour 5072,69069.68000000001,69.06968,69.06968,604.0,53833.0
5073,212,9,year hour 5073,67953.64,67.95364,67.95364,604.0,52529.0
5074,212,10,year hour 5074,67944.94,67.94494,67.94494,602.0,52535.0
5075,212,11,year hour 5075,67802.9,67.8029,67.8029,588.0,52375.0
5076,212,12,year hour 5076,81722.33,81.72233000000001,81.72233000000001,620.0,54880.0
5077,212,13,year hour 5077,67952.15,67.95214999999999,67.95214999999999,600.0,52484.0
5078,212,14,year hour 5078,67660.66,67.66066000000001,67.66066000000001,601.0,53191.0
5079,212,15,year hour 5079,68569.25,68.56924999999998,68.56924999999998,595.0,52507.0
5080,212,16,year hour 5080,69555.96,69.55596,69.55596,608.0,53372.0
5081,212,17,year hour 5081,68005.42,68.00542,68.00542,598.0,52153.0
5082,212,18,year hour 5082,70931.0,70.931,70.931,607.0,53552.0
5083,212,19,year hour 5083,67678.63,67.67863,67.67863,599.0,52674.0
5084,212,20,year hour 5084,68076.09,68.07609,68.07609,599.0,52651.0
5085,212,21,year hour 5085,67722.46,67.72246000000001,67.72246000000001,602.0,53040.0
5086,212,22,year hour 5086,67821.74,67.82174,67.82174,604.0,52967.0
5087,212,23,year hour 5087,66036.23,66.03622999999999,66.03622999999999,582.0,51731.0
5088,213,0,year hour 5088,84257.97,84.25797,84.25797,627.0,56190.0
5089,213,1,year hour 5089,67763.65,67.76365,67.76365,602.0,52182.0
5090,213,2,year hour 5090,67864.3,67.8643,67.8643,601.0,52088.0
5091,213,3,year hour 5091,67591.19,67.59119,67.59119,601.0,52786.0
5092,213,4,year hour 5092,68144.07,68.14407000000001,68.14407000000001,601.0,52279.0
5093,213,5,year hour 5093,68040.49,68.04049,68.04049,601.0,53095.0
5094,213,6,year hour 5094,71032.18,71.03218,71.03218,607.0,53189.0
5095,213,7,year hour 5095,68068.45,68.06845,68.06845,595.0,52165.0
5096,213,8,year hour 5096,69069.68000000001,69.06968,69.06968,604.0,53833.0
5097,213,9,year hour 5097,67953.64,67.95364,67.95364,604.0,52529.0
5098,213,10,year hour 5098,67944.94,67.94494,67.94494,602.0,52535.0
5099,213,11,year hour 5099,67802.9,67.8029,67.8029,588.0,52375.0
5100,213,12,year hour 5100,81722.33,81.72233000000001,81.72233000000001,620.0,54880.0
5101,213,13,year hour 5101,67952.15,67.95214999999999,67.95214999999999,600.0,52484.0
5102,213,14,year hour 5102,67660.66,67.66066000000001,67.66066000000001,601.0,53191.0
5103,213,15,year hour 5103,68569.25,68.56924999999998,68.56924999999998,595.0,52507.0
5104,213,16,year hour 5104,69555.96,69.55596,69.55596,608.0,53372.0
5105,213,17,year hour 5105,68005.42,68.00542,68.00542,598.0,52153.0
5106,213,18,year hour 5106,70931.0,70.931,70.931,607.0,53552.0
5107,213,19,year hour 5107,67678.63,67.67863,67.67863,599.0,52674.0
5108,213,20,year hour 5108,68076.09,68.07609,68.07609,599.0,52651.0
5109,213,21,year hour 5109,67722.46,67.72246000000001,67.72246000000001,602.0,53040.0
5110,213,22,year hour 5110,67821.74,67.82174,67.82174,604.0,52967.0
5111,213,23,year hour 5111,66036.23,66.03622999999999,66.03622999999999,582.0,51731.0
5112,214,0,year hour 5112,84257.97,84.25797,84.25797,627.0,56190.0
5113,214,1,year hour 5113,67763.65,67.76365,67.76365,602.0,52182.0
5114,214,2,year hour 5114,67864.3,67.8643,67.8643,601.0,52088.0
5115,214,3,year hour 5115,67591.19,67.59119,67.59119,601.0,52786.0
5116,214,4,year hour 5116,68144.07,68.14407000000001,68.14407000000001,601.0,52279.0
5117,214,5,year hour 5117,68040.49,68.04049,68.04049,601.0,53095.0
5118,214,6,year hour 5118,71032.18,71.03218,71.03218,607.0,53189.0
5119,214,7,year hour 5119,68068.45,68.06845,68.06845,595.0,52165.0
5120,214,8,year hour 5120,69069.68000000001,69.06968,69.06968,604.0,53833.0
5121,214,9,year hour 5121,67953.64,67.95364,67.95364,604.0,52529.0
5122,214,10,year hour 5122,67944.94,67.94494,67.94494,602.0,52535.0
5123,214,11,year hour 5123,67802.9,67.8029,67.8029,588.0,52375.0
5124,214,12,year hour 5124,81722.33,81.72233000000001,81.72233000000001,620.0,54880.0
5125,214,13,year hour 5125,67952.15,67.95214999999999,67.95214999999999,600.0,52484.0
5126,214,14,year hour 5126,67660.66,67.66066000000001,67.66066000000001,601.0,53191.0
5127,214,15,year hour 5127,68569.25,68.56924999999998,68.56924999999998,595.0,52507.0
5128,214,16,year hour 5128,69555.96,69.55596,69.55596,608.0,53372.0
5129,214,17,year hour 5129,68005.42,68.00542,68.00542,598.0,52153.0
5130,214,18,year hour 5130,70931.0,70.931,70.931,607.0,53552.0
5131,214,19,year hour 5131,67678.63,67.67863,67.67863,599.0,52674.0
5132,214,20,year hour 5132,68076.09,68.07609,68.07609,599.0,52651.0
5133,214,21,year hour 5133,67722.46,67.72246000000001,67.72246000000001,602.0,53040.0
5134,214,22,year hour 5134,67821.74,67.82174,67.82174,604.0,52967.0
5135,214,23,year hour 5135,66036.23,66.03622999999999,66.03622999999999,582.0,51731.0
5136,215,0,year hour 5136,84257.97,84.25797,84.25797,627.0,56190.0
5137,215,1,year hour 5137,67763.65,67.76365,67.76365,602.0,52182.0
5138,215,2,year hour 5138,67864.3,67.8643,67.8643,601.0,52088.0
5139,215,3,year hour 5139,67591.19,67.59119,67.59119,601.0,52786.0
5140,215,4,year hour 5140,68144.07,68.14407000000001,68.14407000000001,601.0,52279.0
5141,215,5,year hour 5141,68040.49,68.04049,68.04049,601.0,53095.0
5142,215,6,year hour 5142,71032.18,71.03218,71.03218,607.0,53189.0
5143,215,7,year hour 5143,68068.45,68.06845,68.06845,595.0,52165.0
5144,215,8,year hour 5144,69069.68000000001,69.06968,69.06968,604.0,53833.0
5145,215,9,year hour 5145,67953.64,67.95364,67.95364,604.0,52529.0
5146,215,10,year hour 5146,67944.94,67.94494,67.94494,602.0,52535.0
5147,215,11,year hour 5147,67802.9,67.8029,67.8029,588.0,52375.0
5148,215,12,year hour 5148,81722.33,81.72233000000001,81.72233000000001,620.0,54880.0
5149,215,13,year hour 5149,67952.15,67.95214999999999,67.95214999999999,600.0,52484.0
5150,215,14,year hour 5150,67660.66,67.66066000000001,67.66066000000001,601.0,53191.0
5151,215,15,year hour 5151,68569.25,68.56924999999998,68.56924999999998,595.0,52507.0
5152,215,16,year hour 5152,69555.96,69.55596,69.55596,608.0,53372.0
5153,215,17,year hour 5153,68005.42,68.00542,68.00542,598.0,52153.0
5154,215,18,year hour 5154,70931.0,70.931,70.931,607.0,53552.0
5155,215,19,year hour 5155,67678.63,67.67863,67.67863,599.0,52674.0
5156,215,20,year hour 5156,68076.09,68.07609,68.07609,599.0,52651.0
5157,215,21,year hour 5157,67722.46,67.72246000000001,67.72246000000001,602.0,53040.0
5158,215,22,year hour 5158,67821.74,67.82174,67.82174,604.0,52967.0
5159,215,23,year hour 5159,66036.23,66.03622999999999,66.03622999999999,582.0,51731.0
5160,216,0,year hour 5160,84257.97,84.25797,84.25797,627.0,56190.0
5161,216,1,year hour 5161,67763.65,67.76365,67.76365,602.0,52182.0
5162,216,2,year hour 5162,67864.3,67.8643,67.8643,601.0,52088.0
5163,216,3,year hour 5163,67591.19,67.59119,67.59119,601.0,52786.0
5164,216,4,year hour 5164,68144.07,68.14407000000001,68.14407000000001,601.0,52279.0
5165,216,5,year hour 5165,68040.49,68.04049,68.04049,601.0,53095.0
5166,216,6,year hour 5166,71032.18,71.03218,71.03218,607.0,53189.0
5167,216,7,year hour 5167,68068.45,68.06845,68.06845,595.0,52165.0
5168,216,8,year hour 5168,69069.68000000001,69.06968,69.06968,604.0,53833.0
5169,216,9,year hour 5169,67953.64,67.95364,67.95364,604.0,52529.0
5170,216,10,year hour 5170,67944.94,67.94494,67.94494,602.0,52535.0
5171,216,11,year hour 5171,67802.9,67.8029,67.8029,588.0,52375.0
5172,216,12,year hour 5172,81722.33,81.72233000000001,81.72233000000001,620.0,54880.0
5173,216,13,year hour 5173,67952.15,67.95214999999999,67.95214999999999,600.0,52484.0
5174,216,14,year hour 5174,67660.66,67.66066000000001,67.66066000000001,601.0,53191.0
5175,216,15,year hour 5175,68569.25,68.56924999999998,68.56924999999998,595.0,52507.0
5176,216,16,year hour 5176,69555.96,69.55596,69.55596,608.0,53372.0
5177,216,17,year hour 5177,68005.42,68.00542,68.00542,598.0,52153.0
5178,216,18,year hour 5178,70931.0,70.931,70.931,607.0,53552.0
5179,216,19,year hour 5179,67678.63,67.67863,67.67863,599.0,52674.0
5180,216,20,year hour 5180,68076.09,68.07609,68.07609,599.0,52651.0
5181,216,21,year hour 5181,67722.46,67.72246000000001,67.72246000000001,602.0,53040.0
5182,216,22,year hour 5182,67821.74,67.82174,67.82174,604.0,52967.0
5183,216,23,year hour 5183,66036.23,66.03622999999999,66.03622999999999,582.0,51731.0
5184,217,0,year hour 5184,84257.97,84.25797,84.25797,627.0,56190.0
5185,217,1,year hour 5185,67763.65,67.76365,67.76365,602.0,52182.0
5186,217,2,year hour 5186,67864.3,67.8643,67.8643,601.0,52088.0
5187,217,3,year hour 5187,67591.19,67.59119,67.59119,601.0,52786.0
5188,217,4,year hour 5188,68144.07,68.14407000000001,68.14407000000001,601.0,52279.0
5189,217,5,year hour 5189,68040.49,68.04049,68.04049,601.0,53095.0
5190,217,6,year hour 5190,71032.18,71.03218,71.03218,607.0,53189.0
5191,217,7,year hour 5191,68068.45,68.06845,68.06845,595.0,52165.0
5192,217,8,year hour 5192,69069.68000000001,69.06968,69.06968,604.0,53833.0
5193,217,9,year hour 5193,67953.64,67.95364,67.95364,604.0,52529.0
5194,217,10,year hour 5194,67944.94,67.94494,67.94494,602.0,52535.0
5195,217,11,year hour 5195,67802.9,67.8029,67.8029,588.0,52375.0
5196,217,12,year hour 5196,81722.33,81.72233000000001,81.72233000000001,620.0,54880.0
5197,217,13,year hour 5197,67952.15,67.95214999999999,67.95214999999999,600.0,52484.0
5198,217,14,year hour 5198,67660.66,67.66066000000001,67.66066000000001,601.0,53191.0
5199,217,15,year hour 5199,68569.25,68.56924999999998,68.56924999999998,595.0,52507.0
5200,217,16,year hour 5200,69555.96,69.55596,69.55596,608.0,53372.0
5201,217,17,year hour 5201,68005.42,68.00542,68.00542,598.0,52153.0
5202,217,18,year hour 5202,70931.0,70.931,70.931,607.0,53552.0
5203,217,19,year hour 5203,67678.63,67.67863,67.67863,599.0,52674.0
5204,217,20,year hour 5204,68076.09,68.07609,68.07609,599.0,52651.0
5205,217,21,year hour 5205,67722.46,67.72246000000001,67.72246000000001,602.0,53040.0
5206,217,22,year hour 5206,67821.74,67.82174,67.82174,604.0,52967.0
5207,217,23,year hour 5207,66036.23,66.03622999999999,66.03622999999999,582.0,51731.0
5208,218,0,year hour 5208,84257.97,84.25797,84.25797,627.0,56190.0
5209,218,1,year hour 5209,67763.65,67.76365,67.76365,602.0,52182.0
5210,218,2,year hour 5210,67864.3,67.8643,67.8643,601.0,52088.0
5211,218,3,year hour 5211,67591.19,67.59119,67.59119,601.0,52786.0
5212,218,4,year hour 5212,68144.07,68.14407000000001,68.14407000000001,601.0,52279.0
5213,218,5,year hour 5213,68040.49,68.04049,68.04049,601.0,53095.0
5214,218,6,year hour 5214,71032.18,71.03218,71.03218,607.0,53189.0
5215,218,7,year hour 5215,68068.45,68.06845,68.06845,595.0,52165.0
5216,218,8,year hour 5216,69069.68000000001,69.06968,69.06968,604.0,53833.0
5217,218,9,year hour 5217,67953.64,67.95364,67.95364,604.0,52529.0
5218,218,10,year hour 5218,67944.94,67.94494,67.94494,602.0,52535.0
5219,218,11,year hour 5219,67802.9,67.8029,67.8029,588.0,52375.0
5220,218,12,year hour 5220,81722.33,81.72233000000001,81.72233000000001,620.0,54880.0
5221,218,13,year hour 5221,67952.15,67.95214999999999,67.95214999999999,600.0,52484.0
5222,218,14,year hour 5222,67660.66,67.66066000000001,67.66066000000001,601.0,53191.0
5223,218,15,year hour 5223,68569.25,68.56924999999998,68.56924999999998,595.0,52507.0
5224,218,16,year hour 5224,69555.96,69.55596,69.55596,608.0,53372.0
5225,218,17,year hour 5225,68005.42,68.00542,68.00542,598.0,52153.0
5226,218,18,year hour 5226,70931.0,70.931,70.931,607.0,53552.0
5227,218,19,year hour 5227,67678.63,67.67863,67.67863,599.0,52674.0
5228,218,20,year hour 5228,68076.09,68.07609,68.07609,599.0,52651.0
5229,218,21,year hour 5229,67722.46,67.72246000000001,67.72246000000001,602.0,53040.0
5230,218,22,year hour 5230,67821.74,67.82174,67.82174,604.0,52967.0
5231,218,23,year hour 5231,66036.23,66.03622999999999,66.03622999999999,582.0,51731.0
5232,219,0,year hour 5232,84257.97,84.25797,84.25797,627.0,56190.0
5233,219,1,year hour 5233,67763.65,67.76365,67.76365,602.0,52182.0
5234,219,2,year hour 5234,67864.3,67.8643,67.8643,601.0,52088.0
5235,219,3,year hour 5235,67591.19,67.59119,67.59119,601.0,52786.0
5236,219,4,year hour 5236,68144.07,68.14407000000001,68.14407000000001,601.0,52279.0
5237,219,5,year hour 5237,68040.49,68.04049,68.04049,601.0,53095.0
5238,219,6,year hour 5238,71032.18,71.03218,71.03218,607.0,53189.0
5239,219,7,year hour 5239,68068.45,68.06845,68.06845,595.0,52165.0
5240,219,8,year hour 5240,69069.68000000001,69.06968,69.06968,604.0,53833.0
5241,219,9,year hour 5241,67953.64,67.95364,67.95364,604.0,52529.0
5242,219,10,year hour 5242,67944.94,67.94494,67.94494,602.0,52535.0
5243,219,11,year hour 5243,67802.9,67.8029,67.8029,588.0,52375.0
5244,219,12,year hour 5244,81722.33,81.72233000000001,81.72233000000001,620.0,54880.0
5245,219,13,year hour 5245,67952.15,67.95214999999999,67.95214999999999,600.0,52484.0
5246,219,14,year hour 5246,67660.66,67.66066000000001,67.66066000000001,601.0,53191.0
5247,219,15,year hour 5247,68569.25,68.56924999999998,68.56924999999998,595.0,52507.0
5248,219,16,year hour 5248,69555.96,69.55596,69.55596,608.0,53372.0
5249,219,17,year hour 5249,68005.42,68.00542,68.00542,598.0,52153.0
5250,219,18,year hour 5250,70931.0,70.931,70.931,607.0,53552.0
5251,219,19,year hour 5251,67678.63,67.67863,67.67863,599.0,52674.0
5252,219,20,year hour 5252,68076.09,68.07609,68.07609,599.0,52651.0
5253,219,21,year hour 5253,67722.46,67.72246000000001,67.72246000000001,602.0,53040.0
5254,219,22,year hour 5254,67821.74,67.82174,67.82174,604.0,52967.0
5255,219,23,year hour 5255,66036.23,66.03622999999999,66.03622999999999,582.0,51731.0
5256,220,0,year hour 5256,84257.97,84.25797,84.25797,627.0,56190.0
5257,220,1,year hour 5257,67763.65,67.76365,67.76365,602.0,52182.0
5258,220,2,year hour 5258,67864.3,67.8643,67.8643,601.0,52088.0
5259,220,3,year hour 5259,67591.19,67.59119,67.59119,601.0,52786.0
5260,220,4,year hour 5260,68144.07,68.14407000000001,68.14407000000001,601.0,52279.0
5261,220,5,year hour 5261,68040.49,68.04049,68.04049,601.0,53095.0
5262,220,6,year hour 5262,71032.18,71.03218,71.03218,607.0,53189.0
5263,220,7,year hour 5263,68068.45,68.06845,68.06845,595.0,52165.0
5264,220,8,year hour 5264,69069.68000000001,69.06968,69.06968,604.0,53833.0
5265,220,9,year hour 5265,67953.64,67.95364,67.95364,604.0,52529.0
5266,220,10,year hour 5266,67944.94,67.94494,67.94494,602.0,52535.0
5267,220,11,year hour 5267,67802.9,67.8029,67.8029,588.0,52375.0
5268,220,12,year hour 5268,81722.33,81.72233000000001,81.72233000000001,620.0,54880.0
5269,220,13,year hour 5269,67952.15,67.95214999999999,67.95214999999999,600.0,52484.0
5270,220,14,year hour 5270,67660.66,67.66066000000001,67.66066000000001,601.0,53191.0
5271,220,15,year hour 5271,68569.25,68.56924999999998,68.56924999999998,595.0,52507.0
5272,220,16,year hour 5272,69555.96,69.55596,69.55596,608.0,53372.0
5273,220,17,year hour 5273,68005.42,68.00542,68.00542,598.0,52153.0
5274,220,18,year hour 5274,70931.0,70.931,70.931,607.0,53552.0
5275,220,19,year hour 5275,67678.63,67.67863,67.67863,599.0,52674.0
5276,220,20,year hour 5276,68076.09,68.07609,68.07609,599.0,52651.0
5277,220,21,year hour 5277,67722.46,67.72246000000001,67.72246000000001,602.0,53040.0
5278,220,22,year hour 5278,67821.74,67.82174,67.82174,604.0,52967.0
5279,220,23,year hour 5279,66036.23,66.03622999999999,66.03622999999999,582.0,51731.0
5280,221,0,year hour 5280,84257.97,84.25797,84.25797,627.0,56190.0
5281,221,1,year hour 5281,67763.65,67.76365,67.76365,602.0,52182.0
5282,221,2,year hour 5282,67864.3,67.8643,67.8643,601.0,52088.0
5283,221,3,year hour 5283,67591.19,67.59119,67.59119,601.0,52786.0
5284,221,4,year hour 5284,68144.07,68.14407000000001,68.14407000000001,601.0,52279.0
5285,221,5,year hour 5285,68040.49,68.04049,68.04049,601.0,53095.0
5286,221,6,year hour 5286,71032.18,71.03218,71.03218,607.0,53189.0
5287,221,7,year hour 5287,68068.45,68.06845,68.06845,595.0,52165.0
5288,221,8,year hour 5288,69069.68000000001,69.06968,69.06968,604.0,53833.0
5289,221,9,year hour 5289,67953.64,67.95364,67.95364,604.0,52529.0
5290,221,10,year hour 5290,67944.94,67.94494,67.94494,602.0,52535.0
5291,221,11,year hour 5291,67802.9,67.8029,67.8029,588.0,52375.0
5292,221,12,year hour 5292,81722.33,81.72233000000001,81.72233000000001,620.0,54880.0
5293,221,13,year hour 5293,67952.15,67.95214999999999,67.95214999999999,600.0,52484.0
5294,221,14,year hour 5294,67660.66,67.66066000000001,67.66066000000001,601.0,53191.0
5295,221,15,year hour 5295,68569.25,68.56924999999998,68.56924999999998,595.0,52507.0
5296,221,16,year hour 5296,69555.96,69.55596,69.55596,608.0,53372.0
5297,221,17,year hour 5297,68005.42,68.00542,68.00542,598.0,52153.0
5298,221,18,year hour 5298,70931.0,70.931,70.931,607.0,53552.0
5299,221,19,year hour 5299,67678.63,67.67863,67.67863,599.0,52674.0
5300,221,20,year hour 5300,68076.09,68.07609,68.07609,599.0,52651.0
5301,221,21,year hour 5301,67722.46,67.72246000000001,67.72246000000001,602.0,53040.0
5302,221,22,year hour 5302,67821.74,67.82174,67.82174,604.0,52967.0
5303,221,23,year hour 5303,66036.23,66.03622999999999,66.03622999999999,582.0,51731.0
5304,222,0,year hour 5304,84257.97,84.25797,84.25797,627.0,56190.0
5305,222,1,year hour 5305,67763.65,67.76365,67.76365,602.0,52182.0
5306,222,2,year hour 5306,67864.3,67.8643,67.8643,601.0,52088.0
5307,222,3,year hour 5307,67591.19,67.59119,67.59119,601.0,52786.0
5308,222,4,year hour 5308,68144.07,68.14407000000001,68.14407000000001,601.0,52279.0
5309,222,5,year hour 5309,68040.49,68.04049,68.04049,601.0,53095.0
5310,222,6,year hour 5310,71032.18,71.03218,71.03218,607.0,53189.0
5311,222,7,year hour 5311,68068.45,68.06845,68.06845,595.0,52165.0
5312,222,8,year hour 5312,69069.68000000001,69.06968,69.06968,604.0,53833.0
5313,222,9,year hour 5313,67953.64,67.95364,67.95364,604.0,52529.0
5314,222,10,year hour 5314,67944.94,67.94494,67.94494,602.0,52535.0
5315,222,11,year hour 5315,67802.9,67.8029,67.8029,588.0,52375.0
5316,222,12,year hour 5316,81722.33,81.72233000000001,81.72233000000001,620.0,54880.0
5317,222,13,year hour 5317,67952.15,67.95214999999999,67.95214999999999,600.0,52484.0
5318,222,14,year hour 5318,67660.66,67.66066000000001,67.66066000000001,601.0,53191.0
5319,222,15,year hour 5319,68569.25,68.56924999999998,68.56924999999998,595.0,52507.0
5320,222,16,year hour 5320,69555.96,69.55596,69.55596,608.0,53372.0
5321,222,17,year hour 5321,68005.42,68.00542,68.00542,598.0,52153.0
5322,222,18,year hour 5322,70931.0,70.931,70.931,607.0,53552.0
5323,222,19,year hour 5323,67678.63,67.67863,67.67863,599.0,52674.0
5324,222,20,year hour 5324,68076.09,68.07609,68.07609,599.0,52651.0
5325,222,21,year hour 5325,67722.46,67.72246000000001,67.72246000000001,602.0,53040.0
5326,222,22,year hour 5326,67821.74,67.82174,67.82174,604.0,52967.0
5327,222,23,year hour 5327,66036.23,66.03622999999999,66.03622999999999,582.0,51731.0
5328,223,0,year hour 5328,84257.97,84.25797,84.25797,627.0,56190.0
5329,223,1,year hour 5329,67763.65,67.76365,67.76365,602.0,52182.0
5330,223,2,year hour 5330,67864.3,67.8643,67.8643,601.0,52088.0
5331,223,3,year hour 5331,67591.19,67.59119,67.59119,601.0,52786.0
5332,223,4,year hour 5332,68144.07,68.14407000000001,68.14407000000001,601.0,52279.0
5333,223,5,year hour 5333,68040.49,68.04049,68.04049,601.0,53095.0
5334,223,6,year hour 5334,71032.18,71.03218,71.03218,607.0,53189.0
5335,223,7,year hour 5335,68068.45,68.06845,68.06845,595.0,52165.0
5336,223,8,year hour 5336,69069.68000000001,69.06968,69.06968,604.0,53833.0
5337,223,9,year hour 5337,67953.64,67.95364,67.95364,604.0,52529.0
5338,223,10,year hour 5338,67944.94,67.94494,67.94494,602.0,52535.0
5339,223,11,year hour 5339,67802.9,67.8029,67.8029,588.0,52375.0
5340,223,12,year hour 5340,81722.33,81.72233000000001,81.72233000000001,620.0,54880.0
5341,223,13,year hour 5341,67952.15,67.95214999999999,67.95214999999999,600.0,52484.0
5342,223,14,year hour 5342,67660.66,67.66066000000001,67.66066000000001,601.0,53191.0
5343,223,15,year hour 5343,68569.25,68.56924999999998,68.56924999999998,595.0,52507.0
5344,223,16,year hour 5344,69555.96,69.55596,69.55596,608.0,53372.0
5345,223,17,year hour 5345,68005.42,68.00542,68.00542,598.0,52153.0
5346,223,18,year hour 5346,70931.0,70.931,70.931,607.0,53552.0
5347,223,19,year hour 5347,67678.63,67.67863,67.67863,599.0,52674.0
5348,223,20,year hour 5348,68076.09,68.07609,68.07609,599.0,52651.0
5349,223,21,year hour 5349,67722.46,67.72246000000001,67.72246000000001,602.0,53040.0
5350,223,22,year hour 5350,67821.74,67.82174,67.82174,604.0,52967.0
5351,223,23,year hour 5351,66036.23,66.03622999999999,66.03622999999999,582.0,51731.0
5352,224,0,year hour 5352,84257.97,84.25797,84.25797,627.0,56190.0
5353,224,1,year hour 5353,67763.65,67.76365,67.76365,602.0,52182.0
5354,224,2,year hour 5354,67864.3,67.8643,67.8643,601.0,52088.0
5355,224,3,year hour 5355,67591.19,67.59119,67.59119,601.0,52786.0
5356,224,4,year hour 5356,68144.07,68.14407000000001,68.14407000000001,601.0,52279.0
5357,224,5,year hour 5357,68040.49,68.04049,68.04049,601.0,53095.0
5358,224,6,year hour 5358,71032.18,71.03218,71.03218,607.0,53189.0
5359,224,7,year hour 5359,68068.45,68.06845,68.06845,595.0,52165.0
5360,224,8,year hour 5360,69069.68000000001,69.06968,69.06968,604.0,53833.0
5361,224,9,year hour 5361,67953.64,67.95364,67.95364,604.0,52529.0
5362,224,10,year hour 5362,67944.94,67.94494,67.94494,602.0,52535.0
5363,224,11,year hour 5363,67802.9,67.8029,67.8029,588.0,52375.0
5364,224,12,year hour 5364,81722.33,81.72233000000001,81.72233000000001,620.0,54880.0
5365,224,13,year hour 5365,67952.15,67.95214999999999,67.95214999999999,600.0,52484.0
5366,224,14,year hour 5366,67660.66,67.66066000000001,67.66066000000001,601.0,53191.0
5367,224,15,year hour 5367,68569.25,68.56924999999998,68.56924999999998,595.0,52507.0
5368,224,16,year hour 5368,69555.96,69.55596,69.55596,608.0,53372.0
5369,224,17,year hour 5369,68005.42,68.00542,68.00542,598.0,52153.0
5370,224,18,year hour 5370,70931.0,70.931,70.931,607.0,53552.0
5371,224,19,year hour 5371,67678.63,67.67863,67.67863,599.0,52674.0
5372,224,20,year hour 5372,68076.09,68.07609,68.07609,599.0,52651.0
5373,224,21,year hour 5373,67722.46,67.72246000000001,67.72246000000001,602.0,53040.0
5374,224,22,year hour 5374,67821.74,67.82174,67.82174,604.0,52967.0
5375,224,23,year hour 5375,66036.23,66.03622999999999,66.03622999999999,582.0,51731.0
5376,225,0,year hour 5376,84257.97,84.25797,84.25797,627.0,56190.0
5377,225,1,year hour 5377,67763.65,67.76365,67.76365,602.0,52182.0
5378,225,2,year hour 5378,67864.3,67.8643,67.8643,601.0,52088.0
5379,225,3,year hour 5379,67591.19,67.59119,67.59119,601.0,52786.0
5380,225,4,year hour 5380,68144.07,68.14407000000001,68.14407000000001,601.0,52279.0
5381,225,5,year hour 5381,68040.49,68.04049,68.04049,601.0,53095.0
5382,225,6,year hour 5382,71032.18,71.03218,71.03218,607.0,53189.0
5383,225,7,year hour 5383,68068.45,68.06845,68.06845,595.0,52165.0
5384,225,8,year hour 5384,69069.68000000001,69.06968,69.06968,604.0,53833.0
5385,225,9,year hour 5385,67953.64,67.95364,67.95364,604.0,52529.0
5386,225,10,year hour 5386,67944.94,67.94494,67.94494,602.0,52535.0
5387,225,11,year hour 5387,67802.9,67.8029,67.8029,588.0,52375.0
5388,225,12,year hour 5388,81722.33,81.72233000000001,81.72233000000001,620.0,54880.0
5389,225,13,year hour 5389,67952.15,67.95214999999999,67.95214999999999,600.0,52484.0
5390,225,14,year hour 5390,67660.66,67.66066000000001,67.66066000000001,601.0,53191.0
5391,225,15,year hour 5391,68569.25,68.56924999999998,68.56924999999998,595.0,52507.0
5392,225,16,year hour 5392,69555.96,69.55596,69.55596,608.0,53372.0
5393,225,17,year hour 5393,68005.42,68.00542,68.00542,598.0,52153.0
5394,225,18,year hour 5394,70931.0,70.931,70.931,607.0,53552.0
5395,225,19,year hour 5395,67678.63,67.67863,67.67863,599.0,52674.0
5396,225,20,year hour 5396,68076.09,68.07609,68.07609,599.0,52651.0
5397,225,21,year hour 5397,67722.46,67.72246000000001,67.72246000000001,602.0,53040.0
5398,225,22,year hour 5398,67821.74,67.82174,67.82174,604.0,52967.0
5399,225,23,year hour 5399,66036.23,66.03622999999999,66.03622999999999,582.0,51731.0
5400,226,0,year hour 5400,84257.97,84.25797,84.25797,627.0,56190.0
5401,226,1,year hour 5401,67763.65,67.76365,67.76365,602.0,52182.0
5402,226,2,year hour 5402,67864.3,67.8643,67.8643,601.0,52088.0
5403,226,3,year hour 5403,67591.19,67.59119,67.59119,601.0,52786.0
5404,226,4,year hour 5404,68144.07,68.14407000000001,68.14407000000001,601.0,52279.0
5405,226,5,year hour 5405,68040.49,68.04049,68.04049,601.0,53095.0
5406,226,6,year hour 5406,71032.18,71.03218,71.03218,607.0,53189.0
5407,226,7,year hour 5407,68068.45,68.06845,68.06845,595.0,52165.0
5408,226,8,year hour 5408,69069.68000000001,69.06968,69.06968,604.0,53833.0
5409,226,9,year hour 5409,67953.64,67.95364,67.95364,604.0,52529.0
5410,226,10,year hour 5410,67944.94,67.94494,67.94494,602.0,52535.0
5411,226,11,year hour 5411,67802.9,67.8029,67.8029,588.0,52375.0
5412,226,12,year hour 5412,81722.33,81.72233000000001,81.72233000000001,620.0,54880.0
5413,226,13,year hour 5413,67952.15,67.95214999999999,67.95214999999999,600.0,52484.0
5414,226,14,year hour 5414,67660.66,67.66066000000001,67.66066000000001,601.0,53191.0
5415,226,15,year hour 5415,68569.25,68.56924999999998,68.56924999999998,595.0,52507.0
5416,226,16,year hour 5416,69555.96,69.55596,69.55596,608.0,53372.0
5417,226,17,year hour 5417,68005.42,68.00542,68.00542,598.0,52153.0
5418,226,18,year hour 5418,70931.0,70.931,70.931,607.0,53552.0
5419,226,19,year hour 5419,67678.63,67.67863,67.67863,599.0,52674.0
5420,226,20,year hour 5420,68076.09,68.07609,68.07609,599.0,52651.0
5421,226,21,year hour 5421,67722.46,67.72246000000001,67.72246000000001,602.0,53040.0
5422,226,22,year hour 5422,67821.74,67.82174,67.82174,604.0,52967.0
5423,226,23,year hour 5423,66036.23,66.03622999999999,66.03622999999999,582.0,51731.0
5424,227,0,year hour 5424,84257.97,84.25797,84.25797,627.0,56190.0
5425,227,1,year hour 5425,67763.65,67.76365,67.76365,602.0,52182.0
5426,227,2,year hour 5426,67864.3,67.8643,67.8643,601.0,52088.0
5427,227,3,year hour 5427,67591.19,67.59119,67.59119,601.0,52786.0
5428,227,4,year hour 5428,68144.07,68.14407000000001,68.14407000000001,601.0,52279.0
5429,227,5,year hour 5429,68040.49,68.04049,68.04049,601.0,53095.0
5430,227,6,year hour 5430,71032.18,71.03218,71.03218,607.0,53189.0
5431,227,7,year hour 5431,68068.45,68.06845,68.06845,595.0,52165.0
5432,227,8,year hour 5432,69069.68000000001,69.06968,69.06968,604.0,53833.0
5433,227,9,year hour 5433,67953.64,67.95364,67.95364,604.0,52529.0
5434,227,10,year hour 5434,67944.94,67.94494,67.94494,602.0,52535.0
5435,227,11,year hour 5435,67802.9,67.8029,67.8029,588.0,52375.0
5436,227,12,year hour 5436,81722.33,81.72233000000001,81.72233000000001,620.0,54880.0
5437,227,13,year hour 5437,67952.15,67.95214999999999,67.95214999999999,600.0,52484.0
5438,227,14,year hour 5438,67660.66,67.66066000000001,67.66066000000001,601.0,53191.0
5439,227,15,year hour 5439,68569.25,68.56924999999998,68.56924999999998,595.0,52507.0
5440,227,16,year hour 5440,69555.96,69.55596,69.55596,608.0,53372.0
5441,227,17,year hour 5441,68005.42,68.00542,68.00542,598.0,52153.0
5442,227,18,year hour 5442,70931.0,70.931,70.931,607.0,53552.0
5443,227,19,year hour 5443,67678.63,67.67863,67.67863,599.0,52674.0
5444,227,20,year hour 5444,68076.09,68.07609,68.07609,599.0,52651.0
5445,227,21,year hour 5445,67722.46,67.72246000000001,67.72246000000001,602.0,53040.0
5446,227,22,year hour 5446,67821.74,67.82174,67.82174,604.0,52967.0
5447,227,23,year hour 5447,66036.23,66.03622999999999,66.03622999999999,582.0,51731.0
5448,228,0,year hour 5448,84257.97,84.25797,84.25797,627.0,56190.0
5449,228,1,year hour 5449,67763.65,67.76365,67.76365,602.0,52182.0
5450,228,2,year hour 5450,67864.3,67.8643,67.8643,601.0,52088.0
5451,228,3,year hour 5451,67591.19,67.59119,67.59119,601.0,52786.0
5452,228,4,year hour 5452,68144.07,68.14407000000001,68.14407000000001,601.0,52279.0
5453,228,5,year hour 5453,68040.49,68.04049,68.04049,601.0,53095.0
5454,228,6,year hour 5454,71032.18,71.03218,71.03218,607.0,53189.0
5455,228,7,year hour 5455,68068.45,68.06845,68.06845,595.0,52165.0
5456,228,8,year hour 5456,69069.68000000001,69.06968,69.06968,604.0,53833.0
5457,228,9,year hour 5457,67953.64,67.95364,67.95364,604.0,52529.0
5458,228,10,year hour 5458,67944.94,67.94494,67.94494,602.0,52535.0
5459,228,11,year hour 5459,67802.9,67.8029,67.8029,588.0,52375.0
5460,228,12,year hour 5460,81722.33,81.72233000000001,81.72233000000001,620.0,54880.0
5461,228,13,year hour 5461,67952.15,67.95214999999999,67.95214999999999,600.0,52484.0
5462,228,14,year hour 5462,67660.66,67.66066000000001,67.66066000000001,601.0,53191.0
5463,228,15,year hour 5463,68569.25,68.56924999999998,68.56924999999998,595.0,52507.0
5464,228,16,year hour 5464,69555.96,69.55596,69.55596,608.0,53372.0
5465,228,17,year hour 5465,68005.42,68.00542,68.00542,598.0,52153.0
5466,228,18,year hour 5466,70931.0,70.931,70.931,607.0,53552.0
5467,228,19,year hour 5467,67678.63,67.67863,67.67863,599.0,52674.0
5468,228,20,year hour 5468,68076.09,68.07609,68.07609,599.0,52651.0
5469,228,21,year hour 5469,67722.46,67.72246000000001,67.72246000000001,602.0,53040.0
5470,228,22,year hour 5470,67821.74,67.82174,67.82174,604.0,52967.0
5471,228,23,year hour 5471,66036.23,66.03622999999999,66.03622999999999,582.0,51731.0
5472,229,0,year hour 5472,84257.97,84.25797,84.25797,627.0,56190.0
5473,229,1,year hour 5473,67763.65,67.76365,67.76365,602.0,52182.0
5474,229,2,year hour 5474,67864.3,67.8643,67.8643,601.0,52088.0
5475,229,3,year hour 5475,67591.19,67.59119,67.59119,601.0,52786.0
5476,229,4,year hour 5476,68144.07,68.14407000000001,68.14407000000001,601.0,52279.0
5477,229,5,year hour 5477,68040.49,68.04049,68.04049,601.0,53095.0
5478,229,6,year hour 5478,71032.18,71.03218,71.03218,607.0,53189.0
5479,229,7,year hour 5479,68068.45,68.06845,68.06845,595.0,52165.0
5480,229,8,year hour 5480,69069.68000000001,69.06968,69.06968,604.0,53833.0
5481,229,9,year hour 5481,67953.64,67.95364,67.95364,604.0,52529.0
5482,229,10,year hour 5482,67944.94,67.94494,67.94494,602.0,52535.0
5483,229,11,year hour 5483,67802.9,67.8029,67.8029,588.0,52375.0
5484,229,12,year hour 5484,81722.33,81.72233000000001,81.72233000000001,620.0,54880.0
5485,229,13,year hour 5485,67952.15,67.95214999999999,67.95214999999999,600.0,52484.0
5486,229,14,year hour 5486,67660.66,67.66066000000001,67.66066000000001,601.0,53191.0
5487,229,15,year hour 5487,68569.25,68.56924999999998,68.56924999999998,595.0,52507.0
5488,229,16,year hour 5488,69555.96,69.55596,69.55596,608.0,53372.0
5489,229,17,year hour 5489,68005.42,68.00542,68.00542,598.0,52153.0
5490,229,18,year hour 5490,70931.0,70.931,70.931,607.0,53552.0
5491,229,19,year hour 5491,67678.63,67.67863,67.67863,599.0,52674.0
5492,229,20,year hour 5492,68076.09,68.07609,68.07609,599.0,52651.0
5493,229,21,year hour 5493,67722.46,67.72246000000001,67.72246000000001,602.0,53040.0
5494,229,22,year hour 5494,67821.74,67.82174,67.82174,604.0,52967.0
5495,229,23,year hour 5495,66036.23,66.03622999999999,66.03622999999999,582.0,51731.0
5496,230,0,year hour 5496,84257.97,84.25797,84.25797,627.0,56190.0
5497,230,1,year hour 5497,67763.65,67.76365,67.76365,602.0,52182.0
5498,230,2,year hour 5498,67864.3,67.8643,67.8643,601.0,52088.0
5499,230,3,year hour 5499,67591.19,67.59119,67.59119,601.0,52786.0
5500,230,4,year hour 5500,68144.07,68.14407000000001,68.14407000000001,601.0,52279.0
5501,230,5,year hour 5501,68040.49,68.04049,68.04049,601.0,53095.0
5502,230,6,year hour 5502,71032.18,71.03218,71.03218,607.0,53189.0
5503,230,7,year hour 5503,68068.45,68.06845,68.06845,595.0,52165.0
5504,230,8,year hour 5504,69069.68000000001,69.06968,69.06968,604.0,53833.0
5505,230,9,year hour 5505,67953.64,67.95364,67.95364,604.0,52529.0
5506,230,10,year hour 5506,67944.94,67.94494,67.94494,602.0,52535.0
5507,230,11,year hour 5507,67802.9,67.8029,67.8029,588.0,52375.0
5508,230,12,year hour 5508,81722.33,81.72233000000001,81.72233000000001,620.0,54880.0
5509,230,13,year hour 5509,67952.15,67.95214999999999,67.95214999999999,600.0,52484.0
5510,230,14,year hour 5510,67660.66,67.66066000000001,67.66066000000001,601.0,53191.0
5511,230,15,year hour 5511,68569.25,68.56924999999998,68.56924999999998,595.0,52507.0
5512,230,16,year hour 5512,69555.96,69.55596,69.55596,608.0,53372.0
5513,230,17,year hour 5513,68005.42,68.00542,68.00542,598.0,52153.0
5514,230,18,year hour 5514,70931.0,70.931,70.931,607.0,53552.0
5515,230,19,year hour 5515,67678.63,67.67863,67.67863,599.0,52674.0
5516,230,20,year hour 5516,68076.09,68.07609,68.07609,599.0,52651.0
5517,230,21,year hour 5517,67722.46,67.72246000000001,67.72246000000001,602.0,53040.0
5518,230,22,year hour 5518,67821.74,67.82174,67.82174,604.0,52967.0
5519,230,23,year hour 5519,66036.23,66.03622999999999,66.03622999999999,582.0,51731.0
5520,231,0,year hour 5520,84257.97,84.25797,84.25797,627.0,56190.0
5521,231,1,year hour 5521,67763.65,67.76365,67.76365,602.0,52182.0
5522,231,2,year hour 5522,67864.3,67.8643,67.8643,601.0,52088.0
5523,231,3,year hour 5523,67591.19,67.59119,67.59119,601.0,52786.0
5524,231,4,year hour 5524,68144.07,68.14407000000001,68.14407000000001,601.0,52279.0
5525,231,5,year hour 5525,68040.49,68.04049,68.04049,601.0,53095.0
5526,231,6,year hour 5526,71032.18,71.03218,71.03218,607.0,53189.0
5527,231,7,year hour 5527,68068.45,68.06845,68.06845,595.0,52165.0
5528,231,8,year hour 5528,69069.68000000001,69.06968,69.06968,604.0,53833.0
5529,231,9,year hour 5529,67953.64,67.95364,67.95364,604.0,52529.0
5530,231,10,year hour 5530,67944.94,67.94494,67.94494,602.0,52535.0
5531,231,11,year hour 5531,67802.9,67.8029,67.8029,588.0,52375.0
5532,231,12,year hour 5532,81722.33,81.72233000000001,81.72233000000001,620.0,54880.0
5533,231,13,year hour 5533,67952.15,67.95214999999999,67.95214999999999,600.0,52484.0
5534,231,14,year hour 5534,67660.66,67.66066000000001,67.66066000000001,601.0,53191.0
5535,231,15,year hour 5535,68569.25,68.56924999999998,68.56924999999998,595.0,52507.0
5536,231,16,year hour 5536,69555.96,69.55596,69.55596,608.0,53372.0
5537,231,17,year hour 5537,68005.42,68.00542,68.00542,598.0,52153.0
5538,231,18,year hour 5538,70931.0,70.931,70.931,607.0,53552.0
5539,231,19,year hour 5539,67678.63,67.67863,67.67863,599.0,52674.0
5540,231,20,year hour 5540,68076.09,68.07609,68.07609,599.0,52651.0
5541,231,21,year hour 5541,67722.46,67.72246000000001,67.72246000000001,602.0,53040.0
5542,231,22,year hour 5542,67821.74,67.82174,67.82174,604.0,52967.0
5543,231,23,year hour 5543,66036.23,66.03622999999999,66.03622999999999,582.0,51731.0
5544,232,0,year hour 5544,84257.97,84.25797,84.25797,627.0,56190.0
5545,232,1,year hour 5545,67763.65,67.76365,67.76365,602.0,52182.0
5546,232,2,year hour 5546,67864.3,67.8643,67.8643,601.0,52088.0
5547,232,3,year hour 5547,67591.19,67.59119,67.59119,601.0,52786.0
5548,232,4,year hour 5548,68144.07,68.14407000000001,68.14407000000001,601.0,52279.0
5549,232,5,year hour 5549,68040.49,68.04049,68.04049,601.0,53095.0
5550,232,6,year hour 5550,71032.18,71.03218,71.03218,607.0,53189.0
5551,232,7,year hour 5551,68068.45,68.06845,68.06845,595.0,52165.0
5552,232,8,year hour 5552,69069.68000000001,69.06968,69.06968,604.0,53833.0
5553,232,9,year hour 5553,67953.64,67.95364,67.95364,604.0,52529.0
5554,232,10,year hour 5554,67944.94,67.94494,67.94494,602.0,52535.0
5555,232,11,year hour 5555,67802.9,67.8029,67.8029,588.0,52375.0
5556,232,12,year hour 5556,81722.33,81.72233000000001,81.72233000000001,620.0,54880.0
5557,232,13,year hour 5557,67952.15,67.95214999999999,67.95214999999999,600.0,52484.0
5558,232,14,year hour 5558,67660.66,67.66066000000001,67.66066000000001,601.0,53191.0
5559,232,15,year hour 5559,68569.25,68.56924999999998,68.56924999999998,595.0,52507.0
5560,232,16,year hour 5560,69555.96,69.55596,69.55596,608.0,53372.0
5561,232,17,year hour 5561,68005.42,68.00542,68.00542,598.0,52153.0
5562,232,18,year hour 5562,70931.0,70.931,70.931,607.0,53552.0
5563,232,19,year hour 5563,67678.63,67.67863,67.67863,599.0,52674.0
5564,232,20,year hour 5564,68076.09,68.07609,68.07609,599.0,52651.0
5565,232,21,year hour 5565,67722.46,67.72246000000001,67.72246000000001,602.0,53040.0
5566,232,22,year hour 5566,67821.74,67.82174,67.82174,604.0,52967.0
5567,232,23,year hour 5567,66036.23,66.03622999999999,66.03622999999999,582.0,51731.0
5568,233,0,year hour 5568,84257.97,84.25797,84.25797,627.0,56190.0
5569,233,1,year hour 5569,67763.65,67.76365,67.76365,602.0,52182.0
5570,233,2,year hour 5570,67864.3,67.8643,67.8643,601.0,52088.0
5571,233,3,year hour 5571,67591.19,67.59119,67.59119,601.0,52786.0
5572,233,4,year hour 5572,68144.07,68.14407000000001,68.14407000000001,601.0,52279.0
5573,233,5,year hour 5573,68040.49,68.04049,68.04049,601.0,53095.0
5574,233,6,year hour 5574,71032.18,71.03218,71.03218,607.0,53189.0
5575,233,7,year hour 5575,68068.45,68.06845,68.06845,595.0,52165.0
5576,233,8,year hour 5576,69069.68000000001,69.06968,69.06968,604.0,53833.0
5577,233,9,year hour 5577,67953.64,67.95364,67.95364,604.0,52529.0
5578,233,10,year hour 5578,67944.94,67.94494,67.94494,602.0,52535.0
5579,233,11,year hour 5579,67802.9,67.8029,67.8029,588.0,52375.0
5580,233,12,year hour 5580,81722.33,81.72233000000001,81.72233000000001,620.0,54880.0
5581,233,13,year hour 5581,67952.15,67.95214999999999,67.95214999999999,600.0,52484.0
5582,233,14,year hour 5582,67660.66,67.66066000000001,67.66066000000001,601.0,53191.0
5583,233,15,year hour 5583,68569.25,68.56924999999998,68.56924999999998,595.0,52507.0
5584,233,16,year hour 5584,69555.96,69.55596,69.55596,608.0,53372.0
5585,233,17,year hour 5585,68005.42,68.00542,68.00542,598.0,52153.0
5586,233,18,year hour 5586,70931.0,70.931,70.931,607.0,53552.0
5587,233,19,year hour 5587,67678.63,67.67863,67.67863,599.0,52674.0
5588,233,20,year hour 5588,68076.09,68.07609,68.07609,599.0,52651.0
5589,233,21,year hour 5589,67722.46,67.72246000000001,67.72246000000001,602.0,53040.0
5590,233,22,year hour 5590,67821.74,67.82174,67.82174,604.0,52967.0
5591,233,23,year hour 5591,66036.23,66.03622999999999,66.03622999999999,582.0,51731.0
5592,234,0,year hour 5592,84257.97,84.25797,84.25797,627.0,56190.0
5593,234,1,year hour 5593,67763.65,67.76365,67.76365,602.0,52182.0
5594,234,2,year hour 5594,67864.3,67.8643,67.8643,601.0,52088.0
5595,234,3,year hour 5595,67591.19,67.59119,67.59119,601.0,52786.0
5596,234,4,year hour 5596,68144.07,68.14407000000001,68.14407000000001,601.0,52279.0
5597,234,5,year hour 5597,68040.49,68.04049,68.04049,601.0,53095.0
5598,234,6,year hour 5598,71032.18,71.03218,71.03218,607.0,53189.0
5599,234,7,year hour 5599,68068.45,68.06845,68.06845,595.0,52165.0
5600,234,8,year hour 5600,69069.68000000001,69.06968,69.06968,604.0,53833.0
5601,234,9,year hour 5601,67953.64,67.95364,67.95364,604.0,52529.0
5602,234,10,year hour 5602,67944.94,67.94494,67.94494,602.0,52535.0
5603,234,11,year hour 5603,67802.9,67.8029,67.8029,588.0,52375.0
5604,234,12,year hour 5604,81722.33,81.72233000000001,81.72233000000001,620.0,54880.0
5605,234,13,year hour 5605,67952.15,67.95214999999999,67.95214999999999,600.0,52484.0
5606,234,14,year hour 5606,67660.66,67.66066000000001,67.66066000000001,601.0,53191.0
5607,234,15,year hour 5607,68569.25,68.56924999999998,68.56924999999998,595.0,52507.0
5608,234,16,year hour 5608,69555.96,69.55596,69.55596,608.0,53372.0
5609,234,17,year hour 5609,68005.42,68.00542,68.00542,598.0,52153.0
5610,234,18,year hour 5610,70931.0,70.931,70.931,607.0,53552.0
5611,234,19,year hour 5611,67678.63,67.67863,67.67863,599.0,52674.0
5612,234,20,year hour 5612,68076.09,68.07609,68.07609,599.0,52651.0
5613,234,21,year hour 5613,67722.46,67.72246000000001,67.72246000000001,602.0,53040.0
5614,234,22,year hour 5614,67821.74,67.82174,67.82174,604.0,52967.0
5615,234,23,year hour 5615,66036.23,66.03622999999999,66.03622999999999,582.0,51731.0
5616,235,0,year hour 5616,84257.97,84.25797,84.25797,627.0,56190.0
5617,235,1,year hour 5617,67763.65,67.76365,67.76365,602.0,52182.0
5618,235,2,year hour 5618,67864.3,67.8643,67.8643,601.0,52088.0
5619,235,3,year hour 5619,67591.19,67.59119,67.59119,601.0,52786.0
5620,235,4,year hour 5620,68144.07,68.14407000000001,68.14407000000001,601.0,52279.0
5621,235,5,year hour 5621,68040.49,68.04049,68.04049,601.0,53095.0
5622,235,6,year hour 5622,71032.18,71.03218,71.03218,607.0,53189.0
5623,235,7,year hour 5623,68068.45,68.06845,68.06845,595.0,52165.0
5624,235,8,year hour 5624,69069.68000000001,69.06968,69.06968,604.0,53833.0
5625,235,9,year hour 5625,67953.64,67.95364,67.95364,604.0,52529.0
5626,235,10,year hour 5626,67944.94,67.94494,67.94494,602.0,52535.0
5627,235,11,year hour 5627,67802.9,67.8029,67.8029,588.0,52375.0
5628,235,12,year hour 5628,81722.33,81.72233000000001,81.72233000000001,620.0,54880.0
5629,235,13,year hour 5629,67952.15,67.95214999999999,67.95214999999999,600.0,52484.0
5630,235,14,year hour 5630,67660.66,67.66066000000001,67.66066000000001,601.0,53191.0
5631,235,15,year hour 5631,68569.25,68.56924999999998,68.56924999999998,595.0,52507.0
5632,235,16,year hour 5632,69555.96,69.55596,69.55596,608.0,53372.0
5633,235,17,year hour 5633,68005.42,68.00542,68.00542,598.0,52153.0
5634,235,18,year hour 5634,70931.0,70.931,70.931,607.0,53552.0
5635,235,19,year hour 5635,67678.63,67.67863,67.67863,599.0,52674.0
5636,235,20,year hour 5636,68076.09,68.07609,68.07609,599.0,52651.0
5637,235,21,year hour 5637,67722.46,67.72246000000001,67.72246000000001,602.0,53040.0
5638,235,22,year hour 5638,67821.74,67.82174,67.82174,604.0,52967.0
5639,235,23,year hour 5639,66036.23,66.03622999999999,66.03622999999999,582.0,51731.0
5640,236,0,year hour 5640,84257.97,84.25797,84.25797,627.0,56190.0
5641,236,1,year hour 5641,67763.65,67.76365,67.76365,602.0,52182.0
5642,236,2,year hour 5642,67864.3,67.8643,67.8643,601.0,52088.0
5643,236,3,year hour 5643,67591.19,67.59119,67.59119,601.0,52786.0
5644,236,4,year hour 5644,68144.07,68.14407000000001,68.14407000000001,601.0,52279.0
5645,236,5,year hour 5645,68040.49,68.04049,68.04049,601.0,53095.0
5646,236,6,year hour 5646,71032.18,71.03218,71.03218,607.0,53189.0
5647,236,7,year hour 5647,68068.45,68.06845,68.06845,595.0,52165.0
5648,236,8,year hour 5648,69069.68000000001,69.06968,69.06968,604.0,53833.0
5649,236,9,year hour 5649,67953.64,67.95364,67.95364,604.0,52529.0
5650,236,10,year hour 5650,67944.94,67.94494,67.94494,602.0,52535.0
5651,236,11,year hour 5651,67802.9,67.8029,67.8029,588.0,52375.0
5652,236,12,year hour 5652,81722.33,81.72233000000001,81.72233000000001,620.0,54880.0
5653,236,13,year hour 5653,67952.15,67.95214999999999,67.95214999999999,600.0,52484.0
5654,236,14,year hour 5654,67660.66,67.66066000000001,67.66066000000001,601.0,53191.0
5655,236,15,year hour 5655,68569.25,68.56924999999998,68.56924999999998,595.0,52507.0
5656,236,16,year hour 5656,69555.96,69.55596,69.55596,608.0,53372.0
5657,236,17,year hour 5657,68005.42,68.00542,68.00542,598.0,52153.0
5658,236,18,year hour 5658,70931.0,70.931,70.931,607.0,53552.0
5659,236,19,year hour 5659,67678.63,67.67863,67.67863,599.0,52674.0
5660,236,20,year hour 5660,68076.09,68.07609,68.07609,599.0,52651.0
5661,236,21,year hour 5661,67722.46,67.72246000000001,67.72246000000001,602.0,53040.0
5662,236,22,year hour 5662,67821.74,67.82174,67.82174,604.0,52967.0
5663,236,23,year hour 5663,66036.23,66.03622999999999,66.03622999999999,582.0,51731.0
5664,237,0,year hour 5664,84257.97,84.25797,84.25797,627.0,56190.0
5665,237,1,year hour 5665,67763.65,67.76365,67.76365,602.0,52182.0
5666,237,2,year hour 5666,67864.3,67.8643,67.8643,601.0,52088.0
5667,237,3,year hour 5667,67591.19,67.59119,67.59119,601.0,52786.0
5668,237,4,year hour 5668,68144.07,68.14407000000001,68.14407000000001,601.0,52279.0
5669,237,5,year hour 5669,68040.49,68.04049,68.04049,601.0,53095.0
5670,237,6,year hour 5670,71032.18,71.03218,71.03218,607.0,53189.0
5671,237,7,year hour 5671,68068.45,68.06845,68.06845,595.0,52165.0
5672,237,8,year hour 5672,69069.68000000001,69.06968,69.06968,604.0,53833.0
5673,237,9,year hour 5673,67953.64,67.95364,67.95364,604.0,52529.0
5674,237,10,year hour 5674,67944.94,67.94494,67.94494,602.0,52535.0
5675,237,11,year hour 5675,67802.9,67.8029,67.8029,588.0,52375.0
5676,237,12,year hour 5676,81722.33,81.72233000000001,81.72233000000001,620.0,54880.0
5677,237,13,year hour 5677,67952.15,67.95214999999999,67.95214999999999,600.0,52484.0
5678,237,14,year hour 5678,67660.66,67.66066000000001,67.66066000000001,601.0,53191.0
5679,237,15,year hour 5679,68569.25,68.56924999999998,68.56924999999998,595.0,52507.0
5680,237,16,year hour 5680,69555.96,69.55596,69.55596,608.0,53372.0
5681,237,17,year hour 5681,68005.42,68.00542,68.00542,598.0,52153.0
5682,237,18,year hour 5682,70931.0,70.931,70.931,607.0,53552.0
5683,237,19,year hour 5683,67678.63,67.67863,67.67863,599.0,52674.0
5684,237,20,year hour 5684,68076.09,68.07609,68.07609,599.0,52651.0
5685,237,21,year hour 5685,67722.46,67.72246000000001,67.72246000000001,602.0,53040.0
5686,237,22,year hour 5686,67821.74,67.82174,67.82174,604.0,52967.0
5687,237,23,year hour 5687,66036.23,66.03622999999999,66.03622999999999,582.0,51731.0
5688,238,0,year hour 5688,84257.97,84.25797,84.25797,627.0,56190.0
5689,238,1,year hour 5689,67763.65,67.76365,67.76365,602.0,52182.0
5690,238,2,year hour 5690,67864.3,67.8643,67.8643,601.0,52088.0
5691,238,3,year hour 5691,67591.19,67.59119,67.59119,601.0,52786.0
5692,238,4,year hour 5692,68144.07,68.14407000000001,68.14407000000001,601.0,52279.0
5693,238,5,year hour 5693,68040.49,68.04049,68.04049,601.0,53095.0
5694,238,6,year hour 5694,71032.18,71.03218,71.03218,607.0,53189.0
5695,238,7,year hour 5695,68068.45,68.06845,68.06845,595.0,52165.0
5696,238,8,year hour 5696,69069.68000000001,69.06968,69.06968,604.0,53833.0
5697,238,9,year hour 5697,67953.64,67.95364,67.95364,604.0,52529.0
5698,238,10,year hour 5698,67944.94,67.94494,67.94494,602.0,52535.0
5699,238,11,year hour 5699,67802.9,67.8029,67.8029,588.0,52375.0
5700,238,12,year hour 5700,81722.33,81.72233000000001,81.72233000000001,620.0,54880.0
5701,238,13,year hour 5701,67952.15,67.95214999999999,67.95214999999999,600.0,52484.0
5702,238,14,year hour 5702,67660.66,67.66066000000001,67.66066000000001,601.0,53191.0
5703,238,15,year hour 5703,68569.25,68.56924999999998,68.56924999999998,595.0,52507.0
5704,238,16,year hour 5704,69555.96,69.55596,69.55596,608.0,53372.0
5705,238,17,year hour 5705,68005.42,68.00542,68.00542,598.0,52153.0
5706,238,18,year hour 5706,70931.0,70.931,70.931,607.0,53552.0
5707,238,19,year hour 5707,67678.63,67.67863,67.67863,599.0,52674.0
5708,238,20,year hour 5708,68076.09,68.07609,68.07609,599.0,52651.0
5709,238,21,year hour 5709,67722.46,67.72246000000001,67.72246000000001,602.0,53040.0
5710,238,22,year hour 5710,67821.74,67.82174,67.82174,604.0,52967.0
5711,238,23,year hour 5711,66036.23,66.03622999999999,66.03622999999999,582.0,51731.0
5712,239,0,year hour 5712,84257.97,84.25797,84.25797,627.0,56190.0
5713,239,1,year hour 5713,67763.65,67.76365,67.76365,602.0,52182.0
5714,239,2,year hour 5714,67864.3,67.8643,67.8643,601.0,52088.0
5715,239,3,year hour 5715,67591.19,67.59119,67.59119,601.0,52786.0
5716,239,4,year hour 5716,68144.07,68.14407000000001,68.14407000000001,601.0,52279.0
5717,239,5,year hour 5717,68040.49,68.04049,68.04049,601.0,53095.0
5718,239,6,year hour 5718,71032.18,71.03218,71.03218,607.0,53189.0
5719,239,7,year hour 5719,68068.45,68.06845,68.06845,595.0,52165.0
5720,239,8,year hour 5720,69069.68000000001,69.06968,69.06968,604.0,53833.0
5721,239,9,year hour 5721,67953.64,67.95364,67.95364,604.0,52529.0
5722,239,10,year hour 5722,67944.94,67.94494,67.94494,602.0,52535.0
5723,239,11,year hour 5723,67802.9,67.8029,67.8029,588.0,52375.0
5724,239,12,year hour 5724,81722.33,81.72233000000001,81.72233000000001,620.0,54880.0
5725,239,13,year hour 5725,67952.15,67.95214999999999,67.95214999999999,600.0,52484.0
5726,239,14,year hour 5726,67660.66,67.66066000000001,67.66066000000001,601.0,53191.0
5727,239,15,year hour 5727,68569.25,68.56924999999998,68.56924999999998,595.0,52507.0
5728,239,16,year hour 5728,69555.96,69.55596,69.55596,608.0,53372.0
5729,239,17,year hour 5729,68005.42,68.00542,68.00542,598.0,52153.0
5730,239,18,year hour 5730,70931.0,70.931,70.931,607.0,53552.0
5731,239,19,year hour 5731,67678.63,67.67863,67.67863,599.0,52674.0
5732,239,20,year hour 5732,68076.09,68.07609,68.07609,599.0,52651.0
5733,239,21,year hour 5733,67722.46,67.72246000000001,67.72246000000001,602.0,53040.0
5734,239,22,year hour 5734,67821.74,67.82174,67.82174,604.0,52967.0
5735,239,23,year hour 5735,66036.23,66.03622999999999,66.03622999999999,582.0,51731.0
5736,240,0,year hour 5736,84257.97,84.25797,84.25797,627.0,56190.0
5737,240,1,year hour 5737,67763.65,67.76365,67.76365,602.0,52182.0
5738,240,2,year hour 5738,67864.3,67.8643,67.8643,601.0,52088.0
5739,240,3,year hour 5739,67591.19,67.59119,67.59119,601.0,52786.0
5740,240,4,year hour 5740,68144.07,68.14407000000001,68.14407000000001,601.0,52279.0
5741,240,5,year hour 5741,68040.49,68.04049,68.04049,601.0,53095.0
5742,240,6,year hour 5742,71032.18,71.03218,71.03218,607.0,53189.0
5743,240,7,year hour 5743,68068.45,68.06845,68.06845,595.0,52165.0
5744,240,8,year hour 5744,69069.68000000001,69.06968,69.06968,604.0,53833.0
5745,240,9,year hour 5745,67953.64,67.95364,67.95364,604.0,52529.0
5746,240,10,year hour 5746,67944.94,67.94494,67.94494,602.0,52535.0
5747,240,11,year hour 5747,67802.9,67.8029,67.8029,588.0,52375.0
5748,240,12,year hour 5748,81722.33,81.72233000000001,81.72233000000001,620.0,54880.0
5749,240,13,year hour 5749,67952.15,67.95214999999999,67.95214999999999,600.0,52484.0
5750,240,14,year hour 5750,67660.66,67.66066000000001,67.66066000000001,601.0,53191.0
5751,240,15,year hour 5751,68569.25,68.56924999999998,68.56924999999998,595.0,52507.0
5752,240,16,year hour 5752,69555.96,69.55596,69.55596,608.0,53372.0
5753,240,17,year hour 5753,68005.42,68.00542,68.00542,598.0,52153.0
5754,240,18,year hour 5754,70931.0,70.931,70.931,607.0,53552.0
5755,240,19,year hour 5755,67678.63,67.67863,67.67863,599.0,52674.0
5756,240,20,year hour 5756,68076.09,68.07609,68.07609,599.0,52651.0
5757,240,21,year hour 5757,67722.46,67.72246000000001,67.72246000000001,602.0,53040.0
5758,240,22,year hour 5758,67821.74,67.82174,67.82174,604.0,52967.0
5759,240,23,year hour 5759,66036.23,66.03622999999999,66.03622999999999,582.0,51731.0
5760,241,0,year hour 5760,84257.97,84.25797,84.25797,627.0,56190.0
5761,241,1,year hour 5761,67763.65,67.76365,67.76365,602.0,52182.0
5762,241,2,year hour 5762,67864.3,67.8643,67.8643,601.0,52088.0
5763,241,3,year hour 5763,67591.19,67.59119,67.59119,601.0,52786.0
5764,241,4,year hour 5764,68144.07,68.14407000000001,68.14407000000001,601.0,52279.0
5765,241,5,year hour 5765,68040.49,68.04049,68.04049,601.0,53095.0
5766,241,6,year hour 5766,71032.18,71.03218,71.03218,607.0,53189.0
5767,241,7,year hour 5767,68068.45,68.06845,68.06845,595.0,52165.0
5768,241,8,year hour 5768,69069.68000000001,69.06968,69.06968,604.0,53833.0
5769,241,9,year hour 5769,67953.64,67.95364,67.95364,604.0,52529.0
5770,241,10,year hour 5770,67944.94,67.94494,67.94494,602.0,52535.0
5771,241,11,year hour 5771,67802.9,67.8029,67.8029,588.0,52375.0
5772,241,12,year hour 5772,81722.33,81.72233000000001,81.72233000000001,620.0,54880.0
5773,241,13,year hour 5773,67952.15,67.95214999999999,67.95214999999999,600.0,52484.0
5774,241,14,year hour 5774,67660.66,67.66066000000001,67.66066000000001,601.0,53191.0
5775,241,15,year hour 5775,68569.25,68.56924999999998,68.56924999999998,595.0,52507.0
5776,241,16,year hour 5776,69555.96,69.55596,69.55596,608.0,53372.0
5777,241,17,year hour 5777,68005.42,68.00542,68.00542,598.0,52153.0
5778,241,18,year hour 5778,70931.0,70.931,70.931,607.0,53552.0
5779,241,19,year hour 5779,67678.63,67.67863,67.67863,599.0,52674.0
5780,241,20,year hour 5780,68076.09,68.07609,68.07609,599.0,52651.0
5781,241,21,year hour 5781,67722.46,67.72246000000001,67.72246000000001,602.0,53040.0
5782,241,22,year hour 5782,67821.74,67.82174,67.82174,604.0,52967.0
5783,241,23,year hour 5783,66036.23,66.03622999999999,66.03622999999999,582.0,51731.0
5784,242,0,year hour 5784,84257.97,84.25797,84.25797,627.0,56190.0
5785,242,1,year hour 5785,67763.65,67.76365,67.76365,602.0,52182.0
5786,242,2,year hour 5786,67864.3,67.8643,67.8643,601.0,52088.0
5787,242,3,year hour 5787,67591.19,67.59119,67.59119,601.0,52786.0
5788,242,4,year hour 5788,68144.07,68.14407000000001,68.14407000000001,601.0,52279.0
5789,242,5,year hour 5789,68040.49,68.04049,68.04049,601.0,53095.0
5790,242,6,year hour 5790,71032.18,71.03218,71.03218,607.0,53189.0
5791,242,7,year hour 5791,68068.45,68.06845,68.06845,595.0,52165.0
5792,242,8,year hour 5792,69069.68000000001,69.06968,69.06968,604.0,53833.0
5793,242,9,year hour 5793,67953.64,67.95364,67.95364,604.0,52529.0
5794,242,10,year hour 5794,67944.94,67.94494,67.94494,602.0,52535.0
5795,242,11,year hour 5795,67802.9,67.8029,67.8029,588.0,52375.0
5796,242,12,year hour 5796,81722.33,81.72233000000001,81.72233000000001,620.0,54880.0
5797,242,13,year hour 5797,67952.15,67.95214999999999,67.95214999999999,600.0,52484.0
5798,242,14,year hour 5798,67660.66,67.66066000000001,67.66066000000001,601.0,53191.0
5799,242,15,year hour 5799,68569.25,68.56924999999998,68.56924999999998,595.0,52507.0
5800,242,16,year hour 5800,69555.96,69.55596,69.55596,608.0,53372.0
5801,242,17,year hour 5801,68005.42,68.00542,68.00542,598.0,52153.0
5802,242,18,year hour 5802,70931.0,70.931,70.931,607.0,53552.0
5803,242,19,year hour 5803,67678.63,67.67863,67.67863,599.0,52674.0
5804,242,20,year hour 5804,68076.09,68.07609,68.07609,599.0,52651.0
5805,242,21,year hour 5805,67722.46,67.72246000000001,67.72246000000001,602.0,53040.0
5806,242,22,year hour 5806,67821.74,67.82174,67.82174,604.0,52967.0
5807,242,23,year hour 5807,66036.23,66.03622999999999,66.03622999999999,582.0,51731.0
5808,243,0,year hour 5808,84257.97,84.25797,84.25797,627.0,56190.0
5809,243,1,year hour 5809,67763.65,67.76365,67.76365,602.0,52182.0
5810,243,2,year hour 5810,67864.3,67.8643,67.8643,601.0,52088.0
5811,243,3,year hour 5811,67591.19,67.59119,67.59119,601.0,52786.0
5812,243,4,year hour 5812,68144.07,68.14407000000001,68.14407000000001,601.0,52279.0
5813,243,5,year hour 5813,68040.49,68.04049,68.04049,601.0,53095.0
5814,243,6,year hour 5814,71032.18,71.03218,71.03218,607.0,53189.0
5815,243,7,year hour 5815,68068.45,68.06845,68.06845,595.0,52165.0
5816,243,8,year hour 5816,69069.68000000001,69.06968,69.06968,604.0,53833.0
5817,243,9,year hour 5817,67953.64,67.95364,67.95364,604.0,52529.0
5818,243,10,year hour 5818,67944.94,67.94494,67.94494,602.0,52535.0
5819,243,11,year hour 5819,67802.9,67.8029,67.8029,588.0,52375.0
5820,243,12,year hour 5820,81722.33,81.72233000000001,81.72233000000001,620.0,54880.0
5821,243,13,year hour 5821,67952.15,67.95214999999999,67.95214999999999,600.0,52484.0
5822,243,14,year hour 5822,67660.66,67.66066000000001,67.66066000000001,601.0,53191.0
5823,243,15,year hour 5823,68569.25,68.56924999999998,68.56924999999998,595.0,52507.0
5824,243,16,year hour 5824,69555.96,69.55596,69.55596,608.0,53372.0
5825,243,17,year hour 5825,68005.42,68.00542,68.00542,598.0,52153.0
5826,243,18,year hour 5826,70931.0,70.931,70.931,607.0,53552.0
5827,243,19,year hour 5827,67678.63,67.67863,67.67863,599.0,52674.0
5828,243,20,year hour 5828,68076.09,68.07609,68.07609,599.0,52651.0
5829,243,21,year hour 5829,67722.46,67.72246000000001,67.72246000000001,602.0,53040.0
5830,243,22,year hour 5830,67821.74,67.82174,67.82174,604.0,52967.0
5831,243,23,year hour 5831,66036.23,66.03622999999999,66.03622999999999,582.0,51731.0
5832,244,0,year hour 5832,84257.97,84.25797,84.25797,627.0,56190.0
5833,244,1,year hour 5833,67763.65,67.76365,67.76365,602.0,52182.0
5834,244,2,year hour 5834,67864.3,67.8643,67.8643,601.0,52088.0
5835,244,3,year hour 5835,67591.19,67.59119,67.59119,601.0,52786.0
5836,244,4,year hour 5836,68144.07,68.14407000000001,68.14407000000001,601.0,52279.0
5837,244,5,year hour 5837,68040.49,68.04049,68.04049,601.0,53095.0
5838,244,6,year hour 5838,71032.18,71.03218,71.03218,607.0,53189.0
5839,244,7,year hour 5839,68068.45,68.06845,68.06845,595.0,52165.0
5840,244,8,year hour 5840,69069.68000000001,69.06968,69.06968,604.0,53833.0
5841,244,9,year hour 5841,67953.64,67.95364,67.95364,604.0,52529.0
5842,244,10,year hour 5842,67944.94,67.94494,67.94494,602.0,52535.0
5843,244,11,year hour 5843,67802.9,67.8029,67.8029,588.0,52375.0
5844,244,12,year hour 5844,81722.33,81.72233000000001,81.72233000000001,620.0,54880.0
5845,244,13,year hour 5845,67952.15,67.95214999999999,67.95214999999999,600.0,52484.0
5846,244,14,year hour 5846,67660.66,67.66066000000001,67.66066000000001,601.0,53191.0
5847,244,15,year hour 5847,68569.25,68.56924999999998,68.56924999999998,595.0,52507.0
5848,244,16,year hour 5848,69555.96,69.55596,69.55596,608.0,53372.0
5849,244,17,year hour 5849,68005.42,68.00542,68.00542,598.0,52153.0
5850,244,18,year hour 5850,70931.0,70.931,70.931,607.0,53552.0
5851,244,19,year hour 5851,67678.63,67.67863,67.67863,599.0,52674.0
5852,244,20,year hour 5852,68076.09,68.07609,68.07609,599.0,52651.0
5853,244,21,year hour 5853,67722.46,67.72246000000001,67.72246000000001,602.0,53040.0
5854,244,22,year hour 5854,67821.74,67.82174,67.82174,604.0,52967.0
5855,244,23,year hour 5855,66036.23,66.03622999999999,66.03622999999999,582.0,51731.0
5856,245,0,year hour 5856,84257.97,84.25797,84.25797,627.0,56190.0
5857,245,1,year hour 5857,67763.65,67.76365,67.76365,602.0,52182.0
5858,245,2,year hour 5858,67864.3,67.8643,67.8643,601.0,52088.0
5859,245,3,year hour 5859,67591.19,67.59119,67.59119,601.0,52786.0
5860,245,4,year hour 5860,68144.07,68.14407000000001,68.14407000000001,601.0,52279.0
5861,245,5,year hour 5861,68040.49,68.04049,68.04049,601.0,53095.0
5862,245,6,year hour 5862,71032.18,71.03218,71.03218,607.0,53189.0
5863,245,7,year hour 5863,68068.45,68.06845,68.06845,595.0,52165.0
5864,245,8,year hour 5864,69069.68000000001,69.06968,69.06968,604.0,53833.0
5865,245,9,year hour 5865,67953.64,67.95364,67.95364,604.0,52529.0
5866,245,10,year hour 5866,67944.94,67.94494,67.94494,602.0,52535.0
5867,245,11,year hour 5867,67802.9,67.8029,67.8029,588.0,52375.0
5868,245,12,year hour 5868,81722.33,81.72233000000001,81.72233000000001,620.0,54880.0
5869,245,13,year hour 5869,67952.15,67.95214999999999,67.95214999999999,600.0,52484.0
5870,245,14,year hour 5870,67660.66,67.66066000000001,67.66066000000001,601.0,53191.0
5871,245,15,year hour 5871,68569.25,68.56924999999998,68.56924999999998,595.0,52507.0
5872,245,16,year hour 5872,69555.96,69.55596,69.55596,608.0,53372.0
5873,245,17,year hour 5873,68005.42,68.00542,68.00542,598.0,52153.0
5874,245,18,year hour 5874,70931.0,70.931,70.931,607.0,53552.0
5875,245,19,year hour 5875,67678.63,67.67863,67.67863,599.0,52674.0
5876,245,20,year hour 5876,68076.09,68.07609,68.07609,599.0,52651.0
5877,245,21,year hour 5877,67722.46,67.72246000000001,67.72246000000001,602.0,53040.0
5878,245,22,year hour 5878,67821.74,67.82174,67.82174,604.0,52967.0
5879,245,23,year hour 5879,66036.23,66.03622999999999,66.03622999999999,582.0,51731.0
5880,246,0,year hour 5880,84257.97,84.25797,84.25797,627.0,56190.0
5881,246,1,year hour 5881,67763.65,67.76365,67.76365,602.0,52182.0
5882,246,2,year hour 5882,67864.3,67.8643,67.8643,601.0,52088.0
5883,246,3,year hour 5883,67591.19,67.59119,67.59119,601.0,52786.0
5884,246,4,year hour 5884,68144.07,68.14407000000001,68.14407000000001,601.0,52279.0
5885,246,5,year hour 5885,68040.49,68.04049,68.04049,601.0,53095.0
5886,246,6,year hour 5886,71032.18,71.03218,71.03218,607.0,53189.0
5887,246,7,year hour 5887,68068.45,68.06845,68.06845,595.0,52165.0
5888,246,8,year hour 5888,69069.68000000001,69.06968,69.06968,604.0,53833.0
5889,246,9,year hour 5889,67953.64,67.95364,67.95364,604.0,52529.0
5890,246,10,year hour 5890,67944.94,67.94494,67.94494,602.0,52535.0
5891,246,11,year hour 5891,67802.9,67.8029,67.8029,588.0,52375.0
5892,246,12,year hour 5892,81722.33,81.72233000000001,81.72233000000001,620.0,54880.0
5893,246,13,year hour 5893,67952.15,67.95214999999999,67.95214999999999,600.0,52484.0
5894,246,14,year hour 5894,67660.66,67.66066000000001,67.66066000000001,601.0,53191.0
5895,246,15,year hour 5895,68569.25,68.56924999999998,68.56924999999998,595.0,52507.0
5896,246,16,year hour 5896,69555.96,69.55596,69.55596,608.0,53372.0
5897,246,17,year hour 5897,68005.42,68.00542,68.00542,598.0,52153.0
5898,246,18,year hour 5898,70931.0,70.931,70.931,607.0,53552.0
5899,246,19,year hour 5899,67678.63,67.67863,67.67863,599.0,52674.0
5900,246,20,year hour 5900,68076.09,68.07609,68.07609,599.0,52651.0
5901,246,21,year hour 5901,67722.46,67.72246000000001,67.72246000000001,602.0,53040.0
5902,246,22,year hour 5902,67821.74,67.82174,67.82174,604.0,52967.0
5903,246,23,year hour 5903,66036.23,66.03622999999999,66.03622999999999,582.0,51731.0
5904,247,0,year hour 5904,84257.97,84.25797,84.25797,627.0,56190.0
5905,247,1,year hour 5905,67763.65,67.76365,67.76365,602.0,52182.0
5906,247,2,year hour 5906,67864.3,67.8643,67.8643,601.0,52088.0
5907,247,3,year hour 5907,67591.19,67.59119,67.59119,601.0,52786.0
5908,247,4,year hour 5908,68144.07,68.14407000000001,68.14407000000001,601.0,52279.0
5909,247,5,year hour 5909,68040.49,68.04049,68.04049,601.0,53095.0
5910,247,6,year hour 5910,71032.18,71.03218,71.03218,607.0,53189.0
5911,247,7,year hour 5911,68068.45,68.06845,68.06845,595.0,52165.0
5912,247,8,year hour 5912,69069.68000000001,69.06968,69.06968,604.0,53833.0
5913,247,9,year hour 5913,67953.64,67.95364,67.95364,604.0,52529.0
5914,247,10,year hour 5914,67944.94,67.94494,67.94494,602.0,52535.0
5915,247,11,year hour 5915,67802.9,67.8029,67.8029,588.0,52375.0
5916,247,12,year hour 5916,81722.33,81.72233000000001,81.72233000000001,620.0,54880.0
5917,247,13,year hour 5917,67952.15,67.95214999999999,67.95214999999999,600.0,52484.0
5918,247,14,year hour 5918,67660.66,67.66066000000001,67.66066000000001,601.0,53191.0
5919,247,15,year hour 5919,68569.25,68.56924999999998,68.56924999999998,595.0,52507.0
5920,247,16,year hour 5920,69555.96,69.55596,69.55596,608.0,53372.0
5921,247,17,year hour 5921,68005.42,68.00542,68.00542,598.0,52153.0
5922,247,18,year hour 5922,70931.0,70.931,70.931,607.0,53552.0
5923,247,19,year hour 5923,67678.63,67.67863,67.67863,599.0,52674.0
5924,247,20,year hour 5924,68076.09,68.07609,68.07609,599.0,52651.0
5925,247,21,year hour 5925,67722.46,67.72246000000001,67.72246000000001,602.0,53040.0
5926,247,22,year hour 5926,67821.74,67.82174,67.82174,604.0,52967.0
5927,247,23,year hour 5927,66036.23,66.03622999999999,66.03622999999999,582.0,51731.0
5928,248,0,year hour 5928,84257.97,84.25797,84.25797,627.0,56190.0
5929,248,1,year hour 5929,67763.65,67.76365,67.76365,602.0,52182.0
5930,248,2,year hour 5930,67864.3,67.8643,67.8643,601.0,52088.0
5931,248,3,year hour 5931,67591.19,67.59119,67.59119,601.0,52786.0
5932,248,4,year hour 5932,68144.07,68.14407000000001,68.14407000000001,601.0,52279.0
5933,248,5,year hour 5933,68040.49,68.04049,68.04049,601.0,53095.0
5934,248,6,year hour 5934,71032.18,71.03218,71.03218,607.0,53189.0
5935,248,7,year hour 5935,68068.45,68.06845,68.06845,595.0,52165.0
5936,248,8,year hour 5936,69069.68000000001,69.06968,69.06968,604.0,53833.0
5937,248,9,year hour 5937,67953.64,67.95364,67.95364,604.0,52529.0
5938,248,10,year hour 5938,67944.94,67.94494,67.94494,602.0,52535.0
5939,248,11,year hour 5939,67802.9,67.8029,67.8029,588.0,52375.0
5940,248,12,year hour 5940,81722.33,81.72233000000001,81.72233000000001,620.0,54880.0
5941,248,13,year hour 5941,67952.15,67.95214999999999,67.95214999999999,600.0,52484.0
5942,248,14,year hour 5942,67660.66,67.66066000000001,67.66066000000001,601.0,53191.0
5943,248,15,year hour 5943,68569.25,68.56924999999998,68.56924999999998,595.0,52507.0
5944,248,16,year hour 5944,69555.96,69.55596,69.55596,608.0,53372.0
5945,248,17,year hour 5945,68005.42,68.00542,68.00542,598.0,52153.0
5946,248,18,year hour 5946,70931.0,70.931,70.931,607.0,53552.0
5947,248,19,year hour 5947,67678.63,67.67863,67.67863,599.0,52674.0
5948,248,20,year hour 5948,68076.09,68.07609,68.07609,599.0,52651.0
5949,248,21,year hour 5949,67722.46,67.72246000000001,67.72246000000001,602.0,53040.0
5950,248,22,year hour 5950,67821.74,67.82174,67.82174,604.0,52967.0
5951,248,23,year hour 5951,66036.23,66.03622999999999,66.03622999999999,582.0,51731.0
5952,249,0,year hour 5952,84257.97,84.25797,84.25797,627.0,56190.0
5953,249,1,year hour 5953,67763.65,67.76365,67.76365,602.0,52182.0
5954,249,2,year hour 5954,67864.3,67.8643,67.8643,601.0,52088.0
5955,249,3,year hour 5955,67591.19,67.59119,67.59119,601.0,52786.0
5956,249,4,year hour 5956,68144.07,68.14407000000001,68.14407000000001,601.0,52279.0
5957,249,5,year hour 5957,68040.49,68.04049,68.04049,601.0,53095.0
5958,249,6,year hour 5958,71032.18,71.03218,71.03218,607.0,53189.0
5959,249,7,year hour 5959,68068.45,68.06845,68.06845,595.0,52165.0
5960,249,8,year hour 5960,69069.68000000001,69.06968,69.06968,604.0,53833.0
5961,249,9,year hour 5961,67953.64,67.95364,67.95364,604.0,52529.0
5962,249,10,year hour 5962,67944.94,67.94494,67.94494,602.0,52535.0
5963,249,11,year hour 5963,67802.9,67.8029,67.8029,588.0,52375.0
5964,249,12,year hour 5964,81722.33,81.72233000000001,81.72233000000001,620.0,54880.0
5965,249,13,year hour 5965,67952.15,67.95214999999999,67.95214999999999,600.0,52484.0
5966,249,14,year hour 5966,67660.66,67.66066000000001,67.66066000000001,601.0,53191.0
5967,249,15,year hour 5967,68569.25,68.56924999999998,68.56924999999998,595.0,52507.0
5968,249,16,year hour 5968,69555.96,69.55596,69.55596,608.0,53372.0
5969,249,17,year hour 5969,68005.42,68.00542,68.00542,598.0,52153.0
5970,249,18,year hour 5970,70931.0,70.931,70.931,607.0,53552.0
5971,249,19,year hour 5971,67678.63,67.67863,67.67863,599.0,52674.0
5972,249,20,year hour 5972,68076.09,68.07609,68.07609,599.0,52651.0
5973,249,21,year hour 5973,67722.46,67.72246000000001,67.72246000000001,602.0,53040.0
5974,249,22,year hour 5974,67821.74,67.82174,67.82174,604.0,52967.0
5975,249,23,year hour 5975,66036.23,66.03622999999999,66.03622999999999,582.0,51731.0
5976,250,0,year hour 5976,84257.97,84.25797,84.25797,627.0,56190.0
5977,250,1,year hour 5977,67763.65,67.76365,67.76365,602.0,52182.0
5978,250,2,year hour 5978,67864.3,67.8643,67.8643,601.0,52088.0
5979,250,3,year hour 5979,67591.19,67.59119,67.59119,601.0,52786.0
5980,250,4,year hour 5980,68144.07,68.14407000000001,68.14407000000001,601.0,52279.0
5981,250,5,year hour 5981,68040.49,68.04049,68.04049,601.0,53095.0
5982,250,6,year hour 5982,71032.18,71.03218,71.03218,607.0,53189.0
5983,250,7,year hour 5983,68068.45,68.06845,68.06845,595.0,52165.0
5984,250,8,year hour 5984,69069.68000000001,69.06968,69.06968,604.0,53833.0
5985,250,9,year hour 5985,67953.64,67.95364,67.95364,604.0,52529.0
5986,250,10,year hour 5986,67944.94,67.94494,67.94494,602.0,52535.0
5987,250,11,year hour 5987,67802.9,67.8029,67.8029,588.0,52375.0
5988,250,12,year hour 5988,81722.33,81.72233000000001,81.72233000000001,620.0,54880.0
5989,250,13,year hour 5989,67952.15,67.95214999999999,67.95214999999999,600.0,52484.0
5990,250,14,year hour 5990,67660.66,67.66066000000001,67.66066000000001,601.0,53191.0
5991,250,15,year hour 5991,68569.25,68.56924999999998,68.56924999999998,595.0,52507.0
5992,250,16,year hour 5992,69555.96,69.55596,69.55596,608.0,53372.0
5993,250,17,year hour 5993,68005.42,68.00542,68.00542,598.0,52153.0
5994,250,18,year hour 5994,70931.0,70.931,70.931,607.0,53552.0
5995,250,19,year hour 5995,67678.63,67.67863,67.67863,599.0,52674.0
5996,250,20,year hour 5996,68076.09,68.07609,68.07609,599.0,52651.0
5997,250,21,year hour 5997,67722.46,67.72246000000001,67.72246000000001,602.0,53040.0
5998,250,22,year hour 5998,67821.74,67.82174,67.82174,604.0,52967.0
5999,250,23,year hour 5999,66036.23,66.03622999999999,66.03622999999999,582.0,51731.0
6000,251,0,year hour 6000,84257.97,84.25797,84.25797,627.0,56190.0
6001,251,1,year hour 6001,67763.65,67.76365,67.76365,602.0,52182.0
6002,251,2,year hour 6002,67864.3,67.8643,67.8643,601.0,52088.0
6003,251,3,year hour 6003,67591.19,67.59119,67.59119,601.0,52786.0
6004,251,4,year hour 6004,68144.07,68.14407000000001,68.14407000000001,601.0,52279.0
6005,251,5,year hour 6005,68040.49,68.04049,68.04049,601.0,53095.0
6006,251,6,year hour 6006,71032.18,71.03218,71.03218,607.0,53189.0
6007,251,7,year hour 6007,68068.45,68.06845,68.06845,595.0,52165.0
6008,251,8,year hour 6008,69069.68000000001,69.06968,69.06968,604.0,53833.0
6009,251,9,year hour 6009,67953.64,67.95364,67.95364,604.0,52529.0
6010,251,10,year hour 6010,67944.94,67.94494,67.94494,602.0,52535.0
6011,251,11,year hour 6011,67802.9,67.8029,67.8029,588.0,52375.0
6012,251,12,year hour 6012,81722.33,81.72233000000001,81.72233000000001,620.0,54880.0
6013,251,13,year hour 6013,67952.15,67.95214999999999,67.95214999999999,600.0,52484.0
6014,251,14,year hour 6014,67660.66,67.66066000000001,67.66066000000001,601.0,53191.0
6015,251,15,year hour 6015,68569.25,68.56924999999998,68.56924999999998,595.0,52507.0
6016,251,16,year hour 6016,69555.96,69.55596,69.55596,608.0,53372.0
6017,251,17,year hour 6017,68005.42,68.00542,68.00542,598.0,52153.0
6018,251,18,year hour 6018,70931.0,70.931,70.931,607.0,53552.0
6019,251,19,year hour 6019,67678.63,67.67863,67.67863,599.0,52674.0
6020,251,20,year hour 6020,68076.09,68.07609,68.07609,599.0,52651.0
6021,251,21,year hour 6021,67722.46,67.72246000000001,67.72246000000001,602.0,53040.0
6022,251,22,year hour 6022,67821.74,67.82174,67.82174,604.0,52967.0
6023,251,23,year hour 6023,66036.23,66.03622999999999,66.03622999999999,582.0,51731.0
6024,252,0,year hour 6024,84257.97,84.25797,84.25797,627.0,56190.0
6025,252,1,year hour 6025,67763.65,67.76365,67.76365,602.0,52182.0
6026,252,2,year hour 6026,67864.3,67.8643,67.8643,601.0,52088.0
6027,252,3,year hour 6027,67591.19,67.59119,67.59119,601.0,52786.0
6028,252,4,year hour 6028,68144.07,68.14407000000001,68.14407000000001,601.0,52279.0
6029,252,5,year hour 6029,68040.49,68.04049,68.04049,601.0,53095.0
6030,252,6,year hour 6030,71032.18,71.03218,71.03218,607.0,53189.0
6031,252,7,year hour 6031,68068.45,68.06845,68.06845,595.0,52165.0
6032,252,8,year hour 6032,69069.68000000001,69.06968,69.06968,604.0,53833.0
6033,252,9,year hour 6033,67953.64,67.95364,67.95364,604.0,52529.0
6034,252,10,year hour 6034,67944.94,67.94494,67.94494,602.0,52535.0
6035,252,11,year hour 6035,67802.9,67.8029,67.8029,588.0,52375.0
6036,252,12,year hour 6036,81722.33,81.72233000000001,81.72233000000001,620.0,54880.0
6037,252,13,year hour 6037,67952.15,67.95214999999999,67.95214999999999,600.0,52484.0
6038,252,14,year hour 6038,67660.66,67.66066000000001,67.66066000000001,601.0,53191.0
6039,252,15,year hour 6039,68569.25,68.56924999999998,68.56924999999998,595.0,52507.0
6040,252,16,year hour 6040,69555.96,69.55596,69.55596,608.0,53372.0
6041,252,17,year hour 6041,68005.42,68.00542,68.00542,598.0,52153.0
6042,252,18,year hour 6042,70931.0,70.931,70.931,607.0,53552.0
6043,252,19,year hour 6043,67678.63,67.67863,67.67863,599.0,52674.0
6044,252,20,year hour 6044,68076.09,68.07609,68.07609,599.0,52651.0
6045,252,21,year hour 6045,67722.46,67.72246000000001,67.72246000000001,602.0,53040.0
6046,252,22,year hour 6046,67821.74,67.82174,67.82174,604.0,52967.0
6047,252,23,year hour 6047,66036.23,66.03622999999999,66.03622999999999,582.0,51731.0
6048,253,0,year hour 6048,84257.97,84.25797,84.25797,627.0,56190.0
6049,253,1,year hour 6049,67763.65,67.76365,67.76365,602.0,52182.0
6050,253,2,year hour 6050,67864.3,67.8643,67.8643,601.0,52088.0
6051,253,3,year hour 6051,67591.19,67.59119,67.59119,601.0,52786.0
6052,253,4,year hour 6052,68144.07,68.14407000000001,68.14407000000001,601.0,52279.0
6053,253,5,year hour 6053,68040.49,68.04049,68.04049,601.0,53095.0
6054,253,6,year hour 6054,71032.18,71.03218,71.03218,607.0,53189.0
6055,253,7,year hour 6055,68068.45,68.06845,68.06845,595.0,52165.0
6056,253,8,year hour 6056,69069.68000000001,69.06968,69.06968,604.0,53833.0
6057,253,9,year hour 6057,67953.64,67.95364,67.95364,604.0,52529.0
6058,253,10,year hour 6058,67944.94,67.94494,67.94494,602.0,52535.0
6059,253,11,year hour 6059,67802.9,67.8029,67.8029,588.0,52375.0
6060,253,12,year hour 6060,81722.33,81.72233000000001,81.72233000000001,620.0,54880.0
6061,253,13,year hour 6061,67952.15,67.95214999999999,67.95214999999999,600.0,52484.0
6062,253,14,year hour 6062,67660.66,67.66066000000001,67.66066000000001,601.0,53191.0
6063,253,15,year hour 6063,68569.25,68.56924999999998,68.56924999999998,595.0,52507.0
6064,253,16,year hour 6064,69555.96,69.55596,69.55596,608.0,53372.0
6065,253,17,year hour 6065,68005.42,68.00542,68.00542,598.0,52153.0
6066,253,18,year hour 6066,70931.0,70.931,70.931,607.0,53552.0
6067,253,19,year hour 6067,67678.63,67.67863,67.67863,599.0,52674.0
6068,253,20,year hour 6068,68076.09,68.07609,68.07609,599.0,52651.0
6069,253,21,year hour 6069,67722.46,67.72246000000001,67.72246000000001,602.0,53040.0
6070,253,22,year hour 6070,67821.74,67.82174,67.82174,604.0,52967.0
6071,253,23,year hour 6071,66036.23,66.03622999999999,66.03622999999999,582.0,51731.0
6072,254,0,year hour 6072,84257.97,84.25797,84.25797,627.0,56190.0
6073,254,1,year hour 6073,67763.65,67.76365,67.76365,602.0,52182.0
6074,254,2,year hour 6074,67864.3,67.8643,67.8643,601.0,52088.0
6075,254,3,year hour 6075,67591.19,67.59119,67.59119,601.0,52786.0
6076,254,4,year hour 6076,68144.07,68.14407000000001,68.14407000000001,601.0,52279.0
6077,254,5,year hour 6077,68040.49,68.04049,68.04049,601.0,53095.0
6078,254,6,year hour 6078,71032.18,71.03218,71.03218,607.0,53189.0
6079,254,7,year hour 6079,68068.45,68.06845,68.06845,595.0,52165.0
6080,254,8,year hour 6080,69069.68000000001,69.06968,69.06968,604.0,53833.0
6081,254,9,year hour 6081,67953.64,67.95364,67.95364,604.0,52529.0
6082,254,10,year hour 6082,67944.94,67.94494,67.94494,602.0,52535.0
6083,254,11,year hour 6083,67802.9,67.8029,67.8029,588.0,52375.0
6084,254,12,year hour 6084,81722.33,81.72233000000001,81.72233000000001,620.0,54880.0
6085,254,13,year hour 6085,67952.15,67.95214999999999,67.95214999999999,600.0,52484.0
6086,254,14,year hour 6086,67660.66,67.66066000000001,67.66066000000001,601.0,53191.0
6087,254,15,year hour 6087,68569.25,68.56924999999998,68.56924999999998,595.0,52507.0
6088,254,16,year hour 6088,69555.96,69.55596,69.55596,608.0,53372.0
6089,254,17,year hour 6089,68005.42,68.00542,68.00542,598.0,52153.0
6090,254,18,year hour 6090,70931.0,70.931,70.931,607.0,53552.0
6091,254,19,year hour 6091,67678.63,67.67863,67.67863,599.0,52674.0
6092,254,20,year hour 6092,68076.09,68.07609,68.07609,599.0,52651.0
6093,254,21,year hour 6093,67722.46,67.72246000000001,67.72246000000001,602.0,53040.0
6094,254,22,year hour 6094,67821.74,67.82174,67.82174,604.0,52967.0
6095,254,23,year hour 6095,66036.23,66.03622999999999,66.03622999999999,582.0,51731.0
6096,255,0,year hour 6096,84257.97,84.25797,84.25797,627.0,56190.0
6097,255,1,year hour 6097,67763.65,67.76365,67.76365,602.0,52182.0
6098,255,2,year hour 6098,67864.3,67.8643,67.8643,601.0,52088.0
6099,255,3,year hour 6099,67591.19,67.59119,67.59119,601.0,52786.0
6100,255,4,year hour 6100,68144.07,68.14407000000001,68.14407000000001,601.0,52279.0
6101,255,5,year hour 6101,68040.49,68.04049,68.04049,601.0,53095.0
6102,255,6,year hour 6102,71032.18,71.03218,71.03218,607.0,53189.0
6103,255,7,year hour 6103,68068.45,68.06845,68.06845,595.0,52165.0
6104,255,8,year hour 6104,69069.68000000001,69.06968,69.06968,604.0,53833.0
6105,255,9,year hour 6105,67953.64,67.95364,67.95364,604.0,52529.0
6106,255,10,year hour 6106,67944.94,67.94494,67.94494,602.0,52535.0
6107,255,11,year hour 6107,67802.9,67.8029,67.8029,588.0,52375.0
6108,255,12,year hour 6108,81722.33,81.72233000000001,81.72233000000001,620.0,54880.0
6109,255,13,year hour 6109,67952.15,67.95214999999999,67.95214999999999,600.0,52484.0
6110,255,14,year hour 6110,67660.66,67.66066000000001,67.66066000000001,601.0,53191.0
6111,255,15,year hour 6111,68569.25,68.56924999999998,68.56924999999998,595.0,52507.0
6112,255,16,year hour 6112,69555.96,69.55596,69.55596,608.0,53372.0
6113,255,17,year hour 6113,68005.42,68.00542,68.00542,598.0,52153.0
6114,255,18,year hour 6114,70931.0,70.931,70.931,607.0,53552.0
6115,255,19,year hour 6115,67678.63,67.67863,67.67863,599.0,52674.0
6116,255,20,year hour 6116,68076.09,68.07609,68.07609,599.0,52651.0
6117,255,21,year hour 6117,67722.46,67.72246000000001,67.72246000000001,602.0,53040.0
6118,255,22,year hour 6118,67821.74,67.82174,67.82174,604.0,52967.0
6119,255,23,year hour 6119,66036.23,66.03622999999999,66.03622999999999,582.0,51731.0
6120,256,0,year hour 6120,84257.97,84.25797,84.25797,627.0,56190.0
6121,256,1,year hour 6121,67763.65,67.76365,67.76365,602.0,52182.0
6122,256,2,year hour 6122,67864.3,67.8643,67.8643,601.0,52088.0
6123,256,3,year hour 6123,67591.19,67.59119,67.59119,601.0,52786.0
6124,256,4,year hour 6124,68144.07,68.14407000000001,68.14407000000001,601.0,52279.0
6125,256,5,year hour 6125,68040.49,68.04049,68.04049,601.0,53095.0
6126,256,6,year hour 6126,71032.18,71.03218,71.03218,607.0,53189.0
6127,256,7,year hour 6127,68068.45,68.06845,68.06845,595.0,52165.0
6128,256,8,year hour 6128,69069.68000000001,69.06968,69.06968,604.0,53833.0
6129,256,9,year hour 6129,67953.64,67.95364,67.95364,604.0,52529.0
6130,256,10,year hour 6130,67944.94,67.94494,67.94494,602.0,52535.0
6131,256,11,year hour 6131,67802.9,67.8029,67.8029,588.0,52375.0
6132,256,12,year hour 6132,81722.33,81.72233000000001,81.72233000000001,620.0,54880.0
6133,256,13,year hour 6133,67952.15,67.95214999999999,67.95214999999999,600.0,52484.0
6134,256,14,year hour 6134,67660.66,67.66066000000001,67.66066000000001,601.0,53191.0
6135,256,15,year hour 6135,68569.25,68.56924999999998,68.56924999999998,595.0,52507.0
6136,256,16,year hour 6136,69555.96,69.55596,69.55596,608.0,53372.0
6137,256,17,year hour 6137,68005.42,68.00542,68.00542,598.0,52153.0
6138,256,18,year hour 6138,70931.0,70.931,70.931,607.0,53552.0
6139,256,19,year hour 6139,67678.63,67.67863,67.67863,599.0,52674.0
6140,256,20,year hour 6140,68076.09,68.07609,68.07609,599.0,52651.0
6141,256,21,year hour 6141,67722.46,67.72246000000001,67.72246000000001,602.0,53040.0
6142,256,22,year hour 6142,67821.74,67.82174,67.82174,604.0,52967.0
6143,256,23,year hour 6143,66036.23,66.03622999999999,66.03622999999999,582.0,51731.0
6144,257,0,year hour 6144,84257.97,84.25797,84.25797,627.0,56190.0
6145,257,1,year hour 6145,67763.65,67.76365,67.76365,602.0,52182.0
6146,257,2,year hour 6146,67864.3,67.8643,67.8643,601.0,52088.0
6147,257,3,year hour 6147,67591.19,67.59119,67.59119,601.0,52786.0
6148,257,4,year hour 6148,68144.07,68.14407000000001,68.14407000000001,601.0,52279.0
6149,257,5,year hour 6149,68040.49,68.04049,68.04049,601.0,53095.0
6150,257,6,year hour 6150,71032.18,71.03218,71.03218,607.0,53189.0
6151,257,7,year hour 6151,68068.45,68.06845,68.06845,595.0,52165.0
6152,257,8,year hour 6152,69069.68000000001,69.06968,69.06968,604.0,53833.0
6153,257,9,year hour 6153,67953.64,67.95364,67.95364,604.0,52529.0
6154,257,10,year hour 6154,67944.94,67.94494,67.94494,602.0,52535.0
6155,257,11,year hour 6155,67802.9,67.8029,67.8029,588.0,52375.0
6156,257,12,year hour 6156,81722.33,81.72233000000001,81.72233000000001,620.0,54880.0
6157,257,13,year hour 6157,67952.15,67.95214999999999,67.95214999999999,600.0,52484.0
6158,257,14,year hour 6158,67660.66,67.66066000000001,67.66066000000001,601.0,53191.0
6159,257,15,year hour 6159,68569.25,68.56924999999998,68.56924999999998,595.0,52507.0
6160,257,16,year hour 6160,69555.96,69.55596,69.55596,608.0,53372.0
6161,257,17,year hour 6161,68005.42,68.00542,68.00542,598.0,52153.0
6162,257,18,year hour 6162,70931.0,70.931,70.931,607.0,53552.0
6163,257,19,year hour 6163,67678.63,67.67863,67.67863,599.0,52674.0
6164,257,20,year hour 6164,68076.09,68.07609,68.07609,599.0,52651.0
6165,257,21,year hour 6165,67722.46,67.72246000000001,67.72246000000001,602.0,53040.0
6166,257,22,year hour 6166,67821.74,67.82174,67.82174,604.0,52967.0
6167,257,23,year hour 6167,66036.23,66.03622999999999,66.03622999999999,582.0,51731.0
6168,258,0,year hour 6168,84257.97,84.25797,84.25797,627.0,56190.0
6169,258,1,year hour 6169,67763.65,67.76365,67.76365,602.0,52182.0
6170,258,2,year hour 6170,67864.3,67.8643,67.8643,601.0,52088.0
6171,258,3,year hour 6171,67591.19,67.59119,67.59119,601.0,52786.0
6172,258,4,year hour 6172,68144.07,68.14407000000001,68.14407000000001,601.0,52279.0
6173,258,5,year hour 6173,68040.49,68.04049,68.04049,601.0,53095.0
6174,258,6,year hour 6174,71032.18,71.03218,71.03218,607.0,53189.0
6175,258,7,year hour 6175,68068.45,68.06845,68.06845,595.0,52165.0
6176,258,8,year hour 6176,69069.68000000001,69.06968,69.06968,604.0,53833.0
6177,258,9,year hour 6177,67953.64,67.95364,67.95364,604.0,52529.0
6178,258,10,year hour 6178,67944.94,67.94494,67.94494,602.0,52535.0
6179,258,11,year hour 6179,67802.9,67.8029,67.8029,588.0,52375.0
6180,258,12,year hour 6180,81722.33,81.72233000000001,81.72233000000001,620.0,54880.0
6181,258,13,year hour 6181,67952.15,67.95214999999999,67.95214999999999,600.0,52484.0
6182,258,14,year hour 6182,67660.66,67.66066000000001,67.66066000000001,601.0,53191.0
6183,258,15,year hour 6183,68569.25,68.56924999999998,68.56924999999998,595.0,52507.0
6184,258,16,year hour 6184,69555.96,69.55596,69.55596,608.0,53372.0
6185,258,17,year hour 6185,68005.42,68.00542,68.00542,598.0,52153.0
6186,258,18,year hour 6186,70931.0,70.931,70.931,607.0,53552.0
6187,258,19,year hour 6187,67678.63,67.67863,67.67863,599.0,52674.0
6188,258,20,year hour 6188,68076.09,68.07609,68.07609,599.0,52651.0
6189,258,21,year hour 6189,67722.46,67.72246000000001,67.72246000000001,602.0,53040.0
6190,258,22,year hour 6190,67821.74,67.82174,67.82174,604.0,52967.0
6191,258,23,year hour 6191,66036.23,66.03622999999999,66.03622999999999,582.0,51731.0
6192,259,0,year hour 6192,84257.97,84.25797,84.25797,627.0,56190.0
6193,259,1,year hour 6193,67763.65,67.76365,67.76365,602.0,52182.0
6194,259,2,year hour 6194,67864.3,67.8643,67.8643,601.0,52088.0
6195,259,3,year hour 6195,67591.19,67.59119,67.59119,601.0,52786.0
6196,259,4,year hour 6196,68144.07,68.14407000000001,68.14407000000001,601.0,52279.0
6197,259,5,year hour 6197,68040.49,68.04049,68.04049,601.0,53095.0
6198,259,6,year hour 6198,71032.18,71.03218,71.03218,607.0,53189.0
6199,259,7,year hour 6199,68068.45,68.06845,68.06845,595.0,52165.0
6200,259,8,year hour 6200,69069.68000000001,69.06968,69.06968,604.0,53833.0
6201,259,9,year hour 6201,67953.64,67.95364,67.95364,604.0,52529.0
6202,259,10,year hour 6202,67944.94,67.94494,67.94494,602.0,52535.0
6203,259,11,year hour 6203,67802.9,67.8029,67.8029,588.0,52375.0
6204,259,12,year hour 6204,81722.33,81.72233000000001,81.72233000000001,620.0,54880.0
6205,259,13,year hour 6205,67952.15,67.95214999999999,67.95214999999999,600.0,52484.0
6206,259,14,year hour 6206,67660.66,67.66066000000001,67.66066000000001,601.0,53191.0
6207,259,15,year hour 6207,68569.25,68.56924999999998,68.56924999999998,595.0,52507.0
6208,259,16,year hour 6208,69555.96,69.55596,69.55596,608.0,53372.0
6209,259,17,year hour 6209,68005.42,68.00542,68.00542,598.0,52153.0
6210,259,18,year hour 6210,70931.0,70.931,70.931,607.0,53552.0
6211,259,19,year hour 6211,67678.63,67.67863,67.67863,599.0,52674.0
6212,259,20,year hour 6212,68076.09,68.07609,68.07609,599.0,52651.0
6213,259,21,year hour 6213,67722.46,67.72246000000001,67.72246000000001,602.0,53040.0
6214,259,22,year hour 6214,67821.74,67.82174,67.82174,604.0,52967.0
6215,259,23,year hour 6215,66036.23,66.03622999999999,66.03622999999999,582.0,51731.0
6216,260,0,year hour 6216,84257.97,84.25797,84.25797,627.0,56190.0
6217,260,1,year hour 6217,67763.65,67.76365,67.76365,602.0,52182.0
6218,260,2,year hour 6218,67864.3,67.8643,67.8643,601.0,52088.0
6219,260,3,year hour 6219,67591.19,67.59119,67.59119,601.0,52786.0
6220,260,4,year hour 6220,68144.07,68.14407000000001,68.14407000000001,601.0,52279.0
6221,260,5,year hour 6221,68040.49,68.04049,68.04049,601.0,53095.0
6222,260,6,year hour 6222,71032.18,71.03218,71.03218,607.0,53189.0
6223,260,7,year hour 6223,68068.45,68.06845,68.06845,595.0,52165.0
6224,260,8,year hour 6224,69069.68000000001,69.06968,69.06968,604.0,53833.0
6225,260,9,year hour 6225,67953.64,67.95364,67.95364,604.0,52529.0
6226,260,10,year hour 6226,67944.94,67.94494,67.94494,602.0,52535.0
6227,260,11,year hour 6227,67802.9,67.8029,67.8029,588.0,52375.0
6228,260,12,year hour 6228,81722.33,81.72233000000001,81.72233000000001,620.0,54880.0
6229,260,13,year hour 6229,67952.15,67.95214999999999,67.95214999999999,600.0,52484.0
6230,260,14,year hour 6230,67660.66,67.66066000000001,67.66066000000001,601.0,53191.0
6231,260,15,year hour 6231,68569.25,68.56924999999998,68.56924999999998,595.0,52507.0
6232,260,16,year hour 6232,69555.96,69.55596,69.55596,608.0,53372.0
6233,260,17,year hour 6233,68005.42,68.00542,68.00542,598.0,52153.0
6234,260,18,year hour 6234,70931.0,70.931,70.931,607.0,53552.0
6235,260,19,year hour 6235,67678.63,67.67863,67.67863,599.0,52674.0
6236,260,20,year hour 6236,68076.09,68.07609,68.07609,599.0,52651.0
6237,260,21,year hour 6237,67722.46,67.72246000000001,67.72246000000001,602.0,53040.0
6238,260,22,year hour 6238,67821.74,67.82174,67.82174,604.0,52967.0
6239,260,23,year hour 6239,66036.23,66.03622999999999,66.03622999999999,582.0,51731.0
6240,261,0,year hour 6240,84257.97,84.25797,84.25797,627.0,56190.0
6241,261,1,year hour 6241,67763.65,67.76365,67.76365,602.0,52182.0
6242,261,2,year hour 6242,67864.3,67.8643,67.8643,601.0,52088.0
6243,261,3,year hour 6243,67591.19,67.59119,67.59119,601.0,52786.0
6244,261,4,year hour 6244,68144.07,68.14407000000001,68.14407000000001,601.0,52279.0
6245,261,5,year hour 6245,68040.49,68.04049,68.04049,601.0,53095.0
6246,261,6,year hour 6246,71032.18,71.03218,71.03218,607.0,53189.0
6247,261,7,year hour 6247,68068.45,68.06845,68.06845,595.0,52165.0
6248,261,8,year hour 6248,69069.68000000001,69.06968,69.06968,604.0,53833.0
6249,261,9,year hour 6249,67953.64,67.95364,67.95364,604.0,52529.0
6250,261,10,year hour 6250,67944.94,67.94494,67.94494,602.0,52535.0
6251,261,11,year hour 6251,67802.9,67.8029,67.8029,588.0,52375.0
6252,261,12,year hour 6252,81722.33,81.72233000000001,81.72233000000001,620.0,54880.0
6253,261,13,year hour 6253,67952.15,67.95214999999999,67.95214999999999,600.0,52484.0
6254,261,14,year hour 6254,67660.66,67.66066000000001,67.66066000000001,601.0,53191.0
6255,261,15,year hour 6255,68569.25,68.56924999999998,68.56924999999998,595.0,52507.0
6256,261,16,year hour 6256,69555.96,69.55596,69.55596,608.0,53372.0
6257,261,17,year hour 6257,68005.42,68.00542,68.00542,598.0,52153.0
6258,261,18,year hour 6258,70931.0,70.931,70.931,607.0,53552.0
6259,261,19,year hour 6259,67678.63,67.67863,67.67863,599.0,52674.0
6260,261,20,year hour 6260,68076.09,68.07609,68.07609,599.0,52651.0
6261,261,21,year hour 6261,67722.46,67.72246000000001,67.72246000000001,602.0,53040.0
6262,261,22,year hour 6262,67821.74,67.82174,67.82174,604.0,52967.0
6263,261,23,year hour 6263,66036.23,66.03622999999999,66.03622999999999,582.0,51731.0
6264,262,0,year hour 6264,84257.97,84.25797,84.25797,627.0,56190.0
6265,262,1,year hour 6265,67763.65,67.76365,67.76365,602.0,52182.0
6266,262,2,year hour 6266,67864.3,67.8643,67.8643,601.0,52088.0
6267,262,3,year hour 6267,67591.19,67.59119,67.59119,601.0,52786.0
6268,262,4,year hour 6268,68144.07,68.14407000000001,68.14407000000001,601.0,52279.0
6269,262,5,year hour 6269,68040.49,68.04049,68.04049,601.0,53095.0
6270,262,6,year hour 6270,71032.18,71.03218,71.03218,607.0,53189.0
6271,262,7,year hour 6271,68068.45,68.06845,68.06845,595.0,52165.0
6272,262,8,year hour 6272,69069.68000000001,69.06968,69.06968,604.0,53833.0
6273,262,9,year hour 6273,67953.64,67.95364,67.95364,604.0,52529.0
6274,262,10,year hour 6274,67944.94,67.94494,67.94494,602.0,52535.0
6275,262,11,year hour 6275,67802.9,67.8029,67.8029,588.0,52375.0
6276,262,12,year hour 6276,81722.33,81.72233000000001,81.72233000000001,620.0,54880.0
6277,262,13,year hour 6277,67952.15,67.95214999999999,67.95214999999999,600.0,52484.0
6278,262,14,year hour 6278,67660.66,67.66066000000001,67.66066000000001,601.0,53191.0
6279,262,15,year hour 6279,68569.25,68.56924999999998,68.56924999999998,595.0,52507.0
6280,262,16,year hour 6280,69555.96,69.55596,69.55596,608.0,53372.0
6281,262,17,year hour 6281,68005.42,68.00542,68.00542,598.0,52153.0
6282,262,18,year hour 6282,70931.0,70.931,70.931,607.0,53552.0
6283,262,19,year hour 6283,67678.63,67.67863,67.67863,599.0,52674.0
6284,262,20,year hour 6284,68076.09,68.07609,68.07609,599.0,52651.0
6285,262,21,year hour 6285,67722.46,67.72246000000001,67.72246000000001,602.0,53040.0
6286,262,22,year hour 6286,67821.74,67.82174,67.82174,604.0,52967.0
6287,262,23,year hour 6287,66036.23,66.03622999999999,66.03622999999999,582.0,51731.0
6288,263,0,year hour 6288,84257.97,84.25797,84.25797,627.0,56190.0
6289,263,1,year hour 6289,67763.65,67.76365,67.76365,602.0,52182.0
6290,263,2,year hour 6290,67864.3,67.8643,67.8643,601.0,52088.0
6291,263,3,year hour 6291,67591.19,67.59119,67.59119,601.0,52786.0
6292,263,4,year hour 6292,68144.07,68.14407000000001,68.14407000000001,601.0,52279.0
6293,263,5,year hour 6293,68040.49,68.04049,68.04049,601.0,53095.0
6294,263,6,year hour 6294,71032.18,71.03218,71.03218,607.0,53189.0
6295,263,7,year hour 6295,68068.45,68.06845,68.06845,595.0,52165.0
6296,263,8,year hour 6296,69069.68000000001,69.06968,69.06968,604.0,53833.0
6297,263,9,year hour 6297,67953.64,67.95364,67.95364,604.0,52529.0
6298,263,10,year hour 6298,67944.94,67.94494,67.94494,602.0,52535.0
6299,263,11,year hour 6299,67802.9,67.8029,67.8029,588.0,52375.0
6300,263,12,year hour 6300,81722.33,81.72233000000001,81.72233000000001,620.0,54880.0
6301,263,13,year hour 6301,67952.15,67.95214999999999,67.95214999999999,600.0,52484.0
6302,263,14,year hour 6302,67660.66,67.66066000000001,67.66066000000001,601.0,53191.0
6303,263,15,year hour 6303,68569.25,68.56924999999998,68.56924999999998,595.0,52507.0
6304,263,16,year hour 6304,69555.96,69.55596,69.55596,608.0,53372.0
6305,263,17,year hour 6305,68005.42,68.00542,68.00542,598.0,52153.0
6306,263,18,year hour 6306,70931.0,70.931,70.931,607.0,53552.0
6307,263,19,year hour 6307,67678.63,67.67863,67.67863,599.0,52674.0
6308,263,20,year hour 6308,68076.09,68.07609,68.07609,599.0,52651.0
6309,263,21,year hour 6309,67722.46,67.72246000000001,67.72246000000001,602.0,53040.0
6310,263,22,year hour 6310,67821.74,67.82174,67.82174,604.0,52967.0
6311,263,23,year hour 6311,66036.23,66.03622999999999,66.03622999999999,582.0,51731.0
6312,264,0,year hour 6312,84257.97,84.25797,84.25797,627.0,56190.0
6313,264,1,year hour 6313,67763.65,67.76365,67.76365,602.0,52182.0
6314,264,2,year hour 6314,67864.3,67.8643,67.8643,601.0,52088.0
6315,264,3,year hour 6315,67591.19,67.59119,67.59119,601.0,52786.0
6316,264,4,year hour 6316,68144.07,68.14407000000001,68.14407000000001,601.0,52279.0
6317,264,5,year hour 6317,68040.49,68.04049,68.04049,601.0,53095.0
6318,264,6,year hour 6318,71032.18,71.03218,71.03218,607.0,53189.0
6319,264,7,year hour 6319,68068.45,68.06845,68.06845,595.0,52165.0
6320,264,8,year hour 6320,69069.68000000001,69.06968,69.06968,604.0,53833.0
6321,264,9,year hour 6321,67953.64,67.95364,67.95364,604.0,52529.0
6322,264,10,year hour 6322,67944.94,67.94494,67.94494,602.0,52535.0
6323,264,11,year hour 6323,67802.9,67.8029,67.8029,588.0,52375.0
6324,264,12,year hour 6324,81722.33,81.72233000000001,81.72233000000001,620.0,54880.0
6325,264,13,year hour 6325,67952.15,67.95214999999999,67.95214999999999,600.0,52484.0
6326,264,14,year hour 6326,67660.66,67.66066000000001,67.66066000000001,601.0,53191.0
6327,264,15,year hour 6327,68569.25,68.56924999999998,68.56924999999998,595.0,52507.0
6328,264,16,year hour 6328,69555.96,69.55596,69.55596,608.0,53372.0
6329,264,17,year hour 6329,68005.42,68.00542,68.00542,598.0,52153.0
6330,264,18,year hour 6330,70931.0,70.931,70.931,607.0,53552.0
6331,264,19,year hour 6331,67678.63,67.67863,67.67863,599.0,52674.0
6332,264,20,year hour 6332,68076.09,68.07609,68.07609,599.0,52651.0
6333,264,21,year hour 6333,67722.46,67.72246000000001,67.72246000000001,602.0,53040.0
6334,264,22,year hour 6334,67821.74,67.82174,67.82174,604.0,52967.0
6335,264,23,year hour 6335,66036.23,66.03622999999999,66.03622999999999,582.0,51731.0
6336,265,0,year hour 6336,84257.97,84.25797,84.25797,627.0,56190.0
6337,265,1,year hour 6337,67763.65,67.76365,67.76365,602.0,52182.0
6338,265,2,year hour 6338,67864.3,67.8643,67.8643,601.0,52088.0
6339,265,3,year hour 6339,67591.19,67.59119,67.59119,601.0,52786.0
6340,265,4,year hour 6340,68144.07,68.14407000000001,68.14407000000001,601.0,52279.0
6341,265,5,year hour 6341,68040.49,68.04049,68.04049,601.0,53095.0
6342,265,6,year hour 6342,71032.18,71.03218,71.03218,607.0,53189.0
6343,265,7,year hour 6343,68068.45,68.06845,68.06845,595.0,52165.0
6344,265,8,year hour 6344,69069.68000000001,69.06968,69.06968,604.0,53833.0
6345,265,9,year hour 6345,67953.64,67.95364,67.95364,604.0,52529.0
6346,265,10,year hour 6346,67944.94,67.94494,67.94494,602.0,52535.0
6347,265,11,year hour 6347,67802.9,67.8029,67.8029,588.0,52375.0
6348,265,12,year hour 6348,81722.33,81.72233000000001,81.72233000000001,620.0,54880.0
6349,265,13,year hour 6349,67952.15,67.95214999999999,67.95214999999999,600.0,52484.0
6350,265,14,year hour 6350,67660.66,67.66066000000001,67.66066000000001,601.0,53191.0
6351,265,15,year hour 6351,68569.25,68.56924999999998,68.56924999999998,595.0,52507.0
6352,265,16,year hour 6352,69555.96,69.55596,69.55596,608.0,53372.0
6353,265,17,year hour 6353,68005.42,68.00542,68.00542,598.0,52153.0
6354,265,18,year hour 6354,70931.0,70.931,70.931,607.0,53552.0
6355,265,19,year hour 6355,67678.63,67.67863,67.67863,599.0,52674.0
6356,265,20,year hour 6356,68076.09,68.07609,68.07609,599.0,52651.0
6357,265,21,year hour 6357,67722.46,67.72246000000001,67.72246000000001,602.0,53040.0
6358,265,22,year hour 6358,67821.74,67.82174,67.82174,604.0,52967.0
6359,265,23,year hour 6359,66036.23,66.03622999999999,66.03622999999999,582.0,51731.0
6360,266,0,year hour 6360,84257.97,84.25797,84.25797,627.0,56190.0
6361,266,1,year hour 6361,67763.65,67.76365,67.76365,602.0,52182.0
6362,266,2,year hour 6362,67864.3,67.8643,67.8643,601.0,52088.0
6363,266,3,year hour 6363,67591.19,67.59119,67.59119,601.0,52786.0
6364,266,4,year hour 6364,68144.07,68.14407000000001,68.14407000000001,601.0,52279.0
6365,266,5,year hour 6365,68040.49,68.04049,68.04049,601.0,53095.0
6366,266,6,year hour 6366,71032.18,71.03218,71.03218,607.0,53189.0
6367,266,7,year hour 6367,68068.45,68.06845,68.06845,595.0,52165.0
6368,266,8,year hour 6368,69069.68000000001,69.06968,69.06968,604.0,53833.0
6369,266,9,year hour 6369,67953.64,67.95364,67.95364,604.0,52529.0
6370,266,10,year hour 6370,67944.94,67.94494,67.94494,602.0,52535.0
6371,266,11,year hour 6371,67802.9,67.8029,67.8029,588.0,52375.0
6372,266,12,year hour 6372,81722.33,81.72233000000001,81.72233000000001,620.0,54880.0
6373,266,13,year hour 6373,67952.15,67.95214999999999,67.95214999999999,600.0,52484.0
6374,266,14,year hour 6374,67660.66,67.66066000000001,67.66066000000001,601.0,53191.0
6375,266,15,year hour 6375,68569.25,68.56924999999998,68.56924999999998,595.0,52507.0
6376,266,16,year hour 6376,69555.96,69.55596,69.55596,608.0,53372.0
6377,266,17,year hour 6377,68005.42,68.00542,68.00542,598.0,52153.0
6378,266,18,year hour 6378,70931.0,70.931,70.931,607.0,53552.0
6379,266,19,year hour 6379,67678.63,67.67863,67.67863,599.0,52674.0
6380,266,20,year hour 6380,68076.09,68.07609,68.07609,599.0,52651.0
6381,266,21,year hour 6381,67722.46,67.72246000000001,67.72246000000001,602.0,53040.0
6382,266,22,year hour 6382,67821.74,67.82174,67.82174,604.0,52967.0
6383,266,23,year hour 6383,66036.23,66.03622999999999,66.03622999999999,582.0,51731.0
6384,267,0,year hour 6384,84257.97,84.25797,84.25797,627.0,56190.0
6385,267,1,year hour 6385,67763.65,67.76365,67.76365,602.0,52182.0
6386,267,2,year hour 6386,67864.3,67.8643,67.8643,601.0,52088.0
6387,267,3,year hour 6387,67591.19,67.59119,67.59119,601.0,52786.0
6388,267,4,year hour 6388,68144.07,68.14407000000001,68.14407000000001,601.0,52279.0
6389,267,5,year hour 6389,68040.49,68.04049,68.04049,601.0,53095.0
6390,267,6,year hour 6390,71032.18,71.03218,71.03218,607.0,53189.0
6391,267,7,year hour 6391,68068.45,68.06845,68.06845,595.0,52165.0
6392,267,8,year hour 6392,69069.68000000001,69.06968,69.06968,604.0,53833.0
6393,267,9,year hour 6393,67953.64,67.95364,67.95364,604.0,52529.0
6394,267,10,year hour 6394,67944.94,67.94494,67.94494,602.0,52535.0
6395,267,11,year hour 6395,67802.9,67.8029,67.8029,588.0,52375.0
6396,267,12,year hour 6396,81722.33,81.72233000000001,81.72233000000001,620.0,54880.0
6397,267,13,year hour 6397,67952.15,67.95214999999999,67.95214999999999,600.0,52484.0
6398,267,14,year hour 6398,67660.66,67.66066000000001,67.66066000000001,601.0,53191.0
6399,267,15,year hour 6399,68569.25,68.56924999999998,68.56924999999998,595.0,52507.0
6400,267,16,year hour 6400,69555.96,69.55596,69.55596,608.0,53372.0
6401,267,17,year hour 6401,68005.42,68.00542,68.00542,598.0,52153.0
6402,267,18,year hour 6402,70931.0,70.931,70.931,607.0,53552.0
6403,267,19,year hour 6403,67678.63,67.67863,67.67863,599.0,52674.0
6404,267,20,year hour 6404,68076.09,68.07609,68.07609,599.0,52651.0
6405,267,21,year hour 6405,67722.46,67.72246000000001,67.72246000000001,602.0,53040.0
6406,267,22,year hour 6406,67821.74,67.82174,67.82174,604.0,52967.0
6407,267,23,year hour 6407,66036.23,66.03622999999999,66.03622999999999,582.0,51731.0
6408,268,0,year hour 6408,84257.97,84.25797,84.25797,627.0,56190.0
6409,268,1,year hour 6409,67763.65,67.76365,67.76365,602.0,52182.0
6410,268,2,year hour 6410,67864.3,67.8643,67.8643,601.0,52088.0
6411,268,3,year hour 6411,67591.19,67.59119,67.59119,601.0,52786.0
6412,268,4,year hour 6412,68144.07,68.14407000000001,68.14407000000001,601.0,52279.0
6413,268,5,year hour 6413,68040.49,68.04049,68.04049,601.0,53095.0
6414,268,6,year hour 6414,71032.18,71.03218,71.03218,607.0,53189.0
6415,268,7,year hour 6415,68068.45,68.06845,68.06845,595.0,52165.0
6416,268,8,year hour 6416,69069.68000000001,69.06968,69.06968,604.0,53833.0
6417,268,9,year hour 6417,67953.64,67.95364,67.95364,604.0,52529.0
6418,268,10,year hour 6418,67944.94,67.94494,67.94494,602.0,52535.0
6419,268,11,year hour 6419,67802.9,67.8029,67.8029,588.0,52375.0
6420,268,12,year hour 6420,81722.33,81.72233000000001,81.72233000000001,620.0,54880.0
6421,268,13,year hour 6421,67952.15,67.95214999999999,67.95214999999999,600.0,52484.0
6422,268,14,year hour 6422,67660.66,67.66066000000001,67.66066000000001,601.0,53191.0
6423,268,15,year hour 6423,68569.25,68.56924999999998,68.56924999999998,595.0,52507.0
6424,268,16,year hour 6424,69555.96,69.55596,69.55596,608.0,53372.0
6425,268,17,year hour 6425,68005.42,68.00542,68.00542,598.0,52153.0
6426,268,18,year hour 6426,70931.0,70.931,70.931,607.0,53552.0
6427,268,19,year hour 6427,67678.63,67.67863,67.67863,599.0,52674.0
6428,268,20,year hour 6428,68076.09,68.07609,68.07609,599.0,52651.0
6429,268,21,year hour 6429,67722.46,67.72246000000001,67.72246000000001,602.0,53040.0
6430,268,22,year hour 6430,67821.74,67.82174,67.82174,604.0,52967.0
6431,268,23,year hour 6431,66036.23,66.03622999999999,66.03622999999999,582.0,51731.0
6432,269,0,year hour 6432,84257.97,84.25797,84.25797,627.0,56190.0
6433,269,1,year hour 6433,67763.65,67.76365,67.76365,602.0,52182.0
6434,269,2,year hour 6434,67864.3,67.8643,67.8643,601.0,52088.0
6435,269,3,year hour 6435,67591.19,67.59119,67.59119,601.0,52786.0
6436,269,4,year hour 6436,68144.07,68.14407000000001,68.14407000000001,601.0,52279.0
6437,269,5,year hour 6437,68040.49,68.04049,68.04049,601.0,53095.0
6438,269,6,year hour 6438,71032.18,71.03218,71.03218,607.0,53189.0
6439,269,7,year hour 6439,68068.45,68.06845,68.06845,595.0,52165.0
6440,269,8,year hour 6440,69069.68000000001,69.06968,69.06968,604.0,53833.0
6441,269,9,year hour 6441,67953.64,67.95364,67.95364,604.0,52529.0
6442,269,10,year hour 6442,67944.94,67.94494,67.94494,602.0,52535.0
6443,269,11,year hour 6443,67802.9,67.8029,67.8029,588.0,52375.0
6444,269,12,year hour 6444,81722.33,81.72233000000001,81.72233000000001,620.0,54880.0
6445,269,13,year hour 6445,67952.15,67.95214999999999,67.95214999999999,600.0,52484.0
6446,269,14,year hour 6446,67660.66,67.66066000000001,67.66066000000001,601.0,53191.0
6447,269,15,year hour 6447,68569.25,68.56924999999998,68.56924999999998,595.0,52507.0
6448,269,16,year hour 6448,69555.96,69.55596,69.55596,608.0,53372.0
6449,269,17,year hour 6449,68005.42,68.00542,68.00542,598.0,52153.0
6450,269,18,year hour 6450,70931.0,70.931,70.931,607.0,53552.0
6451,269,19,year hour 6451,67678.63,67.67863,67.67863,599.0,52674.0
6452,269,20,year hour 6452,68076.09,68.07609,68.07609,599.0,52651.0
6453,269,21,year hour 6453,67722.46,67.72246000000001,67.72246000000001,602.0,53040.0
6454,269,22,year hour 6454,67821.74,67.82174,67.82174,604.0,52967.0
6455,269,23,year hour 6455,66036.23,66.03622999999999,66.03622999999999,582.0,51731.0
6456,270,0,year hour 6456,84257.97,84.25797,84.25797,627.0,56190.0
6457,270,1,year hour 6457,67763.65,67.76365,67.76365,602.0,52182.0
6458,270,2,year hour 6458,67864.3,67.8643,67.8643,601.0,52088.0
6459,270,3,year hour 6459,67591.19,67.59119,67.59119,601.0,52786.0
6460,270,4,year hour 6460,68144.07,68.14407000000001,68.14407000000001,601.0,52279.0
6461,270,5,year hour 6461,68040.49,68.04049,68.04049,601.0,53095.0
6462,270,6,year hour 6462,71032.18,71.03218,71.03218,607.0,53189.0
6463,270,7,year hour 6463,68068.45,68.06845,68.06845,595.0,52165.0
6464,270,8,year hour 6464,69069.68000000001,69.06968,69.06968,604.0,53833.0
6465,270,9,year hour 6465,67953.64,67.95364,67.95364,604.0,52529.0
6466,270,10,year hour 6466,67944.94,67.94494,67.94494,602.0,52535.0
6467,270,11,year hour 6467,67802.9,67.8029,67.8029,588.0,52375.0
6468,270,12,year hour 6468,81722.33,81.72233000000001,81.72233000000001,620.0,54880.0
6469,270,13,year hour 6469,67952.15,67.95214999999999,67.95214999999999,600.0,52484.0
6470,270,14,year hour 6470,67660.66,67.66066000000001,67.66066000000001,601.0,53191.0
6471,270,15,year hour 6471,68569.25,68.56924999999998,68.56924999999998,595.0,52507.0
6472,270,16,year hour 6472,69555.96,69.55596,69.55596,608.0,53372.0
6473,270,17,year hour 6473,68005.42,68.00542,68.00542,598.0,52153.0
6474,270,18,year hour 6474,70931.0,70.931,70.931,607.0,53552.0
6475,270,19,year hour 6475,67678.63,67.67863,67.67863,599.0,52674.0
6476,270,20,year hour 6476,68076.09,68.07609,68.07609,599.0,52651.0
6477,270,21,year hour 6477,67722.46,67.72246000000001,67.72246000000001,602.0,53040.0
6478,270,22,year hour 6478,67821.74,67.82174,67.82174,604.0,52967.0
6479,270,23,year hour 6479,66036.23,66.03622999999999,66.03622999999999,582.0,51731.0
6480,271,0,year hour 6480,84257.97,84.25797,84.25797,627.0,56190.0
6481,271,1,year hour 6481,67763.65,67.76365,67.76365,602.0,52182.0
6482,271,2,year hour 6482,67864.3,67.8643,67.8643,601.0,52088.0
6483,271,3,year hour 6483,67591.19,67.59119,67.59119,601.0,52786.0
6484,271,4,year hour 6484,68144.07,68.14407000000001,68.14407000000001,601.0,52279.0
6485,271,5,year hour 6485,68040.49,68.04049,68.04049,601.0,53095.0
6486,271,6,year hour 6486,71032.18,71.03218,71.03218,607.0,53189.0
6487,271,7,year hour 6487,68068.45,68.06845,68.06845,595.0,52165.0
6488,271,8,year hour 6488,69069.68000000001,69.06968,69.06968,604.0,53833.0
6489,271,9,year hour 6489,67953.64,67.95364,67.95364,604.0,52529.0
6490,271,10,year hour 6490,67944.94,67.94494,67.94494,602.0,52535.0
6491,271,11,year hour 6491,67802.9,67.8029,67.8029,588.0,52375.0
6492,271,12,year hour 6492,81722.33,81.72233000000001,81.72233000000001,620.0,54880.0
6493,271,13,year hour 6493,67952.15,67.95214999999999,67.95214999999999,600.0,52484.0
6494,271,14,year hour 6494,67660.66,67.66066000000001,67.66066000000001,601.0,53191.0
6495,271,15,year hour 6495,68569.25,68.56924999999998,68.56924999999998,595.0,52507.0
6496,271,16,year hour 6496,69555.96,69.55596,69.55596,608.0,53372.0
6497,271,17,year hour 6497,68005.42,68.00542,68.00542,598.0,52153.0
6498,271,18,year hour 6498,70931.0,70.931,70.931,607.0,53552.0
6499,271,19,year hour 6499,67678.63,67.67863,67.67863,599.0,52674.0
6500,271,20,year hour 6500,68076.09,68.07609,68.07609,599.0,52651.0
6501,271,21,year hour 6501,67722.46,67.72246000000001,67.72246000000001,602.0,53040.0
6502,271,22,year hour 6502,67821.74,67.82174,67.82174,604.0,52967.0
6503,271,23,year hour 6503,66036.23,66.03622999999999,66.03622999999999,582.0,51731.0
6504,272,0,year hour 6504,84257.97,84.25797,84.25797,627.0,56190.0
6505,272,1,year hour 6505,67763.65,67.76365,67.76365,602.0,52182.0
6506,272,2,year hour 6506,67864.3,67.8643,67.8643,601.0,52088.0
6507,272,3,year hour 6507,67591.19,67.59119,67.59119,601.0,52786.0
6508,272,4,year hour 6508,68144.07,68.14407000000001,68.14407000000001,601.0,52279.0
6509,272,5,year hour 6509,68040.49,68.04049,68.04049,601.0,53095.0
6510,272,6,year hour 6510,71032.18,71.03218,71.03218,607.0,53189.0
6511,272,7,year hour 6511,68068.45,68.06845,68.06845,595.0,52165.0
6512,272,8,year hour 6512,69069.68000000001,69.06968,69.06968,604.0,53833.0
6513,272,9,year hour 6513,67953.64,67.95364,67.95364,604.0,52529.0
6514,272,10,year hour 6514,67944.94,67.94494,67.94494,602.0,52535.0
6515,272,11,year hour 6515,67802.9,67.8029,67.8029,588.0,52375.0
6516,272,12,year hour 6516,81722.33,81.72233000000001,81.72233000000001,620.0,54880.0
6517,272,13,year hour 6517,67952.15,67.95214999999999,67.95214999999999,600.0,52484.0
6518,272,14,year hour 6518,67660.66,67.66066000000001,67.66066000000001,601.0,53191.0
6519,272,15,year hour 6519,68569.25,68.56924999999998,68.56924999999998,595.0,52507.0
6520,272,16,year hour 6520,69555.96,69.55596,69.55596,608.0,53372.0
6521,272,17,year hour 6521,68005.42,68.00542,68.00542,598.0,52153.0
6522,272,18,year hour 6522,70931.0,70.931,70.931,607.0,53552.0
6523,272,19,year hour 6523,67678.63,67.67863,67.67863,599.0,52674.0
6524,272,20,year hour 6524,68076.09,68.07609,68.07609,599.0,52651.0
6525,272,21,year hour 6525,67722.46,67.72246000000001,67.72246000000001,602.0,53040.0
6526,272,22,year hour 6526,67821.74,67.82174,67.82174,604.0,52967.0
6527,272,23,year hour 6527,66036.23,66.03622999999999,66.03622999999999,582.0,51731.0
6528,273,0,year hour 6528,84257.97,84.25797,84.25797,627.0,56190.0
6529,273,1,year hour 6529,67763.65,67.76365,67.76365,602.0,52182.0
6530,273,2,year hour 6530,67864.3,67.8643,67.8643,601.0,52088.0
6531,273,3,year hour 6531,67591.19,67.59119,67.59119,601.0,52786.0
6532,273,4,year hour 6532,68144.07,68.14407000000001,68.14407000000001,601.0,52279.0
6533,273,5,year hour 6533,68040.49,68.04049,68.04049,601.0,53095.0
6534,273,6,year hour 6534,71032.18,71.03218,71.03218,607.0,53189.0
6535,273,7,year hour 6535,68068.45,68.06845,68.06845,595.0,52165.0
6536,273,8,year hour 6536,69069.68000000001,69.06968,69.06968,604.0,53833.0
6537,273,9,year hour 6537,67953.64,67.95364,67.95364,604.0,52529.0
6538,273,10,year hour 6538,67944.94,67.94494,67.94494,602.0,52535.0
6539,273,11,year hour 6539,67802.9,67.8029,67.8029,588.0,52375.0
6540,273,12,year hour 6540,81722.33,81.72233000000001,81.72233000000001,620.0,54880.0
6541,273,13,year hour 6541,67952.15,67.95214999999999,67.95214999999999,600.0,52484.0
6542,273,14,year hour 6542,67660.66,67.66066000000001,67.66066000000001,601.0,53191.0
6543,273,15,year hour 6543,68569.25,68.56924999999998,68.56924999999998,595.0,52507.0
6544,273,16,year hour 6544,69555.96,69.55596,69.55596,608.0,53372.0
6545,273,17,year hour 6545,68005.42,68.00542,68.00542,598.0,52153.0
6546,273,18,year hour 6546,70931.0,70.931,70.931,607.0,53552.0
6547,273,19,year hour 6547,67678.63,67.67863,67.67863,599.0,52674.0
6548,273,20,year hour 6548,68076.09,68.07609,68.07609,599.0,52651.0
6549,273,21,year hour 6549,67722.46,67.72246000000001,67.72246000000001,602.0,53040.0
6550,273,22,year hour 6550,67821.74,67.82174,67.82174,604.0,52967.0
6551,273,23,year hour 6551,66036.23,66.03622999999999,66.03622999999999,582.0,51731.0
6552,274,0,year hour 6552,84257.97,84.25797,84.25797,627.0,56190.0
6553,274,1,year hour 6553,67763.65,67.76365,67.76365,602.0,52182.0
6554,274,2,year hour 6554,67864.3,67.8643,67.8643,601.0,52088.0
6555,274,3,year hour 6555,67591.19,67.59119,67.59119,601.0,52786.0
6556,274,4,year hour 6556,68144.07,68.14407000000001,68.14407000000001,601.0,52279.0
6557,274,5,year hour 6557,68040.49,68.04049,68.04049,601.0,53095.0
6558,274,6,year hour 6558,71032.18,71.03218,71.03218,607.0,53189.0
6559,274,7,year hour 6559,68068.45,68.06845,68.06845,595.0,52165.0
6560,274,8,year hour 6560,69069.68000000001,69.06968,69.06968,604.0,53833.0
6561,274,9,year hour 6561,67953.64,67.95364,67.95364,604.0,52529.0
6562,274,10,year hour 6562,67944.94,67.94494,67.94494,602.0,52535.0
6563,274,11,year hour 6563,67802.9,67.8029,67.8029,588.0,52375.0
6564,274,12,year hour 6564,81722.33,81.72233000000001,81.72233000000001,620.0,54880.0
6565,274,13,year hour 6565,67952.15,67.95214999999999,67.95214999999999,600.0,52484.0
6566,274,14,year hour 6566,67660.66,67.66066000000001,67.66066000000001,601.0,53191.0
6567,274,15,year hour 6567,68569.25,68.56924999999998,68.56924999999998,595.0,52507.0
6568,274,16,year hour 6568,69555.96,69.55596,69.55596,608.0,53372.0
6569,274,17,year hour 6569,68005.42,68.00542,68.00542,598.0,52153.0
6570,274,18,year hour 6570,70931.0,70.931,70.931,607.0,53552.0
6571,274,19,year hour 6571,67678.63,67.67863,67.67863,599.0,52674.0
6572,274,20,year hour 6572,68076.09,68.07609,68.07609,599.0,52651.0
6573,274,21,year hour 6573,67722.46,67.72246000000001,67.72246000000001,602.0,53040.0
6574,274,22,year hour 6574,67821.74,67.82174,67.82174,604.0,52967.0
6575,274,23,year hour 6575,66036.23,66.03622999999999,66.03622999999999,582.0,51731.0
6576,275,0,year hour 6576,84257.97,84.25797,84.25797,627.0,56190.0
6577,275,1,year hour 6577,67763.65,67.76365,67.76365,602.0,52182.0
6578,275,2,year hour 6578,67864.3,67.8643,67.8643,601.0,52088.0
6579,275,3,year hour 6579,67591.19,67.59119,67.59119,601.0,52786.0
6580,275,4,year hour 6580,68144.07,68.14407000000001,68.14407000000001,601.0,52279.0
6581,275,5,year hour 6581,68040.49,68.04049,68.04049,601.0,53095.0
6582,275,6,year hour 6582,71032.18,71.03218,71.03218,607.0,53189.0
6583,275,7,year hour 6583,68068.45,68.06845,68.06845,595.0,52165.0
6584,275,8,year hour 6584,69069.68000000001,69.06968,69.06968,604.0,53833.0
6585,275,9,year hour 6585,67953.64,67.95364,67.95364,604.0,52529.0
6586,275,10,year hour 6586,67944.94,67.94494,67.94494,602.0,52535.0
6587,275,11,year hour 6587,67802.9,67.8029,67.8029,588.0,52375.0
6588,275,12,year hour 6588,81722.33,81.72233000000001,81.72233000000001,620.0,54880.0
6589,275,13,year hour 6589,67952.15,67.95214999999999,67.95214999999999,600.0,52484.0
6590,275,14,year hour 6590,67660.66,67.66066000000001,67.66066000000001,601.0,53191.0
6591,275,15,year hour 6591,68569.25,68.56924999999998,68.56924999999998,595.0,52507.0
6592,275,16,year hour 6592,69555.96,69.55596,69.55596,608.0,53372.0
6593,275,17,year hour 6593,68005.42,68.00542,68.00542,598.0,52153.0
6594,275,18,year hour 6594,70931.0,70.931,70.931,607.0,53552.0
6595,275,19,year hour 6595,67678.63,67.67863,67.67863,599.0,52674.0
6596,275,20,year hour 6596,68076.09,68.07609,68.07609,599.0,52651.0
6597,275,21,year hour 6597,67722.46,67.72246000000001,67.72246000000001,602.0,53040.0
6598,275,22,year hour 6598,67821.74,67.82174,67.82174,604.0,52967.0
6599,275,23,year hour 6599,66036.23,66.03622999999999,66.03622999999999,582.0,51731.0
6600,276,0,year hour 6600,84257.97,84.25797,84.25797,627.0,56190.0
6601,276,1,year hour 6601,67763.65,67.76365,67.76365,602.0,52182.0
6602,276,2,year hour 6602,67864.3,67.8643,67.8643,601.0,52088.0
6603,276,3,year hour 6603,67591.19,67.59119,67.59119,601.0,52786.0
6604,276,4,year hour 6604,68144.07,68.14407000000001,68.14407000000001,601.0,52279.0
6605,276,5,year hour 6605,68040.49,68.04049,68.04049,601.0,53095.0
6606,276,6,year hour 6606,71032.18,71.03218,71.03218,607.0,53189.0
6607,276,7,year hour 6607,68068.45,68.06845,68.06845,595.0,52165.0
6608,276,8,year hour 6608,69069.68000000001,69.06968,69.06968,604.0,53833.0
6609,276,9,year hour 6609,67953.64,67.95364,67.95364,604.0,52529.0
6610,276,10,year hour 6610,67944.94,67.94494,67.94494,602.0,52535.0
6611,276,11,year hour 6611,67802.9,67.8029,67.8029,588.0,52375.0
6612,276,12,year hour 6612,81722.33,81.72233000000001,81.72233000000001,620.0,54880.0
6613,276,13,year hour 6613,67952.15,67.95214999999999,67.95214999999999,600.0,52484.0
6614,276,14,year hour 6614,67660.66,67.66066000000001,67.66066000000001,601.0,53191.0
6615,276,15,year hour 6615,68569.25,68.56924999999998,68.56924999999998,595.0,52507.0
6616,276,16,year hour 6616,69555.96,69.55596,69.55596,608.0,53372.0
6617,276,17,year hour 6617,68005.42,68.00542,68.00542,598.0,52153.0
6618,276,18,year hour 6618,70931.0,70.931,70.931,607.0,53552.0
6619,276,19,year hour 6619,67678.63,67.67863,67.67863,599.0,52674.0
6620,276,20,year hour 6620,68076.09,68.07609,68.07609,599.0,52651.0
6621,276,21,year hour 6621,67722.46,67.72246000000001,67.72246000000001,602.0,53040.0
6622,276,22,year hour 6622,67821.74,67.82174,67.82174,604.0,52967.0
6623,276,23,year hour 6623,66036.23,66.03622999999999,66.03622999999999,582.0,51731.0
6624,277,0,year hour 6624,84257.97,84.25797,84.25797,627.0,56190.0
6625,277,1,year hour 6625,67763.65,67.76365,67.76365,602.0,52182.0
6626,277,2,year hour 6626,67864.3,67.8643,67.8643,601.0,52088.0
6627,277,3,year hour 6627,67591.19,67.59119,67.59119,601.0,52786.0
6628,277,4,year hour 6628,68144.07,68.14407000000001,68.14407000000001,601.0,52279.0
6629,277,5,year hour 6629,68040.49,68.04049,68.04049,601.0,53095.0
6630,277,6,year hour 6630,71032.18,71.03218,71.03218,607.0,53189.0
6631,277,7,year hour 6631,68068.45,68.06845,68.06845,595.0,52165.0
6632,277,8,year hour 6632,69069.68000000001,69.06968,69.06968,604.0,53833.0
6633,277,9,year hour 6633,67953.64,67.95364,67.95364,604.0,52529.0
6634,277,10,year hour 6634,67944.94,67.94494,67.94494,602.0,52535.0
6635,277,11,year hour 6635,67802.9,67.8029,67.8029,588.0,52375.0
6636,277,12,year hour 6636,81722.33,81.72233000000001,81.72233000000001,620.0,54880.0
6637,277,13,year hour 6637,67952.15,67.95214999999999,67.95214999999999,600.0,52484.0
6638,277,14,year hour 6638,67660.66,67.66066000000001,67.66066000000001,601.0,53191.0
6639,277,15,year hour 6639,68569.25,68.56924999999998,68.56924999999998,595.0,52507.0
6640,277,16,year hour 6640,69555.96,69.55596,69.55596,608.0,53372.0
6641,277,17,year hour 6641,68005.42,68.00542,68.00542,598.0,52153.0
6642,277,18,year hour 6642,70931.0,70.931,70.931,607.0,53552.0
6643,277,19,year hour 6643,67678.63,67.67863,67.67863,599.0,52674.0
6644,277,20,year hour 6644,68076.09,68.07609,68.07609,599.0,52651.0
6645,277,21,year hour 6645,67722.46,67.72246000000001,67.72246000000001,602.0,53040.0
6646,277,22,year hour 6646,67821.74,67.82174,67.82174,604.0,52967.0
6647,277,23,year hour 6647,66036.23,66.03622999999999,66.03622999999999,582.0,51731.0
6648,278,0,year hour 6648,84257.97,84.25797,84.25797,627.0,56190.0
6649,278,1,year hour 6649,67763.65,67.76365,67.76365,602.0,52182.0
6650,278,2,year hour 6650,67864.3,67.8643,67.8643,601.0,52088.0
6651,278,3,year hour 6651,67591.19,67.59119,67.59119,601.0,52786.0
6652,278,4,year hour 6652,68144.07,68.14407000000001,68.14407000000001,601.0,52279.0
6653,278,5,year hour 6653,68040.49,68.04049,68.04049,601.0,53095.0
6654,278,6,year hour 6654,71032.18,71.03218,71.03218,607.0,53189.0
6655,278,7,year hour 6655,68068.45,68.06845,68.06845,595.0,52165.0
6656,278,8,year hour 6656,69069.68000000001,69.06968,69.06968,604.0,53833.0
6657,278,9,year hour 6657,67953.64,67.95364,67.95364,604.0,52529.0
6658,278,10,year hour 6658,67944.94,67.94494,67.94494,602.0,52535.0
6659,278,11,year hour 6659,67802.9,67.8029,67.8029,588.0,52375.0
6660,278,12,year hour 6660,81722.33,81.72233000000001,81.72233000000001,620.0,54880.0
6661,278,13,year hour 6661,67952.15,67.95214999999999,67.95214999999999,600.0,52484.0
6662,278,14,year hour 6662,67660.66,67.66066000000001,67.66066000000001,601.0,53191.0
6663,278,15,year hour 6663,68569.25,68.56924999999998,68.56924999999998,595.0,52507.0
6664,278,16,year hour 6664,69555.96,69.55596,69.55596,608.0,53372.0
6665,278,17,year hour 6665,68005.42,68.00542,68.00542,598.0,52153.0
6666,278,18,year hour 6666,70931.0,70.931,70.931,607.0,53552.0
6667,278,19,year hour 6667,67678.63,67.67863,67.67863,599.0,52674.0
6668,278,20,year hour 6668,68076.09,68.07609,68.07609,599.0,52651.0
6669,278,21,year hour 6669,67722.46,67.72246000000001,67.72246000000001,602.0,53040.0
6670,278,22,year hour 6670,67821.74,67.82174,67.82174,604.0,52967.0
6671,278,23,year hour 6671,66036.23,66.03622999999999,66.03622999999999,582.0,51731.0
6672,279,0,year hour 6672,84257.97,84.25797,84.25797,627.0,56190.0
6673,279,1,year hour 6673,67763.65,67.76365,67.76365,602.0,52182.0
6674,279,2,year hour 6674,67864.3,67.8643,67.8643,601.0,52088.0
6675,279,3,year hour 6675,67591.19,67.59119,67.59119,601.0,52786.0
6676,279,4,year hour 6676,68144.07,68.14407000000001,68.14407000000001,601.0,52279.0
6677,279,5,year hour 6677,68040.49,68.04049,68.04049,601.0,53095.0
6678,279,6,year hour 6678,71032.18,71.03218,71.03218,607.0,53189.0
6679,279,7,year hour 6679,68068.45,68.06845,68.06845,595.0,52165.0
6680,279,8,year hour 6680,69069.68000000001,69.06968,69.06968,604.0,53833.0
6681,279,9,year hour 6681,67953.64,67.95364,67.95364,604.0,52529.0
6682,279,10,year hour 6682,67944.94,67.94494,67.94494,602.0,52535.0
6683,279,11,year hour 6683,67802.9,67.8029,67.8029,588.0,52375.0
6684,279,12,year hour 6684,81722.33,81.72233000000001,81.72233000000001,620.0,54880.0
6685,279,13,year hour 6685,67952.15,67.95214999999999,67.95214999999999,600.0,52484.0
6686,279,14,year hour 6686,67660.66,67.66066000000001,67.66066000000001,601.0,53191.0
6687,279,15,year hour 6687,68569.25,68.56924999999998,68.56924999999998,595.0,52507.0
6688,279,16,year hour 6688,69555.96,69.55596,69.55596,608.0,53372.0
6689,279,17,year hour 6689,68005.42,68.00542,68.00542,598.0,52153.0
6690,279,18,year hour 6690,70931.0,70.931,70.931,607.0,53552.0
6691,279,19,year hour 6691,67678.63,67.67863,67.67863,599.0,52674.0
6692,279,20,year hour 6692,68076.09,68.07609,68.07609,599.0,52651.0
6693,279,21,year hour 6693,67722.46,67.72246000000001,67.72246000000001,602.0,53040.0
6694,279,22,year hour 6694,67821.74,67.82174,67.82174,604.0,52967.0
6695,279,23,year hour 6695,66036.23,66.03622999999999,66.03622999999999,582.0,51731.0
6696,280,0,year hour 6696,84257.97,84.25797,84.25797,627.0,56190.0
6697,280,1,year hour 6697,67763.65,67.76365,67.76365,602.0,52182.0
6698,280,2,year hour 6698,67864.3,67.8643,67.8643,601.0,52088.0
6699,280,3,year hour 6699,67591.19,67.59119,67.59119,601.0,52786.0
6700,280,4,year hour 6700,68144.07,68.14407000000001,68.14407000000001,601.0,52279.0
6701,280,5,year hour 6701,68040.49,68.04049,68.04049,601.0,53095.0
6702,280,6,year hour 6702,71032.18,71.03218,71.03218,607.0,53189.0
6703,280,7,year hour 6703,68068.45,68.06845,68.06845,595.0,52165.0
6704,280,8,year hour 6704,69069.68000000001,69.06968,69.06968,604.0,53833.0
6705,280,9,year hour 6705,67953.64,67.95364,67.95364,604.0,52529.0
6706,280,10,year hour 6706,67944.94,67.94494,67.94494,602.0,52535.0
6707,280,11,year hour 6707,67802.9,67.8029,67.8029,588.0,52375.0
6708,280,12,year hour 6708,81722.33,81.72233000000001,81.72233000000001,620.0,54880.0
6709,280,13,year hour 6709,67952.15,67.95214999999999,67.95214999999999,600.0,52484.0
6710,280,14,year hour 6710,67660.66,67.66066000000001,67.66066000000001,601.0,53191.0
6711,280,15,year hour 6711,68569.25,68.56924999999998,68.56924999999998,595.0,52507.0
6712,280,16,year hour 6712,69555.96,69.55596,69.55596,608.0,53372.0
6713,280,17,year hour 6713,68005.42,68.00542,68.00542,598.0,52153.0
6714,280,18,year hour 6714,70931.0,70.931,70.931,607.0,53552.0
6715,280,19,year hour 6715,67678.63,67.67863,67.67863,599.0,52674.0
6716,280,20,year hour 6716,68076.09,68.07609,68.07609,599.0,52651.0
6717,280,21,year hour 6717,67722.46,67.72246000000001,67.72246000000001,602.0,53040.0
6718,280,22,year hour 6718,67821.74,67.82174,67.82174,604.0,52967.0
6719,280,23,year hour 6719,66036.23,66.03622999999999,66.03622999999999,582.0,51731.0
6720,281,0,year hour 6720,84257.97,84.25797,84.25797,627.0,56190.0
6721,281,1,year hour 6721,67763.65,67.76365,67.76365,602.0,52182.0
6722,281,2,year hour 6722,67864.3,67.8643,67.8643,601.0,52088.0
6723,281,3,year hour 6723,67591.19,67.59119,67.59119,601.0,52786.0
6724,281,4,year hour 6724,68144.07,68.14407000000001,68.14407000000001,601.0,52279.0
6725,281,5,year hour 6725,68040.49,68.04049,68.04049,601.0,53095.0
6726,281,6,year hour 6726,71032.18,71.03218,71.03218,607.0,53189.0
6727,281,7,year hour 6727,68068.45,68.06845,68.06845,595.0,52165.0
6728,281,8,year hour 6728,69069.68000000001,69.06968,69.06968,604.0,53833.0
6729,281,9,year hour 6729,67953.64,67.95364,67.95364,604.0,52529.0
6730,281,10,year hour 6730,67944.94,67.94494,67.94494,602.0,52535.0
6731,281,11,year hour 6731,67802.9,67.8029,67.8029,588.0,52375.0
6732,281,12,year hour 6732,81722.33,81.72233000000001,81.72233000000001,620.0,54880.0
6733,281,13,year hour 6733,67952.15,67.95214999999999,67.95214999999999,600.0,52484.0
6734,281,14,year hour 6734,67660.66,67.66066000000001,67.66066000000001,601.0,53191.0
6735,281,15,year hour 6735,68569.25,68.56924999999998,68.56924999999998,595.0,52507.0
6736,281,16,year hour 6736,69555.96,69.55596,69.55596,608.0,53372.0
6737,281,17,year hour 6737,68005.42,68.00542,68.00542,598.0,52153.0
6738,281,18,year hour 6738,70931.0,70.931,70.931,607.0,53552.0
6739,281,19,year hour 6739,67678.63,67.67863,67.67863,599.0,52674.0
6740,281,20,year hour 6740,68076.09,68.07609,68.07609,599.0,52651.0
6741,281,21,year hour 6741,67722.46,67.72246000000001,67.72246000000001,602.0,53040.0
6742,281,22,year hour 6742,67821.74,67.82174,67.82174,604.0,52967.0
6743,281,23,year hour 6743,66036.23,66.03622999999999,66.03622999999999,582.0,51731.0
6744,282,0,year hour 6744,84257.97,84.25797,84.25797,627.0,56190.0
6745,282,1,year hour 6745,67763.65,67.76365,67.76365,602.0,52182.0
6746,282,2,year hour 6746,67864.3,67.8643,67.8643,601.0,52088.0
6747,282,3,year hour 6747,67591.19,67.59119,67.59119,601.0,52786.0
6748,282,4,year hour 6748,68144.07,68.14407000000001,68.14407000000001,601.0,52279.0
6749,282,5,year hour 6749,68040.49,68.04049,68.04049,601.0,53095.0
6750,282,6,year hour 6750,71032.18,71.03218,71.03218,607.0,53189.0
6751,282,7,year hour 6751,68068.45,68.06845,68.06845,595.0,52165.0
6752,282,8,year hour 6752,69069.68000000001,69.06968,69.06968,604.0,53833.0
6753,282,9,year hour 6753,67953.64,67.95364,67.95364,604.0,52529.0
6754,282,10,year hour 6754,67944.94,67.94494,67.94494,602.0,52535.0
6755,282,11,year hour 6755,67802.9,67.8029,67.8029,588.0,52375.0
6756,282,12,year hour 6756,81722.33,81.72233000000001,81.72233000000001,620.0,54880.0
6757,282,13,year hour 6757,67952.15,67.95214999999999,67.95214999999999,600.0,52484.0
6758,282,14,year hour 6758,67660.66,67.66066000000001,67.66066000000001,601.0,53191.0
6759,282,15,year hour 6759,68569.25,68.56924999999998,68.56924999999998,595.0,52507.0
6760,282,16,year hour 6760,69555.96,69.55596,69.55596,608.0,53372.0
6761,282,17,year hour 6761,68005.42,68.00542,68.00542,598.0,52153.0
6762,282,18,year hour 6762,70931.0,70.931,70.931,607.0,53552.0
6763,282,19,year hour 6763,67678.63,67.67863,67.67863,599.0,52674.0
6764,282,20,year hour 6764,68076.09,68.07609,68.07609,599.0,52651.0
6765,282,21,year hour 6765,67722.46,67.72246000000001,67.72246000000001,602.0,53040.0
6766,282,22,year hour 6766,67821.74,67.82174,67.82174,604.0,52967.0
6767,282,23,year hour 6767,66036.23,66.03622999999999,66.03622999999999,582.0,51731.0
6768,283,0,year hour 6768,84257.97,84.25797,84.25797,627.0,56190.0
6769,283,1,year hour 6769,67763.65,67.76365,67.76365,602.0,52182.0
6770,283,2,year hour 6770,67864.3,67.8643,67.8643,601.0,52088.0
6771,283,3,year hour 6771,67591.19,67.59119,67.59119,601.0,52786.0
6772,283,4,year hour 6772,68144.07,68.14407000000001,68.14407000000001,601.0,52279.0
6773,283,5,year hour 6773,68040.49,68.04049,68.04049,601.0,53095.0
6774,283,6,year hour 6774,71032.18,71.03218,71.03218,607.0,53189.0
6775,283,7,year hour 6775,68068.45,68.06845,68.06845,595.0,52165.0
6776,283,8,year hour 6776,69069.68000000001,69.06968,69.06968,604.0,53833.0
6777,283,9,year hour 6777,67953.64,67.95364,67.95364,604.0,52529.0
6778,283,10,year hour 6778,67944.94,67.94494,67.94494,602.0,52535.0
6779,283,11,year hour 6779,67802.9,67.8029,67.8029,588.0,52375.0
6780,283,12,year hour 6780,81722.33,81.72233000000001,81.72233000000001,620.0,54880.0
6781,283,13,year hour 6781,67952.15,67.95214999999999,67.95214999999999,600.0,52484.0
6782,283,14,year hour 6782,67660.66,67.66066000000001,67.66066000000001,601.0,53191.0
6783,283,15,year hour 6783,68569.25,68.56924999999998,68.56924999999998,595.0,52507.0
6784,283,16,year hour 6784,69555.96,69.55596,69.55596,608.0,53372.0
6785,283,17,year hour 6785,68005.42,68.00542,68.00542,598.0,52153.0
6786,283,18,year hour 6786,70931.0,70.931,70.931,607.0,53552.0
6787,283,19,year hour 6787,67678.63,67.67863,67.67863,599.0,52674.0
6788,283,20,year hour 6788,68076.09,68.07609,68.07609,599.0,52651.0
6789,283,21,year hour 6789,67722.46,67.72246000000001,67.72246000000001,602.0,53040.0
6790,283,22,year hour 6790,67821.74,67.82174,67.82174,604.0,52967.0
6791,283,23,year hour 6791,66036.23,66.03622999999999,66.03622999999999,582.0,51731.0
6792,284,0,year hour 6792,84257.97,84.25797,84.25797,627.0,56190.0
6793,284,1,year hour 6793,67763.65,67.76365,67.76365,602.0,52182.0
6794,284,2,year hour 6794,67864.3,67.8643,67.8643,601.0,52088.0
6795,284,3,year hour 6795,67591.19,67.59119,67.59119,601.0,52786.0
6796,284,4,year hour 6796,68144.07,68.14407000000001,68.14407000000001,601.0,52279.0
6797,284,5,year hour 6797,68040.49,68.04049,68.04049,601.0,53095.0
6798,284,6,year hour 6798,71032.18,71.03218,71.03218,607.0,53189.0
6799,284,7,year hour 6799,68068.45,68.06845,68.06845,595.0,52165.0
6800,284,8,year hour 6800,69069.68000000001,69.06968,69.06968,604.0,53833.0
6801,284,9,year hour 6801,67953.64,67.95364,67.95364,604.0,52529.0
6802,284,10,year hour 6802,67944.94,67.94494,67.94494,602.0,52535.0
6803,284,11,year hour 6803,67802.9,67.8029,67.8029,588.0,52375.0
6804,284,12,year hour 6804,81722.33,81.72233000000001,81.72233000000001,620.0,54880.0
6805,284,13,year hour 6805,67952.15,67.95214999999999,67.95214999999999,600.0,52484.0
6806,284,14,year hour 6806,67660.66,67.66066000000001,67.66066000000001,601.0,53191.0
6807,284,15,year hour 6807,68569.25,68.56924999999998,68.56924999999998,595.0,52507.0
6808,284,16,year hour 6808,69555.96,69.55596,69.55596,608.0,53372.0
6809,284,17,year hour 6809,68005.42,68.00542,68.00542,598.0,52153.0
6810,284,18,year hour 6810,70931.0,70.931,70.931,607.0,53552.0
6811,284,19,year hour 6811,67678.63,67.67863,67.67863,599.0,52674.0
6812,284,20,year hour 6812,68076.09,68.07609,68.07609,599.0,52651.0
6813,284,21,year hour 6813,67722.46,67.72246000000001,67.72246000000001,602.0,53040.0
6814,284,22,year hour 6814,67821.74,67.82174,67.82174,604.0,52967.0
6815,284,23,year hour 6815,66036.23,66.03622999999999,66.03622999999999,582.0,51731.0
6816,285,0,year hour 6816,84257.97,84.25797,84.25797,627.0,56190.0
6817,285,1,year hour 6817,67763.65,67.76365,67.76365,602.0,52182.0
6818,285,2,year hour 6818,67864.3,67.8643,67.8643,601.0,52088.0
6819,285,3,year hour 6819,67591.19,67.59119,67.59119,601.0,52786.0
6820,285,4,year hour 6820,68144.07,68.14407000000001,68.14407000000001,601.0,52279.0
6821,285,5,year hour 6821,68040.49,68.04049,68.04049,601.0,53095.0
6822,285,6,year hour 6822,71032.18,71.03218,71.03218,607.0,53189.0
6823,285,7,year hour 6823,68068.45,68.06845,68.06845,595.0,52165.0
6824,285,8,year hour 6824,69069.68000000001,69.06968,69.06968,604.0,53833.0
6825,285,9,year hour 6825,67953.64,67.95364,67.95364,604.0,52529.0
6826,285,10,year hour 6826,67944.94,67.94494,67.94494,602.0,52535.0
6827,285,11,year hour 6827,67802.9,67.8029,67.8029,588.0,52375.0
6828,285,12,year hour 6828,81722.33,81.72233000000001,81.72233000000001,620.0,54880.0
6829,285,13,year hour 6829,67952.15,67.95214999999999,67.95214999999999,600.0,52484.0
6830,285,14,year hour 6830,67660.66,67.66066000000001,67.66066000000001,601.0,53191.0
6831,285,15,year hour 6831,68569.25,68.56924999999998,68.56924999999998,595.0,52507.0
6832,285,16,year hour 6832,69555.96,69.55596,69.55596,608.0,53372.0
6833,285,17,year hour 6833,68005.42,68.00542,68.00542,598.0,52153.0
6834,285,18,year hour 6834,70931.0,70.931,70.931,607.0,53552.0
6835,285,19,year hour 6835,67678.63,67.67863,67.67863,599.0,52674.0
6836,285,20,year hour 6836,68076.09,68.07609,68.07609,599.0,52651.0
6837,285,21,year hour 6837,67722.46,67.72246000000001,67.72246000000001,602.0,53040.0
6838,285,22,year hour 6838,67821.74,67.82174,67.82174,604.0,52967.0
6839,285,23,year hour 6839,66036.23,66.03622999999999,66.03622999999999,582.0,51731.0
6840,286,0,year hour 6840,84257.97,84.25797,84.25797,627.0,56190.0
6841,286,1,year hour 6841,67763.65,67.76365,67.76365,602.0,52182.0
6842,286,2,year hour 6842,67864.3,67.8643,67.8643,601.0,52088.0
6843,286,3,year hour 6843,67591.19,67.59119,67.59119,601.0,52786.0
6844,286,4,year hour 6844,68144.07,68.14407000000001,68.14407000000001,601.0,52279.0
6845,286,5,year hour 6845,68040.49,68.04049,68.04049,601.0,53095.0
6846,286,6,year hour 6846,71032.18,71.03218,71.03218,607.0,53189.0
6847,286,7,year hour 6847,68068.45,68.06845,68.06845,595.0,52165.0
6848,286,8,year hour 6848,69069.68000000001,69.06968,69.06968,604.0,53833.0
6849,286,9,year hour 6849,67953.64,67.95364,67.95364,604.0,52529.0
6850,286,10,year hour 6850,67944.94,67.94494,67.94494,602.0,52535.0
6851,286,11,year hour 6851,67802.9,67.8029,67.8029,588.0,52375.0
6852,286,12,year hour 6852,81722.33,81.72233000000001,81.72233000000001,620.0,54880.0
6853,286,13,year hour 6853,67952.15,67.95214999999999,67.95214999999999,600.0,52484.0
6854,286,14,year hour 6854,67660.66,67.66066000000001,67.66066000000001,601.0,53191.0
6855,286,15,year hour 6855,68569.25,68.56924999999998,68.56924999999998,595.0,52507.0
6856,286,16,year hour 6856,69555.96,69.55596,69.55596,608.0,53372.0
6857,286,17,year hour 6857,68005.42,68.00542,68.00542,598.0,52153.0
6858,286,18,year hour 6858,70931.0,70.931,70.931,607.0,53552.0
6859,286,19,year hour 6859,67678.63,67.67863,67.67863,599.0,52674.0
6860,286,20,year hour 6860,68076.09,68.07609,68.07609,599.0,52651.0
6861,286,21,year hour 6861,67722.46,67.72246000000001,67.72246000000001,602.0,53040.0
6862,286,22,year hour 6862,67821.74,67.82174,67.82174,604.0,52967.0
6863,286,23,year hour 6863,66036.23,66.03622999999999,66.03622999999999,582.0,51731.0
6864,287,0,year hour 6864,84257.97,84.25797,84.25797,627.0,56190.0
6865,287,1,year hour 6865,67763.65,67.76365,67.76365,602.0,52182.0
6866,287,2,year hour 6866,67864.3,67.8643,67.8643,601.0,52088.0
6867,287,3,year hour 6867,67591.19,67.59119,67.59119,601.0,52786.0
6868,287,4,year hour 6868,68144.07,68.14407000000001,68.14407000000001,601.0,52279.0
6869,287,5,year hour 6869,68040.49,68.04049,68.04049,601.0,53095.0
6870,287,6,year hour 6870,71032.18,71.03218,71.03218,607.0,53189.0
6871,287,7,year hour 6871,68068.45,68.06845,68.06845,595.0,52165.0
6872,287,8,year hour 6872,69069.68000000001,69.06968,69.06968,604.0,53833.0
6873,287,9,year hour 6873,67953.64,67.95364,67.95364,604.0,52529.0
6874,287,10,year hour 6874,67944.94,67.94494,67.94494,602.0,52535.0
6875,287,11,year hour 6875,67802.9,67.8029,67.8029,588.0,52375.0
6876,287,12,year hour 6876,81722.33,81.72233000000001,81.72233000000001,620.0,54880.0
6877,287,13,year hour 6877,67952.15,67.95214999999999,67.95214999999999,600.0,52484.0
6878,287,14,year hour 6878,67660.66,67.66066000000001,67.66066000000001,601.0,53191.0
6879,287,15,year hour 6879,68569.25,68.56924999999998,68.56924999999998,595.0,52507.0
6880,287,16,year hour 6880,69555.96,69.55596,69.55596,608.0,53372.0
6881,287,17,year hour 6881,68005.42,68.00542,68.00542,598.0,52153.0
6882,287,18,year hour 6882,70931.0,70.931,70.931,607.0,53552.0
6883,287,19,year hour 6883,67678.63,67.67863,67.67863,599.0,52674.0
6884,287,20,year hour 6884,68076.09,68.07609,68.07609,599.0,52651.0
6885,287,21,year hour 6885,67722.46,67.72246000000001,67.72246000000001,602.0,53040.0
6886,287,22,year hour 6886,67821.74,67.82174,67.82174,604.0,52967.0
6887,287,23,year hour 6887,66036.23,66.03622999999999,66.03622999999999,582.0,51731.0
6888,288,0,year hour 6888,84257.97,84.25797,84.25797,627.0,56190.0
6889,288,1,year hour 6889,67763.65,67.76365,67.76365,602.0,52182.0
6890,288,2,year hour 6890,67864.3,67.8643,67.8643,601.0,52088.0
6891,288,3,year hour 6891,67591.19,67.59119,67.59119,601.0,52786.0
6892,288,4,year hour 6892,68144.07,68.14407000000001,68.14407000000001,601.0,52279.0
6893,288,5,year hour 6893,68040.49,68.04049,68.04049,601.0,53095.0
6894,288,6,year hour 6894,71032.18,71.03218,71.03218,607.0,53189.0
6895,288,7,year hour 6895,68068.45,68.06845,68.06845,595.0,52165.0
6896,288,8,year hour 6896,69069.68000000001,69.06968,69.06968,604.0,53833.0
6897,288,9,year hour 6897,67953.64,67.95364,67.95364,604.0,52529.0
6898,288,10,year hour 6898,67944.94,67.94494,67.94494,602.0,52535.0
6899,288,11,year hour 6899,67802.9,67.8029,67.8029,588.0,52375.0
6900,288,12,year hour 6900,81722.33,81.72233000000001,81.72233000000001,620.0,54880.0
6901,288,13,year hour 6901,67952.15,67.95214999999999,67.95214999999999,600.0,52484.0
6902,288,14,year hour 6902,67660.66,67.66066000000001,67.66066000000001,601.0,53191.0
6903,288,15,year hour 6903,68569.25,68.56924999999998,68.56924999999998,595.0,52507.0
6904,288,16,year hour 6904,69555.96,69.55596,69.55596,608.0,53372.0
6905,288,17,year hour 6905,68005.42,68.00542,68.00542,598.0,52153.0
6906,288,18,year hour 6906,70931.0,70.931,70.931,607.0,53552.0
6907,288,19,year hour 6907,67678.63,67.67863,67.67863,599.0,52674.0
6908,288,20,year hour 6908,68076.09,68.07609,68.07609,599.0,52651.0
6909,288,21,year hour 6909,67722.46,67.72246000000001,67.72246000000001,602.0,53040.0
6910,288,22,year hour 6910,67821.74,67.82174,67.82174,604.0,52967.0
6911,288,23,year hour 6911,66036.23,66.03622999999999,66.03622999999999,582.0,51731.0
6912,289,0,year hour 6912,84257.97,84.25797,84.25797,627.0,56190.0
6913,289,1,year hour 6913,67763.65,67.76365,67.76365,602.0,52182.0
6914,289,2,year hour 6914,67864.3,67.8643,67.8643,601.0,52088.0
6915,289,3,year hour 6915,67591.19,67.59119,67.59119,601.0,52786.0
6916,289,4,year hour 6916,68144.07,68.14407000000001,68.14407000000001,601.0,52279.0
6917,289,5,year hour 6917,68040.49,68.04049,68.04049,601.0,53095.0
6918,289,6,year hour 6918,71032.18,71.03218,71.03218,607.0,53189.0
6919,289,7,year hour 6919,68068.45,68.06845,68.06845,595.0,52165.0
6920,289,8,year hour 6920,69069.68000000001,69.06968,69.06968,604.0,53833.0
6921,289,9,year hour 6921,67953.64,67.95364,67.95364,604.0,52529.0
6922,289,10,year hour 6922,67944.94,67.94494,67.94494,602.0,52535.0
6923,289,11,year hour 6923,67802.9,67.8029,67.8029,588.0,52375.0
6924,289,12,year hour 6924,81722.33,81.72233000000001,81.72233000000001,620.0,54880.0
6925,289,13,year hour 6925,67952.15,67.95214999999999,67.95214999999999,600.0,52484.0
6926,289,14,year hour 6926,67660.66,67.66066000000001,67.66066000000001,601.0,53191.0
6927,289,15,year hour 6927,68569.25,68.56924999999998,68.56924999999998,595.0,52507.0
6928,289,16,year hour 6928,69555.96,69.55596,69.55596,608.0,53372.0
6929,289,17,year hour 6929,68005.42,68.00542,68.00542,598.0,52153.0
6930,289,18,year hour 6930,70931.0,70.931,70.931,607.0,53552.0
6931,289,19,year hour 6931,67678.63,67.67863,67.67863,599.0,52674.0
6932,289,20,year hour 6932,68076.09,68.07609,68.07609,599.0,52651.0
6933,289,21,year hour 6933,67722.46,67.72246000000001,67.72246000000001,602.0,53040.0
6934,289,22,year hour 6934,67821.74,67.82174,67.82174,604.0,52967.0
6935,289,23,year hour 6935,66036.23,66.03622999999999,66.03622999999999,582.0,51731.0
6936,290,0,year hour 6936,84257.97,84.25797,84.25797,627.0,56190.0
6937,290,1,year hour 6937,67763.65,67.76365,67.76365,602.0,52182.0
6938,290,2,year hour 6938,67864.3,67.8643,67.8643,601.0,52088.0
6939,290,3,year hour 6939,67591.19,67.59119,67.59119,601.0,52786.0
6940,290,4,year hour 6940,68144.07,68.14407000000001,68.14407000000001,601.0,52279.0
6941,290,5,year hour 6941,68040.49,68.04049,68.04049,601.0,53095.0
6942,290,6,year hour 6942,71032.18,71.03218,71.03218,607.0,53189.0
6943,290,7,year hour 6943,68068.45,68.06845,68.06845,595.0,52165.0
6944,290,8,year hour 6944,69069.68000000001,69.06968,69.06968,604.0,53833.0
6945,290,9,year hour 6945,67953.64,67.95364,67.95364,604.0,52529.0
6946,290,10,year hour 6946,67944.94,67.94494,67.94494,602.0,52535.0
6947,290,11,year hour 6947,67802.9,67.8029,67.8029,588.0,52375.0
6948,290,12,year hour 6948,81722.33,81.72233000000001,81.72233000000001,620.0,54880.0
6949,290,13,year hour 6949,67952.15,67.95214999999999,67.95214999999999,600.0,52484.0
6950,290,14,year hour 6950,67660.66,67.66066000000001,67.66066000000001,601.0,53191.0
6951,290,15,year hour 6951,68569.25,68.56924999999998,68.56924999999998,595.0,52507.0
6952,290,16,year hour 6952,69555.96,69.55596,69.55596,608.0,53372.0
6953,290,17,year hour 6953,68005.42,68.00542,68.00542,598.0,52153.0
6954,290,18,year hour 6954,70931.0,70.931,70.931,607.0,53552.0
6955,290,19,year hour 6955,67678.63,67.67863,67.67863,599.0,52674.0
6956,290,20,year hour 6956,68076.09,68.07609,68.07609,599.0,52651.0
6957,290,21,year hour 6957,67722.46,67.72246000000001,67.72246000000001,602.0,53040.0
6958,290,22,year hour 6958,67821.74,67.82174,67.82174,604.0,52967.0
6959,290,23,year hour 6959,66036.23,66.03622999999999,66.03622999999999,582.0,51731.0
6960,291,0,year hour 6960,84257.97,84.25797,84.25797,627.0,56190.0
6961,291,1,year hour 6961,67763.65,67.76365,67.76365,602.0,52182.0
6962,291,2,year hour 6962,67864.3,67.8643,67.8643,601.0,52088.0
6963,291,3,year hour 6963,67591.19,67.59119,67.59119,601.0,52786.0
6964,291,4,year hour 6964,68144.07,68.14407000000001,68.14407000000001,601.0,52279.0
6965,291,5,year hour 6965,68040.49,68.04049,68.04049,601.0,53095.0
6966,291,6,year hour 6966,71032.18,71.03218,71.03218,607.0,53189.0
6967,291,7,year hour 6967,68068.45,68.06845,68.06845,595.0,52165.0
6968,291,8,year hour 6968,69069.68000000001,69.06968,69.06968,604.0,53833.0
6969,291,9,year hour 6969,67953.64,67.95364,67.95364,604.0,52529.0
6970,291,10,year hour 6970,67944.94,67.94494,67.94494,602.0,52535.0
6971,291,11,year hour 6971,67802.9,67.8029,67.8029,588.0,52375.0
6972,291,12,year hour 6972,81722.33,81.72233000000001,81.72233000000001,620.0,54880.0
6973,291,13,year hour 6973,67952.15,67.95214999999999,67.95214999999999,600.0,52484.0
6974,291,14,year hour 6974,67660.66,67.66066000000001,67.66066000000001,601.0,53191.0
6975,291,15,year hour 6975,68569.25,68.56924999999998,68.56924999999998,595.0,52507.0
6976,291,16,year hour 6976,69555.96,69.55596,69.55596,608.0,53372.0
6977,291,17,year hour 6977,68005.42,68.00542,68.00542,598.0,52153.0
6978,291,18,year hour 6978,70931.0,70.931,70.931,607.0,53552.0
6979,291,19,year hour 6979,67678.63,67.67863,67.67863,599.0,52674.0
6980,291,20,year hour 6980,68076.09,68.07609,68.07609,599.0,52651.0
6981,291,21,year hour 6981,67722.46,67.72246000000001,67.72246000000001,602.0,53040.0
6982,291,22,year hour 6982,67821.74,67.82174,67.82174,604.0,52967.0
6983,291,23,year hour 6983,66036.23,66.03622999999999,66.03622999999999,582.0,51731.0
6984,292,0,year hour 6984,84257.97,84.25797,84.25797,627.0,56190.0
6985,292,1,year hour 6985,67763.65,67.76365,67.76365,602.0,52182.0
6986,292,2,year hour 6986,67864.3,67.8643,67.8643,601.0,52088.0
6987,292,3,year hour 6987,67591.19,67.59119,67.59119,601.0,52786.0
6988,292,4,year hour 6988,68144.07,68.14407000000001,68.14407000000001,601.0,52279.0
6989,292,5,year hour 6989,68040.49,68.04049,68.04049,601.0,53095.0
6990,292,6,year hour 6990,71032.18,71.03218,71.03218,607.0,53189.0
6991,292,7,year hour 6991,68068.45,68.06845,68.06845,595.0,52165.0
6992,292,8,year hour 6992,69069.68000000001,69.06968,69.06968,604.0,53833.0
6993,292,9,year hour 6993,67953.64,67.95364,67.95364,604.0,52529.0
6994,292,10,year hour 6994,67944.94,67.94494,67.94494,602.0,52535.0
6995,292,11,year hour 6995,67802.9,67.8029,67.8029,588.0,52375.0
6996,292,12,year hour 6996,81722.33,81.72233000000001,81.72233000000001,620.0,54880.0
6997,292,13,year hour 6997,67952.15,67.95214999999999,67.95214999999999,600.0,52484.0
6998,292,14,year hour 6998,67660.66,67.66066000000001,67.66066000000001,601.0,53191.0
6999,292,15,year hour 6999,68569.25,68.56924999999998,68.56924999999998,595.0,52507.0
7000,292,16,year hour 7000,69555.96,69.55596,69.55596,608.0,53372.0
7001,292,17,year hour 7001,68005.42,68.00542,68.00542,598.0,52153.0
7002,292,18,year hour 7002,70931.0,70.931,70.931,607.0,53552.0
7003,292,19,year hour 7003,67678.63,67.67863,67.67863,599.0,52674.0
7004,292,20,year hour 7004,68076.09,68.07609,68.07609,599.0,52651.0
7005,292,21,year hour 7005,67722.46,67.72246000000001,67.72246000000001,602.0,53040.0
7006,292,22,year hour 7006,67821.74,67.82174,67.82174,604.0,52967.0
7007,292,23,year hour 7007,66036.23,66.03622999999999,66.03622999999999,582.0,51731.0
7008,293,0,year hour 7008,84257.97,84.25797,84.25797,627.0,56190.0
7009,293,1,year hour 7009,67763.65,67.76365,67.76365,602.0,52182.0
7010,293,2,year hour 7010,67864.3,67.8643,67.8643,601.0,52088.0
7011,293,3,year hour 7011,67591.19,67.59119,67.59119,601.0,52786.0
7012,293,4,year hour 7012,68144.07,68.14407000000001,68.14407000000001,601.0,52279.0
7013,293,5,year hour 7013,68040.49,68.04049,68.04049,601.0,53095.0
7014,293,6,year hour 7014,71032.18,71.03218,71.03218,607.0,53189.0
7015,293,7,year hour 7015,68068.45,68.06845,68.06845,595.0,52165.0
7016,293,8,year hour 7016,69069.68000000001,69.06968,69.06968,604.0,53833.0
7017,293,9,year hour 7017,67953.64,67.95364,67.95364,604.0,52529.0
7018,293,10,year hour 7018,67944.94,67.94494,67.94494,602.0,52535.0
7019,293,11,year hour 7019,67802.9,67.8029,67.8029,588.0,52375.0
7020,293,12,year hour 7020,81722.33,81.72233000000001,81.72233000000001,620.0,54880.0
7021,293,13,year hour 7021,67952.15,67.95214999999999,67.95214999999999,600.0,52484.0
7022,293,14,year hour 7022,67660.66,67.66066000000001,67.66066000000001,601.0,53191.0
7023,293,15,year hour 7023,68569.25,68.56924999999998,68.56924999999998,595.0,52507.0
7024,293,16,year hour 7024,69555.96,69.55596,69.55596,608.0,53372.0
7025,293,17,year hour 7025,68005.42,68.00542,68.00542,598.0,52153.0
7026,293,18,year hour 7026,70931.0,70.931,70.931,607.0,53552.0
7027,293,19,year hour 7027,67678.63,67.67863,67.67863,599.0,52674.0
7028,293,20,year hour 7028,68076.09,68.07609,68.07609,599.0,52651.0
7029,293,21,year hour 7029,67722.46,67.72246000000001,67.72246000000001,602.0,53040.0
7030,293,22,year hour 7030,67821.74,67.82174,67.82174,604.0,52967.0
7031,293,23,year hour 7031,66036.23,66.03622999999999,66.03622999999999,582.0,51731.0
7032,294,0,year hour 7032,84257.97,84.25797,84.25797,627.0,56190.0
7033,294,1,year hour 7033,67763.65,67.76365,67.76365,602.0,52182.0
7034,294,2,year hour 7034,67864.3,67.8643,67.8643,601.0,52088.0
7035,294,3,year hour 7035,67591.19,67.59119,67.59119,601.0,52786.0
7036,294,4,year hour 7036,68144.07,68.14407000000001,68.14407000000001,601.0,52279.0
7037,294,5,year hour 7037,68040.49,68.04049,68.04049,601.0,53095.0
7038,294,6,year hour 7038,71032.18,71.03218,71.03218,607.0,53189.0
7039,294,7,year hour 7039,68068.45,68.06845,68.06845,595.0,52165.0
7040,294,8,year hour 7040,69069.68000000001,69.06968,69.06968,604.0,53833.0
7041,294,9,year hour 7041,67953.64,67.95364,67.95364,604.0,52529.0
7042,294,10,year hour 7042,67944.94,67.94494,67.94494,602.0,52535.0
7043,294,11,year hour 7043,67802.9,67.8029,67.8029,588.0,52375.0
7044,294,12,year hour 7044,81722.33,81.72233000000001,81.72233000000001,620.0,54880.0
7045,294,13,year hour 7045,67952.15,67.95214999999999,67.95214999999999,600.0,52484.0
7046,294,14,year hour 7046,67660.66,67.66066000000001,67.66066000000001,601.0,53191.0
7047,294,15,year hour 7047,68569.25,68.56924999999998,68.56924999999998,595.0,52507.0
7048,294,16,year hour 7048,69555.96,69.55596,69.55596,608.0,53372.0
7049,294,17,year hour 7049,68005.42,68.00542,68.00542,598.0,52153.0
7050,294,18,year hour 7050,70931.0,70.931,70.931,607.0,53552.0
7051,294,19,year hour 7051,67678.63,67.67863,67.67863,599.0,52674.0
7052,294,20,year hour 7052,68076.09,68.07609,68.07609,599.0,52651.0
7053,294,21,year hour 7053,67722.46,67.72246000000001,67.72246000000001,602.0,53040.0
7054,294,22,year hour 7054,67821.74,67.82174,67.82174,604.0,52967.0
7055,294,23,year hour 7055,66036.23,66.03622999999999,66.03622999999999,582.0,51731.0
7056,295,0,year hour 7056,84257.97,84.25797,84.25797,627.0,56190.0
7057,295,1,year hour 7057,67763.65,67.76365,67.76365,602.0,52182.0
7058,295,2,year hour 7058,67864.3,67.8643,67.8643,601.0,52088.0
7059,295,3,year hour 7059,67591.19,67.59119,67.59119,601.0,52786.0
7060,295,4,year hour 7060,68144.07,68.14407000000001,68.14407000000001,601.0,52279.0
7061,295,5,year hour 7061,68040.49,68.04049,68.04049,601.0,53095.0
7062,295,6,year hour 7062,71032.18,71.03218,71.03218,607.0,53189.0
7063,295,7,year hour 7063,68068.45,68.06845,68.06845,595.0,52165.0
7064,295,8,year hour 7064,69069.68000000001,69.06968,69.06968,604.0,53833.0
7065,295,9,year hour 7065,67953.64,67.95364,67.95364,604.0,52529.0
7066,295,10,year hour 7066,67944.94,67.94494,67.94494,602.0,52535.0
7067,295,11,year hour 7067,67802.9,67.8029,67.8029,588.0,52375.0
7068,295,12,year hour 7068,81722.33,81.72233000000001,81.72233000000001,620.0,54880.0
7069,295,13,year hour 7069,67952.15,67.95214999999999,67.95214999999999,600.0,52484.0
7070,295,14,year hour 7070,67660.66,67.66066000000001,67.66066000000001,601.0,53191.0
7071,295,15,year hour 7071,68569.25,68.56924999999998,68.56924999999998,595.0,52507.0
7072,295,16,year hour 7072,69555.96,69.55596,69.55596,608.0,53372.0
7073,295,17,year hour 7073,68005.42,68.00542,68.00542,598.0,52153.0
7074,295,18,year hour 7074,70931.0,70.931,70.931,607.0,53552.0
7075,295,19,year hour 7075,67678.63,67.67863,67.67863,599.0,52674.0
7076,295,20,year hour 7076,68076.09,68.07609,68.07609,599.0,52651.0
7077,295,21,year hour 7077,67722.46,67.72246000000001,67.72246000000001,602.0,53040.0
7078,295,22,year hour 7078,67821.74,67.82174,67.82174,604.0,52967.0
7079,295,23,year hour 7079,66036.23,66.03622999999999,66.03622999999999,582.0,51731.0
7080,296,0,year hour 7080,84257.97,84.25797,84.25797,627.0,56190.0
7081,296,1,year hour 7081,67763.65,67.76365,67.76365,602.0,52182.0
7082,296,2,year hour 7082,67864.3,67.8643,67.8643,601.0,52088.0
7083,296,3,year hour 7083,67591.19,67.59119,67.59119,601.0,52786.0
7084,296,4,year hour 7084,68144.07,68.14407000000001,68.14407000000001,601.0,52279.0
7085,296,5,year hour 7085,68040.49,68.04049,68.04049,601.0,53095.0
7086,296,6,year hour 7086,71032.18,71.03218,71.03218,607.0,53189.0
7087,296,7,year hour 7087,68068.45,68.06845,68.06845,595.0,52165.0
7088,296,8,year hour 7088,69069.68000000001,69.06968,69.06968,604.0,53833.0
7089,296,9,year hour 7089,67953.64,67.95364,67.95364,604.0,52529.0
7090,296,10,year hour 7090,67944.94,67.94494,67.94494,602.0,52535.0
7091,296,11,year hour 7091,67802.9,67.8029,67.8029,588.0,52375.0
7092,296,12,year hour 7092,81722.33,81.72233000000001,81.72233000000001,620.0,54880.0
7093,296,13,year hour 7093,67952.15,67.95214999999999,67.95214999999999,600.0,52484.0
7094,296,14,year hour 7094,67660.66,67.66066000000001,67.66066000000001,601.0,53191.0
7095,296,15,year hour 7095,68569.25,68.56924999999998,68.56924999999998,595.0,52507.0
7096,296,16,year hour 7096,69555.96,69.55596,69.55596,608.0,53372.0
7097,296,17,year hour 7097,68005.42,68.00542,68.00542,598.0,52153.0
7098,296,18,year hour 7098,70931.0,70.931,70.931,607.0,53552.0
7099,296,19,year hour 7099,67678.63,67.67863,67.67863,599.0,52674.0
7100,296,20,year hour 7100,68076.09,68.07609,68.07609,599.0,52651.0
7101,296,21,year hour 7101,67722.46,67.72246000000001,67.72246000000001,602.0,53040.0
7102,296,22,year hour 7102,67821.74,67.82174,67.82174,604.0,52967.0
7103,296,23,year hour 7103,66036.23,66.03622999999999,66.03622999999999,582.0,51731.0
7104,297,0,year hour 7104,84257.97,84.25797,84.25797,627.0,56190.0
7105,297,1,year hour 7105,67763.65,67.76365,67.76365,602.0,52182.0
7106,297,2,year hour 7106,67864.3,67.8643,67.8643,601.0,52088.0
7107,297,3,year hour 7107,67591.19,67.59119,67.59119,601.0,52786.0
7108,297,4,year hour 7108,68144.07,68.14407000000001,68.14407000000001,601.0,52279.0
7109,297,5,year hour 7109,68040.49,68.04049,68.04049,601.0,53095.0
7110,297,6,year hour 7110,71032.18,71.03218,71.03218,607.0,53189.0
7111,297,7,year hour 7111,68068.45,68.06845,68.06845,595.0,52165.0
7112,297,8,year hour 7112,69069.68000000001,69.06968,69.06968,604.0,53833.0
7113,297,9,year hour 7113,67953.64,67.95364,67.95364,604.0,52529.0
7114,297,10,year hour 7114,67944.94,67.94494,67.94494,602.0,52535.0
7115,297,11,year hour 7115,67802.9,67.8029,67.8029,588.0,52375.0
7116,297,12,year hour 7116,81722.33,81.72233000000001,81.72233000000001,620.0,54880.0
7117,297,13,year hour 7117,67952.15,67.95214999999999,67.95214999999999,600.0,52484.0
7118,297,14,year hour 7118,67660.66,67.66066000000001,67.66066000000001,601.0,53191.0
7119,297,15,year hour 7119,68569.25,68.56924999999998,68.56924999999998,595.0,52507.0
7120,297,16,year hour 7120,69555.96,69.55596,69.55596,608.0,53372.0
7121,297,17,year hour 7121,68005.42,68.00542,68.00542,598.0,52153.0
7122,297,18,year hour 7122,70931.0,70.931,70.931,607.0,53552.0
7123,297,19,year hour 7123,67678.63,67.67863,67.67863,599.0,52674.0
7124,297,20,year hour 7124,68076.09,68.07609,68.07609,599.0,52651.0
7125,297,21,year hour 7125,67722.46,67.72246000000001,67.72246000000001,602.0,53040.0
7126,297,22,year hour 7126,67821.74,67.82174,67.82174,604.0,52967.0
7127,297,23,year hour 7127,66036.23,66.03622999999999,66.03622999999999,582.0,51731.0
7128,298,0,year hour 7128,84257.97,84.25797,84.25797,627.0,56190.0
7129,298,1,year hour 7129,67763.65,67.76365,67.76365,602.0,52182.0
7130,298,2,year hour 7130,67864.3,67.8643,67.8643,601.0,52088.0
7131,298,3,year hour 7131,67591.19,67.59119,67.59119,601.0,52786.0
7132,298,4,year hour 7132,68144.07,68.14407000000001,68.14407000000001,601.0,52279.0
7133,298,5,year hour 7133,68040.49,68.04049,68.04049,601.0,53095.0
7134,298,6,year hour 7134,71032.18,71.03218,71.03218,607.0,53189.0
7135,298,7,year hour 7135,68068.45,68.06845,68.06845,595.0,52165.0
7136,298,8,year hour 7136,69069.68000000001,69.06968,69.06968,604.0,53833.0
7137,298,9,year hour 7137,67953.64,67.95364,67.95364,604.0,52529.0
7138,298,10,year hour 7138,67944.94,67.94494,67.94494,602.0,52535.0
7139,298,11,year hour 7139,67802.9,67.8029,67.8029,588.0,52375.0
7140,298,12,year hour 7140,81722.33,81.72233000000001,81.72233000000001,620.0,54880.0
7141,298,13,year hour 7141,67952.15,67.95214999999999,67.95214999999999,600.0,52484.0
7142,298,14,year hour 7142,67660.66,67.66066000000001,67.66066000000001,601.0,53191.0
7143,298,15,year hour 7143,68569.25,68.56924999999998,68.56924999999998,595.0,52507.0
7144,298,16,year hour 7144,69555.96,69.55596,69.55596,608.0,53372.0
7145,298,17,year hour 7145,68005.42,68.00542,68.00542,598.0,52153.0
7146,298,18,year hour 7146,70931.0,70.931,70.931,607.0,53552.0
7147,298,19,year hour 7147,67678.63,67.67863,67.67863,599.0,52674.0
7148,298,20,year hour 7148,68076.09,68.07609,68.07609,599.0,52651.0
7149,298,21,year hour 7149,67722.46,67.72246000000001,67.72246000000001,602.0,53040.0
7150,298,22,year hour 7150,67821.74,67.82174,67.82174,604.0,52967.0
7151,298,23,year hour 7151,66036.23,66.03622999999999,66.03622999999999,582.0,51731.0
7152,299,0,year hour 7152,84257.97,84.25797,84.25797,627.0,56190.0
7153,299,1,year hour 7153,67763.65,67.76365,67.76365,602.0,52182.0
7154,299,2,year hour 7154,67864.3,67.8643,67.8643,601.0,52088.0
7155,299,3,year hour 7155,67591.19,67.59119,67.59119,601.0,52786.0
7156,299,4,year hour 7156,68144.07,68.14407000000001,68.14407000000001,601.0,52279.0
7157,299,5,year hour 7157,68040.49,68.04049,68.04049,601.0,53095.0
7158,299,6,year hour 7158,71032.18,71.03218,71.03218,607.0,53189.0
7159,299,7,year hour 7159,68068.45,68.06845,68.06845,595.0,52165.0
7160,299,8,year hour 7160,69069.68000000001,69.06968,69.06968,604.0,53833.0
7161,299,9,year hour 7161,67953.64,67.95364,67.95364,604.0,52529.0
7162,299,10,year hour 7162,67944.94,67.94494,67.94494,602.0,52535.0
7163,299,11,year hour 7163,67802.9,67.8029,67.8029,588.0,52375.0
7164,299,12,year hour 7164,81722.33,81.72233000000001,81.72233000000001,620.0,54880.0
7165,299,13,year hour 7165,67952.15,67.95214999999999,67.95214999999999,600.0,52484.0
7166,299,14,year hour 7166,67660.66,67.66066000000001,67.66066000000001,601.0,53191.0
7167,299,15,year hour 7167,68569.25,68.56924999999998,68.56924999999998,595.0,52507.0
7168,299,16,year hour 7168,69555.96,69.55596,69.55596,608.0,53372.0
7169,299,17,year hour 7169,68005.42,68.00542,68.00542,598.0,52153.0
7170,299,18,year hour 7170,70931.0,70.931,70.931,607.0,53552.0
7171,299,19,year hour 7171,67678.63,67.67863,67.67863,599.0,52674.0
7172,299,20,year hour 7172,68076.09,68.07609,68.07609,599.0,52651.0
7173,299,21,year hour 7173,67722.46,67.72246000000001,67.72246000000001,602.0,53040.0
7174,299,22,year hour 7174,67821.74,67.82174,67.82174,604.0,52967.0
7175,299,23,year hour 7175,66036.23,66.03622999999999,66.03622999999999,582.0,51731.0
7176,300,0,year hour 7176,84257.97,84.25797,84.25797,627.0,56190.0
7177,300,1,year hour 7177,67763.65,67.76365,67.76365,602.0,52182.0
7178,300,2,year hour 7178,67864.3,67.8643,67.8643,601.0,52088.0
7179,300,3,year hour 7179,67591.19,67.59119,67.59119,601.0,52786.0
7180,300,4,year hour 7180,68144.07,68.14407000000001,68.14407000000001,601.0,52279.0
7181,300,5,year hour 7181,68040.49,68.04049,68.04049,601.0,53095.0
7182,300,6,year hour 7182,71032.18,71.03218,71.03218,607.0,53189.0
7183,300,7,year hour 7183,68068.45,68.06845,68.06845,595.0,52165.0
7184,300,8,year hour 7184,69069.68000000001,69.06968,69.06968,604.0,53833.0
7185,300,9,year hour 7185,67953.64,67.95364,67.95364,604.0,52529.0
7186,300,10,year hour 7186,67944.94,67.94494,67.94494,602.0,52535.0
7187,300,11,year hour 7187,67802.9,67.8029,67.8029,588.0,52375.0
7188,300,12,year hour 7188,81722.33,81.72233000000001,81.72233000000001,620.0,54880.0
7189,300,13,year hour 7189,67952.15,67.95214999999999,67.95214999999999,600.0,52484.0
7190,300,14,year hour 7190,67660.66,67.66066000000001,67.66066000000001,601.0,53191.0
7191,300,15,year hour 7191,68569.25,68.56924999999998,68.56924999999998,595.0,52507.0
7192,300,16,year hour 7192,69555.96,69.55596,69.55596,608.0,53372.0
7193,300,17,year hour 7193,68005.42,68.00542,68.00542,598.0,52153.0
7194,300,18,year hour 7194,70931.0,70.931,70.931,607.0,53552.0
7195,300,19,year hour 7195,67678.63,67.67863,67.67863,599.0,52674.0
7196,300,20,year hour 7196,68076.09,68.07609,68.07609,599.0,52651.0
7197,300,21,year hour 7197,67722.46,67.72246000000001,67.72246000000001,602.0,53040.0
7198,300,22,year hour 7198,67821.74,67.82174,67.82174,604.0,52967.0
7199,300,23,year hour 7199,66036.23,66.03622999999999,66.03622999999999,582.0,51731.0
7200,301,0,year hour 7200,84257.97,84.25797,84.25797,627.0,56190.0
7201,301,1,year hour 7201,67763.65,67.76365,67.76365,602.0,52182.0
7202,301,2,year hour 7202,67864.3,67.8643,67.8643,601.0,52088.0
7203,301,3,year hour 7203,67591.19,67.59119,67.59119,601.0,52786.0
7204,301,4,year hour 7204,68144.07,68.14407000000001,68.14407000000001,601.0,52279.0
7205,301,5,year hour 7205,68040.49,68.04049,68.04049,601.0,53095.0
7206,301,6,year hour 7206,71032.18,71.03218,71.03218,607.0,53189.0
7207,301,7,year hour 7207,68068.45,68.06845,68.06845,595.0,52165.0
7208,301,8,year hour 7208,69069.68000000001,69.06968,69.06968,604.0,53833.0
7209,301,9,year hour 7209,67953.64,67.95364,67.95364,604.0,52529.0
7210,301,10,year hour 7210,67944.94,67.94494,67.94494,602.0,52535.0
7211,301,11,year hour 7211,67802.9,67.8029,67.8029,588.0,52375.0
7212,301,12,year hour 7212,81722.33,81.72233000000001,81.72233000000001,620.0,54880.0
7213,301,13,year hour 7213,67952.15,67.95214999999999,67.95214999999999,600.0,52484.0
7214,301,14,year hour 7214,67660.66,67.66066000000001,67.66066000000001,601.0,53191.0
7215,301,15,year hour 7215,68569.25,68.56924999999998,68.56924999999998,595.0,52507.0
7216,301,16,year hour 7216,69555.96,69.55596,69.55596,608.0,53372.0
7217,301,17,year hour 7217,68005.42,68.00542,68.00542,598.0,52153.0
7218,301,18,year hour 7218,70931.0,70.931,70.931,607.0,53552.0
7219,301,19,year hour 7219,67678.63,67.67863,67.67863,599.0,52674.0
7220,301,20,year hour 7220,68076.09,68.07609,68.07609,599.0,52651.0
7221,301,21,year hour 7221,67722.46,67.72246000000001,67.72246000000001,602.0,53040.0
7222,301,22,year hour 7222,67821.74,67.82174,67.82174,604.0,52967.0
7223,301,23,year hour 7223,66036.23,66.03622999999999,66.03622999999999,582.0,51731.0
7224,302,0,year hour 7224,84257.97,84.25797,84.25797,627.0,56190.0
7225,302,1,year hour 7225,67763.65,67.76365,67.76365,602.0,52182.0
7226,302,2,year hour 7226,67864.3,67.8643,67.8643,601.0,52088.0
7227,302,3,year hour 7227,67591.19,67.59119,67.59119,601.0,52786.0
7228,302,4,year hour 7228,68144.07,68.14407000000001,68.14407000000001,601.0,52279.0
7229,302,5,year hour 7229,68040.49,68.04049,68.04049,601.0,53095.0
7230,302,6,year hour 7230,71032.18,71.03218,71.03218,607.0,53189.0
7231,302,7,year hour 7231,68068.45,68.06845,68.06845,595.0,52165.0
7232,302,8,year hour 7232,69069.68000000001,69.06968,69.06968,604.0,53833.0
7233,302,9,year hour 7233,67953.64,67.95364,67.95364,604.0,52529.0
7234,302,10,year hour 7234,67944.94,67.94494,67.94494,602.0,52535.0
7235,302,11,year hour 7235,67802.9,67.8029,67.8029,588.0,52375.0
7236,302,12,year hour 7236,81722.33,81.72233000000001,81.72233000000001,620.0,54880.0
7237,302,13,year hour 7237,67952.15,67.95214999999999,67.95214999999999,600.0,52484.0
7238,302,14,year hour 7238,67660.66,67.66066000000001,67.66066000000001,601.0,53191.0
7239,302,15,year hour 7239,68569.25,68.56924999999998,68.56924999999998,595.0,52507.0
7240,302,16,year hour 7240,69555.96,69.55596,69.55596,608.0,53372.0
7241,302,17,year hour 7241,68005.42,68.00542,68.00542,598.0,52153.0
7242,302,18,year hour 7242,70931.0,70.931,70.931,607.0,53552.0
7243,302,19,year hour 7243,67678.63,67.67863,67.67863,599.0,52674.0
7244,302,20,year hour 7244,68076.09,68.07609,68.07609,599.0,52651.0
7245,302,21,year hour 7245,67722.46,67.72246000000001,67.72246000000001,602.0,53040.0
7246,302,22,year hour 7246,67821.74,67.82174,67.82174,604.0,52967.0
7247,302,23,year hour 7247,66036.23,66.03622999999999,66.03622999999999,582.0,51731.0
7248,303,0,year hour 7248,84257.97,84.25797,84.25797,627.0,56190.0
7249,303,1,year hour 7249,67763.65,67.76365,67.76365,602.0,52182.0
7250,303,2,year hour 7250,67864.3,67.8643,67.8643,601.0,52088.0
7251,303,3,year hour 7251,67591.19,67.59119,67.59119,601.0,52786.0
7252,303,4,year hour 7252,68144.07,68.14407000000001,68.14407000000001,601.0,52279.0
7253,303,5,year hour 7253,68040.49,68.04049,68.04049,601.0,53095.0
7254,303,6,year hour 7254,71032.18,71.03218,71.03218,607.0,53189.0
7255,303,7,year hour 7255,68068.45,68.06845,68.06845,595.0,52165.0
7256,303,8,year hour 7256,69069.68000000001,69.06968,69.06968,604.0,53833.0
7257,303,9,year hour 7257,67953.64,67.95364,67.95364,604.0,52529.0
7258,303,10,year hour 7258,67944.94,67.94494,67.94494,602.0,52535.0
7259,303,11,year hour 7259,67802.9,67.8029,67.8029,588.0,52375.0
7260,303,12,year hour 7260,81722.33,81.72233000000001,81.72233000000001,620.0,54880.0
7261,303,13,year hour 7261,67952.15,67.95214999999999,67.95214999999999,600.0,52484.0
7262,303,14,year hour 7262,67660.66,67.66066000000001,67.66066000000001,601.0,53191.0
7263,303,15,year hour 7263,68569.25,68.56924999999998,68.56924999999998,595.0,52507.0
7264,303,16,year hour 7264,69555.96,69.55596,69.55596,608.0,53372.0
7265,303,17,year hour 7265,68005.42,68.00542,68.00542,598.0,52153.0
7266,303,18,year hour 7266,70931.0,70.931,70.931,607.0,53552.0
7267,303,19,year hour 7267,67678.63,67.67863,67.67863,599.0,52674.0
7268,303,20,year hour 7268,68076.09,68.07609,68.07609,599.0,52651.0
7269,303,21,year hour 7269,67722.46,67.72246000000001,67.72246000000001,602.0,53040.0
7270,303,22,year hour 7270,67821.74,67.82174,67.82174,604.0,52967.0
7271,303,23,year hour 7271,66036.23,66.03622999999999,66.03622999999999,582.0,51731.0
7272,304,0,year hour 7272,84257.97,84.25797,84.25797,627.0,56190.0
7273,304,1,year hour 7273,67763.65,67.76365,67.76365,602.0,52182.0
7274,304,2,year hour 7274,67864.3,67.8643,67.8643,601.0,52088.0
7275,304,3,year hour 7275,67591.19,67.59119,67.59119,601.0,52786.0
7276,304,4,year hour 7276,68144.07,68.14407000000001,68.14407000000001,601.0,52279.0
7277,304,5,year hour 7277,68040.49,68.04049,68.04049,601.0,53095.0
7278,304,6,year hour 7278,71032.18,71.03218,71.03218,607.0,53189.0
7279,304,7,year hour 7279,68068.45,68.06845,68.06845,595.0,52165.0
7280,304,8,year hour 7280,69069.68000000001,69.06968,69.06968,604.0,53833.0
7281,304,9,year hour 7281,67953.64,67.95364,67.95364,604.0,52529.0
7282,304,10,year hour 7282,67944.94,67.94494,67.94494,602.0,52535.0
7283,304,11,year hour 7283,67802.9,67.8029,67.8029,588.0,52375.0
7284,304,12,year hour 7284,81722.33,81.72233000000001,81.72233000000001,620.0,54880.0
7285,304,13,year hour 7285,67952.15,67.95214999999999,67.95214999999999,600.0,52484.0
7286,304,14,year hour 7286,67660.66,67.66066000000001,67.66066000000001,601.0,53191.0
7287,304,15,year hour 7287,68569.25,68.56924999999998,68.56924999999998,595.0,52507.0
7288,304,16,year hour 7288,69555.96,69.55596,69.55596,608.0,53372.0
7289,304,17,year hour 7289,68005.42,68.00542,68.00542,598.0,52153.0
7290,304,18,year hour 7290,70931.0,70.931,70.931,607.0,53552.0
7291,304,19,year hour 7291,67678.63,67.67863,67.67863,599.0,52674.0
7292,304,20,year hour 7292,68076.09,68.07609,68.07609,599.0,52651.0
7293,304,21,year hour 7293,67722.46,67.72246000000001,67.72246000000001,602.0,53040.0
7294,304,22,year hour 7294,67821.74,67.82174,67.82174,604.0,52967.0
7295,304,23,year hour 7295,66036.23,66.03622999999999,66.03622999999999,582.0,51731.0
7296,305,0,year hour 7296,84257.97,84.25797,84.25797,627.0,56190.0
7297,305,1,year hour 7297,67763.65,67.76365,67.76365,602.0,52182.0
7298,305,2,year hour 7298,67864.3,67.8643,67.8643,601.0,52088.0
7299,305,3,year hour 7299,67591.19,67.59119,67.59119,601.0,52786.0
7300,305,4,year hour 7300,68144.07,68.14407000000001,68.14407000000001,601.0,52279.0
7301,305,5,year hour 7301,68040.49,68.04049,68.04049,601.0,53095.0
7302,305,6,year hour 7302,71032.18,71.03218,71.03218,607.0,53189.0
7303,305,7,year hour 7303,68068.45,68.06845,68.06845,595.0,52165.0
7304,305,8,year hour 7304,69069.68000000001,69.06968,69.06968,604.0,53833.0
7305,305,9,year hour 7305,67953.64,67.95364,67.95364,604.0,52529.0
7306,305,10,year hour 7306,67944.94,67.94494,67.94494,602.0,52535.0
7307,305,11,year hour 7307,67802.9,67.8029,67.8029,588.0,52375.0
7308,305,12,year hour 7308,81722.33,81.72233000000001,81.72233000000001,620.0,54880.0
7309,305,13,year hour 7309,67952.15,67.95214999999999,67.95214999999999,600.0,52484.0
7310,305,14,year hour 7310,67660.66,67.66066000000001,67.66066000000001,601.0,53191.0
7311,305,15,year hour 7311,68569.25,68.56924999999998,68.56924999999998,595.0,52507.0
7312,305,16,year hour 7312,69555.96,69.55596,69.55596,608.0,53372.0
7313,305,17,year hour 7313,68005.42,68.00542,68.00542,598.0,52153.0
7314,305,18,year hour 7314,70931.0,70.931,70.931,607.0,53552.0
7315,305,19,year hour 7315,67678.63,67.67863,67.67863,599.0,52674.0
7316,305,20,year hour 7316,68076.09,68.07609,68.07609,599.0,52651.0
7317,305,21,year hour 7317,67722.46,67.72246000000001,67.72246000000001,602.0,53040.0
7318,305,22,year hour 7318,67821.74,67.82174,67.82174,604.0,52967.0
7319,305,23,year hour 7319,66036.23,66.03622999999999,66.03622999999999,582.0,51731.0
7320,306,0,year hour 7320,84257.97,84.25797,84.25797,627.0,56190.0
7321,306,1,year hour 7321,67763.65,67.76365,67.76365,602.0,52182.0
7322,306,2,year hour 7322,67864.3,67.8643,67.8643,601.0,52088.0
7323,306,3,year hour 7323,67591.19,67.59119,67.59119,601.0,52786.0
7324,306,4,year hour 7324,68144.07,68.14407000000001,68.14407000000001,601.0,52279.0
7325,306,5,year hour 7325,68040.49,68.04049,68.04049,601.0,53095.0
7326,306,6,year hour 7326,71032.18,71.03218,71.03218,607.0,53189.0
7327,306,7,year hour 7327,68068.45,68.06845,68.06845,595.0,52165.0
7328,306,8,year hour 7328,69069.68000000001,69.06968,69.06968,604.0,53833.0
7329,306,9,year hour 7329,67953.64,67.95364,67.95364,604.0,52529.0
7330,306,10,year hour 7330,67944.94,67.94494,67.94494,602.0,52535.0
7331,306,11,year hour 7331,67802.9,67.8029,67.8029,588.0,52375.0
7332,306,12,year hour 7332,81722.33,81.72233000000001,81.72233000000001,620.0,54880.0
7333,306,13,year hour 7333,67952.15,67.95214999999999,67.95214999999999,600.0,52484.0
7334,306,14,year hour 7334,67660.66,67.66066000000001,67.66066000000001,601.0,53191.0
7335,306,15,year hour 7335,68569.25,68.56924999999998,68.56924999999998,595.0,52507.0
7336,306,16,year hour 7336,69555.96,69.55596,69.55596,608.0,53372.0
7337,306,17,year hour 7337,68005.42,68.00542,68.00542,598.0,52153.0
7338,306,18,year hour 7338,70931.0,70.931,70.931,607.0,53552.0
7339,306,19,year hour 7339,67678.63,67.67863,67.67863,599.0,52674.0
7340,306,20,year hour 7340,68076.09,68.07609,68.07609,599.0,52651.0
7341,306,21,year hour 7341,67722.46,67.72246000000001,67.72246000000001,602.0,53040.0
7342,306,22,year hour 7342,67821.74,67.82174,67.82174,604.0,52967.0
7343,306,23,year hour 7343,66036.23,66.03622999999999,66.03622999999999,582.0,51731.0
7344,307,0,year hour 7344,84257.97,84.25797,84.25797,627.0,56190.0
7345,307,1,year hour 7345,67763.65,67.76365,67.76365,602.0,52182.0
7346,307,2,year hour 7346,67864.3,67.8643,67.8643,601.0,52088.0
7347,307,3,year hour 7347,67591.19,67.59119,67.59119,601.0,52786.0
7348,307,4,year hour 7348,68144.07,68.14407000000001,68.14407000000001,601.0,52279.0
7349,307,5,year hour 7349,68040.49,68.04049,68.04049,601.0,53095.0
7350,307,6,year hour 7350,71032.18,71.03218,71.03218,607.0,53189.0
7351,307,7,year hour 7351,68068.45,68.06845,68.06845,595.0,52165.0
7352,307,8,year hour 7352,69069.68000000001,69.06968,69.06968,604.0,53833.0
7353,307,9,year hour 7353,67953.64,67.95364,67.95364,604.0,52529.0
7354,307,10,year hour 7354,67944.94,67.94494,67.94494,602.0,52535.0
7355,307,11,year hour 7355,67802.9,67.8029,67.8029,588.0,52375.0
7356,307,12,year hour 7356,81722.33,81.72233000000001,81.72233000000001,620.0,54880.0
7357,307,13,year hour 7357,67952.15,67.95214999999999,67.95214999999999,600.0,52484.0
7358,307,14,year hour 7358,67660.66,67.66066000000001,67.66066000000001,601.0,53191.0
7359,307,15,year hour 7359,68569.25,68.56924999999998,68.56924999999998,595.0,52507.0
7360,307,16,year hour 7360,69555.96,69.55596,69.55596,608.0,53372.0
7361,307,17,year hour 7361,68005.42,68.00542,68.00542,598.0,52153.0
7362,307,18,year hour 7362,70931.0,70.931,70.931,607.0,53552.0
7363,307,19,year hour 7363,67678.63,67.67863,67.67863,599.0,52674.0
7364,307,20,year hour 7364,68076.09,68.07609,68.07609,599.0,52651.0
7365,307,21,year hour 7365,67722.46,67.72246000000001,67.72246000000001,602.0,53040.0
7366,307,22,year hour 7366,67821.74,67.82174,67.82174,604.0,52967.0
7367,307,23,year hour 7367,66036.23,66.03622999999999,66.03622999999999,582.0,51731.0
7368,308,0,year hour 7368,84257.97,84.25797,84.25797,627.0,56190.0
7369,308,1,year hour 7369,67763.65,67.76365,67.76365,602.0,52182.0
7370,308,2,year hour 7370,67864.3,67.8643,67.8643,601.0,52088.0
7371,308,3,year hour 7371,67591.19,67.59119,67.59119,601.0,52786.0
7372,308,4,year hour 7372,68144.07,68.14407000000001,68.14407000000001,601.0,52279.0
7373,308,5,year hour 7373,68040.49,68.04049,68.04049,601.0,53095.0
7374,308,6,year hour 7374,71032.18,71.03218,71.03218,607.0,53189.0
7375,308,7,year hour 7375,68068.45,68.06845,68.06845,595.0,52165.0
7376,308,8,year hour 7376,69069.68000000001,69.06968,69.06968,604.0,53833.0
7377,308,9,year hour 7377,67953.64,67.95364,67.95364,604.0,52529.0
7378,308,10,year hour 7378,67944.94,67.94494,67.94494,602.0,52535.0
7379,308,11,year hour 7379,67802.9,67.8029,67.8029,588.0,52375.0
7380,308,12,year hour 7380,81722.33,81.72233000000001,81.72233000000001,620.0,54880.0
7381,308,13,year hour 7381,67952.15,67.95214999999999,67.95214999999999,600.0,52484.0
7382,308,14,year hour 7382,67660.66,67.66066000000001,67.66066000000001,601.0,53191.0
7383,308,15,year hour 7383,68569.25,68.56924999999998,68.56924999999998,595.0,52507.0
7384,308,16,year hour 7384,69555.96,69.55596,69.55596,608.0,53372.0
7385,308,17,year hour 7385,68005.42,68.00542,68.00542,598.0,52153.0
7386,308,18,year hour 7386,70931.0,70.931,70.931,607.0,53552.0
7387,308,19,year hour 7387,67678.63,67.67863,67.67863,599.0,52674.0
7388,308,20,year hour 7388,68076.09,68.07609,68.07609,599.0,52651.0
7389,308,21,year hour 7389,67722.46,67.72246000000001,67.72246000000001,602.0,53040.0
7390,308,22,year hour 7390,67821.74,67.82174,67.82174,604.0,52967.0
7391,308,23,year hour 7391,66036.23,66.03622999999999,66.03622999999999,582.0,51731.0
7392,309,0,year hour 7392,84257.97,84.25797,84.25797,627.0,56190.0
7393,309,1,year hour 7393,67763.65,67.76365,67.76365,602.0,52182.0
7394,309,2,year hour 7394,67864.3,67.8643,67.8643,601.0,52088.0
7395,309,3,year hour 7395,67591.19,67.59119,67.59119,601.0,52786.0
7396,309,4,year hour 7396,68144.07,68.14407000000001,68.14407000000001,601.0,52279.0
7397,309,5,year hour 7397,68040.49,68.04049,68.04049,601.0,53095.0
7398,309,6,year hour 7398,71032.18,71.03218,71.03218,607.0,53189.0
7399,309,7,year hour 7399,68068.45,68.06845,68.06845,595.0,52165.0
7400,309,8,year hour 7400,69069.68000000001,69.06968,69.06968,604.0,53833.0
7401,309,9,year hour 7401,67953.64,67.95364,67.95364,604.0,52529.0
7402,309,10,year hour 7402,67944.94,67.94494,67.94494,602.0,52535.0
7403,309,11,year hour 7403,67802.9,67.8029,67.8029,588.0,52375.0
7404,309,12,year hour 7404,81722.33,81.72233000000001,81.72233000000001,620.0,54880.0
7405,309,13,year hour 7405,67952.15,67.95214999999999,67.95214999999999,600.0,52484.0
7406,309,14,year hour 7406,67660.66,67.66066000000001,67.66066000000001,601.0,53191.0
7407,309,15,year hour 7407,68569.25,68.56924999999998,68.56924999999998,595.0,52507.0
7408,309,16,year hour 7408,69555.96,69.55596,69.55596,608.0,53372.0
7409,309,17,year hour 7409,68005.42,68.00542,68.00542,598.0,52153.0
7410,309,18,year hour 7410,70931.0,70.931,70.931,607.0,53552.0
7411,309,19,year hour 7411,67678.63,67.67863,67.67863,599.0,52674.0
7412,309,20,year hour 7412,68076.09,68.07609,68.07609,599.0,52651.0
7413,309,21,year hour 7413,67722.46,67.72246000000001,67.72246000000001,602.0,53040.0
7414,309,22,year hour 7414,67821.74,67.82174,67.82174,604.0,52967.0
7415,309,23,year hour 7415,66036.23,66.03622999999999,66.03622999999999,582.0,51731.0
7416,310,0,year hour 7416,84257.97,84.25797,84.25797,627.0,56190.0
7417,310,1,year hour 7417,67763.65,67.76365,67.76365,602.0,52182.0
7418,310,2,year hour 7418,67864.3,67.8643,67.8643,601.0,52088.0
7419,310,3,year hour 7419,67591.19,67.59119,67.59119,601.0,52786.0
7420,310,4,year hour 7420,68144.07,68.14407000000001,68.14407000000001,601.0,52279.0
7421,310,5,year hour 7421,68040.49,68.04049,68.04049,601.0,53095.0
7422,310,6,year hour 7422,71032.18,71.03218,71.03218,607.0,53189.0
7423,310,7,year hour 7423,68068.45,68.06845,68.06845,595.0,52165.0
7424,310,8,year hour 7424,69069.68000000001,69.06968,69.06968,604.0,53833.0
7425,310,9,year hour 7425,67953.64,67.95364,67.95364,604.0,52529.0
7426,310,10,year hour 7426,67944.94,67.94494,67.94494,602.0,52535.0
7427,310,11,year hour 7427,67802.9,67.8029,67.8029,588.0,52375.0
7428,310,12,year hour 7428,81722.33,81.72233000000001,81.72233000000001,620.0,54880.0
7429,310,13,year hour 7429,67952.15,67.95214999999999,67.95214999999999,600.0,52484.0
7430,310,14,year hour 7430,67660.66,67.66066000000001,67.66066000000001,601.0,53191.0
7431,310,15,year hour 7431,68569.25,68.56924999999998,68.56924999999998,595.0,52507.0
7432,310,16,year hour 7432,69555.96,69.55596,69.55596,608.0,53372.0
7433,310,17,year hour 7433,68005.42,68.00542,68.00542,598.0,52153.0
7434,310,18,year hour 7434,70931.0,70.931,70.931,607.0,53552.0
7435,310,19,year hour 7435,67678.63,67.67863,67.67863,599.0,52674.0
7436,310,20,year hour 7436,68076.09,68.07609,68.07609,599.0,52651.0
7437,310,21,year hour 7437,67722.46,67.72246000000001,67.72246000000001,602.0,53040.0
7438,310,22,year hour 7438,67821.74,67.82174,67.82174,604.0,52967.0
7439,310,23,year hour 7439,66036.23,66.03622999999999,66.03622999999999,582.0,51731.0
7440,311,0,year hour 7440,84257.97,84.25797,84.25797,627.0,56190.0
7441,311,1,year hour 7441,67763.65,67.76365,67.76365,602.0,52182.0
7442,311,2,year hour 7442,67864.3,67.8643,67.8643,601.0,52088.0
7443,311,3,year hour 7443,67591.19,67.59119,67.59119,601.0,52786.0
7444,311,4,year hour 7444,68144.07,68.14407000000001,68.14407000000001,601.0,52279.0
7445,311,5,year hour 7445,68040.49,68.04049,68.04049,601.0,53095.0
7446,311,6,year hour 7446,71032.18,71.03218,71.03218,607.0,53189.0
7447,311,7,year hour 7447,68068.45,68.06845,68.06845,595.0,52165.0
7448,311,8,year hour 7448,69069.68000000001,69.06968,69.06968,604.0,53833.0
7449,311,9,year hour 7449,67953.64,67.95364,67.95364,604.0,52529.0
7450,311,10,year hour 7450,67944.94,67.94494,67.94494,602.0,52535.0
7451,311,11,year hour 7451,67802.9,67.8029,67.8029,588.0,52375.0
7452,311,12,year hour 7452,81722.33,81.72233000000001,81.72233000000001,620.0,54880.0
7453,311,13,year hour 7453,67952.15,67.95214999999999,67.95214999999999,600.0,52484.0
7454,311,14,year hour 7454,67660.66,67.66066000000001,67.66066000000001,601.0,53191.0
7455,311,15,year hour 7455,68569.25,68.56924999999998,68.56924999999998,595.0,52507.0
7456,311,16,year hour 7456,69555.96,69.55596,69.55596,608.0,53372.0
7457,311,17,year hour 7457,68005.42,68.00542,68.00542,598.0,52153.0
7458,311,18,year hour 7458,70931.0,70.931,70.931,607.0,53552.0
7459,311,19,year hour 7459,67678.63,67.67863,67.67863,599.0,52674.0
7460,311,20,year hour 7460,68076.09,68.07609,68.07609,599.0,52651.0
7461,311,21,year hour 7461,67722.46,67.72246000000001,67.72246000000001,602.0,53040.0
7462,311,22,year hour 7462,67821.74,67.82174,67.82174,604.0,52967.0
7463,311,23,year hour 7463,66036.23,66.03622999999999,66.03622999999999,582.0,51731.0
7464,312,0,year hour 7464,84257.97,84.25797,84.25797,627.0,56190.0
7465,312,1,year hour 7465,67763.65,67.76365,67.76365,602.0,52182.0
7466,312,2,year hour 7466,67864.3,67.8643,67.8643,601.0,52088.0
7467,312,3,year hour 7467,67591.19,67.59119,67.59119,601.0,52786.0
7468,312,4,year hour 7468,68144.07,68.14407000000001,68.14407000000001,601.0,52279.0
7469,312,5,year hour 7469,68040.49,68.04049,68.04049,601.0,53095.0
7470,312,6,year hour 7470,71032.18,71.03218,71.03218,607.0,53189.0
7471,312,7,year hour 7471,68068.45,68.06845,68.06845,595.0,52165.0
7472,312,8,year hour 7472,69069.68000000001,69.06968,69.06968,604.0,53833.0
7473,312,9,year hour 7473,67953.64,67.95364,67.95364,604.0,52529.0
7474,312,10,year hour 7474,67944.94,67.94494,67.94494,602.0,52535.0
7475,312,11,year hour 7475,67802.9,67.8029,67.8029,588.0,52375.0
7476,312,12,year hour 7476,81722.33,81.72233000000001,81.72233000000001,620.0,54880.0
7477,312,13,year hour 7477,67952.15,67.95214999999999,67.95214999999999,600.0,52484.0
7478,312,14,year hour 7478,67660.66,67.66066000000001,67.66066000000001,601.0,53191.0
7479,312,15,year hour 7479,68569.25,68.56924999999998,68.56924999999998,595.0,52507.0
7480,312,16,year hour 7480,69555.96,69.55596,69.55596,608.0,53372.0
7481,312,17,year hour 7481,68005.42,68.00542,68.00542,598.0,52153.0
7482,312,18,year hour 7482,70931.0,70.931,70.931,607.0,53552.0
7483,312,19,year hour 7483,67678.63,67.67863,67.67863,599.0,52674.0
7484,312,20,year hour 7484,68076.09,68.07609,68.07609,599.0,52651.0
7485,312,21,year hour 7485,67722.46,67.72246000000001,67.72246000000001,602.0,53040.0
7486,312,22,year hour 7486,67821.74,67.82174,67.82174,604.0,52967.0
7487,312,23,year hour 7487,66036.23,66.03622999999999,66.03622999999999,582.0,51731.0
7488,313,0,year hour 7488,84257.97,84.25797,84.25797,627.0,56190.0
7489,313,1,year hour 7489,67763.65,67.76365,67.76365,602.0,52182.0
7490,313,2,year hour 7490,67864.3,67.8643,67.8643,601.0,52088.0
7491,313,3,year hour 7491,67591.19,67.59119,67.59119,601.0,52786.0
7492,313,4,year hour 7492,68144.07,68.14407000000001,68.14407000000001,601.0,52279.0
7493,313,5,year hour 7493,68040.49,68.04049,68.04049,601.0,53095.0
7494,313,6,year hour 7494,71032.18,71.03218,71.03218,607.0,53189.0
7495,313,7,year hour 7495,68068.45,68.06845,68.06845,595.0,52165.0
7496,313,8,year hour 7496,69069.68000000001,69.06968,69.06968,604.0,53833.0
7497,313,9,year hour 7497,67953.64,67.95364,67.95364,604.0,52529.0
7498,313,10,year hour 7498,67944.94,67.94494,67.94494,602.0,52535.0
7499,313,11,year hour 7499,67802.9,67.8029,67.8029,588.0,52375.0
7500,313,12,year hour 7500,81722.33,81.72233000000001,81.72233000000001,620.0,54880.0
7501,313,13,year hour 7501,67952.15,67.95214999999999,67.95214999999999,600.0,52484.0
7502,313,14,year hour 7502,67660.66,67.66066000000001,67.66066000000001,601.0,53191.0
7503,313,15,year hour 7503,68569.25,68.56924999999998,68.56924999999998,595.0,52507.0
7504,313,16,year hour 7504,69555.96,69.55596,69.55596,608.0,53372.0
7505,313,17,year hour 7505,68005.42,68.00542,68.00542,598.0,52153.0
7506,313,18,year hour 7506,70931.0,70.931,70.931,607.0,53552.0
7507,313,19,year hour 7507,67678.63,67.67863,67.67863,599.0,52674.0
7508,313,20,year hour 7508,68076.09,68.07609,68.07609,599.0,52651.0
7509,313,21,year hour 7509,67722.46,67.72246000000001,67.72246000000001,602.0,53040.0
7510,313,22,year hour 7510,67821.74,67.82174,67.82174,604.0,52967.0
7511,313,23,year hour 7511,66036.23,66.03622999999999,66.03622999999999,582.0,51731.0
7512,314,0,year hour 7512,84257.97,84.25797,84.25797,627.0,56190.0
7513,314,1,year hour 7513,67763.65,67.76365,67.76365,602.0,52182.0
7514,314,2,year hour 7514,67864.3,67.8643,67.8643,601.0,52088.0
7515,314,3,year hour 7515,67591.19,67.59119,67.59119,601.0,52786.0
7516,314,4,year hour 7516,68144.07,68.14407000000001,68.14407000000001,601.0,52279.0
7517,314,5,year hour 7517,68040.49,68.04049,68.04049,601.0,53095.0
7518,314,6,year hour 7518,71032.18,71.03218,71.03218,607.0,53189.0
7519,314,7,year hour 7519,68068.45,68.06845,68.06845,595.0,52165.0
7520,314,8,year hour 7520,69069.68000000001,69.06968,69.06968,604.0,53833.0
7521,314,9,year hour 7521,67953.64,67.95364,67.95364,604.0,52529.0
7522,314,10,year hour 7522,67944.94,67.94494,67.94494,602.0,52535.0
7523,314,11,year hour 7523,67802.9,67.8029,67.8029,588.0,52375.0
7524,314,12,year hour 7524,81722.33,81.72233000000001,81.72233000000001,620.0,54880.0
7525,314,13,year hour 7525,67952.15,67.95214999999999,67.95214999999999,600.0,52484.0
7526,314,14,year hour 7526,67660.66,67.66066000000001,67.66066000000001,601.0,53191.0
7527,314,15,year hour 7527,68569.25,68.56924999999998,68.56924999999998,595.0,52507.0
7528,314,16,year hour 7528,69555.96,69.55596,69.55596,608.0,53372.0
7529,314,17,year hour 7529,68005.42,68.00542,68.00542,598.0,52153.0
7530,314,18,year hour 7530,70931.0,70.931,70.931,607.0,53552.0
7531,314,19,year hour 7531,67678.63,67.67863,67.67863,599.0,52674.0
7532,314,20,year hour 7532,68076.09,68.07609,68.07609,599.0,52651.0
7533,314,21,year hour 7533,67722.46,67.72246000000001,67.72246000000001,602.0,53040.0
7534,314,22,year hour 7534,67821.74,67.82174,67.82174,604.0,52967.0
7535,314,23,year hour 7535,66036.23,66.03622999999999,66.03622999999999,582.0,51731.0
7536,315,0,year hour 7536,84257.97,84.25797,84.25797,627.0,56190.0
7537,315,1,year hour 7537,67763.65,67.76365,67.76365,602.0,52182.0
7538,315,2,year hour 7538,67864.3,67.8643,67.8643,601.0,52088.0
7539,315,3,year hour 7539,67591.19,67.59119,67.59119,601.0,52786.0
7540,315,4,year hour 7540,68144.07,68.14407000000001,68.14407000000001,601.0,52279.0
7541,315,5,year hour 7541,68040.49,68.04049,68.04049,601.0,53095.0
7542,315,6,year hour 7542,71032.18,71.03218,71.03218,607.0,53189.0
7543,315,7,year hour 7543,68068.45,68.06845,68.06845,595.0,52165.0
7544,315,8,year hour 7544,69069.68000000001,69.06968,69.06968,604.0,53833.0
7545,315,9,year hour 7545,67953.64,67.95364,67.95364,604.0,52529.0
7546,315,10,year hour 7546,67944.94,67.94494,67.94494,602.0,52535.0
7547,315,11,year hour 7547,67802.9,67.8029,67.8029,588.0,52375.0
7548,315,12,year hour 7548,81722.33,81.72233000000001,81.72233000000001,620.0,54880.0
7549,315,13,year hour 7549,67952.15,67.95214999999999,67.95214999999999,600.0,52484.0
7550,315,14,year hour 7550,67660.66,67.66066000000001,67.66066000000001,601.0,53191.0
7551,315,15,year hour 7551,68569.25,68.56924999999998,68.56924999999998,595.0,52507.0
7552,315,16,year hour 7552,69555.96,69.55596,69.55596,608.0,53372.0
7553,315,17,year hour 7553,68005.42,68.00542,68.00542,598.0,52153.0
7554,315,18,year hour 7554,70931.0,70.931,70.931,607.0,53552.0
7555,315,19,year hour 7555,67678.63,67.67863,67.67863,599.0,52674.0
7556,315,20,year hour 7556,68076.09,68.07609,68.07609,599.0,52651.0
7557,315,21,year hour 7557,67722.46,67.72246000000001,67.72246000000001,602.0,53040.0
7558,315,22,year hour 7558,67821.74,67.82174,67.82174,604.0,52967.0
7559,315,23,year hour 7559,66036.23,66.03622999999999,66.03622999999999,582.0,51731.0
7560,316,0,year hour 7560,84257.97,84.25797,84.25797,627.0,56190.0
7561,316,1,year hour 7561,67763.65,67.76365,67.76365,602.0,52182.0
7562,316,2,year hour 7562,67864.3,67.8643,67.8643,601.0,52088.0
7563,316,3,year hour 7563,67591.19,67.59119,67.59119,601.0,52786.0
7564,316,4,year hour 7564,68144.07,68.14407000000001,68.14407000000001,601.0,52279.0
7565,316,5,year hour 7565,68040.49,68.04049,68.04049,601.0,53095.0
7566,316,6,year hour 7566,71032.18,71.03218,71.03218,607.0,53189.0
7567,316,7,year hour 7567,68068.45,68.06845,68.06845,595.0,52165.0
7568,316,8,year hour 7568,69069.68000000001,69.06968,69.06968,604.0,53833.0
7569,316,9,year hour 7569,67953.64,67.95364,67.95364,604.0,52529.0
7570,316,10,year hour 7570,67944.94,67.94494,67.94494,602.0,52535.0
7571,316,11,year hour 7571,67802.9,67.8029,67.8029,588.0,52375.0
7572,316,12,year hour 7572,81722.33,81.72233000000001,81.72233000000001,620.0,54880.0
7573,316,13,year hour 7573,67952.15,67.95214999999999,67.95214999999999,600.0,52484.0
7574,316,14,year hour 7574,67660.66,67.66066000000001,67.66066000000001,601.0,53191.0
7575,316,15,year hour 7575,68569.25,68.56924999999998,68.56924999999998,595.0,52507.0
7576,316,16,year hour 7576,69555.96,69.55596,69.55596,608.0,53372.0
7577,316,17,year hour 7577,68005.42,68.00542,68.00542,598.0,52153.0
7578,316,18,year hour 7578,70931.0,70.931,70.931,607.0,53552.0
7579,316,19,year hour 7579,67678.63,67.67863,67.67863,599.0,52674.0
7580,316,20,year hour 7580,68076.09,68.07609,68.07609,599.0,52651.0
7581,316,21,year hour 7581,67722.46,67.72246000000001,67.72246000000001,602.0,53040.0
7582,316,22,year hour 7582,67821.74,67.82174,67.82174,604.0,52967.0
7583,316,23,year hour 7583,66036.23,66.03622999999999,66.03622999999999,582.0,51731.0
7584,317,0,year hour 7584,84257.97,84.25797,84.25797,627.0,56190.0
7585,317,1,year hour 7585,67763.65,67.76365,67.76365,602.0,52182.0
7586,317,2,year hour 7586,67864.3,67.8643,67.8643,601.0,52088.0
7587,317,3,year hour 7587,67591.19,67.59119,67.59119,601.0,52786.0
7588,317,4,year hour 7588,68144.07,68.14407000000001,68.14407000000001,601.0,52279.0
7589,317,5,year hour 7589,68040.49,68.04049,68.04049,601.0,53095.0
7590,317,6,year hour 7590,71032.18,71.03218,71.03218,607.0,53189.0
7591,317,7,year hour 7591,68068.45,68.06845,68.06845,595.0,52165.0
7592,317,8,year hour 7592,69069.68000000001,69.06968,69.06968,604.0,53833.0
7593,317,9,year hour 7593,67953.64,67.95364,67.95364,604.0,52529.0
7594,317,10,year hour 7594,67944.94,67.94494,67.94494,602.0,52535.0
7595,317,11,year hour 7595,67802.9,67.8029,67.8029,588.0,52375.0
7596,317,12,year hour 7596,81722.33,81.72233000000001,81.72233000000001,620.0,54880.0
7597,317,13,year hour 7597,67952.15,67.95214999999999,67.95214999999999,600.0,52484.0
7598,317,14,year hour 7598,67660.66,67.66066000000001,67.66066000000001,601.0,53191.0
7599,317,15,year hour 7599,68569.25,68.56924999999998,68.56924999999998,595.0,52507.0
7600,317,16,year hour 7600,69555.96,69.55596,69.55596,608.0,53372.0
7601,317,17,year hour 7601,68005.42,68.00542,68.00542,598.0,52153.0
7602,317,18,year hour 7602,70931.0,70.931,70.931,607.0,53552.0
7603,317,19,year hour 7603,67678.63,67.67863,67.67863,599.0,52674.0
7604,317,20,year hour 7604,68076.09,68.07609,68.07609,599.0,52651.0
7605,317,21,year hour 7605,67722.46,67.72246000000001,67.72246000000001,602.0,53040.0
7606,317,22,year hour 7606,67821.74,67.82174,67.82174,604.0,52967.0
7607,317,23,year hour 7607,66036.23,66.03622999999999,66.03622999999999,582.0,51731.0
7608,318,0,year hour 7608,84257.97,84.25797,84.25797,627.0,56190.0
7609,318,1,year hour 7609,67763.65,67.76365,67.76365,602.0,52182.0
7610,318,2,year hour 7610,67864.3,67.8643,67.8643,601.0,52088.0
7611,318,3,year hour 7611,67591.19,67.59119,67.59119,601.0,52786.0
7612,318,4,year hour 7612,68144.07,68.14407000000001,68.14407000000001,601.0,52279.0
7613,318,5,year hour 7613,68040.49,68.04049,68.04049,601.0,53095.0
7614,318,6,year hour 7614,71032.18,71.03218,71.03218,607.0,53189.0
7615,318,7,year hour 7615,68068.45,68.06845,68.06845,595.0,52165.0
7616,318,8,year hour 7616,69069.68000000001,69.06968,69.06968,604.0,53833.0
7617,318,9,year hour 7617,67953.64,67.95364,67.95364,604.0,52529.0
7618,318,10,year hour 7618,67944.94,67.94494,67.94494,602.0,52535.0
7619,318,11,year hour 7619,67802.9,67.8029,67.8029,588.0,52375.0
7620,318,12,year hour 7620,81722.33,81.72233000000001,81.72233000000001,620.0,54880.0
7621,318,13,year hour 7621,67952.15,67.95214999999999,67.95214999999999,600.0,52484.0
7622,318,14,year hour 7622,67660.66,67.66066000000001,67.66066000000001,601.0,53191.0
7623,318,15,year hour 7623,68569.25,68.56924999999998,68.56924999999998,595.0,52507.0
7624,318,16,year hour 7624,69555.96,69.55596,69.55596,608.0,53372.0
7625,318,17,year hour 7625,68005.42,68.00542,68.00542,598.0,52153.0
7626,318,18,year hour 7626,70931.0,70.931,70.931,607.0,53552.0
7627,318,19,year hour 7627,67678.63,67.67863,67.67863,599.0,52674.0
7628,318,20,year hour 7628,68076.09,68.07609,68.07609,599.0,52651.0
7629,318,21,year hour 7629,67722.46,67.72246000000001,67.72246000000001,602.0,53040.0
7630,318,22,year hour 7630,67821.74,67.82174,67.82174,604.0,52967.0
7631,318,23,year hour 7631,66036.23,66.03622999999999,66.03622999999999,582.0,51731.0
7632,319,0,year hour 7632,84257.97,84.25797,84.25797,627.0,56190.0
7633,319,1,year hour 7633,67763.65,67.76365,67.76365,602.0,52182.0
7634,319,2,year hour 7634,67864.3,67.8643,67.8643,601.0,52088.0
7635,319,3,year hour 7635,67591.19,67.59119,67.59119,601.0,52786.0
7636,319,4,year hour 7636,68144.07,68.14407000000001,68.14407000000001,601.0,52279.0
7637,319,5,year hour 7637,68040.49,68.04049,68.04049,601.0,53095.0
7638,319,6,year hour 7638,71032.18,71.03218,71.03218,607.0,53189.0
7639,319,7,year hour 7639,68068.45,68.06845,68.06845,595.0,52165.0
7640,319,8,year hour 7640,69069.68000000001,69.06968,69.06968,604.0,53833.0
7641,319,9,year hour 7641,67953.64,67.95364,67.95364,604.0,52529.0
7642,319,10,year hour 7642,67944.94,67.94494,67.94494,602.0,52535.0
7643,319,11,year hour 7643,67802.9,67.8029,67.8029,588.0,52375.0
7644,319,12,year hour 7644,81722.33,81.72233000000001,81.72233000000001,620.0,54880.0
7645,319,13,year hour 7645,67952.15,67.95214999999999,67.95214999999999,600.0,52484.0
7646,319,14,year hour 7646,67660.66,67.66066000000001,67.66066000000001,601.0,53191.0
7647,319,15,year hour 7647,68569.25,68.56924999999998,68.56924999999998,595.0,52507.0
7648,319,16,year hour 7648,69555.96,69.55596,69.55596,608.0,53372.0
7649,319,17,year hour 7649,68005.42,68.00542,68.00542,598.0,52153.0
7650,319,18,year hour 7650,70931.0,70.931,70.931,607.0,53552.0
7651,319,19,year hour 7651,67678.63,67.67863,67.67863,599.0,52674.0
7652,319,20,year hour 7652,68076.09,68.07609,68.07609,599.0,52651.0
7653,319,21,year hour 7653,67722.46,67.72246000000001,67.72246000000001,602.0,53040.0
7654,319,22,year hour 7654,67821.74,67.82174,67.82174,604.0,52967.0
7655,319,23,year hour 7655,66036.23,66.03622999999999,66.03622999999999,582.0,51731.0
7656,320,0,year hour 7656,84257.97,84.25797,84.25797,627.0,56190.0
7657,320,1,year hour 7657,67763.65,67.76365,67.76365,602.0,52182.0
7658,320,2,year hour 7658,67864.3,67.8643,67.8643,601.0,52088.0
7659,320,3,year hour 7659,67591.19,67.59119,67.59119,601.0,52786.0
7660,320,4,year hour 7660,68144.07,68.14407000000001,68.14407000000001,601.0,52279.0
7661,320,5,year hour 7661,68040.49,68.04049,68.04049,601.0,53095.0
7662,320,6,year hour 7662,71032.18,71.03218,71.03218,607.0,53189.0
7663,320,7,year hour 7663,68068.45,68.06845,68.06845,595.0,52165.0
7664,320,8,year hour 7664,69069.68000000001,69.06968,69.06968,604.0,53833.0
7665,320,9,year hour 7665,67953.64,67.95364,67.95364,604.0,52529.0
7666,320,10,year hour 7666,67944.94,67.94494,67.94494,602.0,52535.0
7667,320,11,year hour 7667,67802.9,67.8029,67.8029,588.0,52375.0
7668,320,12,year hour 7668,81722.33,81.72233000000001,81.72233000000001,620.0,54880.0
7669,320,13,year hour 7669,67952.15,67.95214999999999,67.95214999999999,600.0,52484.0
7670,320,14,year hour 7670,67660.66,67.66066000000001,67.66066000000001,601.0,53191.0
7671,320,15,year hour 7671,68569.25,68.56924999999998,68.56924999999998,595.0,52507.0
7672,320,16,year hour 7672,69555.96,69.55596,69.55596,608.0,53372.0
7673,320,17,year hour 7673,68005.42,68.00542,68.00542,598.0,52153.0
7674,320,18,year hour 7674,70931.0,70.931,70.931,607.0,53552.0
7675,320,19,year hour 7675,67678.63,67.67863,67.67863,599.0,52674.0
7676,320,20,year hour 7676,68076.09,68.07609,68.07609,599.0,52651.0
7677,320,21,year hour 7677,67722.46,67.72246000000001,67.72246000000001,602.0,53040.0
7678,320,22,year hour 7678,67821.74,67.82174,67.82174,604.0,52967.0
7679,320,23,year hour 7679,66036.23,66.03622999999999,66.03622999999999,582.0,51731.0
7680,321,0,year hour 7680,84257.97,84.25797,84.25797,627.0,56190.0
7681,321,1,year hour 7681,67763.65,67.76365,67.76365,602.0,52182.0
7682,321,2,year hour 7682,67864.3,67.8643,67.8643,601.0,52088.0
7683,321,3,year hour 7683,67591.19,67.59119,67.59119,601.0,52786.0
7684,321,4,year hour 7684,68144.07,68.14407000000001,68.14407000000001,601.0,52279.0
7685,321,5,year hour 7685,68040.49,68.04049,68.04049,601.0,53095.0
7686,321,6,year hour 7686,71032.18,71.03218,71.03218,607.0,53189.0
7687,321,7,year hour 7687,68068.45,68.06845,68.06845,595.0,52165.0
7688,321,8,year hour 7688,69069.68000000001,69.06968,69.06968,604.0,53833.0
7689,321,9,year hour 7689,67953.64,67.95364,67.95364,604.0,52529.0
7690,321,10,year hour 7690,67944.94,67.94494,67.94494,602.0,52535.0
7691,321,11,year hour 7691,67802.9,67.8029,67.8029,588.0,52375.0
7692,321,12,year hour 7692,81722.33,81.72233000000001,81.72233000000001,620.0,54880.0
7693,321,13,year hour 7693,67952.15,67.95214999999999,67.95214999999999,600.0,52484.0
7694,321,14,year hour 7694,67660.66,67.66066000000001,67.66066000000001,601.0,53191.0
7695,321,15,year hour 7695,68569.25,68.56924999999998,68.56924999999998,595.0,52507.0
7696,321,16,year hour 7696,69555.96,69.55596,69.55596,608.0,53372.0
7697,321,17,year hour 7697,68005.42,68.00542,68.00542,598.0,52153.0
7698,321,18,year hour 7698,70931.0,70.931,70.931,607.0,53552.0
7699,321,19,year hour 7699,67678.63,67.67863,67.67863,599.0,52674.0
7700,321,20,year hour 7700,68076.09,68.07609,68.07609,599.0,52651.0
7701,321,21,year hour 7701,67722.46,67.72246000000001,67.72246000000001,602.0,53040.0
7702,321,22,year hour 7702,67821.74,67.82174,67.82174,604.0,52967.0
7703,321,23,year hour 7703,66036.23,66.03622999999999,66.03622999999999,582.0,51731.0
7704,322,0,year hour 7704,84257.97,84.25797,84.25797,627.0,56190.0
7705,322,1,year hour 7705,67763.65,67.76365,67.76365,602.0,52182.0
7706,322,2,year hour 7706,67864.3,67.8643,67.8643,601.0,52088.0
7707,322,3,year hour 7707,67591.19,67.59119,67.59119,601.0,52786.0
7708,322,4,year hour 7708,68144.07,68.14407000000001,68.14407000000001,601.0,52279.0
7709,322,5,year hour 7709,68040.49,68.04049,68.04049,601.0,53095.0
7710,322,6,year hour 7710,71032.18,71.03218,71.03218,607.0,53189.0
7711,322,7,year hour 7711,68068.45,68.06845,68.06845,595.0,52165.0
7712,322,8,year hour 7712,69069.68000000001,69.06968,69.06968,604.0,53833.0
7713,322,9,year hour 7713,67953.64,67.95364,67.95364,604.0,52529.0
7714,322,10,year hour 7714,67944.94,67.94494,67.94494,602.0,52535.0
7715,322,11,year hour 7715,67802.9,67.8029,67.8029,588.0,52375.0
7716,322,12,year hour 7716,81722.33,81.72233000000001,81.72233000000001,620.0,54880.0
7717,322,13,year hour 7717,67952.15,67.95214999999999,67.95214999999999,600.0,52484.0
7718,322,14,year hour 7718,67660.66,67.66066000000001,67.66066000000001,601.0,53191.0
7719,322,15,year hour 7719,68569.25,68.56924999999998,68.56924999999998,595.0,52507.0
7720,322,16,year hour 7720,69555.96,69.55596,69.55596,608.0,53372.0
7721,322,17,year hour 7721,68005.42,68.00542,68.00542,598.0,52153.0
7722,322,18,year hour 7722,70931.0,70.931,70.931,607.0,53552.0
7723,322,19,year hour 7723,67678.63,67.67863,67.67863,599.0,52674.0
7724,322,20,year hour 7724,68076.09,68.07609,68.07609,599.0,52651.0
7725,322,21,year hour 7725,67722.46,67.72246000000001,67.72246000000001,602.0,53040.0
7726,322,22,year hour 7726,67821.74,67.82174,67.82174,604.0,52967.0
7727,322,23,year hour 7727,66036.23,66.03622999999999,66.03622999999999,582.0,51731.0
7728,323,0,year hour 7728,84257.97,84.25797,84.25797,627.0,56190.0
7729,323,1,year hour 7729,67763.65,67.76365,67.76365,602.0,52182.0
7730,323,2,year hour 7730,67864.3,67.8643,67.8643,601.0,52088.0
7731,323,3,year hour 7731,67591.19,67.59119,67.59119,601.0,52786.0
7732,323,4,year hour 7732,68144.07,68.14407000000001,68.14407000000001,601.0,52279.0
7733,323,5,year hour 7733,68040.49,68.04049,68.04049,601.0,53095.0
7734,323,6,year hour 7734,71032.18,71.03218,71.03218,607.0,53189.0
7735,323,7,year hour 7735,68068.45,68.06845,68.06845,595.0,52165.0
7736,323,8,year hour 7736,69069.68000000001,69.06968,69.06968,604.0,53833.0
7737,323,9,year hour 7737,67953.64,67.95364,67.95364,604.0,52529.0
7738,323,10,year hour 7738,67944.94,67.94494,67.94494,602.0,52535.0
7739,323,11,year hour 7739,67802.9,67.8029,67.8029,588.0,52375.0
7740,323,12,year hour 7740,81722.33,81.72233000000001,81.72233000000001,620.0,54880.0
7741,323,13,year hour 7741,67952.15,67.95214999999999,67.95214999999999,600.0,52484.0
7742,323,14,year hour 7742,67660.66,67.66066000000001,67.66066000000001,601.0,53191.0
7743,323,15,year hour 7743,68569.25,68.56924999999998,68.56924999999998,595.0,52507.0
7744,323,16,year hour 7744,69555.96,69.55596,69.55596,608.0,53372.0
7745,323,17,year hour 7745,68005.42,68.00542,68.00542,598.0,52153.0
7746,323,18,year hour 7746,70931.0,70.931,70.931,607.0,53552.0
7747,323,19,year hour 7747,67678.63,67.67863,67.67863,599.0,52674.0
7748,323,20,year hour 7748,68076.09,68.07609,68.07609,599.0,52651.0
7749,323,21,year hour 7749,67722.46,67.72246000000001,67.72246000000001,602.0,53040.0
7750,323,22,year hour 7750,67821.74,67.82174,67.82174,604.0,52967.0
7751,323,23,year hour 7751,66036.23,66.03622999999999,66.03622999999999,582.0,51731.0
7752,324,0,year hour 7752,84257.97,84.25797,84.25797,627.0,56190.0
7753,324,1,year hour 7753,67763.65,67.76365,67.76365,602.0,52182.0
7754,324,2,year hour 7754,67864.3,67.8643,67.8643,601.0,52088.0
7755,324,3,year hour 7755,67591.19,67.59119,67.59119,601.0,52786.0
7756,324,4,year hour 7756,68144.07,68.14407000000001,68.14407000000001,601.0,52279.0
7757,324,5,year hour 7757,68040.49,68.04049,68.04049,601.0,53095.0
7758,324,6,year hour 7758,71032.18,71.03218,71.03218,607.0,53189.0
7759,324,7,year hour 7759,68068.45,68.06845,68.06845,595.0,52165.0
7760,324,8,year hour 7760,69069.68000000001,69.06968,69.06968,604.0,53833.0
7761,324,9,year hour 7761,67953.64,67.95364,67.95364,604.0,52529.0
7762,324,10,year hour 7762,67944.94,67.94494,67.94494,602.0,52535.0
7763,324,11,year hour 7763,67802.9,67.8029,67.8029,588.0,52375.0
7764,324,12,year hour 7764,81722.33,81.72233000000001,81.72233000000001,620.0,54880.0
7765,324,13,year hour 7765,67952.15,67.95214999999999,67.95214999999999,600.0,52484.0
7766,324,14,year hour 7766,67660.66,67.66066000000001,67.66066000000001,601.0,53191.0
7767,324,15,year hour 7767,68569.25,68.56924999999998,68.56924999999998,595.0,52507.0
7768,324,16,year hour 7768,69555.96,69.55596,69.55596,608.0,53372.0
7769,324,17,year hour 7769,68005.42,68.00542,68.00542,598.0,52153.0
7770,324,18,year hour 7770,70931.0,70.931,70.931,607.0,53552.0
7771,324,19,year hour 7771,67678.63,67.67863,67.67863,599.0,52674.0
7772,324,20,year hour 7772,68076.09,68.07609,68.07609,599.0,52651.0
7773,324,21,year hour 7773,67722.46,67.72246000000001,67.72246000000001,602.0,53040.0
7774,324,22,year hour 7774,67821.74,67.82174,67.82174,604.0,52967.0
7775,324,23,year hour 7775,66036.23,66.03622999999999,66.03622999999999,582.0,51731.0
7776,325,0,year hour 7776,84257.97,84.25797,84.25797,627.0,56190.0
7777,325,1,year hour 7777,67763.65,67.76365,67.76365,602.0,52182.0
7778,325,2,year hour 7778,67864.3,67.8643,67.8643,601.0,52088.0
7779,325,3,year hour 7779,67591.19,67.59119,67.59119,601.0,52786.0
7780,325,4,year hour 7780,68144.07,68.14407000000001,68.14407000000001,601.0,52279.0
7781,325,5,year hour 7781,68040.49,68.04049,68.04049,601.0,53095.0
7782,325,6,year hour 7782,71032.18,71.03218,71.03218,607.0,53189.0
7783,325,7,year hour 7783,68068.45,68.06845,68.06845,595.0,52165.0
7784,325,8,year hour 7784,69069.68000000001,69.06968,69.06968,604.0,53833.0
7785,325,9,year hour 7785,67953.64,67.95364,67.95364,604.0,52529.0
7786,325,10,year hour 7786,67944.94,67.94494,67.94494,602.0,52535.0
7787,325,11,year hour 7787,67802.9,67.8029,67.8029,588.0,52375.0
7788,325,12,year hour 7788,81722.33,81.72233000000001,81.72233000000001,620.0,54880.0
7789,325,13,year hour 7789,67952.15,67.95214999999999,67.95214999999999,600.0,52484.0
7790,325,14,year hour 7790,67660.66,67.66066000000001,67.66066000000001,601.0,53191.0
7791,325,15,year hour 7791,68569.25,68.56924999999998,68.56924999999998,595.0,52507.0
7792,325,16,year hour 7792,69555.96,69.55596,69.55596,608.0,53372.0
7793,325,17,year hour 7793,68005.42,68.00542,68.00542,598.0,52153.0
7794,325,18,year hour 7794,70931.0,70.931,70.931,607.0,53552.0
7795,325,19,year hour 7795,67678.63,67.67863,67.67863,599.0,52674.0
7796,325,20,year hour 7796,68076.09,68.07609,68.07609,599.0,52651.0
7797,325,21,year hour 7797,67722.46,67.72246000000001,67.72246000000001,602.0,53040.0
7798,325,22,year hour 7798,67821.74,67.82174,67.82174,604.0,52967.0
7799,325,23,year hour 7799,66036.23,66.03622999999999,66.03622999999999,582.0,51731.0
7800,326,0,year hour 7800,84257.97,84.25797,84.25797,627.0,56190.0
7801,326,1,year hour 7801,67763.65,67.76365,67.76365,602.0,52182.0
7802,326,2,year hour 7802,67864.3,67.8643,67.8643,601.0,52088.0
7803,326,3,year hour 7803,67591.19,67.59119,67.59119,601.0,52786.0
7804,326,4,year hour 7804,68144.07,68.14407000000001,68.14407000000001,601.0,52279.0
7805,326,5,year hour 7805,68040.49,68.04049,68.04049,601.0,53095.0
7806,326,6,year hour 7806,71032.18,71.03218,71.03218,607.0,53189.0
7807,326,7,year hour 7807,68068.45,68.06845,68.06845,595.0,52165.0
7808,326,8,year hour 7808,69069.68000000001,69.06968,69.06968,604.0,53833.0
7809,326,9,year hour 7809,67953.64,67.95364,67.95364,604.0,52529.0
7810,326,10,year hour 7810,67944.94,67.94494,67.94494,602.0,52535.0
7811,326,11,year hour 7811,67802.9,67.8029,67.8029,588.0,52375.0
7812,326,12,year hour 7812,81722.33,81.72233000000001,81.72233000000001,620.0,54880.0
7813,326,13,year hour 7813,67952.15,67.95214999999999,67.95214999999999,600.0,52484.0
7814,326,14,year hour 7814,67660.66,67.66066000000001,67.66066000000001,601.0,53191.0
7815,326,15,year hour 7815,68569.25,68.56924999999998,68.56924999999998,595.0,52507.0
7816,326,16,year hour 7816,69555.96,69.55596,69.55596,608.0,53372.0
7817,326,17,year hour 7817,68005.42,68.00542,68.00542,598.0,52153.0
7818,326,18,year hour 7818,70931.0,70.931,70.931,607.0,53552.0
7819,326,19,year hour 7819,67678.63,67.67863,67.67863,599.0,52674.0
7820,326,20,year hour 7820,68076.09,68.07609,68.07609,599.0,52651.0
7821,326,21,year hour 7821,67722.46,67.72246000000001,67.72246000000001,602.0,53040.0
7822,326,22,year hour 7822,67821.74,67.82174,67.82174,604.0,52967.0
7823,326,23,year hour 7823,66036.23,66.03622999999999,66.03622999999999,582.0,51731.0
7824,327,0,year hour 7824,84257.97,84.25797,84.25797,627.0,56190.0
7825,327,1,year hour 7825,67763.65,67.76365,67.76365,602.0,52182.0
7826,327,2,year hour 7826,67864.3,67.8643,67.8643,601.0,52088.0
7827,327,3,year hour 7827,67591.19,67.59119,67.59119,601.0,52786.0
7828,327,4,year hour 7828,68144.07,68.14407000000001,68.14407000000001,601.0,52279.0
7829,327,5,year hour 7829,68040.49,68.04049,68.04049,601.0,53095.0
7830,327,6,year hour 7830,71032.18,71.03218,71.03218,607.0,53189.0
7831,327,7,year hour 7831,68068.45,68.06845,68.06845,595.0,52165.0
7832,327,8,year hour 7832,69069.68000000001,69.06968,69.06968,604.0,53833.0
7833,327,9,year hour 7833,67953.64,67.95364,67.95364,604.0,52529.0
7834,327,10,year hour 7834,67944.94,67.94494,67.94494,602.0,52535.0
7835,327,11,year hour 7835,67802.9,67.8029,67.8029,588.0,52375.0
7836,327,12,year hour 7836,81722.33,81.72233000000001,81.72233000000001,620.0,54880.0
7837,327,13,year hour 7837,67952.15,67.95214999999999,67.95214999999999,600.0,52484.0
7838,327,14,year hour 7838,67660.66,67.66066000000001,67.66066000000001,601.0,53191.0
7839,327,15,year hour 7839,68569.25,68.56924999999998,68.56924999999998,595.0,52507.0
7840,327,16,year hour 7840,69555.96,69.55596,69.55596,608.0,53372.0
7841,327,17,year hour 7841,68005.42,68.00542,68.00542,598.0,52153.0
7842,327,18,year hour 7842,70931.0,70.931,70.931,607.0,53552.0
7843,327,19,year hour 7843,67678.63,67.67863,67.67863,599.0,52674.0
7844,327,20,year hour 7844,68076.09,68.07609,68.07609,599.0,52651.0
7845,327,21,year hour 7845,67722.46,67.72246000000001,67.72246000000001,602.0,53040.0
7846,327,22,year hour 7846,67821.74,67.82174,67.82174,604.0,52967.0
7847,327,23,year hour 7847,66036.23,66.03622999999999,66.03622999999999,582.0,51731.0
7848,328,0,year hour 7848,84257.97,84.25797,84.25797,627.0,56190.0
7849,328,1,year hour 7849,67763.65,67.76365,67.76365,602.0,52182.0
7850,328,2,year hour 7850,67864.3,67.8643,67.8643,601.0,52088.0
7851,328,3,year hour 7851,67591.19,67.59119,67.59119,601.0,52786.0
7852,328,4,year hour 7852,68144.07,68.14407000000001,68.14407000000001,601.0,52279.0
7853,328,5,year hour 7853,68040.49,68.04049,68.04049,601.0,53095.0
7854,328,6,year hour 7854,71032.18,71.03218,71.03218,607.0,53189.0
7855,328,7,year hour 7855,68068.45,68.06845,68.06845,595.0,52165.0
7856,328,8,year hour 7856,69069.68000000001,69.06968,69.06968,604.0,53833.0
7857,328,9,year hour 7857,67953.64,67.95364,67.95364,604.0,52529.0
7858,328,10,year hour 7858,67944.94,67.94494,67.94494,602.0,52535.0
7859,328,11,year hour 7859,67802.9,67.8029,67.8029,588.0,52375.0
7860,328,12,year hour 7860,81722.33,81.72233000000001,81.72233000000001,620.0,54880.0
7861,328,13,year hour 7861,67952.15,67.95214999999999,67.95214999999999,600.0,52484.0
7862,328,14,year hour 7862,67660.66,67.66066000000001,67.66066000000001,601.0,53191.0
7863,328,15,year hour 7863,68569.25,68.56924999999998,68.56924999999998,595.0,52507.0
7864,328,16,year hour 7864,69555.96,69.55596,69.55596,608.0,53372.0
7865,328,17,year hour 7865,68005.42,68.00542,68.00542,598.0,52153.0
7866,328,18,year hour 7866,70931.0,70.931,70.931,607.0,53552.0
7867,328,19,year hour 7867,67678.63,67.67863,67.67863,599.0,52674.0
7868,328,20,year hour 7868,68076.09,68.07609,68.07609,599.0,52651.0
7869,328,21,year hour 7869,67722.46,67.72246000000001,67.72246000000001,602.0,53040.0
7870,328,22,year hour 7870,67821.74,67.82174,67.82174,604.0,52967.0
7871,328,23,year hour 7871,66036.23,66.03622999999999,66.03622999999999,582.0,51731.0
7872,329,0,year hour 7872,84257.97,84.25797,84.25797,627.0,56190.0
7873,329,1,year hour 7873,67763.65,67.76365,67.76365,602.0,52182.0
7874,329,2,year hour 7874,67864.3,67.8643,67.8643,601.0,52088.0
7875,329,3,year hour 7875,67591.19,67.59119,67.59119,601.0,52786.0
7876,329,4,year hour 7876,68144.07,68.14407000000001,68.14407000000001,601.0,52279.0
7877,329,5,year hour 7877,68040.49,68.04049,68.04049,601.0,53095.0
7878,329,6,year hour 7878,71032.18,71.03218,71.03218,607.0,53189.0
7879,329,7,year hour 7879,68068.45,68.06845,68.06845,595.0,52165.0
7880,329,8,year hour 7880,69069.68000000001,69.06968,69.06968,604.0,53833.0
7881,329,9,year hour 7881,67953.64,67.95364,67.95364,604.0,52529.0
7882,329,10,year hour 7882,67944.94,67.94494,67.94494,602.0,52535.0
7883,329,11,year hour 7883,67802.9,67.8029,67.8029,588.0,52375.0
7884,329,12,year hour 7884,81722.33,81.72233000000001,81.72233000000001,620.0,54880.0
7885,329,13,year hour 7885,67952.15,67.95214999999999,67.95214999999999,600.0,52484.0
7886,329,14,year hour 7886,67660.66,67.66066000000001,67.66066000000001,601.0,53191.0
7887,329,15,year hour 7887,68569.25,68.56924999999998,68.56924999999998,595.0,52507.0
7888,329,16,year hour 7888,69555.96,69.55596,69.55596,608.0,53372.0
7889,329,17,year hour 7889,68005.42,68.00542,68.00542,598.0,52153.0
7890,329,18,year hour 7890,70931.0,70.931,70.931,607.0,53552.0
7891,329,19,year hour 7891,67678.63,67.67863,67.67863,599.0,52674.0
7892,329,20,year hour 7892,68076.09,68.07609,68.07609,599.0,52651.0
7893,329,21,year hour 7893,67722.46,67.72246000000001,67.72246000000001,602.0,53040.0
7894,329,22,year hour 7894,67821.74,67.82174,67.82174,604.0,52967.0
7895,329,23,year hour 7895,66036.23,66.03622999999999,66.03622999999999,582.0,51731.0
7896,330,0,year hour 7896,84257.97,84.25797,84.25797,627.0,56190.0
7897,330,1,year hour 7897,67763.65,67.76365,67.76365,602.0,52182.0
7898,330,2,year hour 7898,67864.3,67.8643,67.8643,601.0,52088.0
7899,330,3,year hour 7899,67591.19,67.59119,67.59119,601.0,52786.0
7900,330,4,year hour 7900,68144.07,68.14407000000001,68.14407000000001,601.0,52279.0
7901,330,5,year hour 7901,68040.49,68.04049,68.04049,601.0,53095.0
7902,330,6,year hour 7902,71032.18,71.03218,71.03218,607.0,53189.0
7903,330,7,year hour 7903,68068.45,68.06845,68.06845,595.0,52165.0
7904,330,8,year hour 7904,69069.68000000001,69.06968,69.06968,604.0,53833.0
7905,330,9,year hour 7905,67953.64,67.95364,67.95364,604.0,52529.0
7906,330,10,year hour 7906,67944.94,67.94494,67.94494,602.0,52535.0
7907,330,11,year hour 7907,67802.9,67.8029,67.8029,588.0,52375.0
7908,330,12,year hour 7908,81722.33,81.72233000000001,81.72233000000001,620.0,54880.0
7909,330,13,year hour 7909,67952.15,67.95214999999999,67.95214999999999,600.0,52484.0
7910,330,14,year hour 7910,67660.66,67.66066000000001,67.66066000000001,601.0,53191.0
7911,330,15,year hour 7911,68569.25,68.56924999999998,68.56924999999998,595.0,52507.0
7912,330,16,year hour 7912,69555.96,69.55596,69.55596,608.0,53372.0
7913,330,17,year hour 7913,68005.42,68.00542,68.00542,598.0,52153.0
7914,330,18,year hour 7914,70931.0,70.931,70.931,607.0,53552.0
7915,330,19,year hour 7915,67678.63,67.67863,67.67863,599.0,52674.0
7916,330,20,year hour 7916,68076.09,68.07609,68.07609,599.0,52651.0
7917,330,21,year hour 7917,67722.46,67.72246000000001,67.72246000000001,602.0,53040.0
7918,330,22,year hour 7918,67821.74,67.82174,67.82174,604.0,52967.0
7919,330,23,year hour 7919,66036.23,66.03622999999999,66.03622999999999,582.0,51731.0
7920,331,0,year hour 7920,84257.97,84.25797,84.25797,627.0,56190.0
7921,331,1,year hour 7921,67763.65,67.76365,67.76365,602.0,52182.0
7922,331,2,year hour 7922,67864.3,67.8643,67.8643,601.0,52088.0
7923,331,3,year hour 7923,67591.19,67.59119,67.59119,601.0,52786.0
7924,331,4,year hour 7924,68144.07,68.14407000000001,68.14407000000001,601.0,52279.0
7925,331,5,year hour 7925,68040.49,68.04049,68.04049,601.0,53095.0
7926,331,6,year hour 7926,71032.18,71.03218,71.03218,607.0,53189.0
7927,331,7,year hour 7927,68068.45,68.06845,68.06845,595.0,52165.0
7928,331,8,year hour 7928,69069.68000000001,69.06968,69.06968,604.0,53833.0
7929,331,9,year hour 7929,67953.64,67.95364,67.95364,604.0,52529.0
7930,331,10,year hour 7930,67944.94,67.94494,67.94494,602.0,52535.0
7931,331,11,year hour 7931,67802.9,67.8029,67.8029,588.0,52375.0
7932,331,12,year hour 7932,81722.33,81.72233000000001,81.72233000000001,620.0,54880.0
7933,331,13,year hour 7933,67952.15,67.95214999999999,67.95214999999999,600.0,52484.0
7934,331,14,year hour 7934,67660.66,67.66066000000001,67.66066000000001,601.0,53191.0
7935,331,15,year hour 7935,68569.25,68.56924999999998,68.56924999999998,595.0,52507.0
7936,331,16,year hour 7936,69555.96,69.55596,69.55596,608.0,53372.0
7937,331,17,year hour 7937,68005.42,68.00542,68.00542,598.0,52153.0
7938,331,18,year hour 7938,70931.0,70.931,70.931,607.0,53552.0
7939,331,19,year hour 7939,67678.63,67.67863,67.67863,599.0,52674.0
7940,331,20,year hour 7940,68076.09,68.07609,68.07609,599.0,52651.0
7941,331,21,year hour 7941,67722.46,67.72246000000001,67.72246000000001,602.0,53040.0
7942,331,22,year hour 7942,67821.74,67.82174,67.82174,604.0,52967.0
7943,331,23,year hour 7943,66036.23,66.03622999999999,66.03622999999999,582.0,51731.0
7944,332,0,year hour 7944,84257.97,84.25797,84.25797,627.0,56190.0
7945,332,1,year hour 7945,67763.65,67.76365,67.76365,602.0,52182.0
7946,332,2,year hour 7946,67864.3,67.8643,67.8643,601.0,52088.0
7947,332,3,year hour 7947,67591.19,67.59119,67.59119,601.0,52786.0
7948,332,4,year hour 7948,68144.07,68.14407000000001,68.14407000000001,601.0,52279.0
7949,332,5,year hour 7949,68040.49,68.04049,68.04049,601.0,53095.0
7950,332,6,year hour 7950,71032.18,71.03218,71.03218,607.0,53189.0
7951,332,7,year hour 7951,68068.45,68.06845,68.06845,595.0,52165.0
7952,332,8,year hour 7952,69069.68000000001,69.06968,69.06968,604.0,53833.0
7953,332,9,year hour 7953,67953.64,67.95364,67.95364,604.0,52529.0
7954,332,10,year hour 7954,67944.94,67.94494,67.94494,602.0,52535.0
7955,332,11,year hour 7955,67802.9,67.8029,67.8029,588.0,52375.0
7956,332,12,year hour 7956,81722.33,81.72233000000001,81.72233000000001,620.0,54880.0
7957,332,13,year hour 7957,67952.15,67.95214999999999,67.95214999999999,600.0,52484.0
7958,332,14,year hour 7958,67660.66,67.66066000000001,67.66066000000001,601.0,53191.0
7959,332,15,year hour 7959,68569.25,68.56924999999998,68.56924999999998,595.0,52507.0
7960,332,16,year hour 7960,69555.96,69.55596,69.55596,608.0,53372.0
7961,332,17,year hour 7961,68005.42,68.00542,68.00542,598.0,52153.0
7962,332,18,year hour 7962,70931.0,70.931,70.931,607.0,53552.0
7963,332,19,year hour 7963,67678.63,67.67863,67.67863,599.0,52674.0
7964,332,20,year hour 7964,68076.09,68.07609,68.07609,599.0,52651.0
7965,332,21,year hour 7965,67722.46,67.72246000000001,67.72246000000001,602.0,53040.0
7966,332,22,year hour 7966,67821.74,67.82174,67.82174,604.0,52967.0
7967,332,23,year hour 7967,66036.23,66.03622999999999,66.03622999999999,582.0,51731.0
7968,333,0,year hour 7968,84257.97,84.25797,84.25797,627.0,56190.0
7969,333,1,year hour 7969,67763.65,67.76365,67.76365,602.0,52182.0
7970,333,2,year hour 7970,67864.3,67.8643,67.8643,601.0,52088.0
7971,333,3,year hour 7971,67591.19,67.59119,67.59119,601.0,52786.0
7972,333,4,year hour 7972,68144.07,68.14407000000001,68.14407000000001,601.0,52279.0
7973,333,5,year hour 7973,68040.49,68.04049,68.04049,601.0,53095.0
7974,333,6,year hour 7974,71032.18,71.03218,71.03218,607.0,53189.0
7975,333,7,year hour 7975,68068.45,68.06845,68.06845,595.0,52165.0
7976,333,8,year hour 7976,69069.68000000001,69.06968,69.06968,604.0,53833.0
7977,333,9,year hour 7977,67953.64,67.95364,67.95364,604.0,52529.0
7978,333,10,year hour 7978,67944.94,67.94494,67.94494,602.0,52535.0
7979,333,11,year hour 7979,67802.9,67.8029,67.8029,588.0,52375.0
7980,333,12,year hour 7980,81722.33,81.72233000000001,81.72233000000001,620.0,54880.0
7981,333,13,year hour 7981,67952.15,67.95214999999999,67.95214999999999,600.0,52484.0
7982,333,14,year hour 7982,67660.66,67.66066000000001,67.66066000000001,601.0,53191.0
7983,333,15,year hour 7983,68569.25,68.56924999999998,68.56924999999998,595.0,52507.0
7984,333,16,year hour 7984,69555.96,69.55596,69.55596,608.0,53372.0
7985,333,17,year hour 7985,68005.42,68.00542,68.00542,598.0,52153.0
7986,333,18,year hour 7986,70931.0,70.931,70.931,607.0,53552.0
7987,333,19,year hour 7987,67678.63,67.67863,67.67863,599.0,52674.0
7988,333,20,year hour 7988,68076.09,68.07609,68.07609,599.0,52651.0
7989,333,21,year hour 7989,67722.46,67.72246000000001,67.72246000000001,602.0,53040.0
7990,333,22,year hour 7990,67821.74,67.82174,67.82174,604.0,52967.0
7991,333,23,year hour 7991,66036.23,66.03622999999999,66.03622999999999,582.0,51731.0
7992,334,0,year hour 7992,84257.97,84.25797,84.25797,627.0,56190.0
7993,334,1,year hour 7993,67763.65,67.76365,67.76365,602.0,52182.0
7994,334,2,year hour 7994,67864.3,67.8643,67.8643,601.0,52088.0
7995,334,3,year hour 7995,67591.19,67.59119,67.59119,601.0,52786.0
7996,334,4,year hour 7996,68144.07,68.14407000000001,68.14407000000001,601.0,52279.0
7997,334,5,year hour 7997,68040.49,68.04049,68.04049,601.0,53095.0
7998,334,6,year hour 7998,71032.18,71.03218,71.03218,607.0,53189.0
7999,334,7,year hour 7999,68068.45,68.06845,68.06845,595.0,52165.0
8000,334,8,year hour 8000,69069.68000000001,69.06968,69.06968,604.0,53833.0
8001,334,9,year hour 8001,67953.64,67.95364,67.95364,604.0,52529.0
8002,334,10,year hour 8002,67944.94,67.94494,67.94494,602.0,52535.0
8003,334,11,year hour 8003,67802.9,67.8029,67.8029,588.0,52375.0
8004,334,12,year hour 8004,81722.33,81.72233000000001,81.72233000000001,620.0,54880.0
8005,334,13,year hour 8005,67952.15,67.95214999999999,67.95214999999999,600.0,52484.0
8006,334,14,year hour 8006,67660.66,67.66066000000001,67.66066000000001,601.0,53191.0
8007,334,15,year hour 8007,68569.25,68.56924999999998,68.56924999999998,595.0,52507.0
8008,334,16,year hour 8008,69555.96,69.55596,69.55596,608.0,53372.0
8009,334,17,year hour 8009,68005.42,68.00542,68.00542,598.0,52153.0
8010,334,18,year hour 8010,70931.0,70.931,70.931,607.0,53552.0
8011,334,19,year hour 8011,67678.63,67.67863,67.67863,599.0,52674.0
8012,334,20,year hour 8012,68076.09,68.07609,68.07609,599.0,52651.0
8013,334,21,year hour 8013,67722.46,67.72246000000001,67.72246000000001,602.0,53040.0
8014,334,22,year hour 8014,67821.74,67.82174,67.82174,604.0,52967.0
8015,334,23,year hour 8015,66036.23,66.03622999999999,66.03622999999999,582.0,51731.0
8016,335,0,year hour 8016,84257.97,84.25797,84.25797,627.0,56190.0
8017,335,1,year hour 8017,67763.65,67.76365,67.76365,602.0,52182.0
8018,335,2,year hour 8018,67864.3,67.8643,67.8643,601.0,52088.0
8019,335,3,year hour 8019,67591.19,67.59119,67.59119,601.0,52786.0
8020,335,4,year hour 8020,68144.07,68.14407000000001,68.14407000000001,601.0,52279.0
8021,335,5,year hour 8021,68040.49,68.04049,68.04049,601.0,53095.0
8022,335,6,year hour 8022,71032.18,71.03218,71.03218,607.0,53189.0
8023,335,7,year hour 8023,68068.45,68.06845,68.06845,595.0,52165.0
8024,335,8,year hour 8024,69069.68000000001,69.06968,69.06968,604.0,53833.0
8025,335,9,year hour 8025,67953.64,67.95364,67.95364,604.0,52529.0
8026,335,10,year hour 8026,67944.94,67.94494,67.94494,602.0,52535.0
8027,335,11,year hour 8027,67802.9,67.8029,67.8029,588.0,52375.0
8028,335,12,year hour 8028,81722.33,81.72233000000001,81.72233000000001,620.0,54880.0
8029,335,13,year hour 8029,67952.15,67.95214999999999,67.95214999999999,600.0,52484.0
8030,335,14,year hour 8030,67660.66,67.66066000000001,67.66066000000001,601.0,53191.0
8031,335,15,year hour 8031,68569.25,68.56924999999998,68.56924999999998,595.0,52507.0
8032,335,16,year hour 8032,69555.96,69.55596,69.55596,608.0,53372.0
8033,335,17,year hour 8033,68005.42,68.00542,68.00542,598.0,52153.0
8034,335,18,year hour 8034,70931.0,70.931,70.931,607.0,53552.0
8035,335,19,year hour 8035,67678.63,67.67863,67.67863,599.0,52674.0
8036,335,20,year hour 8036,68076.09,68.07609,68.07609,599.0,52651.0
8037,335,21,year hour 8037,67722.46,67.72246000000001,67.72246000000001,602.0,53040.0
8038,335,22,year hour 8038,67821.74,67.82174,67.82174,604.0,52967.0
8039,335,23,year hour 8039,66036.23,66.03622999999999,66.03622999999999,582.0,51731.0
8040,336,0,year hour 8040,84257.97,84.25797,84.25797,627.0,56190.0
8041,336,1,year hour 8041,67763.65,67.76365,67.76365,602.0,52182.0
8042,336,2,year hour 8042,67864.3,67.8643,67.8643,601.0,52088.0
8043,336,3,year hour 8043,67591.19,67.59119,67.59119,601.0,52786.0
8044,336,4,year hour 8044,68144.07,68.14407000000001,68.14407000000001,601.0,52279.0
8045,336,5,year hour 8045,68040.49,68.04049,68.04049,601.0,53095.0
8046,336,6,year hour 8046,71032.18,71.03218,71.03218,607.0,53189.0
8047,336,7,year hour 8047,68068.45,68.06845,68.06845,595.0,52165.0
8048,336,8,year hour 8048,69069.68000000001,69.06968,69.06968,604.0,53833.0
8049,336,9,year hour 8049,67953.64,67.95364,67.95364,604.0,52529.0
8050,336,10,year hour 8050,67944.94,67.94494,67.94494,602.0,52535.0
8051,336,11,year hour 8051,67802.9,67.8029,67.8029,588.0,52375.0
8052,336,12,year hour 8052,81722.33,81.72233000000001,81.72233000000001,620.0,54880.0
8053,336,13,year hour 8053,67952.15,67.95214999999999,67.95214999999999,600.0,52484.0
8054,336,14,year hour 8054,67660.66,67.66066000000001,67.66066000000001,601.0,53191.0
8055,336,15,year hour 8055,68569.25,68.56924999999998,68.56924999999998,595.0,52507.0
8056,336,16,year hour 8056,69555.96,69.55596,69.55596,608.0,53372.0
8057,336,17,year hour 8057,68005.42,68.00542,68.00542,598.0,52153.0
8058,336,18,year hour 8058,70931.0,70.931,70.931,607.0,53552.0
8059,336,19,year hour 8059,67678.63,67.67863,67.67863,599.0,52674.0
8060,336,20,year hour 8060,68076.09,68.07609,68.07609,599.0,52651.0
8061,336,21,year hour 8061,67722.46,67.72246000000001,67.72246000000001,602.0,53040.0
8062,336,22,year hour 8062,67821.74,67.82174,67.82174,604.0,52967.0
8063,336,23,year hour 8063,66036.23,66.03622999999999,66.03622999999999,582.0,51731.0
8064,337,0,year hour 8064,84257.97,84.25797,84.25797,627.0,56190.0
8065,337,1,year hour 8065,67763.65,67.76365,67.76365,602.0,52182.0
8066,337,2,year hour 8066,67864.3,67.8643,67.8643,601.0,52088.0
8067,337,3,year hour 8067,67591.19,67.59119,67.59119,601.0,52786.0
8068,337,4,year hour 8068,68144.07,68.14407000000001,68.14407000000001,601.0,52279.0
8069,337,5,year hour 8069,68040.49,68.04049,68.04049,601.0,53095.0
8070,337,6,year hour 8070,71032.18,71.03218,71.03218,607.0,53189.0
8071,337,7,year hour 8071,68068.45,68.06845,68.06845,595.0,52165.0
8072,337,8,year hour 8072,69069.68000000001,69.06968,69.06968,604.0,53833.0
8073,337,9,year hour 8073,67953.64,67.95364,67.95364,604.0,52529.0
8074,337,10,year hour 8074,67944.94,67.94494,67.94494,602.0,52535.0
8075,337,11,year hour 8075,67802.9,67.8029,67.8029,588.0,52375.0
8076,337,12,year hour 8076,81722.33,81.72233000000001,81.72233000000001,620.0,54880.0
8077,337,13,year hour 8077,67952.15,67.95214999999999,67.95214999999999,600.0,52484.0
8078,337,14,year hour 8078,67660.66,67.66066000000001,67.66066000000001,601.0,53191.0
8079,337,15,year hour 8079,68569.25,68.56924999999998,68.56924999999998,595.0,52507.0
8080,337,16,year hour 8080,69555.96,69.55596,69.55596,608.0,53372.0
8081,337,17,year hour 8081,68005.42,68.00542,68.00542,598.0,52153.0
8082,337,18,year hour 8082,70931.0,70.931,70.931,607.0,53552.0
8083,337,19,year hour 8083,67678.63,67.67863,67.67863,599.0,52674.0
8084,337,20,year hour 8084,68076.09,68.07609,68.07609,599.0,52651.0
8085,337,21,year hour 8085,67722.46,67.72246000000001,67.72246000000001,602.0,53040.0
8086,337,22,year hour 8086,67821.74,67.82174,67.82174,604.0,52967.0
8087,337,23,year hour 8087,66036.23,66.03622999999999,66.03622999999999,582.0,51731.0
8088,338,0,year hour 8088,84257.97,84.25797,84.25797,627.0,56190.0
8089,338,1,year hour 8089,67763.65,67.76365,67.76365,602.0,52182.0
8090,338,2,year hour 8090,67864.3,67.8643,67.8643,601.0,52088.0
8091,338,3,year hour 8091,67591.19,67.59119,67.59119,601.0,52786.0
8092,338,4,year hour 8092,68144.07,68.14407000000001,68.14407000000001,601.0,52279.0
8093,338,5,year hour 8093,68040.49,68.04049,68.04049,601.0,53095.0
8094,338,6,year hour 8094,71032.18,71.03218,71.03218,607.0,53189.0
8095,338,7,year hour 8095,68068.45,68.06845,68.06845,595.0,52165.0
8096,338,8,year hour 8096,69069.68000000001,69.06968,69.06968,604.0,53833.0
8097,338,9,year hour 8097,67953.64,67.95364,67.95364,604.0,52529.0
8098,338,10,year hour 8098,67944.94,67.94494,67.94494,602.0,52535.0
8099,338,11,year hour 8099,67802.9,67.8029,67.8029,588.0,52375.0
8100,338,12,year hour 8100,81722.33,81.72233000000001,81.72233000000001,620.0,54880.0
8101,338,13,year hour 8101,67952.15,67.95214999999999,67.95214999999999,600.0,52484.0
8102,338,14,year hour 8102,67660.66,67.66066000000001,67.66066000000001,601.0,53191.0
8103,338,15,year hour 8103,68569.25,68.56924999999998,68.56924999999998,595.0,52507.0
8104,338,16,year hour 8104,69555.96,69.55596,69.55596,608.0,53372.0
8105,338,17,year hour 8105,68005.42,68.00542,68.00542,598.0,52153.0
8106,338,18,year hour 8106,70931.0,70.931,70.931,607.0,53552.0
8107,338,19,year hour 8107,67678.63,67.67863,67.67863,599.0,52674.0
8108,338,20,year hour 8108,68076.09,68.07609,68.07609,599.0,52651.0
8109,338,21,year hour 8109,67722.46,67.72246000000001,67.72246000000001,602.0,53040.0
8110,338,22,year hour 8110,67821.74,67.82174,67.82174,604.0,52967.0
8111,338,23,year hour 8111,66036.23,66.03622999999999,66.03622999999999,582.0,51731.0
8112,339,0,year hour 8112,84257.97,84.25797,84.25797,627.0,56190.0
8113,339,1,year hour 8113,67763.65,67.76365,67.76365,602.0,52182.0
8114,339,2,year hour 8114,67864.3,67.8643,67.8643,601.0,52088.0
8115,339,3,year hour 8115,67591.19,67.59119,67.59119,601.0,52786.0
8116,339,4,year hour 8116,68144.07,68.14407000000001,68.14407000000001,601.0,52279.0
8117,339,5,year hour 8117,68040.49,68.04049,68.04049,601.0,53095.0
8118,339,6,year hour 8118,71032.18,71.03218,71.03218,607.0,53189.0
8119,339,7,year hour 8119,68068.45,68.06845,68.06845,595.0,52165.0
8120,339,8,year hour 8120,69069.68000000001,69.06968,69.06968,604.0,53833.0
8121,339,9,year hour 8121,67953.64,67.95364,67.95364,604.0,52529.0
8122,339,10,year hour 8122,67944.94,67.94494,67.94494,602.0,52535.0
8123,339,11,year hour 8123,67802.9,67.8029,67.8029,588.0,52375.0
8124,339,12,year hour 8124,81722.33,81.72233000000001,81.72233000000001,620.0,54880.0
8125,339,13,year hour 8125,67952.15,67.95214999999999,67.95214999999999,600.0,52484.0
8126,339,14,year hour 8126,67660.66,67.66066000000001,67.66066000000001,601.0,53191.0
8127,339,15,year hour 8127,68569.25,68.56924999999998,68.56924999999998,595.0,52507.0
8128,339,16,year hour 8128,69555.96,69.55596,69.55596,608.0,53372.0
8129,339,17,year hour 8129,68005.42,68.00542,68.00542,598.0,52153.0
8130,339,18,year hour 8130,70931.0,70.931,70.931,607.0,53552.0
8131,339,19,year hour 8131,67678.63,67.67863,67.67863,599.0,52674.0
8132,339,20,year hour 8132,68076.09,68.07609,68.07609,599.0,52651.0
8133,339,21,year hour 8133,67722.46,67.72246000000001,67.72246000000001,602.0,53040.0
8134,339,22,year hour 8134,67821.74,67.82174,67.82174,604.0,52967.0
8135,339,23,year hour 8135,66036.23,66.03622999999999,66.03622999999999,582.0,51731.0
8136,340,0,year hour 8136,84257.97,84.25797,84.25797,627.0,56190.0
8137,340,1,year hour 8137,67763.65,67.76365,67.76365,602.0,52182.0
8138,340,2,year hour 8138,67864.3,67.8643,67.8643,601.0,52088.0
8139,340,3,year hour 8139,67591.19,67.59119,67.59119,601.0,52786.0
8140,340,4,year hour 8140,68144.07,68.14407000000001,68.14407000000001,601.0,52279.0
8141,340,5,year hour 8141,68040.49,68.04049,68.04049,601.0,53095.0
8142,340,6,year hour 8142,71032.18,71.03218,71.03218,607.0,53189.0
8143,340,7,year hour 8143,68068.45,68.06845,68.06845,595.0,52165.0
8144,340,8,year hour 8144,69069.68000000001,69.06968,69.06968,604.0,53833.0
8145,340,9,year hour 8145,67953.64,67.95364,67.95364,604.0,52529.0
8146,340,10,year hour 8146,67944.94,67.94494,67.94494,602.0,52535.0
8147,340,11,year hour 8147,67802.9,67.8029,67.8029,588.0,52375.0
8148,340,12,year hour 8148,81722.33,81.72233000000001,81.72233000000001,620.0,54880.0
8149,340,13,year hour 8149,67952.15,67.95214999999999,67.95214999999999,600.0,52484.0
8150,340,14,year hour 8150,67660.66,67.66066000000001,67.66066000000001,601.0,53191.0
8151,340,15,year hour 8151,68569.25,68.56924999999998,68.56924999999998,595.0,52507.0
8152,340,16,year hour 8152,69555.96,69.55596,69.55596,608.0,53372.0
8153,340,17,year hour 8153,68005.42,68.00542,68.00542,598.0,52153.0
8154,340,18,year hour 8154,70931.0,70.931,70.931,607.0,53552.0
8155,340,19,year hour 8155,67678.63,67.67863,67.67863,599.0,52674.0
8156,340,20,year hour 8156,68076.09,68.07609,68.07609,599.0,52651.0
8157,340,21,year hour 8157,67722.46,67.72246000000001,67.72246000000001,602.0,53040.0
8158,340,22,year hour 8158,67821.74,67.82174,67.82174,604.0,52967.0
8159,340,23,year hour 8159,66036.23,66.03622999999999,66.03622999999999,582.0,51731.0
8160,341,0,year hour 8160,84257.97,84.25797,84.25797,627.0,56190.0
8161,341,1,year hour 8161,67763.65,67.76365,67.76365,602.0,52182.0
8162,341,2,year hour 8162,67864.3,67.8643,67.8643,601.0,52088.0
8163,341,3,year hour 8163,67591.19,67.59119,67.59119,601.0,52786.0
8164,341,4,year hour 8164,68144.07,68.14407000000001,68.14407000000001,601.0,52279.0
8165,341,5,year hour 8165,68040.49,68.04049,68.04049,601.0,53095.0
8166,341,6,year hour 8166,71032.18,71.03218,71.03218,607.0,53189.0
8167,341,7,year hour 8167,68068.45,68.06845,68.06845,595.0,52165.0
8168,341,8,year hour 8168,69069.68000000001,69.06968,69.06968,604.0,53833.0
8169,341,9,year hour 8169,67953.64,67.95364,67.95364,604.0,52529.0
8170,341,10,year hour 8170,67944.94,67.94494,67.94494,602.0,52535.0
8171,341,11,year hour 8171,67802.9,67.8029,67.8029,588.0,52375.0
8172,341,12,year hour 8172,81722.33,81.72233000000001,81.72233000000001,620.0,54880.0
8173,341,13,year hour 8173,67952.15,67.95214999999999,67.95214999999999,600.0,52484.0
8174,341,14,year hour 8174,67660.66,67.66066000000001,67.66066000000001,601.0,53191.0
8175,341,15,year hour 8175,68569.25,68.56924999999998,68.56924999999998,595.0,52507.0
8176,341,16,year hour 8176,69555.96,69.55596,69.55596,608.0,53372.0
8177,341,17,year hour 8177,68005.42,68.00542,68.00542,598.0,52153.0
8178,341,18,year hour 8178,70931.0,70.931,70.931,607.0,53552.0
8179,341,19,year hour 8179,67678.63,67.67863,67.67863,599.0,52674.0
8180,341,20,year hour 8180,68076.09,68.07609,68.07609,599.0,52651.0
8181,341,21,year hour 8181,67722.46,67.72246000000001,67.72246000000001,602.0,53040.0
8182,341,22,year hour 8182,67821.74,67.82174,67.82174,604.0,52967.0
8183,341,23,year hour 8183,66036.23,66.03622999999999,66.03622999999999,582.0,51731.0
8184,342,0,year hour 8184,84257.97,84.25797,84.25797,627.0,56190.0
8185,342,1,year hour 8185,67763.65,67.76365,67.76365,602.0,52182.0
8186,342,2,year hour 8186,67864.3,67.8643,67.8643,601.0,52088.0
8187,342,3,year hour 8187,67591.19,67.59119,67.59119,601.0,52786.0
8188,342,4,year hour 8188,68144.07,68.14407000000001,68.14407000000001,601.0,52279.0
8189,342,5,year hour 8189,68040.49,68.04049,68.04049,601.0,53095.0
8190,342,6,year hour 8190,71032.18,71.03218,71.03218,607.0,53189.0
8191,342,7,year hour 8191,68068.45,68.06845,68.06845,595.0,52165.0
8192,342,8,year hour 8192,69069.68000000001,69.06968,69.06968,604.0,53833.0
8193,342,9,year hour 8193,67953.64,67.95364,67.95364,604.0,52529.0
8194,342,10,year hour 8194,67944.94,67.94494,67.94494,602.0,52535.0
8195,342,11,year hour 8195,67802.9,67.8029,67.8029,588.0,52375.0
8196,342,12,year hour 8196,81722.33,81.72233000000001,81.72233000000001,620.0,54880.0
8197,342,13,year hour 8197,67952.15,67.95214999999999,67.95214999999999,600.0,52484.0
8198,342,14,year hour 8198,67660.66,67.66066000000001,67.66066000000001,601.0,53191.0
8199,342,15,year hour 8199,68569.25,68.56924999999998,68.56924999999998,595.0,52507.0
8200,342,16,year hour 8200,69555.96,69.55596,69.55596,608.0,53372.0
8201,342,17,year hour 8201,68005.42,68.00542,68.00542,598.0,52153.0
8202,342,18,year hour 8202,70931.0,70.931,70.931,607.0,53552.0
8203,342,19,year hour 8203,67678.63,67.67863,67.67863,599.0,52674.0
8204,342,20,year hour 8204,68076.09,68.07609,68.07609,599.0,52651.0
8205,342,21,year hour 8205,67722.46,67.72246000000001,67.72246000000001,602.0,53040.0
8206,342,22,year hour 8206,67821.74,67.82174,67.82174,604.0,52967.0
8207,342,23,year hour 8207,66036.23,66.03622999999999,66.03622999999999,582.0,51731.0
8208,343,0,year hour 8208,84257.97,84.25797,84.25797,627.0,56190.0
8209,343,1,year hour 8209,67763.65,67.76365,67.76365,602.0,52182.0
8210,343,2,year hour 8210,67864.3,67.8643,67.8643,601.0,52088.0
8211,343,3,year hour 8211,67591.19,67.59119,67.59119,601.0,52786.0
8212,343,4,year hour 8212,68144.07,68.14407000000001,68.14407000000001,601.0,52279.0
8213,343,5,year hour 8213,68040.49,68.04049,68.04049,601.0,53095.0
8214,343,6,year hour 8214,71032.18,71.03218,71.03218,607.0,53189.0
8215,343,7,year hour 8215,68068.45,68.06845,68.06845,595.0,52165.0
8216,343,8,year hour 8216,69069.68000000001,69.06968,69.06968,604.0,53833.0
8217,343,9,year hour 8217,67953.64,67.95364,67.95364,604.0,52529.0
8218,343,10,year hour 8218,67944.94,67.94494,67.94494,602.0,52535.0
8219,343,11,year hour 8219,67802.9,67.8029,67.8029,588.0,52375.0
8220,343,12,year hour 8220,81722.33,81.72233000000001,81.72233000000001,620.0,54880.0
8221,343,13,year hour 8221,67952.15,67.95214999999999,67.95214999999999,600.0,52484.0
8222,343,14,year hour 8222,67660.66,67.66066000000001,67.66066000000001,601.0,53191.0
8223,343,15,year hour 8223,68569.25,68.56924999999998,68.56924999999998,595.0,52507.0
8224,343,16,year hour 8224,69555.96,69.55596,69.55596,608.0,53372.0
8225,343,17,year hour 8225,68005.42,68.00542,68.00542,598.0,52153.0
8226,343,18,year hour 8226,70931.0,70.931,70.931,607.0,53552.0
8227,343,19,year hour 8227,67678.63,67.67863,67.67863,599.0,52674.0
8228,343,20,year hour 8228,68076.09,68.07609,68.07609,599.0,52651.0
8229,343,21,year hour 8229,67722.46,67.72246000000001,67.72246000000001,602.0,53040.0
8230,343,22,year hour 8230,67821.74,67.82174,67.82174,604.0,52967.0
8231,343,23,year hour 8231,66036.23,66.03622999999999,66.03622999999999,582.0,51731.0
8232,344,0,year hour 8232,84257.97,84.25797,84.25797,627.0,56190.0
8233,344,1,year hour 8233,67763.65,67.76365,67.76365,602.0,52182.0
8234,344,2,year hour 8234,67864.3,67.8643,67.8643,601.0,52088.0
8235,344,3,year hour 8235,67591.19,67.59119,67.59119,601.0,52786.0
8236,344,4,year hour 8236,68144.07,68.14407000000001,68.14407000000001,601.0,52279.0
8237,344,5,year hour 8237,68040.49,68.04049,68.04049,601.0,53095.0
8238,344,6,year hour 8238,71032.18,71.03218,71.03218,607.0,53189.0
8239,344,7,year hour 8239,68068.45,68.06845,68.06845,595.0,52165.0
8240,344,8,year hour 8240,69069.68000000001,69.06968,69.06968,604.0,53833.0
8241,344,9,year hour 8241,67953.64,67.95364,67.95364,604.0,52529.0
8242,344,10,year hour 8242,67944.94,67.94494,67.94494,602.0,52535.0
8243,344,11,year hour 8243,67802.9,67.8029,67.8029,588.0,52375.0
8244,344,12,year hour 8244,81722.33,81.72233000000001,81.72233000000001,620.0,54880.0
8245,344,13,year hour 8245,67952.15,67.95214999999999,67.95214999999999,600.0,52484.0
8246,344,14,year hour 8246,67660.66,67.66066000000001,67.66066000000001,601.0,53191.0
8247,344,15,year hour 8247,68569.25,68.56924999999998,68.56924999999998,595.0,52507.0
8248,344,16,year hour 8248,69555.96,69.55596,69.55596,608.0,53372.0
8249,344,17,year hour 8249,68005.42,68.00542,68.00542,598.0,52153.0
8250,344,18,year hour 8250,70931.0,70.931,70.931,607.0,53552.0
8251,344,19,year hour 8251,67678.63,67.67863,67.67863,599.0,52674.0
8252,344,20,year hour 8252,68076.09,68.07609,68.07609,599.0,52651.0
8253,344,21,year hour 8253,67722.46,67.72246000000001,67.72246000000001,602.0,53040.0
8254,344,22,year hour 8254,67821.74,67.82174,67.82174,604.0,52967.0
8255,344,23,year hour 8255,66036.23,66.03622999999999,66.03622999999999,582.0,51731.0
8256,345,0,year hour 8256,84257.97,84.25797,84.25797,627.0,56190.0
8257,345,1,year hour 8257,67763.65,67.76365,67.76365,602.0,52182.0
8258,345,2,year hour 8258,67864.3,67.8643,67.8643,601.0,52088.0
8259,345,3,year hour 8259,67591.19,67.59119,67.59119,601.0,52786.0
8260,345,4,year hour 8260,68144.07,68.14407000000001,68.14407000000001,601.0,52279.0
8261,345,5,year hour 8261,68040.49,68.04049,68.04049,601.0,53095.0
8262,345,6,year hour 8262,71032.18,71.03218,71.03218,607.0,53189.0
8263,345,7,year hour 8263,68068.45,68.06845,68.06845,595.0,52165.0
8264,345,8,year hour 8264,69069.68000000001,69.06968,69.06968,604.0,53833.0
8265,345,9,year hour 8265,67953.64,67.95364,67.95364,604.0,52529.0
8266,345,10,year hour 8266,67944.94,67.94494,67.94494,602.0,52535.0
8267,345,11,year hour 8267,67802.9,67.8029,67.8029,588.0,52375.0
8268,345,12,year hour 8268,81722.33,81.72233000000001,81.72233000000001,620.0,54880.0
8269,345,13,year hour 8269,67952.15,67.95214999999999,67.95214999999999,600.0,52484.0
8270,345,14,year hour 8270,67660.66,67.66066000000001,67.66066000000001,601.0,53191.0
8271,345,15,year hour 8271,68569.25,68.56924999999998,68.56924999999998,595.0,52507.0
8272,345,16,year hour 8272,69555.96,69.55596,69.55596,608.0,53372.0
8273,345,17,year hour 8273,68005.42,68.00542,68.00542,598.0,52153.0
8274,345,18,year hour 8274,70931.0,70.931,70.931,607.0,53552.0
8275,345,19,year hour 8275,67678.63,67.67863,67.67863,599.0,52674.0
8276,345,20,year hour 8276,68076.09,68.07609,68.07609,599.0,52651.0
8277,345,21,year hour 8277,67722.46,67.72246000000001,67.72246000000001,602.0,53040.0
8278,345,22,year hour 8278,67821.74,67.82174,67.82174,604.0,52967.0
8279,345,23,year hour 8279,66036.23,66.03622999999999,66.03622999999999,582.0,51731.0
8280,346,0,year hour 8280,84257.97,84.25797,84.25797,627.0,56190.0
8281,346,1,year hour 8281,67763.65,67.76365,67.76365,602.0,52182.0
8282,346,2,year hour 8282,67864.3,67.8643,67.8643,601.0,52088.0
8283,346,3,year hour 8283,67591.19,67.59119,67.59119,601.0,52786.0
8284,346,4,year hour 8284,68144.07,68.14407000000001,68.14407000000001,601.0,52279.0
8285,346,5,year hour 8285,68040.49,68.04049,68.04049,601.0,53095.0
8286,346,6,year hour 8286,71032.18,71.03218,71.03218,607.0,53189.0
8287,346,7,year hour 8287,68068.45,68.06845,68.06845,595.0,52165.0
8288,346,8,year hour 8288,69069.68000000001,69.06968,69.06968,604.0,53833.0
8289,346,9,year hour 8289,67953.64,67.95364,67.95364,604.0,52529.0
8290,346,10,year hour 8290,67944.94,67.94494,67.94494,602.0,52535.0
8291,346,11,year hour 8291,67802.9,67.8029,67.8029,588.0,52375.0
8292,346,12,year hour 8292,81722.33,81.72233000000001,81.72233000000001,620.0,54880.0
8293,346,13,year hour 8293,67952.15,67.95214999999999,67.95214999999999,600.0,52484.0
8294,346,14,year hour 8294,67660.66,67.66066000000001,67.66066000000001,601.0,53191.0
8295,346,15,year hour 8295,68569.25,68.56924999999998,68.56924999999998,595.0,52507.0
8296,346,16,year hour 8296,69555.96,69.55596,69.55596,608.0,53372.0
8297,346,17,year hour 8297,68005.42,68.00542,68.00542,598.0,52153.0
8298,346,18,year hour 8298,70931.0,70.931,70.931,607.0,53552.0
8299,346,19,year hour 8299,67678.63,67.67863,67.67863,599.0,52674.0
8300,346,20,year hour 8300,68076.09,68.07609,68.07609,599.0,52651.0
8301,346,21,year hour 8301,67722.46,67.72246000000001,67.72246000000001,602.0,53040.0
8302,346,22,year hour 8302,67821.74,67.82174,67.82174,604.0,52967.0
8303,346,23,year hour 8303,66036.23,66.03622999999999,66.03622999999999,582.0,51731.0
8304,347,0,year hour 8304,84257.97,84.25797,84.25797,627.0,56190.0
8305,347,1,year hour 8305,67763.65,67.76365,67.76365,602.0,52182.0
8306,347,2,year hour 8306,67864.3,67.8643,67.8643,601.0,52088.0
8307,347,3,year hour 8307,67591.19,67.59119,67.59119,601.0,52786.0
8308,347,4,year hour 8308,68144.07,68.14407000000001,68.14407000000001,601.0,52279.0
8309,347,5,year hour 8309,68040.49,68.04049,68.04049,601.0,53095.0
8310,347,6,year hour 8310,71032.18,71.03218,71.03218,607.0,53189.0
8311,347,7,year hour 8311,68068.45,68.06845,68.06845,595.0,52165.0
8312,347,8,year hour 8312,69069.68000000001,69.06968,69.06968,604.0,53833.0
8313,347,9,year hour 8313,67953.64,67.95364,67.95364,604.0,52529.0
8314,347,10,year hour 8314,67944.94,67.94494,67.94494,602.0,52535.0
8315,347,11,year hour 8315,67802.9,67.8029,67.8029,588.0,52375.0
8316,347,12,year hour 8316,81722.33,81.72233000000001,81.72233000000001,620.0,54880.0
8317,347,13,year hour 8317,67952.15,67.95214999999999,67.95214999999999,600.0,52484.0
8318,347,14,year hour 8318,67660.66,67.66066000000001,67.66066000000001,601.0,53191.0
8319,347,15,year hour 8319,68569.25,68.56924999999998,68.56924999999998,595.0,52507.0
8320,347,16,year hour 8320,69555.96,69.55596,69.55596,608.0,53372.0
8321,347,17,year hour 8321,68005.42,68.00542,68.00542,598.0,52153.0
8322,347,18,year hour 8322,70931.0,70.931,70.931,607.0,53552.0
8323,347,19,year hour 8323,67678.63,67.67863,67.67863,599.0,52674.0
8324,347,20,year hour 8324,68076.09,68.07609,68.07609,599.0,52651.0
8325,347,21,year hour 8325,67722.46,67.72246000000001,67.72246000000001,602.0,53040.0
8326,347,22,year hour 8326,67821.74,67.82174,67.82174,604.0,52967.0
8327,347,23,year hour 8327,66036.23,66.03622999999999,66.03622999999999,582.0,51731.0
8328,348,0,year hour 8328,84257.97,84.25797,84.25797,627.0,56190.0
8329,348,1,year hour 8329,67763.65,67.76365,67.76365,602.0,52182.0
8330,348,2,year hour 8330,67864.3,67.8643,67.8643,601.0,52088.0
8331,348,3,year hour 8331,67591.19,67.59119,67.59119,601.0,52786.0
8332,348,4,year hour 8332,68144.07,68.14407000000001,68.14407000000001,601.0,52279.0
8333,348,5,year hour 8333,68040.49,68.04049,68.04049,601.0,53095.0
8334,348,6,year hour 8334,71032.18,71.03218,71.03218,607.0,53189.0
8335,348,7,year hour 8335,68068.45,68.06845,68.06845,595.0,52165.0
8336,348,8,year hour 8336,69069.68000000001,69.06968,69.06968,604.0,53833.0
8337,348,9,year hour 8337,67953.64,67.95364,67.95364,604.0,52529.0
8338,348,10,year hour 8338,67944.94,67.94494,67.94494,602.0,52535.0
8339,348,11,year hour 8339,67802.9,67.8029,67.8029,588.0,52375.0
8340,348,12,year hour 8340,81722.33,81.72233000000001,81.72233000000001,620.0,54880.0
8341,348,13,year hour 8341,67952.15,67.95214999999999,67.95214999999999,600.0,52484.0
8342,348,14,year hour 8342,67660.66,67.66066000000001,67.66066000000001,601.0,53191.0
8343,348,15,year hour 8343,68569.25,68.56924999999998,68.56924999999998,595.0,52507.0
8344,348,16,year hour 8344,69555.96,69.55596,69.55596,608.0,53372.0
8345,348,17,year hour 8345,68005.42,68.00542,68.00542,598.0,52153.0
8346,348,18,year hour 8346,70931.0,70.931,70.931,607.0,53552.0
8347,348,19,year hour 8347,67678.63,67.67863,67.67863,599.0,52674.0
8348,348,20,year hour 8348,68076.09,68.07609,68.07609,599.0,52651.0
8349,348,21,year hour 8349,67722.46,67.72246000000001,67.72246000000001,602.0,53040.0
8350,348,22,year hour 8350,67821.74,67.82174,67.82174,604.0,52967.0
8351,348,23,year hour 8351,66036.23,66.03622999999999,66.03622999999999,582.0,51731.0
8352,349,0,year hour 8352,84257.97,84.25797,84.25797,627.0,56190.0
8353,349,1,year hour 8353,67763.65,67.76365,67.76365,602.0,52182.0
8354,349,2,year hour 8354,67864.3,67.8643,67.8643,601.0,52088.0
8355,349,3,year hour 8355,67591.19,67.59119,67.59119,601.0,52786.0
8356,349,4,year hour 8356,68144.07,68.14407000000001,68.14407000000001,601.0,52279.0
8357,349,5,year hour 8357,68040.49,68.04049,68.04049,601.0,53095.0
8358,349,6,year hour 8358,71032.18,71.03218,71.03218,607.0,53189.0
8359,349,7,year hour 8359,68068.45,68.06845,68.06845,595.0,52165.0
8360,349,8,year hour 8360,69069.68000000001,69.06968,69.06968,604.0,53833.0
8361,349,9,year hour 8361,67953.64,67.95364,67.95364,604.0,52529.0
8362,349,10,year hour 8362,67944.94,67.94494,67.94494,602.0,52535.0
8363,349,11,year hour 8363,67802.9,67.8029,67.8029,588.0,52375.0
8364,349,12,year hour 8364,81722.33,81.72233000000001,81.72233000000001,620.0,54880.0
8365,349,13,year hour 8365,67952.15,67.95214999999999,67.95214999999999,600.0,52484.0
8366,349,14,year hour 8366,67660.66,67.66066000000001,67.66066000000001,601.0,53191.0
8367,349,15,year hour 8367,68569.25,68.56924999999998,68.56924999999998,595.0,52507.0
8368,349,16,year hour 8368,69555.96,69.55596,69.55596,608.0,53372.0
8369,349,17,year hour 8369,68005.42,68.00542,68.00542,598.0,52153.0
8370,349,18,year hour 8370,70931.0,70.931,70.931,607.0,53552.0
8371,349,19,year hour 8371,67678.63,67.67863,67.67863,599.0,52674.0
8372,349,20,year hour 8372,68076.09,68.07609,68.07609,599.0,52651.0
8373,349,21,year hour 8373,67722.46,67.72246000000001,67.72246000000001,602.0,53040.0
8374,349,22,year hour 8374,67821.74,67.82174,67.82174,604.0,52967.0
8375,349,23,year hour 8375,66036.23,66.03622999999999,66.03622999999999,582.0,51731.0
8376,350,0,year hour 8376,84257.97,84.25797,84.25797,627.0,56190.0
8377,350,1,year hour 8377,67763.65,67.76365,67.76365,602.0,52182.0
8378,350,2,year hour 8378,67864.3,67.8643,67.8643,601.0,52088.0
8379,350,3,year hour 8379,67591.19,67.59119,67.59119,601.0,52786.0
8380,350,4,year hour 8380,68144.07,68.14407000000001,68.14407000000001,601.0,52279.0
8381,350,5,year hour 8381,68040.49,68.04049,68.04049,601.0,53095.0
8382,350,6,year hour 8382,71032.18,71.03218,71.03218,607.0,53189.0
8383,350,7,year hour 8383,68068.45,68.06845,68.06845,595.0,52165.0
8384,350,8,year hour 8384,69069.68000000001,69.06968,69.06968,604.0,53833.0
8385,350,9,year hour 8385,67953.64,67.95364,67.95364,604.0,52529.0
8386,350,10,year hour 8386,67944.94,67.94494,67.94494,602.0,52535.0
8387,350,11,year hour 8387,67802.9,67.8029,67.8029,588.0,52375.0
8388,350,12,year hour 8388,81722.33,81.72233000000001,81.72233000000001,620.0,54880.0
8389,350,13,year hour 8389,67952.15,67.95214999999999,67.95214999999999,600.0,52484.0
8390,350,14,year hour 8390,67660.66,67.66066000000001,67.66066000000001,601.0,53191.0
8391,350,15,year hour 8391,68569.25,68.56924999999998,68.56924999999998,595.0,52507.0
8392,350,16,year hour 8392,69555.96,69.55596,69.55596,608.0,53372.0
8393,350,17,year hour 8393,68005.42,68.00542,68.00542,598.0,52153.0
8394,350,18,year hour 8394,70931.0,70.931,70.931,607.0,53552.0
8395,350,19,year hour 8395,67678.63,67.67863,67.67863,599.0,52674.0
8396,350,20,year hour 8396,68076.09,68.07609,68.07609,599.0,52651.0
8397,350,21,year hour 8397,67722.46,67.72246000000001,67.72246000000001,602.0,53040.0
8398,350,22,year hour 8398,67821.74,67.82174,67.82174,604.0,52967.0
8399,350,23,year hour 8399,66036.23,66.03622999999999,66.03622999999999,582.0,51731.0
8400,351,0,year hour 8400,84257.97,84.25797,84.25797,627.0,56190.0
8401,351,1,year hour 8401,67763.65,67.76365,67.76365,602.0,52182.0
8402,351,2,year hour 8402,67864.3,67.8643,67.8643,601.0,52088.0
8403,351,3,year hour 8403,67591.19,67.59119,67.59119,601.0,52786.0
8404,351,4,year hour 8404,68144.07,68.14407000000001,68.14407000000001,601.0,52279.0
8405,351,5,year hour 8405,68040.49,68.04049,68.04049,601.0,53095.0
8406,351,6,year hour 8406,71032.18,71.03218,71.03218,607.0,53189.0
8407,351,7,year hour 8407,68068.45,68.06845,68.06845,595.0,52165.0
8408,351,8,year hour 8408,69069.68000000001,69.06968,69.06968,604.0,53833.0
8409,351,9,year hour 8409,67953.64,67.95364,67.95364,604.0,52529.0
8410,351,10,year hour 8410,67944.94,67.94494,67.94494,602.0,52535.0
8411,351,11,year hour 8411,67802.9,67.8029,67.8029,588.0,52375.0
8412,351,12,year hour 8412,81722.33,81.72233000000001,81.72233000000001,620.0,54880.0
8413,351,13,year hour 8413,67952.15,67.95214999999999,67.95214999999999,600.0,52484.0
8414,351,14,year hour 8414,67660.66,67.66066000000001,67.66066000000001,601.0,53191.0
8415,351,15,year hour 8415,68569.25,68.56924999999998,68.56924999999998,595.0,52507.0
8416,351,16,year hour 8416,69555.96,69.55596,69.55596,608.0,53372.0
8417,351,17,year hour 8417,68005.42,68.00542,68.00542,598.0,52153.0
8418,351,18,year hour 8418,70931.0,70.931,70.931,607.0,53552.0
8419,351,19,year hour 8419,67678.63,67.67863,67.67863,599.0,52674.0
8420,351,20,year hour 8420,68076.09,68.07609,68.07609,599.0,52651.0
8421,351,21,year hour 8421,67722.46,67.72246000000001,67.72246000000001,602.0,53040.0
8422,351,22,year hour 8422,67821.74,67.82174,67.82174,604.0,52967.0
8423,351,23,year hour 8423,66036.23,66.03622999999999,66.03622999999999,582.0,51731.0
8424,352,0,year hour 8424,84257.97,84.25797,84.25797,627.0,56190.0
8425,352,1,year hour 8425,67763.65,67.76365,67.76365,602.0,52182.0
8426,352,2,year hour 8426,67864.3,67.8643,67.8643,601.0,52088.0
8427,352,3,year hour 8427,67591.19,67.59119,67.59119,601.0,52786.0
8428,352,4,year hour 8428,68144.07,68.14407000000001,68.14407000000001,601.0,52279.0
8429,352,5,year hour 8429,68040.49,68.04049,68.04049,601.0,53095.0
8430,352,6,year hour 8430,71032.18,71.03218,71.03218,607.0,53189.0
8431,352,7,year hour 8431,68068.45,68.06845,68.06845,595.0,52165.0
8432,352,8,year hour 8432,69069.68000000001,69.06968,69.06968,604.0,53833.0
8433,352,9,year hour 8433,67953.64,67.95364,67.95364,604.0,52529.0
8434,352,10,year hour 8434,67944.94,67.94494,67.94494,602.0,52535.0
8435,352,11,year hour 8435,67802.9,67.8029,67.8029,588.0,52375.0
8436,352,12,year hour 8436,81722.33,81.72233000000001,81.72233000000001,620.0,54880.0
8437,352,13,year hour 8437,67952.15,67.95214999999999,67.95214999999999,600.0,52484.0
8438,352,14,year hour 8438,67660.66,67.66066000000001,67.66066000000001,601.0,53191.0
8439,352,15,year hour 8439,68569.25,68.56924999999998,68.56924999999998,595.0,52507.0
8440,352,16,year hour 8440,69555.96,69.55596,69.55596,608.0,53372.0
8441,352,17,year hour 8441,68005.42,68.00542,68.00542,598.0,52153.0
8442,352,18,year hour 8442,70931.0,70.931,70.931,607.0,53552.0
8443,352,19,year hour 8443,67678.63,67.67863,67.67863,599.0,52674.0
8444,352,20,year hour 8444,68076.09,68.07609,68.07609,599.0,52651.0
8445,352,21,year hour 8445,67722.46,67.72246000000001,67.72246000000001,602.0,53040.0
8446,352,22,year hour 8446,67821.74,67.82174,67.82174,604.0,52967.0
8447,352,23,year hour 8447,66036.23,66.03622999999999,66.03622999999999,582.0,51731.0
8448,353,0,year hour 8448,84257.97,84.25797,84.25797,627.0,56190.0
8449,353,1,year hour 8449,67763.65,67.76365,67.76365,602.0,52182.0
8450,353,2,year hour 8450,67864.3,67.8643,67.8643,601.0,52088.0
8451,353,3,year hour 8451,67591.19,67.59119,67.59119,601.0,52786.0
8452,353,4,year hour 8452,68144.07,68.14407000000001,68.14407000000001,601.0,52279.0
8453,353,5,year hour 8453,68040.49,68.04049,68.04049,601.0,53095.0
8454,353,6,year hour 8454,71032.18,71.03218,71.03218,607.0,53189.0
8455,353,7,year hour 8455,68068.45,68.06845,68.06845,595.0,52165.0
8456,353,8,year hour 8456,69069.68000000001,69.06968,69.06968,604.0,53833.0
8457,353,9,year hour 8457,67953.64,67.95364,67.95364,604.0,52529.0
8458,353,10,year hour 8458,67944.94,67.94494,67.94494,602.0,52535.0
8459,353,11,year hour 8459,67802.9,67.8029,67.8029,588.0,52375.0
8460,353,12,year hour 8460,81722.33,81.72233000000001,81.72233000000001,620.0,54880.0
8461,353,13,year hour 8461,67952.15,67.95214999999999,67.95214999999999,600.0,52484.0
8462,353,14,year hour 8462,67660.66,67.66066000000001,67.66066000000001,601.0,53191.0
8463,353,15,year hour 8463,68569.25,68.56924999999998,68.56924999999998,595.0,52507.0
8464,353,16,year hour 8464,69555.96,69.55596,69.55596,608.0,53372.0
8465,353,17,year hour 8465,68005.42,68.00542,68.00542,598.0,52153.0
8466,353,18,year hour 8466,70931.0,70.931,70.931,607.0,53552.0
8467,353,19,year hour 8467,67678.63,67.67863,67.67863,599.0,52674.0
8468,353,20,year hour 8468,68076.09,68.07609,68.07609,599.0,52651.0
8469,353,21,year hour 8469,67722.46,67.72246000000001,67.72246000000001,602.0,53040.0
8470,353,22,year hour 8470,67821.74,67.82174,67.82174,604.0,52967.0
8471,353,23,year hour 8471,66036.23,66.03622999999999,66.03622999999999,582.0,51731.0
8472,354,0,year hour 8472,84257.97,84.25797,84.25797,627.0,56190.0
8473,354,1,year hour 8473,67763.65,67.76365,67.76365,602.0,52182.0
8474,354,2,year hour 8474,67864.3,67.8643,67.8643,601.0,52088.0
8475,354,3,year hour 8475,67591.19,67.59119,67.59119,601.0,52786.0
8476,354,4,year hour 8476,68144.07,68.14407000000001,68.14407000000001,601.0,52279.0
8477,354,5,year hour 8477,68040.49,68.04049,68.04049,601.0,53095.0
8478,354,6,year hour 8478,71032.18,71.03218,71.03218,607.0,53189.0
8479,354,7,year hour 8479,68068.45,68.06845,68.06845,595.0,52165.0
8480,354,8,year hour 8480,69069.68000000001,69.06968,69.06968,604.0,53833.0
8481,354,9,year hour 8481,67953.64,67.95364,67.95364,604.0,52529.0
8482,354,10,year hour 8482,67944.94,67.94494,67.94494,602.0,52535.0
8483,354,11,year hour 8483,67802.9,67.8029,67.8029,588.0,52375.0
8484,354,12,year hour 8484,81722.33,81.72233000000001,81.72233000000001,620.0,54880.0
8485,354,13,year hour 8485,67952.15,67.95214999999999,67.95214999999999,600.0,52484.0
8486,354,14,year hour 8486,67660.66,67.66066000000001,67.66066000000001,601.0,53191.0
8487,354,15,year hour 8487,68569.25,68.56924999999998,68.56924999999998,595.0,52507.0
8488,354,16,year hour 8488,69555.96,69.55596,69.55596,608.0,53372.0
8489,354,17,year hour 8489,68005.42,68.00542,68.00542,598.0,52153.0
8490,354,18,year hour 8490,70931.0,70.931,70.931,607.0,53552.0
8491,354,19,year hour 8491,67678.63,67.67863,67.67863,599.0,52674.0
8492,354,20,year hour 8492,68076.09,68.07609,68.07609,599.0,52651.0
8493,354,21,year hour 8493,67722.46,67.72246000000001,67.72246000000001,602.0,53040.0
8494,354,22,year hour 8494,67821.74,67.82174,67.82174,604.0,52967.0
8495,354,23,year hour 8495,66036.23,66.03622999999999,66.03622999999999,582.0,51731.0
8496,355,0,year hour 8496,84257.97,84.25797,84.25797,627.0,56190.0
8497,355,1,year hour 8497,67763.65,67.76365,67.76365,602.0,52182.0
8498,355,2,year hour 8498,67864.3,67.8643,67.8643,601.0,52088.0
8499,355,3,year hour 8499,67591.19,67.59119,67.59119,601.0,52786.0
8500,355,4,year hour 8500,68144.07,68.14407000000001,68.14407000000001,601.0,52279.0
8501,355,5,year hour 8501,68040.49,68.04049,68.04049,601.0,53095.0
8502,355,6,year hour 8502,71032.18,71.03218,71.03218,607.0,53189.0
8503,355,7,year hour 8503,68068.45,68.06845,68.06845,595.0,52165.0
8504,355,8,year hour 8504,69069.68000000001,69.06968,69.06968,604.0,53833.0
8505,355,9,year hour 8505,67953.64,67.95364,67.95364,604.0,52529.0
8506,355,10,year hour 8506,67944.94,67.94494,67.94494,602.0,52535.0
8507,355,11,year hour 8507,67802.9,67.8029,67.8029,588.0,52375.0
8508,355,12,year hour 8508,81722.33,81.72233000000001,81.72233000000001,620.0,54880.0
8509,355,13,year hour 8509,67952.15,67.95214999999999,67.95214999999999,600.0,52484.0
8510,355,14,year hour 8510,67660.66,67.66066000000001,67.66066000000001,601.0,53191.0
8511,355,15,year hour 8511,68569.25,68.56924999999998,68.56924999999998,595.0,52507.0
8512,355,16,year hour 8512,69555.96,69.55596,69.55596,608.0,53372.0
8513,355,17,year hour 8513,68005.42,68.00542,68.00542,598.0,52153.0
8514,355,18,year hour 8514,70931.0,70.931,70.931,607.0,53552.0
8515,355,19,year hour 8515,67678.63,67.67863,67.67863,599.0,52674.0
8516,355,20,year hour 8516,68076.09,68.07609,68.07609,599.0,52651.0
8517,355,21,year hour 8517,67722.46,67.72246000000001,67.72246000000001,602.0,53040.0
8518,355,22,year hour 8518,67821.74,67.82174,67.82174,604.0,52967.0
8519,355,23,year hour 8519,66036.23,66.03622999999999,66.03622999999999,582.0,51731.0
8520,356,0,year hour 8520,84257.97,84.25797,84.25797,627.0,56190.0
8521,356,1,year hour 8521,67763.65,67.76365,67.76365,602.0,52182.0
8522,356,2,year hour 8522,67864.3,67.8643,67.8643,601.0,52088.0
8523,356,3,year hour 8523,67591.19,67.59119,67.59119,601.0,52786.0
8524,356,4,year hour 8524,68144.07,68.14407000000001,68.14407000000001,601.0,52279.0
8525,356,5,year hour 8525,68040.49,68.04049,68.04049,601.0,53095.0
8526,356,6,year hour 8526,71032.18,71.03218,71.03218,607.0,53189.0
8527,356,7,year hour 8527,68068.45,68.06845,68.06845,595.0,52165.0
8528,356,8,year hour 8528,69069.68000000001,69.06968,69.06968,604.0,53833.0
8529,356,9,year hour 8529,67953.64,67.95364,67.95364,604.0,52529.0
8530,356,10,year hour 8530,67944.94,67.94494,67.94494,602.0,52535.0
8531,356,11,year hour 8531,67802.9,67.8029,67.8029,588.0,52375.0
8532,356,12,year hour 8532,81722.33,81.72233000000001,81.72233000000001,620.0,54880.0
8533,356,13,year hour 8533,67952.15,67.95214999999999,67.95214999999999,600.0,52484.0
8534,356,14,year hour 8534,67660.66,67.66066000000001,67.66066000000001,601.0,53191.0
8535,356,15,year hour 8535,68569.25,68.56924999999998,68.56924999999998,595.0,52507.0
8536,356,16,year hour 8536,69555.96,69.55596,69.55596,608.0,53372.0
8537,356,17,year hour 8537,68005.42,68.00542,68.00542,598.0,52153.0
8538,356,18,year hour 8538,70931.0,70.931,70.931,607.0,53552.0
8539,356,19,year hour 8539,67678.63,67.67863,67.67863,599.0,52674.0
8540,356,20,year hour 8540,68076.09,68.07609,68.07609,599.0,52651.0
8541,356,21,year hour 8541,67722.46,67.72246000000001,67.72246000000001,602.0,53040.0
8542,356,22,year hour 8542,67821.74,67.82174,67.82174,604.0,52967.0
8543,356,23,year hour 8543,66036.23,66.03622999999999,66.03622999999999,582.0,51731.0
8544,357,0,year hour 8544,84257.97,84.25797,84.25797,627.0,56190.0
8545,357,1,year hour 8545,67763.65,67.76365,67.76365,602.0,52182.0
8546,357,2,year hour 8546,67864.3,67.8643,67.8643,601.0,52088.0
8547,357,3,year hour 8547,67591.19,67.59119,67.59119,601.0,52786.0
8548,357,4,year hour 8548,68144.07,68.14407000000001,68.14407000000001,601.0,52279.0
8549,357,5,year hour 8549,68040.49,68.04049,68.04049,601.0,53095.0
8550,357,6,year hour 8550,71032.18,71.03218,71.03218,607.0,53189.0
8551,357,7,year hour 8551,68068.45,68.06845,68.06845,595.0,52165.0
8552,357,8,year hour 8552,69069.68000000001,69.06968,69.06968,604.0,53833.0
8553,357,9,year hour 8553,67953.64,67.95364,67.95364,604.0,52529.0
8554,357,10,year hour 8554,67944.94,67.94494,67.94494,602.0,52535.0
8555,357,11,year hour 8555,67802.9,67.8029,67.8029,588.0,52375.0
8556,357,12,year hour 8556,81722.33,81.72233000000001,81.72233000000001,620.0,54880.0
8557,357,13,year hour 8557,67952.15,67.95214999999999,67.95214999999999,600.0,52484.0
8558,357,14,year hour 8558,67660.66,67.66066000000001,67.66066000000001,601.0,53191.0
8559,357,15,year hour 8559,68569.25,68.56924999999998,68.56924999999998,595.0,52507.0
8560,357,16,year hour 8560,69555.96,69.55596,69.55596,608.0,53372.0
8561,357,17,year hour 8561,68005.42,68.00542,68.00542,598.0,52153.0
8562,357,18,year hour 8562,70931.0,70.931,70.931,607.0,53552.0
8563,357,19,year hour 8563,67678.63,67.67863,67.67863,599.0,52674.0
8564,357,20,year hour 8564,68076.09,68.07609,68.07609,599.0,52651.0
8565,357,21,year hour 8565,67722.46,67.72246000000001,67.72246000000001,602.0,53040.0
8566,357,22,year hour 8566,67821.74,67.82174,67.82174,604.0,52967.0
8567,357,23,year hour 8567,66036.23,66.03622999999999,66.03622999999999,582.0,51731.0
8568,358,0,year hour 8568,84257.97,84.25797,84.25797,627.0,56190.0
8569,358,1,year hour 8569,67763.65,67.76365,67.76365,602.0,52182.0
8570,358,2,year hour 8570,67864.3,67.8643,67.8643,601.0,52088.0
8571,358,3,year hour 8571,67591.19,67.59119,67.59119,601.0,52786.0
8572,358,4,year hour 8572,68144.07,68.14407000000001,68.14407000000001,601.0,52279.0
8573,358,5,year hour 8573,68040.49,68.04049,68.04049,601.0,53095.0
8574,358,6,year hour 8574,71032.18,71.03218,71.03218,607.0,53189.0
8575,358,7,year hour 8575,68068.45,68.06845,68.06845,595.0,52165.0
8576,358,8,year hour 8576,69069.68000000001,69.06968,69.06968,604.0,53833.0
8577,358,9,year hour 8577,67953.64,67.95364,67.95364,604.0,52529.0
8578,358,10,year hour 8578,67944.94,67.94494,67.94494,602.0,52535.0
8579,358,11,year hour 8579,67802.9,67.8029,67.8029,588.0,52375.0
8580,358,12,year hour 8580,81722.33,81.72233000000001,81.72233000000001,620.0,54880.0
8581,358,13,year hour 8581,67952.15,67.95214999999999,67.95214999999999,600.0,52484.0
8582,358,14,year hour 8582,67660.66,67.66066000000001,67.66066000000001,601.0,53191.0
8583,358,15,year hour 8583,68569.25,68.56924999999998,68.56924999999998,595.0,52507.0
8584,358,16,year hour 8584,69555.96,69.55596,69.55596,608.0,53372.0
8585,358,17,year hour 8585,68005.42,68.00542,68.00542,598.0,52153.0
8586,358,18,year hour 8586,70931.0,70.931,70.931,607.0,53552.0
8587,358,19,year hour 8587,67678.63,67.67863,67.67863,599.0,52674.0
8588,358,20,year hour 8588,68076.09,68.07609,68.07609,599.0,52651.0
8589,358,21,year hour 8589,67722.46,67.72246000000001,67.72246000000001,602.0,53040.0
8590,358,22,year hour 8590,67821.74,67.82174,67.82174,604.0,52967.0
8591,358,23,year hour 8591,66036.23,66.03622999999999,66.03622999999999,582.0,51731.0
8592,359,0,year hour 8592,84257.97,84.25797,84.25797,627.0,56190.0
8593,359,1,year hour 8593,67763.65,67.76365,67.76365,602.0,52182.0
8594,359,2,year hour 8594,67864.3,67.8643,67.8643,601.0,52088.0
8595,359,3,year hour 8595,67591.19,67.59119,67.59119,601.0,52786.0
8596,359,4,year hour 8596,68144.07,68.14407000000001,68.14407000000001,601.0,52279.0
8597,359,5,year hour 8597,68040.49,68.04049,68.04049,601.0,53095.0
8598,359,6,year hour 8598,71032.18,71.03218,71.03218,607.0,53189.0
8599,359,7,year hour 8599,68068.45,68.06845,68.06845,595.0,52165.0
8600,359,8,year hour 8600,69069.68000000001,69.06968,69.06968,604.0,53833.0
8601,359,9,year hour 8601,67953.64,67.95364,67.95364,604.0,52529.0
8602,359,10,year hour 8602,67944.94,67.94494,67.94494,602.0,52535.0
8603,359,11,year hour 8603,67802.9,67.8029,67.8029,588.0,52375.0
8604,359,12,year hour 8604,81722.33,81.72233000000001,81.72233000000001,620.0,54880.0
8605,359,13,year hour 8605,67952.15,67.95214999999999,67.95214999999999,600.0,52484.0
8606,359,14,year hour 8606,67660.66,67.66066000000001,67.66066000000001,601.0,53191.0
8607,359,15,year hour 8607,68569.25,68.56924999999998,68.56924999999998,595.0,52507.0
8608,359,16,year hour 8608,69555.96,69.55596,69.55596,608.0,53372.0
8609,359,17,year hour 8609,68005.42,68.00542,68.00542,598.0,52153.0
8610,359,18,year hour 8610,70931.0,70.931,70.931,607.0,53552.0
8611,359,19,year hour 8611,67678.63,67.67863,67.67863,599.0,52674.0
8612,359,20,year hour 8612,68076.09,68.07609,68.07609,599.0,52651.0
8613,359,21,year hour 8613,67722.46,67.72246000000001,67.72246000000001,602.0,53040.0
8614,359,22,year hour 8614,67821.74,67.82174,67.82174,604.0,52967.0
8615,359,23,year hour 8615,66036.23,66.03622999999999,66.03622999999999,582.0,51731.0
8616,360,0,year hour 8616,84257.97,84.25797,84.25797,627.0,56190.0
8617,360,1,year hour 8617,67763.65,67.76365,67.76365,602.0,52182.0
8618,360,2,year hour 8618,67864.3,67.8643,67.8643,601.0,52088.0
8619,360,3,year hour 8619,67591.19,67.59119,67.59119,601.0,52786.0
8620,360,4,year hour 8620,68144.07,68.14407000000001,68.14407000000001,601.0,52279.0
8621,360,5,year hour 8621,68040.49,68.04049,68.04049,601.0,53095.0
8622,360,6,year hour 8622,71032.18,71.03218,71.03218,607.0,53189.0
8623,360,7,year hour 8623,68068.45,68.06845,68.06845,595.0,52165.0
8624,360,8,year hour 8624,69069.68000000001,69.06968,69.06968,604.0,53833.0
8625,360,9,year hour 8625,67953.64,67.95364,67.95364,604.0,52529.0
8626,360,10,year hour 8626,67944.94,67.94494,67.94494,602.0,52535.0
8627,360,11,year hour 8627,67802.9,67.8029,67.8029,588.0,52375.0
8628,360,12,year hour 8628,81722.33,81.72233000000001,81.72233000000001,620.0,54880.0
8629,360,13,year hour 8629,67952.15,67.95214999999999,67.95214999999999,600.0,52484.0
8630,360,14,year hour 8630,67660.66,67.66066000000001,67.66066000000001,601.0,53191.0
8631,360,15,year hour 8631,68569.25,68.56924999999998,68.56924999999998,595.0,52507.0
8632,360,16,year hour 8632,69555.96,69.55596,69.55596,608.0,53372.0
8633,360,17,year hour 8633,68005.42,68.00542,68.00542,598.0,52153.0
8634,360,18,year hour 8634,70931.0,70.931,70.931,607.0,53552.0
8635,360,19,year hour 8635,67678.63,67.67863,67.67863,599.0,52674.0
8636,360,20,year hour 8636,68076.09,68.07609,68.07609,599.0,52651.0
8637,360,21,year hour 8637,67722.46,67.72246000000001,67.72246000000001,602.0,53040.0
8638,360,22,year hour 8638,67821.74,67.82174,67.82174,604.0,52967.0
8639,360,23,year hour 8639,66036.23,66.03622999999999,66.03622999999999,582.0,51731.0
8640,361,0,year hour 8640,84257.97,84.25797,84.25797,627.0,56190.0
8641,361,1,year hour 8641,67763.65,67.76365,67.76365,602.0,52182.0
8642,361,2,year hour 8642,67864.3,67.8643,67.8643,601.0,52088.0
8643,361,3,year hour 8643,67591.19,67.59119,67.59119,601.0,52786.0
8644,361,4,year hour 8644,68144.07,68.14407000000001,68.14407000000001,601.0,52279.0
8645,361,5,year hour 8645,68040.49,68.04049,68.04049,601.0,53095.0
8646,361,6,year hour 8646,71032.18,71.03218,71.03218,607.0,53189.0
8647,361,7,year hour 8647,68068.45,68.06845,68.06845,595.0,52165.0
8648,361,8,year hour 8648,69069.68000000001,69.06968,69.06968,604.0,53833.0
8649,361,9,year hour 8649,67953.64,67.95364,67.95364,604.0,52529.0
8650,361,10,year hour 8650,67944.94,67.94494,67.94494,602.0,52535.0
8651,361,11,year hour 8651,67802.9,67.8029,67.8029,588.0,52375.0
8652,361,12,year hour 8652,81722.33,81.72233000000001,81.72233000000001,620.0,54880.0
8653,361,13,year hour 8653,67952.15,67.95214999999999,67.95214999999999,600.0,52484.0
8654,361,14,year hour 8654,67660.66,67.66066000000001,67.66066000000001,601.0,53191.0
8655,361,15,year hour 8655,68569.25,68.56924999999998,68.56924999999998,595.0,52507.0
8656,361,16,year hour 8656,69555.96,69.55596,69.55596,608.0,53372.0
8657,361,17,year hour 8657,68005.42,68.00542,68.00542,598.0,52153.0
8658,361,18,year hour 8658,70931.0,70.931,70.931,607.0,53552.0
8659,361,19,year hour 8659,67678.63,67.67863,67.67863,599.0,52674.0
8660,361,20,year hour 8660,68076.09,68.07609,68.07609,599.0,52651.0
8661,361,21,year hour 8661,67722.46,67.72246000000001,67.72246000000001,602.0,53040.0
8662,361,22,year hour 8662,67821.74,67.82174,67.82174,604.0,52967.0
8663,361,23,year hour 8663,66036.23,66.03622999999999,66.03622999999999,582.0,51731.0
8664,362,0,year hour 8664,84257.97,84.25797,84.25797,627.0,56190.0
8665,362,1,year hour 8665,67763.65,67.76365,67.76365,602.0,52182.0
8666,362,2,year hour 8666,67864.3,67.8643,67.8643,601.0,52088.0
8667,362,3,year hour 8667,67591.19,67.59119,67.59119,601.0,52786.0
8668,362,4,year hour 8668,68144.07,68.14407000000001,68.14407000000001,601.0,52279.0
8669,362,5,year hour 8669,68040.49,68.04049,68.04049,601.0,53095.0
8670,362,6,year hour 8670,71032.18,71.03218,71.03218,607.0,53189.0
8671,362,7,year hour 8671,68068.45,68.06845,68.06845,595.0,52165.0
8672,362,8,year hour 8672,69069.68000000001,69.06968,69.06968,604.0,53833.0
8673,362,9,year hour 8673,67953.64,67.95364,67.95364,604.0,52529.0
8674,362,10,year hour 8674,67944.94,67.94494,67.94494,602.0,52535.0
8675,362,11,year hour 8675,67802.9,67.8029,67.8029,588.0,52375.0
8676,362,12,year hour 8676,81722.33,81.72233000000001,81.72233000000001,620.0,54880.0
8677,362,13,year hour 8677,67952.15,67.95214999999999,67.95214999999999,600.0,52484.0
8678,362,14,year hour 8678,67660.66,67.66066000000001,67.66066000000001,601.0,53191.0
8679,362,15,year hour 8679,68569.25,68.56924999999998,68.56924999999998,595.0,52507.0
8680,362,16,year hour 8680,69555.96,69.55596,69.55596,608.0,53372.0
8681,362,17,year hour 8681,68005.42,68.00542,68.00542,598.0,52153.0
8682,362,18,year hour 8682,70931.0,70.931,70.931,607.0,53552.0
8683,362,19,year hour 8683,67678.63,67.67863,67.67863,599.0,52674.0
8684,362,20,year hour 8684,68076.09,68.07609,68.07609,599.0,52651.0
8685,362,21,year hour 8685,67722.46,67.72246000000001,67.72246000000001,602.0,53040.0
8686,362,22,year hour 8686,67821.74,67.82174,67.82174,604.0,52967.0
8687,362,23,year hour 8687,66036.23,66.03622999999999,66.03622999999999,582.0,51731.0
8688,363,0,year hour 8688,84257.97,84.25797,84.25797,627.0,56190.0
8689,363,1,year hour 8689,67763.65,67.76365,67.76365,602.0,52182.0
8690,363,2,year hour 8690,67864.3,67.8643,67.8643,601.0,52088.0
8691,363,3,year hour 8691,67591.19,67.59119,67.59119,601.0,52786.0
8692,363,4,year hour 8692,68144.07,68.14407000000001,68.14407000000001,601.0,52279.0
8693,363,5,year hour 8693,68040.49,68.04049,68.04049,601.0,53095.0
8694,363,6,year hour 8694,71032.18,71.03218,71.03218,607.0,53189.0
8695,363,7,year hour 8695,68068.45,68.06845,68.06845,595.0,52165.0
8696,363,8,year hour 8696,69069.68000000001,69.06968,69.06968,604.0,53833.0
8697,363,9,year hour 8697,67953.64,67.95364,67.95364,604.0,52529.0
8698,363,10,year hour 8698,67944.94,67.94494,67.94494,602.0,52535.0
8699,363,11,year hour 8699,67802.9,67.8029,67.8029,588.0,52375.0
8700,363,12,year hour 8700,81722.33,81.72233000000001,81.72233000000001,620.0,54880.0
8701,363,13,year hour 8701,67952.15,67.95214999999999,67.95214999999999,600.0,52484.0
8702,363,14,year hour 8702,67660.66,67.66066000000001,67.66066000000001,601.0,53191.0
8703,363,15,year hour 8703,68569.25,68.56924999999998,68.56924999999998,595.0,52507.0
8704,363,16,year hour 8704,69555.96,69.55596,69.55596,608.0,53372.0
8705,363,17,year hour 8705,68005.42,68.00542,68.00542,598.0,52153.0
8706,363,18,year hour 8706,70931.0,70.931,70.931,607.0,53552.0
8707,363,19,year hour 8707,67678.63,67.67863,67.67863,599.0,52674.0
8708,363,20,year hour 8708,68076.09,68.07609,68.07609,599.0,52651.0
8709,363,21,year hour 8709,67722.46,67.72246000000001,67.72246000000001,602.0,53040.0
8710,363,22,year hour 8710,67821.74,67.82174,67.82174,604.0,52967.0
8711,363,23,year hour 8711,66036.23,66.03622999999999,66.03622999999999,582.0,51731.0
8712,364,0,year hour 8712,84257.97,84.25797,84.25797,627.0,56190.0
8713,364,1,year hour 8713,67763.65,67.76365,67.76365,602.0,52182.0
8714,364,2,year hour 8714,67864.3,67.8643,67.8643,601.0,52088.0
8715,364,3,year hour 8715,67591.19,67.59119,67.59119,601.0,52786.0
8716,364,4,year hour 8716,68144.07,68.14407000000001,68.14407000000001,601.0,52279.0
8717,364,5,year hour 8717,68040.49,68.04049,68.04049,601.0,53095.0
8718,364,6,year hour 8718,71032.18,71.03218,71.03218,607.0,53189.0
8719,364,7,year hour 8719,68068.45,68.06845,68.06845,595.0,52165.0
8720,364,8,year hour 8720,69069.68000000001,69.06968,69.06968,604.0,53833.0
8721,364,9,year hour 8721,67953.64,67.95364,67.95364,604.0,52529.0
8722,364,10,year hour 8722,67944.94,67.94494,67.94494,602.0,52535.0
8723,364,11,year hour 8723,67802.9,67.8029,67.8029,588.0,52375.0
8724,364,12,year hour 8724,81722.33,81.72233000000001,81.72233000000001,620.0,54880.0
8725,364,13,year hour 8725,67952.15,67.95214999999999,67.95214999999999,600.0,52484.0
8726,364,14,year hour 8726,67660.66,67.66066000000001,67.66066000000001,601.0,53191.0
8727,364,15,year hour 8727,68569.25,68.56924999999998,68.56924999999998,595.0,52507.0
8728,364,16,year hour 8728,69555.96,69.55596,69.55596,608.0,53372.0
8729,364,17,year hour 8729,68005.42,68.00542,68.00542,598.0,52153.0
8730,364,18,year hour 8730,70931.0,70.931,70.931,607.0,53552.0
8731,364,19,year hour 8731,67678.63,67.67863,67.67863,599.0,52674.0
8732,364,20,year hour 8732,68076.09,68.07609,68.07609,599.0,52651.0
8733,364,21,year hour 8733,67722.46,67.72246000000001,67.72246000000001,602.0,53040.0
8734,364,22,year hour 8734,67821.74,67.82174,67.82174,604.0,52967.0
8735,364,23,year hour 8735,66036.23,66.03622999999999,66.03622999999999,582.0,51731.0
8736,365,0,year hour 8736,84257.97,84.25797,84.25797,627.0,56190.0
8737,365,1,year hour 8737,67763.65,67.76365,67.76365,602.0,52182.0
8738,365,2,year hour 8738,67864.3,67.8643,67.8643,601.0,52088.0
8739,365,3,year hour 8739,67591.19,67.59119,67.59119,601.0,52786.0
8740,365,4,year hour 8740,68144.07,68.14407000000001,68.14407000000001,601.0,52279.0
8741,365,5,year hour 8741,68040.49,68.04049,68.04049,601.0,53095.0
8742,365,6,year hour 8742,71032.18,71.03218,71.03218,607.0,53189.0
8743,365,7,year hour 8743,68068.45,68.06845,68.06845,595.0,52165.0
8744,365,8,year hour 8744,69069.68000000001,69.06968,69.06968,604.0,53833.0
8745,365,9,year hour 8745,67953.64,67.95364,67.95364,604.0,52529.0
8746,365,10,year hour 8746,67944.94,67.94494,67.94494,602.0,52535.0
8747,365,11,year hour 8747,67802.9,67.8029,67.8029,588.0,52375.0
8748,365,12,year hour 8748,81722.33,81.72233000000001,81.72233000000001,620.0,54880.0
8749,365,13,year hour 8749,67952.15,67.95214999999999,67.95214999999999,600.0,52484.0
8750,365,14,year hour 8750,67660.66,67.66066000000001,67.66066000000001,601.0,53191.0
8751,365,15,year hour 8751,68569.25,68.56924999999998,68.56924999999998,595.0,52507.0
8752,365,16,year hour 8752,69555.96,69.55596,69.55596,608.0,53372.0
8753,365,17,year hour 8753,68005.42,68.00542,68.00542,598.0,52153.0
8754,365,18,year hour 8754,70931.0,70.931,70.931,607.0,53552.0
8755,365,19,year hour 8755,67678.63,67.67863,67.67863,599.0,52674.0
8756,365,20,year hour 8756,68076.09,68.07609,68.07609,599.0,52651.0
8757,365,21,year hour 8757,67722.46,67.72246000000001,67.72246000000001,602.0,53040.0
8758,365,22,year hour 8758,67821.74,67.82174,67.82174,604.0,52967.0
8759,365,23,year hour 8759,66036.23,66.03622999999999,66.03622999999999,582.0,51731.0
